user_id,group,signup_date,pet_id,pet_species,pet_age,pet_weight_kg,pet_allergy_group,pet_care_need
U00001,A,2026-11-06 15:24:08,PET00001,dog,4,32.6,,DENTAL
U00002,B,2026-11-20 22:23:23,PET00002,dog,1,28.4,,HEART
U00003,B,2026-10-04 16:21:24,PET00003,dog,6,10.7,DUCK,
U00004,A,2026-11-24 18:12:40,PET00004,cat,13,31.2,,GUT
U00005,A,2026-10-29 20:53:32,PET00005,cat,11,2.6,,RESPIRATORY
U00006,B,2026-09-23 16:23:09,PET00006,dog,10,15.7,,
U00007,B,2026-10-10 23:32:57,PET00007,cat,12,14.2,,STRESS_CALMING
U00008,A,2026-09-08 01:40:26,PET00008,cat,1,19.4,,
U00009,B,2026-09-11 05:17:58,PET00009,dog,12,20.3,,SKIN_COAT
U00010,A,2026-10-08 07:41:55,PET00010,dog,5,9.1,,
U00011,B,2026-10-18 14:07:35,PET00011,cat,10,8.4,,
U00012,B,2026-11-18 03:27:02,PET00012,dog,11,28.4,,SKIN_COAT
U00013,A,2026-09-20 15:27:48,PET00013,dog,10,4.1,,
U00014,B,2026-11-22 15:08:52,PET00014,cat,6,18.0,,
U00015,A,2026-09-29 08:47:21,PET00015,cat,9,7.9,,
U00016,A,2026-09-20 17:16:03,PET00016,dog,7,12.2,PORK,URINARY
U00017,B,2026-11-09 01:38:16,PET00017,cat,9,10.8,RICE,
U00018,B,2026-11-16 14:59:25,PET00018,cat,7,25.2,CHICKEN,WEIGHT_CONTROL
U00019,A,2026-11-01 07:13:46,PET00019,dog,6,16.8,,GUT
U00020,A,2026-09-18 19:23:00,PET00020,dog,3,11.5,,HYPOALLERGENIC
U00021,B,2026-09-18 02:07:13,PET00021,cat,6,29.4,DUCK,
U00022,B,2026-10-13 06:50:31,PET00022,cat,11,4.4,WHEAT,LIVER
U00023,A,2026-10-18 22:53:48,PET00023,dog,13,27.2,,WEIGHT_CONTROL
U00024,A,2026-12-06 01:37:22,PET00024,cat,2,9.8,,
U00025,A,2026-10-03 11:32:27,PET00025,cat,3,32.3,SOY,
U00026,B,2026-09-25 20:05:33,PET00026,cat,8,1.7,LAMB,DENTAL
U00027,B,2026-12-02 01:07:47,PET00027,cat,10,20.1,,
U00028,B,2026-09-21 10:27:37,PET00028,dog,3,22.3,,HEART
U00029,A,2026-09-10 00:26:17,PET00029,dog,5,20.8,,
U00030,A,2026-10-16 22:26:05,PET00030,dog,1,28.8,,IMMUNE
U00031,A,2026-10-14 07:50:41,PET00031,cat,1,5.3,FISH,
U00032,B,2026-11-02 08:34:13,PET00032,cat,3,15.4,,
U00033,A,2026-11-25 20:38:28,PET00033,cat,11,30.4,,HAIRBALL
U00034,B,2026-11-30 02:07:31,PET00034,dog,13,31.3,,DENTAL
U00035,A,2026-10-04 18:46:24,PET00035,cat,7,18.2,,
U00036,A,2026-12-05 08:33:19,PET00036,dog,3,20.2,,
U00037,B,2026-11-03 19:31:51,PET00037,dog,13,27.1,LAMB,
U00038,A,2026-09-14 18:37:32,PET00038,dog,4,27.6,,
U00039,B,2026-12-01 12:39:59,PET00039,cat,3,31.3,,
U00040,B,2026-09-20 17:37:30,PET00040,dog,2,29.8,INSECT,
U00041,B,2026-10-30 05:42:24,PET00041,cat,5,15.4,,
U00042,B,2026-11-18 21:10:16,PET00042,cat,11,23.3,INSECT,
U00043,B,2026-09-30 00:13:22,PET00043,cat,6,17.7,,URINARY
U00044,B,2026-10-02 09:51:42,PET00044,dog,7,5.5,DUCK,
U00045,B,2026-10-20 21:03:53,PET00045,cat,5,29.0,,EYE
U00046,A,2026-11-26 08:53:18,PET00046,cat,14,21.7,,HAIRBALL
U00047,A,2026-09-28 15:21:31,PET00047,dog,10,3.4,,EYE
U00048,B,2026-11-06 23:23:54,PET00048,cat,10,24.2,,
U00049,A,2026-10-18 23:23:13,PET00049,cat,7,11.0,,
U00050,A,2026-09-18 11:25:31,PET00050,dog,8,3.8,,
U00051,A,2026-11-10 17:00:36,PET00051,dog,13,21.8,BEEF,URINARY
U00052,A,2026-11-21 10:35:56,PET00052,dog,10,26.0,,
U00053,A,2026-10-29 09:41:41,PET00053,dog,12,18.8,TURKEY,
U00054,A,2026-09-23 14:00:23,PET00054,cat,1,1.7,,EYE
U00055,A,2026-09-22 10:21:44,PET00055,dog,13,20.8,PORK,WEIGHT_CONTROL
U00056,A,2026-10-16 05:54:05,PET00056,dog,14,1.7,,EYE
U00057,A,2026-10-23 07:39:36,PET00057,dog,10,32.5,,
U00058,A,2026-10-27 16:08:42,PET00058,dog,14,10.5,,STRESS_CALMING
U00059,A,2026-09-29 08:36:09,PET00059,dog,8,30.7,,
U00060,B,2026-10-23 13:51:52,PET00060,cat,4,1.9,DUCK,COGNITIVE
U00061,B,2026-10-04 05:13:02,PET00061,dog,9,4.8,,
U00062,B,2026-11-08 12:31:48,PET00062,dog,9,16.6,FISH,COGNITIVE
U00063,B,2026-11-18 05:51:53,PET00063,cat,3,26.9,,
U00064,A,2026-11-05 04:49:37,PET00064,cat,3,33.1,,
U00065,B,2026-09-08 18:18:51,PET00065,dog,5,19.0,,HEART
U00066,B,2026-12-06 15:19:44,PET00066,dog,8,13.4,,
U00067,A,2026-09-10 19:03:28,PET00067,dog,3,3.0,,
U00068,A,2026-12-06 06:53:10,PET00068,dog,11,21.1,DUCK,HYPOALLERGENIC
U00069,B,2026-09-10 02:40:27,PET00069,dog,2,14.2,PORK,
U00070,A,2026-10-24 09:19:58,PET00070,cat,14,32.0,,GUT
U00071,B,2026-09-17 22:52:45,PET00071,cat,10,17.6,,
U00072,A,2026-09-16 19:54:14,PET00072,dog,5,27.1,,
U00073,B,2026-11-08 05:19:42,PET00073,cat,6,29.9,,COGNITIVE
U00074,B,2026-11-12 18:25:34,PET00074,dog,10,4.8,LAMB,HYPOALLERGENIC
U00075,B,2026-09-18 05:36:11,PET00075,dog,2,16.3,,SKIN_COAT
U00076,A,2026-12-04 19:27:39,PET00076,dog,11,31.4,,
U00077,B,2026-10-06 08:34:46,PET00077,dog,8,15.7,,SKIN_COAT
U00078,B,2026-10-06 23:14:50,PET00078,cat,4,20.4,,URINARY
U00079,A,2026-10-04 20:46:18,PET00079,dog,13,30.7,,
U00080,B,2026-10-19 19:36:56,PET00080,cat,9,9.3,,DENTAL
U00081,A,2026-09-24 19:14:04,PET00081,dog,3,31.5,,EYE
U00082,B,2026-10-16 15:07:02,PET00082,cat,10,14.8,,
U00083,A,2026-09-26 06:52:36,PET00083,cat,6,21.4,,JOINT
U00084,A,2026-09-12 04:34:15,PET00084,dog,11,12.5,,
U00085,B,2026-10-11 07:59:41,PET00085,dog,7,19.2,,
U00086,B,2026-11-07 13:07:47,PET00086,cat,14,3.2,,RESPIRATORY
U00087,A,2026-11-15 04:14:43,PET00087,dog,13,3.7,,
U00088,B,2026-10-09 17:18:46,PET00088,dog,1,15.4,,COGNITIVE
U00089,A,2026-10-07 19:27:15,PET00089,cat,6,12.7,,
U00090,B,2026-11-17 19:33:13,PET00090,dog,3,22.1,,
U00091,A,2026-11-08 01:30:41,PET00091,dog,7,2.8,,
U00092,B,2026-11-21 05:13:34,PET00092,dog,3,7.1,,
U00093,A,2026-11-28 22:34:42,PET00093,dog,8,8.5,,
U00094,B,2026-11-20 15:10:32,PET00094,dog,3,16.3,,WEIGHT_CONTROL
U00095,B,2026-12-01 23:54:27,PET00095,dog,9,9.8,,
U00096,A,2026-10-15 07:58:30,PET00096,dog,7,6.1,,DENTAL
U00097,A,2026-10-13 20:10:26,PET00097,dog,14,21.5,,
U00098,B,2026-10-06 23:03:13,PET00098,dog,13,26.4,,
U00099,B,2026-09-29 09:44:57,PET00099,cat,9,24.5,,IMMUNE
U00100,A,2026-11-14 15:26:01,PET00100,cat,7,10.8,,
U00101,B,2026-11-11 05:25:15,PET00101,dog,11,30.1,OAT,
U00102,A,2026-11-19 01:20:08,PET00102,dog,10,22.0,TURKEY,
U00103,B,2026-09-23 19:52:35,PET00103,cat,2,22.1,,
U00104,A,2026-10-22 03:44:49,PET00104,dog,6,8.6,,
U00105,B,2026-09-27 14:36:27,PET00105,dog,14,9.6,,
U00106,B,2026-11-27 02:20:49,PET00106,cat,5,17.4,,SKIN_COAT
U00107,A,2026-10-02 15:10:35,PET00107,dog,1,9.5,SOY,
U00108,B,2026-09-20 20:16:17,PET00108,cat,12,24.6,,KIDNEY
U00109,B,2026-10-29 22:09:15,PET00109,cat,14,11.8,,
U00110,A,2026-11-26 12:57:11,PET00110,cat,10,6.6,,
U00111,A,2026-11-29 09:35:53,PET00111,dog,9,6.6,,
U00112,A,2026-09-16 08:16:32,PET00112,dog,5,5.8,,
U00113,B,2026-10-07 17:38:11,PET00113,dog,6,16.2,,KIDNEY
U00114,A,2026-09-21 09:22:43,PET00114,cat,13,1.6,FISH,KIDNEY
U00115,A,2026-10-05 09:32:25,PET00115,cat,13,19.7,,JOINT
U00116,B,2026-10-26 20:59:13,PET00116,cat,7,11.5,,DENTAL
U00117,A,2026-10-03 10:44:08,PET00117,dog,5,20.0,,GUT
U00118,A,2026-09-14 12:52:31,PET00118,cat,3,32.8,,
U00119,A,2026-10-23 06:26:48,PET00119,dog,1,30.6,,
U00120,A,2026-09-12 04:04:25,PET00120,cat,7,20.8,,
U00121,B,2026-09-28 06:55:46,PET00121,dog,8,15.5,VENISON,
U00122,B,2026-09-08 20:36:49,PET00122,dog,10,24.9,,
U00123,A,2026-09-15 18:57:31,PET00123,dog,12,32.4,,WEIGHT_CONTROL
U00124,A,2026-10-17 15:35:47,PET00124,cat,6,17.9,,
U00125,A,2026-11-23 19:39:47,PET00125,dog,3,4.8,POTATO,
U00126,A,2026-11-16 20:37:27,PET00126,dog,12,27.2,,WEIGHT_CONTROL
U00127,A,2026-09-16 11:07:50,PET00127,dog,11,1.9,EGG,
U00128,A,2026-09-11 17:23:18,PET00128,dog,8,27.1,,
U00129,B,2026-10-08 03:04:03,PET00129,cat,1,4.3,EGG,
U00130,A,2026-11-05 16:51:31,PET00130,dog,7,5.1,,
U00131,B,2026-11-14 00:25:35,PET00131,dog,9,27.7,,
U00132,A,2026-11-21 06:08:14,PET00132,cat,13,24.6,RICE,WEIGHT_CONTROL
U00133,B,2026-10-08 14:33:14,PET00133,dog,8,20.3,,
U00134,A,2026-09-23 09:36:39,PET00134,dog,7,29.0,,
U00135,A,2026-09-10 11:04:21,PET00135,dog,6,30.0,,KIDNEY
U00136,A,2026-09-21 21:34:06,PET00136,dog,6,16.8,RICE,IMMUNE
U00137,B,2026-09-13 18:59:51,PET00137,dog,1,34.9,,URINARY
U00138,A,2026-11-24 02:28:44,PET00138,dog,2,13.5,,
U00139,A,2026-10-02 01:16:51,PET00139,dog,11,7.2,,
U00140,B,2026-11-21 11:34:15,PET00140,cat,6,29.8,,
U00141,B,2026-10-27 21:01:33,PET00141,cat,12,15.4,,EYE
U00142,B,2026-10-26 23:37:53,PET00142,cat,6,30.8,,
U00143,A,2026-10-18 12:33:47,PET00143,dog,14,3.5,,LIVER
U00144,A,2026-11-20 01:51:47,PET00144,dog,3,5.2,,
U00145,B,2026-09-11 18:26:12,PET00145,cat,3,2.8,VENISON,
U00146,A,2026-09-16 12:08:40,PET00146,cat,9,21.7,,
U00147,B,2026-10-16 21:42:33,PET00147,dog,12,29.4,,WEIGHT_CONTROL
U00148,A,2026-10-13 11:44:29,PET00148,dog,3,15.0,,STRESS_CALMING
U00149,B,2026-10-27 14:29:15,PET00149,dog,8,4.5,,IMMUNE
U00150,A,2026-11-13 09:40:40,PET00150,dog,4,14.0,OAT,
U00151,A,2026-10-30 08:55:03,PET00151,dog,11,13.2,,IMMUNE
U00152,B,2026-10-01 01:20:19,PET00152,dog,8,23.1,,
U00153,B,2026-10-07 12:17:04,PET00153,cat,10,23.3,,STRESS_CALMING
U00154,A,2026-11-14 01:24:04,PET00154,cat,4,5.0,INSECT,
U00155,A,2026-09-26 15:51:02,PET00155,cat,5,15.6,,SKIN_COAT
U00156,A,2026-10-23 00:07:30,PET00156,dog,9,23.0,,GUT
U00157,B,2026-10-26 05:17:17,PET00157,cat,5,10.2,TURKEY,
U00158,B,2026-11-14 03:44:36,PET00158,cat,10,15.1,,
U00159,A,2026-11-11 15:22:16,PET00159,dog,3,22.1,,
U00160,B,2026-10-19 08:09:46,PET00160,cat,5,15.0,,
U00161,A,2026-10-05 12:51:12,PET00161,cat,2,2.5,VENISON,RESPIRATORY
U00162,B,2026-10-11 01:54:46,PET00162,cat,2,9.0,,
U00163,A,2026-10-15 02:08:15,PET00163,dog,4,27.5,FISH,
U00164,A,2026-09-27 19:24:36,PET00164,cat,7,9.8,,COGNITIVE
U00165,A,2026-11-03 14:50:31,PET00165,dog,3,28.9,TURKEY,
U00166,B,2026-09-26 04:22:27,PET00166,dog,2,17.1,,COGNITIVE
U00167,B,2026-11-05 23:15:50,PET00167,dog,13,17.3,WHEAT,IMMUNE
U00168,B,2026-11-14 16:42:07,PET00168,dog,8,27.3,,WEIGHT_CONTROL
U00169,B,2026-12-03 17:52:30,PET00169,dog,11,14.3,,
U00170,A,2026-09-18 05:56:07,PET00170,dog,11,9.5,,URINARY
U00171,A,2026-11-15 02:48:25,PET00171,cat,2,5.0,EGG,
U00172,B,2026-09-15 01:49:14,PET00172,dog,9,24.0,,
U00173,A,2026-10-08 11:05:06,PET00173,cat,13,17.2,,SKIN_COAT
U00174,A,2026-09-23 18:25:48,PET00174,dog,7,28.6,,
U00175,A,2026-09-22 15:44:15,PET00175,cat,13,16.8,,IMMUNE
U00176,B,2026-09-23 16:52:37,PET00176,cat,14,15.4,,COGNITIVE
U00177,B,2026-09-11 16:12:57,PET00177,cat,8,11.5,,
U00178,B,2026-11-21 15:03:43,PET00178,cat,2,8.2,,
U00179,B,2026-09-13 04:22:57,PET00179,cat,9,29.3,RICE,EYE
U00180,A,2026-10-13 03:44:09,PET00180,dog,13,4.7,LAMB,
U00181,A,2026-11-09 07:46:04,PET00181,dog,9,31.7,,
U00182,A,2026-12-06 04:46:31,PET00182,dog,12,2.4,,
U00183,B,2026-11-23 13:28:06,PET00183,dog,8,19.0,,
U00184,A,2026-09-20 21:28:26,PET00184,dog,6,3.5,BEEF,
U00185,B,2026-12-05 03:14:16,PET00185,dog,14,27.6,,
U00186,B,2026-11-05 21:53:42,PET00186,cat,3,8.6,,
U00187,B,2026-09-24 16:34:54,PET00187,cat,7,20.5,,
U00188,B,2026-10-18 05:44:51,PET00188,cat,3,32.2,,
U00189,A,2026-11-29 08:51:37,PET00189,cat,10,23.3,CHICKEN,RESPIRATORY
U00190,A,2026-10-13 15:56:31,PET00190,dog,13,7.5,,WEIGHT_CONTROL
U00191,A,2026-09-24 04:38:59,PET00191,dog,14,28.2,POTATO,
U00192,A,2026-11-25 13:29:11,PET00192,cat,4,16.3,,HAIRBALL
U00193,A,2026-12-02 05:58:31,PET00193,cat,11,1.9,,HYPOALLERGENIC
U00194,A,2026-12-04 03:58:57,PET00194,dog,13,17.8,DAIRY,
U00195,B,2026-12-03 17:38:23,PET00195,dog,12,28.7,,
U00196,A,2026-11-25 13:33:19,PET00196,dog,8,15.9,,KIDNEY
U00197,B,2026-10-18 17:40:19,PET00197,dog,3,26.9,,HEART
U00198,B,2026-09-25 09:40:10,PET00198,dog,7,25.1,,
U00199,A,2026-11-02 05:11:13,PET00199,dog,11,16.8,,
U00200,A,2026-09-27 17:12:52,PET00200,cat,9,12.3,,
U00201,B,2026-10-20 13:15:28,PET00201,cat,6,25.8,,
U00202,B,2026-11-06 21:27:43,PET00202,dog,4,13.9,,
U00203,A,2026-12-02 10:06:34,PET00203,cat,10,7.2,DUCK,JOINT
U00204,B,2026-10-04 06:30:08,PET00204,cat,6,12.2,RICE,
U00205,A,2026-09-30 06:53:11,PET00205,dog,7,30.9,OAT,
U00206,B,2026-11-13 05:09:22,PET00206,cat,14,11.0,,STRESS_CALMING
U00207,B,2026-09-08 21:38:39,PET00207,dog,1,9.4,,RESPIRATORY
U00208,B,2026-10-28 17:35:55,PET00208,cat,4,6.0,OAT,
U00209,B,2026-11-14 00:11:53,PET00209,dog,13,3.3,,
U00210,B,2026-10-27 01:02:00,PET00210,cat,13,34.2,,
U00211,B,2026-10-12 10:38:34,PET00211,cat,5,19.5,,
U00212,B,2026-11-21 18:02:45,PET00212,dog,14,25.9,,
U00213,B,2026-10-11 03:07:20,PET00213,dog,3,27.4,,HEART
U00214,B,2026-11-10 22:54:29,PET00214,dog,1,13.3,TURKEY,
U00215,B,2026-10-19 13:14:29,PET00215,cat,5,28.3,,
U00216,A,2026-09-10 13:51:57,PET00216,cat,8,33.7,,SKIN_COAT
U00217,A,2026-10-25 00:02:55,PET00217,dog,1,26.3,,
U00218,A,2026-09-12 07:34:48,PET00218,cat,3,25.3,,RESPIRATORY
U00219,B,2026-11-30 00:08:32,PET00219,dog,12,16.0,,
U00220,A,2026-11-01 19:10:57,PET00220,dog,9,29.7,,
U00221,B,2026-10-11 06:10:47,PET00221,dog,9,4.5,CHICKEN,
U00222,B,2026-10-21 02:17:58,PET00222,dog,14,26.6,,
U00223,A,2026-11-02 16:24:42,PET00223,dog,4,13.6,,
U00224,A,2026-10-01 01:04:31,PET00224,dog,13,20.5,,EYE
U00225,B,2026-10-03 22:26:14,PET00225,dog,5,31.4,,
U00226,B,2026-10-15 14:09:28,PET00226,cat,13,21.8,,
U00227,A,2026-10-01 08:01:27,PET00227,dog,11,2.4,VENISON,SKIN_COAT
U00228,B,2026-11-15 05:59:22,PET00228,cat,3,25.7,,
U00229,B,2026-09-17 04:06:49,PET00229,cat,3,32.6,,
U00230,A,2026-11-21 00:18:57,PET00230,cat,8,23.0,,
U00231,A,2026-10-09 22:54:34,PET00231,dog,8,30.4,,
U00232,B,2026-10-28 05:00:19,PET00232,cat,4,29.1,,
U00233,B,2026-09-22 01:45:33,PET00233,dog,4,30.4,,
U00234,A,2026-10-12 21:57:46,PET00234,dog,13,13.0,,
U00235,B,2026-11-14 23:05:26,PET00235,dog,11,17.4,,WEIGHT_CONTROL
U00236,A,2026-10-02 09:38:35,PET00236,dog,3,29.9,,IMMUNE
U00237,A,2026-09-19 10:15:21,PET00237,cat,11,32.0,,
U00238,B,2026-10-24 18:57:08,PET00238,cat,3,6.4,DUCK,
U00239,A,2026-09-22 19:31:01,PET00239,cat,7,7.6,,
U00240,B,2026-10-06 13:24:21,PET00240,dog,1,13.1,BEEF,LIVER
U00241,A,2026-10-18 00:13:32,PET00241,cat,10,27.3,,RESPIRATORY
U00242,B,2026-10-28 23:44:10,PET00242,cat,3,30.8,,GUT
U00243,A,2026-11-04 12:39:29,PET00243,dog,4,20.9,,
U00244,A,2026-11-07 08:04:48,PET00244,dog,3,5.3,,
U00245,A,2026-11-22 01:31:43,PET00245,cat,3,11.7,,IMMUNE
U00246,A,2026-09-13 00:38:36,PET00246,dog,2,30.2,BEEF,
U00247,A,2026-10-10 19:27:30,PET00247,dog,8,13.1,,
U00248,B,2026-09-08 06:46:21,PET00248,cat,13,4.9,,
U00249,A,2026-09-08 21:43:08,PET00249,dog,5,11.6,PORK,
U00250,B,2026-09-27 12:35:16,PET00250,dog,11,28.5,,
U00251,B,2026-10-31 09:49:15,PET00251,dog,8,18.0,,
U00252,B,2026-11-27 08:55:16,PET00252,cat,4,7.2,,
U00253,A,2026-11-16 05:23:56,PET00253,cat,1,12.0,,HAIRBALL
U00254,A,2026-11-05 14:32:50,PET00254,cat,11,33.4,,
U00255,A,2026-11-17 00:32:14,PET00255,cat,1,16.0,,
U00256,A,2026-09-23 07:45:51,PET00256,cat,6,16.3,VENISON,
U00257,A,2026-11-22 11:49:15,PET00257,cat,1,6.6,,DENTAL
U00258,B,2026-11-27 05:30:34,PET00258,dog,11,11.7,,GUT
U00259,A,2026-09-16 20:39:58,PET00259,dog,14,28.8,,
U00260,A,2026-10-20 07:27:32,PET00260,cat,5,27.8,,DENTAL
U00261,A,2026-11-21 01:31:46,PET00261,cat,5,16.1,VENISON,URINARY
U00262,A,2026-10-20 16:55:04,PET00262,dog,8,31.4,,
U00263,A,2026-11-22 17:09:14,PET00263,cat,8,14.2,,
U00264,B,2026-12-01 08:24:10,PET00264,cat,6,30.5,,EYE
U00265,A,2026-10-20 02:25:56,PET00265,dog,6,2.6,,IMMUNE
U00266,A,2026-09-13 16:10:18,PET00266,dog,3,13.1,,
U00267,A,2026-10-08 05:07:49,PET00267,dog,4,30.1,,
U00268,A,2026-09-27 04:41:25,PET00268,dog,9,31.7,,
U00269,A,2026-10-20 09:32:57,PET00269,dog,11,26.8,,
U00270,B,2026-10-30 16:36:55,PET00270,dog,11,23.9,LAMB,JOINT
U00271,B,2026-10-19 13:44:29,PET00271,dog,8,28.8,,
U00272,A,2026-09-25 16:58:08,PET00272,dog,11,25.2,,
U00273,B,2026-10-05 04:28:24,PET00273,cat,9,10.0,,
U00274,A,2026-11-08 10:40:15,PET00274,cat,5,17.1,SOY,
U00275,A,2026-09-10 07:47:32,PET00275,dog,5,23.6,,SKIN_COAT
U00276,A,2026-09-27 22:12:26,PET00276,dog,8,21.2,,SKIN_COAT
U00277,A,2026-11-27 01:28:30,PET00277,dog,5,31.2,DUCK,
U00278,A,2026-09-16 18:02:05,PET00278,dog,11,17.4,,LIVER
U00279,B,2026-10-15 05:38:43,PET00279,dog,3,7.5,,
U00280,B,2026-09-26 01:51:00,PET00280,dog,1,8.7,,
U00281,B,2026-09-17 22:54:09,PET00281,dog,7,29.8,,JOINT
U00282,A,2026-10-16 22:11:22,PET00282,cat,2,1.8,,
U00283,B,2026-10-24 11:19:56,PET00283,dog,3,30.6,,
U00284,B,2026-09-23 04:39:47,PET00284,cat,6,3.4,,
U00285,B,2026-09-15 08:19:11,PET00285,dog,1,14.6,EGG,GUT
U00286,A,2026-09-20 10:21:57,PET00286,dog,4,28.3,,LIVER
U00287,A,2026-11-05 11:20:33,PET00287,cat,8,15.2,,IMMUNE
U00288,B,2026-11-24 23:17:06,PET00288,dog,6,29.0,CORN,COGNITIVE
U00289,A,2026-09-24 05:30:54,PET00289,cat,13,4.9,,
U00290,A,2026-10-06 00:27:23,PET00290,cat,2,18.6,FISH,
U00291,B,2026-10-08 09:26:39,PET00291,cat,11,21.0,,HYPOALLERGENIC
U00292,B,2026-10-10 08:15:55,PET00292,dog,9,31.3,,
U00293,B,2026-09-29 18:26:46,PET00293,dog,10,4.6,,HYPOALLERGENIC
U00294,A,2026-09-12 08:05:31,PET00294,dog,10,12.8,DAIRY,
U00295,B,2026-10-25 23:10:13,PET00295,dog,1,23.6,INSECT,
U00296,A,2026-10-10 10:55:06,PET00296,dog,12,34.3,,
U00297,B,2026-10-08 17:29:16,PET00297,cat,5,29.9,,URINARY
U00298,A,2026-10-01 12:59:43,PET00298,cat,10,29.9,,
U00299,A,2026-11-30 22:39:46,PET00299,dog,5,18.8,,
U00300,A,2026-11-01 01:09:59,PET00300,dog,6,20.4,RICE,KIDNEY
U00301,A,2026-10-15 13:08:53,PET00301,cat,10,30.3,,STRESS_CALMING
U00302,B,2026-09-26 14:25:00,PET00302,cat,14,30.6,INSECT,
U00303,B,2026-11-19 23:20:50,PET00303,dog,13,28.4,,LIVER
U00304,A,2026-11-26 03:40:10,PET00304,dog,11,28.9,,
U00305,A,2026-09-10 02:08:00,PET00305,cat,8,31.0,,KIDNEY
U00306,B,2026-11-30 17:14:01,PET00306,cat,8,5.3,,URINARY
U00307,B,2026-11-09 04:02:51,PET00307,cat,14,11.3,,
U00308,A,2026-09-16 23:37:58,PET00308,dog,3,34.2,DAIRY,
U00309,B,2026-11-14 02:01:14,PET00309,dog,14,19.8,FISH,SKIN_COAT
U00310,B,2026-09-17 14:12:55,PET00310,dog,10,7.4,INSECT,STRESS_CALMING
U00311,B,2026-09-12 04:03:42,PET00311,dog,9,18.4,,
U00312,A,2026-09-18 06:27:04,PET00312,cat,9,23.1,,
U00313,A,2026-10-19 16:26:09,PET00313,dog,12,29.2,,
U00314,B,2026-11-02 16:45:00,PET00314,cat,10,28.7,,KIDNEY
U00315,A,2026-10-14 22:07:23,PET00315,cat,2,3.1,,
U00316,A,2026-09-18 20:18:32,PET00316,cat,11,16.7,PORK,HAIRBALL
U00317,A,2026-09-25 12:51:31,PET00317,cat,11,2.2,,EYE
U00318,B,2026-11-23 13:05:42,PET00318,cat,13,31.3,,RESPIRATORY
U00319,B,2026-12-03 00:23:26,PET00319,dog,14,7.3,,SKIN_COAT
U00320,A,2026-11-14 11:23:30,PET00320,dog,14,22.4,,
U00321,A,2026-09-17 13:56:46,PET00321,dog,1,20.6,DAIRY,LIVER
U00322,B,2026-11-20 00:35:14,PET00322,cat,9,22.5,,
U00323,A,2026-11-09 05:54:16,PET00323,cat,14,20.4,,
U00324,A,2026-10-25 11:02:14,PET00324,dog,14,25.5,,JOINT
U00325,B,2026-09-20 15:12:26,PET00325,dog,8,22.5,OAT,
U00326,B,2026-12-06 13:34:04,PET00326,dog,13,4.5,LAMB,
U00327,A,2026-10-17 16:35:35,PET00327,dog,13,13.8,,LIVER
U00328,A,2026-09-11 15:50:30,PET00328,cat,1,19.8,,WEIGHT_CONTROL
U00329,B,2026-09-26 16:29:37,PET00329,dog,13,12.4,,
U00330,A,2026-10-14 04:18:41,PET00330,cat,9,27.0,,
U00331,A,2026-09-13 00:30:51,PET00331,cat,9,12.1,,
U00332,B,2026-10-07 23:28:11,PET00332,dog,3,29.3,,
U00333,B,2026-10-20 04:17:19,PET00333,dog,13,6.4,,SKIN_COAT
U00334,A,2026-12-02 07:16:31,PET00334,cat,5,27.3,WHEAT,
U00335,A,2026-09-15 20:44:28,PET00335,cat,6,7.6,,HAIRBALL
U00336,B,2026-10-29 04:30:51,PET00336,dog,5,19.2,,LIVER
U00337,B,2026-11-29 19:59:17,PET00337,dog,14,12.2,,
U00338,A,2026-11-19 08:09:17,PET00338,cat,7,22.9,,DENTAL
U00339,B,2026-11-30 20:49:38,PET00339,cat,2,8.6,,
U00340,A,2026-09-23 03:09:19,PET00340,cat,1,28.1,VENISON,EYE
U00341,A,2026-11-19 17:19:30,PET00341,cat,14,20.7,FISH,
U00342,B,2026-12-05 17:02:14,PET00342,cat,4,33.6,VENISON,
U00343,A,2026-10-07 11:50:08,PET00343,dog,11,25.3,,
U00344,B,2026-10-22 05:05:31,PET00344,cat,1,21.8,,
U00345,B,2026-10-25 01:52:04,PET00345,dog,13,29.3,VENISON,HYPOALLERGENIC
U00346,B,2026-10-22 15:37:36,PET00346,cat,10,8.9,,
U00347,A,2026-10-04 00:22:23,PET00347,cat,4,22.7,VENISON,
U00348,B,2026-12-04 11:53:22,PET00348,cat,13,14.6,,
U00349,B,2026-12-03 05:36:39,PET00349,dog,5,26.4,,KIDNEY
U00350,B,2026-10-12 22:36:15,PET00350,cat,14,2.3,,COGNITIVE
U00351,B,2026-11-19 14:19:38,PET00351,cat,9,15.8,,
U00352,B,2026-10-13 17:39:31,PET00352,cat,7,23.3,,
U00353,B,2026-11-18 20:20:40,PET00353,cat,1,16.9,,
U00354,B,2026-10-30 15:04:23,PET00354,dog,4,9.5,,
U00355,A,2026-10-20 07:31:51,PET00355,dog,1,17.1,,
U00356,A,2026-09-19 01:47:37,PET00356,cat,12,30.0,CORN,
U00357,A,2026-11-05 05:41:03,PET00357,cat,2,8.4,,
U00358,A,2026-10-06 18:26:46,PET00358,cat,2,13.8,,SKIN_COAT
U00359,A,2026-09-27 03:02:59,PET00359,cat,2,34.7,,
U00360,B,2026-09-25 23:29:43,PET00360,dog,14,32.1,,
U00361,A,2026-12-05 09:36:34,PET00361,dog,14,2.6,,SKIN_COAT
U00362,B,2026-09-17 20:56:22,PET00362,cat,11,19.3,,HYPOALLERGENIC
U00363,A,2026-11-18 12:05:57,PET00363,dog,2,3.7,,
U00364,B,2026-11-24 02:42:18,PET00364,cat,8,32.5,PORK,
U00365,A,2026-09-10 20:41:36,PET00365,cat,14,16.3,,HYPOALLERGENIC
U00366,A,2026-10-31 13:47:28,PET00366,cat,2,15.5,WHEAT,RESPIRATORY
U00367,B,2026-10-29 03:52:21,PET00367,dog,12,10.6,,LIVER
U00368,B,2026-10-10 15:58:38,PET00368,cat,1,20.6,,
U00369,B,2026-11-07 18:27:07,PET00369,dog,12,6.4,,
U00370,A,2026-10-14 12:45:08,PET00370,dog,8,28.3,,
U00371,B,2026-10-17 17:32:22,PET00371,dog,13,18.0,,
U00372,B,2026-10-16 14:01:25,PET00372,dog,6,20.5,,WEIGHT_CONTROL
U00373,A,2026-11-19 11:37:04,PET00373,cat,11,29.7,,STRESS_CALMING
U00374,B,2026-11-03 20:13:30,PET00374,cat,12,7.7,,
U00375,B,2026-10-12 15:26:51,PET00375,dog,5,7.4,EGG,
U00376,B,2026-11-30 04:51:00,PET00376,cat,9,15.6,DUCK,
U00377,B,2026-11-19 07:20:42,PET00377,dog,7,27.8,,HYPOALLERGENIC
U00378,B,2026-11-30 12:47:35,PET00378,cat,7,3.5,,
U00379,A,2026-11-12 09:22:50,PET00379,cat,12,28.1,,STRESS_CALMING
U00380,A,2026-10-13 08:51:19,PET00380,cat,4,18.3,,
U00381,A,2026-11-16 19:07:19,PET00381,dog,2,20.3,,
U00382,A,2026-10-07 15:23:40,PET00382,dog,7,20.4,,
U00383,B,2026-10-02 07:14:56,PET00383,dog,12,3.4,WHEAT,
U00384,B,2026-10-18 16:31:25,PET00384,cat,3,9.9,WHEAT,
U00385,B,2026-12-04 00:02:23,PET00385,cat,5,26.8,,
U00386,A,2026-10-29 06:44:21,PET00386,dog,10,15.3,,
U00387,A,2026-10-12 07:59:00,PET00387,dog,7,20.3,,
U00388,A,2026-10-19 16:10:59,PET00388,cat,9,33.2,TURKEY,
U00389,A,2026-10-04 02:54:57,PET00389,dog,8,3.1,,
U00390,B,2026-11-06 03:37:43,PET00390,cat,12,16.6,,
U00391,B,2026-10-09 16:11:51,PET00391,cat,13,13.6,FISH,
U00392,B,2026-10-27 16:46:07,PET00392,dog,7,5.1,,
U00393,B,2026-10-11 00:01:30,PET00393,dog,7,33.4,,EYE
U00394,A,2026-10-06 00:33:18,PET00394,dog,4,33.7,,
U00395,B,2026-12-04 22:49:57,PET00395,dog,7,11.9,CORN,
U00396,B,2026-10-09 04:16:13,PET00396,cat,12,33.2,,SKIN_COAT
U00397,A,2026-09-14 05:17:27,PET00397,cat,8,2.7,,EYE
U00398,B,2026-10-12 14:49:16,PET00398,dog,10,34.4,,STRESS_CALMING
U00399,B,2026-10-25 21:04:04,PET00399,dog,6,29.5,,
U00400,B,2026-09-16 02:01:53,PET00400,dog,10,8.7,,URINARY
U00401,A,2026-10-05 20:52:33,PET00401,dog,10,21.6,,
U00402,B,2026-09-22 03:58:16,PET00402,cat,8,28.2,,IMMUNE
U00403,A,2026-10-23 10:14:34,PET00403,cat,14,12.2,CORN,JOINT
U00404,A,2026-11-12 06:57:13,PET00404,cat,13,13.4,,JOINT
U00405,A,2026-12-04 04:39:37,PET00405,dog,3,22.6,,HEART
U00406,B,2026-10-13 18:56:35,PET00406,cat,4,6.4,,
U00407,A,2026-11-24 12:07:45,PET00407,dog,14,5.5,,
U00408,A,2026-09-27 17:24:08,PET00408,cat,6,9.9,CHICKEN,
U00409,B,2026-11-17 07:18:20,PET00409,cat,5,26.3,,
U00410,A,2026-10-28 15:48:32,PET00410,cat,12,13.8,,JOINT
U00411,A,2026-11-15 14:00:52,PET00411,dog,9,18.5,,
U00412,B,2026-11-14 04:02:59,PET00412,dog,2,8.0,,
U00413,A,2026-10-25 10:03:59,PET00413,cat,2,8.0,PORK,
U00414,B,2026-10-01 23:40:27,PET00414,dog,12,23.3,CHICKEN,
U00415,B,2026-10-25 13:12:35,PET00415,cat,11,5.1,,HEART
U00416,B,2026-11-21 01:31:29,PET00416,dog,5,23.9,,LIVER
U00417,A,2026-12-04 01:48:46,PET00417,cat,13,14.9,,HAIRBALL
U00418,B,2026-11-30 04:59:00,PET00418,dog,2,24.0,,
U00419,B,2026-09-24 03:00:30,PET00419,cat,13,14.3,,
U00420,A,2026-10-31 01:43:10,PET00420,dog,2,29.8,,
U00421,B,2026-09-17 11:01:58,PET00421,dog,9,3.4,,WEIGHT_CONTROL
U00422,B,2026-11-07 11:07:17,PET00422,dog,12,31.4,,
U00423,A,2026-12-06 21:29:48,PET00423,dog,9,10.5,,
U00424,A,2026-09-12 20:02:48,PET00424,cat,11,2.9,,COGNITIVE
U00425,A,2026-11-06 11:14:57,PET00425,cat,5,20.3,,SKIN_COAT
U00426,B,2026-12-02 09:45:47,PET00426,cat,5,9.0,,
U00427,B,2026-11-23 00:31:25,PET00427,cat,4,16.9,CORN,
U00428,A,2026-10-13 07:14:27,PET00428,cat,2,28.4,,HAIRBALL
U00429,B,2026-09-17 18:55:16,PET00429,dog,4,28.0,,LIVER
U00430,A,2026-11-30 06:11:15,PET00430,cat,4,21.6,,HAIRBALL
U00431,B,2026-11-29 23:54:55,PET00431,dog,11,34.3,POTATO,
U00432,A,2026-10-30 18:16:43,PET00432,cat,3,17.0,,
U00433,A,2026-12-05 21:00:24,PET00433,dog,3,2.8,RICE,STRESS_CALMING
U00434,A,2026-09-08 07:06:25,PET00434,cat,11,29.0,,
U00435,A,2026-11-02 07:23:03,PET00435,dog,8,8.9,,
U00436,A,2026-09-11 04:11:14,PET00436,dog,4,7.4,,GUT
U00437,B,2026-12-01 13:16:02,PET00437,dog,10,3.8,,STRESS_CALMING
U00438,B,2026-11-08 05:19:10,PET00438,dog,4,12.5,,IMMUNE
U00439,A,2026-11-29 01:51:59,PET00439,dog,11,12.4,,HYPOALLERGENIC
U00440,A,2026-10-28 12:37:14,PET00440,dog,1,11.6,,
U00441,B,2026-09-15 11:55:36,PET00441,dog,9,21.4,,
U00442,B,2026-09-10 08:38:07,PET00442,cat,9,26.7,,
U00443,B,2026-10-08 23:05:37,PET00443,dog,6,32.9,,URINARY
U00444,B,2026-11-13 02:56:42,PET00444,cat,10,4.7,OAT,
U00445,B,2026-09-21 14:10:07,PET00445,dog,6,6.5,,COGNITIVE
U00446,A,2026-11-23 11:55:17,PET00446,cat,10,21.3,,DENTAL
U00447,A,2026-09-29 00:03:48,PET00447,dog,4,4.8,,HYPOALLERGENIC
U00448,B,2026-10-22 04:37:46,PET00448,dog,8,13.9,EGG,
U00449,A,2026-09-26 03:40:59,PET00449,cat,11,22.4,,
U00450,B,2026-10-19 05:38:58,PET00450,cat,14,27.6,,
U00451,B,2026-10-18 01:27:33,PET00451,dog,6,8.8,,
U00452,A,2026-09-08 08:10:04,PET00452,dog,7,23.9,,HYPOALLERGENIC
U00453,A,2026-10-29 05:22:08,PET00453,dog,7,23.1,,
U00454,B,2026-11-17 23:10:07,PET00454,dog,13,30.3,,
U00455,A,2026-12-01 15:12:54,PET00455,dog,14,12.0,,
U00456,A,2026-10-07 21:24:07,PET00456,cat,10,26.6,,
U00457,B,2026-11-26 14:53:27,PET00457,dog,12,26.7,,HYPOALLERGENIC
U00458,A,2026-11-26 13:14:18,PET00458,cat,2,9.5,,
U00459,A,2026-12-05 19:56:09,PET00459,dog,11,22.3,BEEF,
U00460,B,2026-10-11 22:22:20,PET00460,dog,12,24.1,,JOINT
U00461,A,2026-11-23 04:44:35,PET00461,dog,11,10.7,,COGNITIVE
U00462,B,2026-10-28 06:09:54,PET00462,dog,9,16.6,,JOINT
U00463,B,2026-09-13 20:41:22,PET00463,dog,13,16.1,,
U00464,A,2026-10-02 12:18:09,PET00464,cat,10,27.4,,
U00465,A,2026-11-07 11:30:25,PET00465,cat,12,1.5,,KIDNEY
U00466,B,2026-09-22 17:12:26,PET00466,dog,3,18.3,,DENTAL
U00467,B,2026-10-17 13:29:08,PET00467,dog,10,7.7,CORN,
U00468,A,2026-11-16 07:20:07,PET00468,cat,7,23.2,,
U00469,A,2026-09-21 00:40:21,PET00469,dog,13,24.3,,DENTAL
U00470,B,2026-10-22 09:08:35,PET00470,dog,13,18.3,,COGNITIVE
U00471,B,2026-09-27 19:44:00,PET00471,cat,12,19.7,,
U00472,B,2026-10-26 12:46:13,PET00472,dog,4,12.1,,
U00473,A,2026-09-29 22:12:53,PET00473,dog,7,12.0,,
U00474,A,2026-12-03 08:37:30,PET00474,dog,1,26.5,,
U00475,A,2026-09-14 11:51:33,PET00475,cat,14,5.9,,
U00476,B,2026-12-03 14:48:32,PET00476,dog,4,27.3,,GUT
U00477,A,2026-11-18 10:04:42,PET00477,cat,9,23.4,VENISON,
U00478,A,2026-11-24 11:24:06,PET00478,dog,7,31.1,,
U00479,A,2026-11-23 22:20:48,PET00479,dog,13,10.2,,
U00480,A,2026-09-24 16:16:11,PET00480,dog,12,18.5,,
U00481,A,2026-11-30 04:04:45,PET00481,cat,11,2.8,,EYE
U00482,B,2026-10-31 08:47:22,PET00482,dog,10,32.1,,
U00483,B,2026-12-03 22:47:54,PET00483,cat,2,24.1,,
U00484,B,2026-11-26 08:03:48,PET00484,dog,13,22.4,,EYE
U00485,A,2026-10-30 16:34:08,PET00485,dog,1,26.0,,
U00486,A,2026-10-11 23:05:01,PET00486,dog,7,11.0,,
U00487,B,2026-09-18 13:06:33,PET00487,dog,6,21.7,,
U00488,B,2026-09-17 20:20:40,PET00488,dog,6,28.3,CHICKEN,
U00489,B,2026-10-13 21:22:56,PET00489,cat,14,4.5,DAIRY,COGNITIVE
U00490,A,2026-11-19 12:49:02,PET00490,cat,4,33.6,,LIVER
U00491,B,2026-10-23 02:13:25,PET00491,cat,9,31.4,,HEART
U00492,A,2026-10-21 02:04:26,PET00492,cat,4,33.8,OAT,
U00493,A,2026-09-30 09:45:13,PET00493,dog,13,28.6,DAIRY,
U00494,A,2026-10-28 11:47:11,PET00494,cat,11,11.4,,
U00495,A,2026-11-04 05:08:43,PET00495,dog,6,21.0,CHICKEN,JOINT
U00496,A,2026-12-05 08:11:36,PET00496,cat,2,5.5,,
U00497,B,2026-11-12 17:53:36,PET00497,cat,3,26.8,,
U00498,B,2026-11-01 13:50:01,PET00498,dog,4,6.6,,
U00499,A,2026-11-28 02:59:48,PET00499,cat,6,30.5,,
U00500,B,2026-10-16 10:39:06,PET00500,cat,13,9.6,OAT,
U00501,A,2026-12-01 05:36:47,PET00501,dog,2,6.9,CORN,WEIGHT_CONTROL
U00502,A,2026-10-11 01:35:49,PET00502,cat,9,3.9,DUCK,HEART
U00503,A,2026-09-19 19:14:13,PET00503,dog,5,25.3,,STRESS_CALMING
U00504,A,2026-10-15 16:09:10,PET00504,dog,1,7.7,,KIDNEY
U00505,A,2026-09-19 22:24:49,PET00505,dog,9,8.1,VENISON,
U00506,A,2026-09-18 08:35:18,PET00506,cat,10,7.2,,JOINT
U00507,A,2026-11-26 10:24:40,PET00507,dog,14,11.7,,URINARY
U00508,A,2026-11-18 16:14:43,PET00508,cat,8,33.0,CORN,HEART
U00509,B,2026-09-27 07:34:43,PET00509,dog,5,17.8,,
U00510,B,2026-11-22 11:53:22,PET00510,dog,12,10.2,,
U00511,B,2026-09-14 00:34:10,PET00511,cat,4,7.2,,
U00512,B,2026-10-03 12:40:50,PET00512,dog,10,2.1,,
U00513,A,2026-11-10 00:50:54,PET00513,cat,14,13.7,TURKEY,
U00514,A,2026-10-05 17:06:27,PET00514,dog,1,5.2,,
U00515,A,2026-11-12 22:05:44,PET00515,cat,13,2.4,POTATO,
U00516,B,2026-11-25 23:29:34,PET00516,cat,3,4.9,,
U00517,B,2026-09-13 05:00:00,PET00517,dog,7,12.2,,
U00518,B,2026-09-10 00:08:40,PET00518,dog,4,26.7,,STRESS_CALMING
U00519,A,2026-12-01 15:49:55,PET00519,dog,3,3.7,POTATO,
U00520,B,2026-10-24 06:57:50,PET00520,cat,10,24.2,EGG,
U00521,B,2026-10-23 16:17:43,PET00521,cat,7,22.3,,URINARY
U00522,B,2026-10-19 01:49:34,PET00522,dog,8,31.0,DUCK,
U00523,A,2026-10-17 09:13:26,PET00523,dog,7,7.7,,
U00524,A,2026-11-09 19:56:03,PET00524,cat,11,28.1,EGG,
U00525,B,2026-10-30 11:51:18,PET00525,dog,14,30.5,PORK,
U00526,A,2026-09-22 03:14:50,PET00526,cat,8,34.2,,
U00527,B,2026-11-03 13:58:10,PET00527,cat,3,28.6,DAIRY,
U00528,A,2026-11-07 21:04:28,PET00528,dog,5,5.6,,
U00529,A,2026-09-18 07:07:04,PET00529,dog,7,33.2,,DENTAL
U00530,A,2026-10-11 09:40:32,PET00530,dog,2,28.8,FISH,HEART
U00531,A,2026-11-18 17:21:03,PET00531,dog,4,8.6,,
U00532,A,2026-11-02 23:08:23,PET00532,cat,3,7.0,,
U00533,B,2026-09-20 21:18:52,PET00533,cat,14,32.9,,
U00534,B,2026-09-11 06:17:10,PET00534,cat,6,6.7,,
U00535,A,2026-10-30 14:29:30,PET00535,dog,13,27.5,,DENTAL
U00536,A,2026-10-19 19:19:53,PET00536,dog,8,15.1,,
U00537,A,2026-12-03 00:34:29,PET00537,cat,8,25.7,,
U00538,A,2026-10-25 23:52:42,PET00538,dog,14,4.6,,
U00539,B,2026-11-30 08:56:28,PET00539,dog,10,25.8,,COGNITIVE
U00540,A,2026-09-27 16:12:06,PET00540,dog,4,18.6,FISH,
U00541,B,2026-10-18 23:06:48,PET00541,cat,4,31.7,DUCK,
U00542,B,2026-09-20 17:45:52,PET00542,cat,10,7.8,,
U00543,B,2026-10-29 22:17:19,PET00543,dog,1,5.2,,SKIN_COAT
U00544,A,2026-09-24 22:00:31,PET00544,cat,3,8.1,,STRESS_CALMING
U00545,A,2026-10-22 09:06:53,PET00545,dog,2,4.1,,RESPIRATORY
U00546,A,2026-10-08 00:09:08,PET00546,dog,10,34.3,DAIRY,
U00547,B,2026-09-24 18:03:29,PET00547,dog,7,5.6,,
U00548,B,2026-09-16 22:25:27,PET00548,cat,1,8.2,,
U00549,A,2026-10-24 03:01:26,PET00549,dog,11,28.6,,
U00550,B,2026-12-02 17:08:18,PET00550,dog,10,9.8,,SKIN_COAT
U00551,B,2026-09-25 18:47:15,PET00551,dog,11,8.9,,STRESS_CALMING
U00552,B,2026-10-14 11:01:09,PET00552,cat,3,24.0,,
U00553,A,2026-09-28 02:25:05,PET00553,cat,13,14.9,DAIRY,
U00554,B,2026-11-19 12:10:11,PET00554,dog,3,29.5,,
U00555,A,2026-10-15 19:10:42,PET00555,cat,8,22.9,,
U00556,A,2026-12-04 12:28:11,PET00556,dog,8,11.2,LAMB,
U00557,A,2026-09-30 14:24:30,PET00557,dog,4,21.5,WHEAT,
U00558,A,2026-09-15 18:56:48,PET00558,cat,6,30.5,,
U00559,B,2026-10-30 03:40:48,PET00559,cat,1,13.7,,WEIGHT_CONTROL
U00560,A,2026-11-05 08:31:46,PET00560,dog,7,26.2,,DENTAL
U00561,A,2026-12-06 17:39:11,PET00561,cat,10,15.4,,
U00562,B,2026-11-25 23:48:47,PET00562,dog,5,19.7,,
U00563,B,2026-11-26 13:44:05,PET00563,cat,8,26.1,,STRESS_CALMING
U00564,B,2026-11-04 10:23:54,PET00564,cat,14,3.5,,HAIRBALL
U00565,A,2026-10-10 16:50:19,PET00565,cat,4,16.7,,
U00566,B,2026-10-16 07:02:58,PET00566,dog,5,4.7,RICE,HEART
U00567,B,2026-09-20 13:51:18,PET00567,cat,2,25.8,,
U00568,B,2026-10-16 06:03:05,PET00568,cat,8,21.9,,
U00569,A,2026-10-10 07:39:30,PET00569,dog,3,12.5,,
U00570,A,2026-09-11 20:35:23,PET00570,dog,12,4.1,,LIVER
U00571,A,2026-09-26 03:07:43,PET00571,cat,5,32.5,,
U00572,A,2026-10-26 13:05:08,PET00572,dog,10,12.1,,
U00573,B,2026-10-11 14:50:45,PET00573,cat,3,10.7,SOY,RESPIRATORY
U00574,A,2026-12-06 15:40:58,PET00574,dog,5,4.9,,
U00575,A,2026-10-21 00:17:56,PET00575,cat,3,20.8,,EYE
U00576,A,2026-12-03 04:57:34,PET00576,dog,8,10.4,,
U00577,A,2026-11-06 00:26:56,PET00577,cat,1,29.7,VENISON,
U00578,A,2026-09-11 04:00:23,PET00578,cat,2,24.4,,
U00579,B,2026-09-26 05:53:50,PET00579,dog,8,1.6,,
U00580,A,2026-11-10 08:04:41,PET00580,cat,8,20.5,,
U00581,A,2026-10-27 11:10:25,PET00581,cat,5,9.3,PORK,
U00582,B,2026-10-05 07:26:54,PET00582,dog,7,2.0,,
U00583,A,2026-10-24 19:00:59,PET00583,dog,6,22.2,,GUT
U00584,B,2026-11-28 23:02:20,PET00584,cat,11,8.4,TURKEY,
U00585,A,2026-10-12 14:23:43,PET00585,cat,7,31.6,,
U00586,A,2026-09-12 01:10:08,PET00586,dog,12,20.7,RICE,
U00587,A,2026-10-05 16:54:17,PET00587,cat,4,8.5,,
U00588,A,2026-12-01 14:54:52,PET00588,dog,3,34.3,,DENTAL
U00589,B,2026-11-15 10:19:35,PET00589,dog,6,19.8,,URINARY
U00590,B,2026-11-22 14:37:56,PET00590,cat,2,7.0,,KIDNEY
U00591,B,2026-11-29 09:36:58,PET00591,dog,10,18.8,,
U00592,B,2026-09-18 21:47:29,PET00592,dog,6,33.6,,URINARY
U00593,A,2026-10-03 14:16:01,PET00593,dog,6,15.7,,STRESS_CALMING
U00594,A,2026-09-13 22:40:42,PET00594,dog,8,15.7,,
U00595,A,2026-09-08 13:31:57,PET00595,dog,2,16.9,,
U00596,B,2026-11-22 06:21:50,PET00596,cat,6,10.9,CHICKEN,
U00597,B,2026-12-01 20:38:17,PET00597,dog,14,6.9,,EYE
U00598,B,2026-09-22 13:35:32,PET00598,cat,9,20.9,,HYPOALLERGENIC
U00599,B,2026-11-11 08:54:39,PET00599,cat,9,31.5,,
U00600,B,2026-10-26 02:24:03,PET00600,dog,8,26.1,POTATO,HYPOALLERGENIC
U00601,A,2026-09-14 04:04:47,PET00601,dog,7,4.7,WHEAT,
U00602,B,2026-11-29 12:59:10,PET00602,cat,14,14.9,OAT,
U00603,B,2026-11-25 23:02:00,PET00603,dog,14,1.7,EGG,COGNITIVE
U00604,A,2026-10-29 00:12:26,PET00604,dog,6,11.8,,
U00605,B,2026-11-10 16:06:48,PET00605,cat,13,23.9,,
U00606,B,2026-10-13 00:22:19,PET00606,cat,2,11.2,,JOINT
U00607,B,2026-11-18 09:18:51,PET00607,cat,5,29.7,FISH,
U00608,B,2026-10-18 18:47:37,PET00608,dog,5,17.5,,
U00609,A,2026-12-06 21:23:47,PET00609,dog,10,23.9,,HYPOALLERGENIC
U00610,B,2026-09-13 14:57:39,PET00610,dog,9,31.1,CORN,
U00611,A,2026-09-23 16:05:48,PET00611,cat,7,24.4,,
U00612,A,2026-12-04 11:42:21,PET00612,dog,4,31.6,,
U00613,B,2026-10-03 12:42:05,PET00613,dog,8,28.6,LAMB,
U00614,B,2026-10-05 21:11:25,PET00614,dog,4,20.5,FISH,
U00615,B,2026-11-18 23:08:39,PET00615,cat,7,11.5,,
U00616,A,2026-09-25 12:57:32,PET00616,cat,5,11.5,,
U00617,B,2026-10-24 16:30:30,PET00617,dog,13,30.8,,
U00618,B,2026-10-03 22:12:01,PET00618,dog,11,3.3,SOY,URINARY
U00619,A,2026-09-25 04:54:04,PET00619,dog,3,33.0,,GUT
U00620,A,2026-12-03 08:43:48,PET00620,dog,14,12.5,,LIVER
U00621,A,2026-09-25 19:09:51,PET00621,dog,10,26.3,,JOINT
U00622,B,2026-09-16 11:05:20,PET00622,dog,5,12.6,,
U00623,B,2026-11-07 22:33:45,PET00623,cat,8,33.4,,RESPIRATORY
U00624,B,2026-11-25 22:33:26,PET00624,cat,3,2.7,,
U00625,B,2026-09-19 22:58:03,PET00625,cat,1,13.3,,
U00626,B,2026-11-10 02:12:41,PET00626,cat,6,30.6,,IMMUNE
U00627,B,2026-10-26 13:13:16,PET00627,dog,11,10.7,,
U00628,A,2026-11-21 11:27:17,PET00628,dog,5,10.7,,
U00629,A,2026-09-19 19:08:14,PET00629,dog,6,31.6,VENISON,URINARY
U00630,B,2026-12-04 15:34:05,PET00630,cat,14,29.3,,EYE
U00631,A,2026-11-02 15:15:30,PET00631,dog,14,5.0,,
U00632,A,2026-11-22 23:17:05,PET00632,dog,7,20.9,,
U00633,A,2026-10-10 19:28:30,PET00633,dog,1,9.0,,
U00634,A,2026-12-01 05:31:55,PET00634,dog,10,8.7,TURKEY,
U00635,A,2026-11-03 12:37:53,PET00635,cat,11,22.1,,
U00636,A,2026-09-19 14:01:29,PET00636,cat,13,5.6,,
U00637,B,2026-11-30 02:45:33,PET00637,dog,14,17.2,,
U00638,B,2026-11-18 10:40:42,PET00638,cat,9,10.1,,
U00639,B,2026-10-05 07:15:30,PET00639,dog,2,30.1,CHICKEN,RESPIRATORY
U00640,B,2026-10-27 03:05:57,PET00640,dog,4,20.1,,
U00641,A,2026-10-12 17:11:41,PET00641,dog,11,8.7,,
U00642,A,2026-10-26 17:52:51,PET00642,cat,9,32.5,,
U00643,A,2026-12-03 14:41:17,PET00643,cat,7,29.1,TURKEY,
U00644,B,2026-11-27 02:43:59,PET00644,dog,6,10.4,,
U00645,B,2026-09-27 00:23:13,PET00645,cat,10,33.7,TURKEY,
U00646,A,2026-12-04 04:23:52,PET00646,dog,6,10.5,,
U00647,A,2026-10-17 07:09:16,PET00647,dog,3,11.3,,
U00648,B,2026-11-10 16:33:21,PET00648,cat,14,14.4,,
U00649,B,2026-11-15 12:50:22,PET00649,cat,5,7.0,DAIRY,
U00650,B,2026-10-21 05:36:12,PET00650,cat,4,24.5,,
U00651,A,2026-10-19 20:03:57,PET00651,cat,1,20.2,,
U00652,A,2026-10-19 12:29:51,PET00652,dog,7,31.5,,
U00653,A,2026-11-24 22:08:19,PET00653,cat,14,9.6,,
U00654,A,2026-10-12 13:29:28,PET00654,cat,3,7.2,,
U00655,A,2026-10-03 15:55:18,PET00655,dog,4,13.5,,
U00656,A,2026-10-10 08:10:16,PET00656,dog,3,6.4,,
U00657,B,2026-09-25 00:43:03,PET00657,cat,2,33.2,LAMB,
U00658,B,2026-10-13 17:31:35,PET00658,dog,9,25.5,FISH,
U00659,A,2026-09-18 20:38:29,PET00659,dog,5,28.2,,
U00660,A,2026-09-16 16:44:23,PET00660,cat,11,26.6,,
U00661,B,2026-11-12 12:09:06,PET00661,cat,6,9.6,,
U00662,A,2026-09-14 13:03:12,PET00662,cat,9,6.2,,
U00663,A,2026-10-29 05:27:23,PET00663,cat,2,15.9,,
U00664,A,2026-11-17 21:04:25,PET00664,dog,5,29.3,,
U00665,A,2026-11-12 01:25:42,PET00665,cat,6,12.6,,
U00666,B,2026-10-18 01:11:29,PET00666,dog,1,1.8,,
U00667,B,2026-09-25 18:49:10,PET00667,cat,6,23.6,,JOINT
U00668,A,2026-11-30 12:13:29,PET00668,dog,7,8.2,,
U00669,B,2026-11-22 04:31:30,PET00669,cat,6,19.7,,
U00670,B,2026-11-02 16:20:43,PET00670,cat,8,2.0,,
U00671,B,2026-09-15 02:50:45,PET00671,cat,12,18.5,,DENTAL
U00672,A,2026-09-11 12:37:17,PET00672,dog,11,14.7,,KIDNEY
U00673,A,2026-10-06 04:48:11,PET00673,dog,1,31.0,,
U00674,A,2026-09-22 01:29:40,PET00674,dog,9,25.7,,
U00675,A,2026-11-24 00:23:06,PET00675,dog,13,2.7,,GUT
U00676,B,2026-09-26 06:46:58,PET00676,cat,13,27.9,CORN,HEART
U00677,A,2026-10-03 21:15:20,PET00677,dog,5,28.0,,
U00678,B,2026-12-04 17:08:31,PET00678,cat,11,23.7,,DENTAL
U00679,B,2026-11-20 10:31:17,PET00679,dog,12,32.6,,COGNITIVE
U00680,B,2026-09-27 23:06:18,PET00680,dog,6,28.4,,
U00681,B,2026-10-12 13:13:59,PET00681,cat,13,8.8,,
U00682,B,2026-10-24 04:47:12,PET00682,dog,9,14.3,,
U00683,B,2026-11-06 20:49:07,PET00683,dog,11,13.2,,EYE
U00684,A,2026-12-01 00:42:44,PET00684,dog,11,18.4,,WEIGHT_CONTROL
U00685,B,2026-11-25 12:47:01,PET00685,dog,11,33.4,,RESPIRATORY
U00686,B,2026-12-04 20:26:59,PET00686,cat,14,22.1,DAIRY,
U00687,A,2026-09-11 17:20:51,PET00687,dog,13,12.0,,HYPOALLERGENIC
U00688,A,2026-09-29 19:10:18,PET00688,dog,6,33.0,,IMMUNE
U00689,B,2026-10-28 19:06:10,PET00689,cat,8,25.0,,
U00690,A,2026-09-12 13:21:53,PET00690,dog,10,10.4,,
U00691,A,2026-10-09 14:33:22,PET00691,cat,12,31.9,OAT,
U00692,A,2026-09-21 22:56:05,PET00692,dog,6,13.0,,
U00693,A,2026-11-30 08:41:57,PET00693,cat,5,18.8,SOY,
U00694,B,2026-09-13 00:30:16,PET00694,dog,11,17.6,INSECT,
U00695,A,2026-09-21 21:57:46,PET00695,dog,14,32.4,,WEIGHT_CONTROL
U00696,B,2026-09-25 19:04:42,PET00696,cat,13,10.4,,
U00697,B,2026-09-21 12:03:32,PET00697,cat,3,12.7,,GUT
U00698,A,2026-10-29 02:33:16,PET00698,cat,13,23.6,,SKIN_COAT
U00699,B,2026-10-10 11:10:13,PET00699,cat,12,31.2,EGG,
U00700,A,2026-11-29 21:28:15,PET00700,dog,3,5.3,,COGNITIVE
U00701,A,2026-10-01 03:25:59,PET00701,cat,1,8.5,LAMB,COGNITIVE
U00702,B,2026-10-26 15:42:03,PET00702,cat,3,33.3,,
U00703,B,2026-11-06 00:13:30,PET00703,dog,14,27.5,,
U00704,A,2026-11-03 00:08:55,PET00704,dog,11,13.1,,HEART
U00705,A,2026-11-18 22:10:08,PET00705,dog,9,13.5,,
U00706,A,2026-09-26 01:12:44,PET00706,cat,9,17.2,,
U00707,B,2026-10-23 03:58:35,PET00707,dog,6,24.1,,GUT
U00708,B,2026-11-19 07:39:13,PET00708,dog,13,20.3,,
U00709,B,2026-11-24 21:22:07,PET00709,cat,3,27.5,,HYPOALLERGENIC
U00710,B,2026-11-02 07:21:22,PET00710,cat,5,3.3,,
U00711,B,2026-11-05 17:35:22,PET00711,dog,3,28.9,BEEF,EYE
U00712,A,2026-11-24 15:04:01,PET00712,cat,12,3.4,,RESPIRATORY
U00713,B,2026-11-03 19:43:19,PET00713,dog,8,31.0,,
U00714,B,2026-12-02 01:28:13,PET00714,cat,10,2.9,,
U00715,A,2026-09-19 09:54:51,PET00715,dog,13,5.8,,SKIN_COAT
U00716,A,2026-10-09 00:13:41,PET00716,dog,3,7.5,CORN,
U00717,B,2026-09-18 22:23:33,PET00717,cat,14,9.0,,
U00718,A,2026-09-16 06:20:58,PET00718,dog,2,15.0,,
U00719,A,2026-10-20 17:44:57,PET00719,dog,11,23.5,,IMMUNE
U00720,B,2026-09-28 20:49:11,PET00720,dog,10,31.4,,EYE
U00721,B,2026-10-14 23:24:15,PET00721,cat,12,19.1,,
U00722,A,2026-10-17 10:13:30,PET00722,cat,3,19.3,,COGNITIVE
U00723,A,2026-11-02 18:46:55,PET00723,cat,14,12.2,,HEART
U00724,A,2026-12-02 07:36:42,PET00724,cat,12,28.3,,GUT
U00725,A,2026-11-23 02:03:03,PET00725,cat,2,5.2,,EYE
U00726,A,2026-10-12 09:31:20,PET00726,dog,8,11.6,,
U00727,B,2026-10-07 05:01:13,PET00727,dog,12,4.7,,
U00728,B,2026-11-16 18:23:37,PET00728,cat,7,8.7,,GUT
U00729,B,2026-09-19 11:22:41,PET00729,cat,6,21.2,INSECT,HYPOALLERGENIC
U00730,B,2026-10-26 02:30:15,PET00730,cat,4,5.7,,RESPIRATORY
U00731,A,2026-10-16 16:25:42,PET00731,cat,8,4.9,,COGNITIVE
U00732,B,2026-09-24 18:40:07,PET00732,dog,14,29.2,,COGNITIVE
U00733,A,2026-11-02 10:26:38,PET00733,cat,9,5.5,,
U00734,B,2026-10-06 13:56:49,PET00734,cat,11,21.9,FISH,STRESS_CALMING
U00735,B,2026-09-24 05:24:55,PET00735,cat,11,13.3,,LIVER
U00736,B,2026-11-05 05:03:54,PET00736,cat,11,31.5,,
U00737,B,2026-09-23 08:56:27,PET00737,cat,6,25.2,WHEAT,
U00738,B,2026-11-07 04:42:05,PET00738,cat,11,3.5,,
U00739,B,2026-09-22 21:15:48,PET00739,dog,5,31.5,,
U00740,B,2026-10-17 19:30:51,PET00740,cat,9,15.4,,KIDNEY
U00741,B,2026-11-19 08:54:26,PET00741,dog,5,11.5,,JOINT
U00742,A,2026-09-28 18:58:54,PET00742,dog,14,24.0,,LIVER
U00743,A,2026-11-16 23:35:31,PET00743,dog,11,25.6,,DENTAL
U00744,A,2026-11-11 09:34:08,PET00744,dog,9,11.7,,
U00745,B,2026-11-28 16:28:42,PET00745,dog,7,13.3,EGG,
U00746,A,2026-09-23 07:38:58,PET00746,cat,8,6.7,,
U00747,B,2026-11-11 04:04:56,PET00747,cat,11,21.4,,
U00748,B,2026-12-01 23:42:45,PET00748,cat,4,33.6,LAMB,
U00749,B,2026-11-15 18:28:12,PET00749,dog,12,15.5,POTATO,
U00750,B,2026-09-24 14:23:08,PET00750,dog,4,34.9,,
U00751,A,2026-11-20 07:30:24,PET00751,cat,2,7.4,,
U00752,B,2026-09-17 07:34:05,PET00752,cat,11,28.2,,EYE
U00753,B,2026-10-30 03:14:52,PET00753,dog,10,32.6,OAT,
U00754,A,2026-10-22 02:10:51,PET00754,cat,5,24.5,,
U00755,B,2026-10-25 06:36:20,PET00755,cat,10,5.2,,
U00756,B,2026-10-24 15:11:35,PET00756,cat,11,12.4,,
U00757,B,2026-09-10 00:33:51,PET00757,cat,12,4.4,BEEF,
U00758,B,2026-10-23 05:10:29,PET00758,cat,14,21.7,RICE,
U00759,A,2026-12-01 19:16:32,PET00759,cat,12,34.9,,
U00760,B,2026-10-17 00:01:22,PET00760,dog,7,14.1,,DENTAL
U00761,B,2026-10-02 01:21:40,PET00761,dog,4,7.0,,JOINT
U00762,B,2026-12-06 22:36:34,PET00762,dog,2,10.5,,URINARY
U00763,A,2026-09-16 19:05:09,PET00763,cat,9,20.6,POTATO,
U00764,B,2026-10-21 10:47:19,PET00764,cat,10,20.6,,
U00765,B,2026-10-24 18:03:28,PET00765,dog,10,9.2,,WEIGHT_CONTROL
U00766,A,2026-10-21 09:56:00,PET00766,cat,1,26.6,,URINARY
U00767,A,2026-11-29 13:43:28,PET00767,dog,10,4.4,,WEIGHT_CONTROL
U00768,A,2026-10-15 17:53:31,PET00768,dog,12,22.4,TURKEY,
U00769,B,2026-12-04 21:20:30,PET00769,cat,11,15.8,,
U00770,B,2026-09-14 21:27:25,PET00770,dog,8,5.8,PORK,
U00771,B,2026-11-13 19:09:01,PET00771,dog,1,22.8,,IMMUNE
U00772,B,2026-10-31 22:52:43,PET00772,dog,7,24.0,,SKIN_COAT
U00773,B,2026-09-29 04:45:43,PET00773,dog,10,16.2,,
U00774,B,2026-09-28 10:05:26,PET00774,cat,8,28.2,PORK,
U00775,B,2026-11-11 21:20:06,PET00775,cat,9,18.6,,SKIN_COAT
U00776,A,2026-11-04 03:51:26,PET00776,cat,8,11.1,,RESPIRATORY
U00777,B,2026-11-02 07:26:20,PET00777,cat,8,33.4,,JOINT
U00778,B,2026-09-12 16:16:16,PET00778,dog,5,33.1,,STRESS_CALMING
U00779,B,2026-10-31 21:38:59,PET00779,cat,9,4.7,,RESPIRATORY
U00780,B,2026-12-05 01:25:01,PET00780,dog,4,33.2,,
U00781,B,2026-09-09 03:14:14,PET00781,dog,7,27.5,,STRESS_CALMING
U00782,B,2026-10-20 16:37:50,PET00782,cat,6,5.1,,
U00783,A,2026-10-22 05:17:15,PET00783,dog,10,18.9,,
U00784,B,2026-11-27 09:18:09,PET00784,dog,13,2.7,,RESPIRATORY
U00785,B,2026-10-03 22:17:30,PET00785,dog,9,21.2,,
U00786,B,2026-10-20 21:20:29,PET00786,cat,2,32.8,INSECT,
U00787,B,2026-11-11 18:36:41,PET00787,dog,10,13.8,BEEF,STRESS_CALMING
U00788,A,2026-09-13 05:19:34,PET00788,dog,5,18.5,,
U00789,A,2026-11-19 23:04:04,PET00789,cat,1,9.1,,JOINT
U00790,A,2026-11-20 22:12:16,PET00790,dog,3,19.6,,EYE
U00791,B,2026-11-11 12:18:54,PET00791,cat,14,28.4,POTATO,EYE
U00792,A,2026-11-05 22:49:13,PET00792,dog,6,8.7,,
U00793,B,2026-11-14 02:31:29,PET00793,cat,3,20.0,,
U00794,A,2026-11-17 15:44:53,PET00794,cat,2,13.4,,
U00795,A,2026-11-28 05:11:10,PET00795,dog,10,26.6,,JOINT
U00796,A,2026-10-16 15:39:24,PET00796,cat,11,25.0,,
U00797,B,2026-10-19 16:16:04,PET00797,dog,5,24.9,CORN,IMMUNE
U00798,B,2026-11-04 22:37:01,PET00798,cat,2,14.2,,HAIRBALL
U00799,B,2026-09-25 05:26:56,PET00799,cat,5,21.6,,
U00800,B,2026-11-24 02:02:04,PET00800,cat,10,23.3,,SKIN_COAT
U00801,A,2026-11-16 14:50:49,PET00801,cat,2,24.3,DAIRY,
U00802,A,2026-11-03 08:54:33,PET00802,cat,4,20.8,,
U00803,A,2026-10-05 01:10:25,PET00803,cat,1,30.5,INSECT,
U00804,A,2026-10-09 03:59:10,PET00804,dog,7,9.8,,
U00805,A,2026-10-17 10:16:07,PET00805,cat,3,3.4,,LIVER
U00806,B,2026-11-06 23:03:40,PET00806,cat,3,33.7,,DENTAL
U00807,A,2026-11-17 07:42:17,PET00807,cat,2,3.5,,
U00808,B,2026-11-07 19:13:40,PET00808,dog,11,31.7,,HYPOALLERGENIC
U00809,B,2026-11-30 09:42:48,PET00809,dog,7,22.0,,KIDNEY
U00810,B,2026-12-03 17:08:06,PET00810,cat,14,32.3,,COGNITIVE
U00811,B,2026-11-10 16:59:56,PET00811,cat,6,20.4,,
U00812,A,2026-10-11 15:21:22,PET00812,dog,4,29.0,CORN,
U00813,A,2026-10-31 06:17:35,PET00813,dog,3,25.7,,JOINT
U00814,A,2026-10-16 09:21:20,PET00814,dog,14,19.1,,RESPIRATORY
U00815,B,2026-11-03 05:22:07,PET00815,dog,9,13.7,,IMMUNE
U00816,A,2026-11-20 10:06:00,PET00816,cat,5,1.6,,GUT
U00817,B,2026-10-11 05:21:18,PET00817,dog,10,9.9,,
U00818,A,2026-10-23 16:19:11,PET00818,dog,8,33.4,SOY,DENTAL
U00819,B,2026-09-12 22:01:25,PET00819,dog,2,10.7,,JOINT
U00820,A,2026-11-13 13:47:42,PET00820,dog,10,26.7,,
U00821,A,2026-10-22 05:29:25,PET00821,cat,2,18.5,,
U00822,A,2026-10-19 21:24:22,PET00822,dog,3,11.8,RICE,JOINT
U00823,A,2026-10-25 09:22:38,PET00823,dog,10,34.7,,
U00824,B,2026-09-27 17:54:01,PET00824,dog,7,3.1,,
U00825,B,2026-10-31 13:04:36,PET00825,cat,4,21.0,LAMB,
U00826,B,2026-11-14 03:16:37,PET00826,cat,1,17.0,,
U00827,B,2026-10-09 13:41:40,PET00827,dog,9,4.1,CHICKEN,
U00828,A,2026-09-19 07:39:02,PET00828,cat,10,8.7,,WEIGHT_CONTROL
U00829,B,2026-10-12 15:45:59,PET00829,dog,3,24.8,LAMB,
U00830,A,2026-09-25 10:12:25,PET00830,cat,6,5.1,TURKEY,URINARY
U00831,B,2026-10-11 18:19:17,PET00831,dog,5,28.3,,
U00832,B,2026-11-03 21:18:52,PET00832,cat,13,22.4,CORN,
U00833,B,2026-09-18 17:52:13,PET00833,cat,12,4.9,CHICKEN,IMMUNE
U00834,A,2026-11-14 05:24:43,PET00834,dog,4,11.1,,
U00835,B,2026-09-28 06:08:35,PET00835,dog,8,6.1,TURKEY,
U00836,A,2026-11-27 04:28:37,PET00836,dog,13,28.2,LAMB,COGNITIVE
U00837,B,2026-11-12 19:21:56,PET00837,dog,5,19.4,,
U00838,B,2026-10-02 04:54:41,PET00838,dog,2,1.6,,
U00839,B,2026-10-28 08:52:11,PET00839,dog,5,19.7,,
U00840,B,2026-09-17 13:29:05,PET00840,cat,9,17.7,,
U00841,B,2026-09-16 14:10:14,PET00841,dog,14,23.0,,GUT
U00842,B,2026-12-03 14:16:24,PET00842,cat,5,2.7,,JOINT
U00843,A,2026-11-19 15:02:29,PET00843,dog,1,2.7,,
U00844,A,2026-09-21 17:39:31,PET00844,dog,3,13.2,,
U00845,B,2026-10-03 11:17:01,PET00845,dog,6,24.6,,
U00846,B,2026-09-25 05:53:19,PET00846,cat,2,23.8,,
U00847,B,2026-10-13 05:44:30,PET00847,dog,1,10.8,,
U00848,B,2026-10-04 16:33:46,PET00848,dog,10,8.7,,URINARY
U00849,A,2026-10-07 22:17:37,PET00849,cat,12,24.4,WHEAT,
U00850,A,2026-10-25 10:25:17,PET00850,cat,4,2.4,,
U00851,A,2026-09-25 06:31:50,PET00851,cat,8,20.2,,COGNITIVE
U00852,B,2026-11-26 17:23:45,PET00852,dog,9,15.7,,
U00853,B,2026-11-12 03:56:51,PET00853,dog,10,9.5,,
U00854,A,2026-11-15 22:40:24,PET00854,cat,14,18.9,,
U00855,B,2026-09-23 04:48:31,PET00855,cat,13,8.8,OAT,
U00856,B,2026-11-10 04:29:03,PET00856,cat,5,20.4,,
U00857,A,2026-11-22 11:44:38,PET00857,dog,14,6.5,,
U00858,B,2026-09-23 14:59:33,PET00858,dog,1,15.1,,
U00859,B,2026-11-14 02:54:00,PET00859,cat,14,18.6,,
U00860,B,2026-10-10 06:13:22,PET00860,cat,2,2.6,,
U00861,A,2026-11-17 18:04:42,PET00861,dog,2,22.0,,
U00862,A,2026-10-21 22:56:24,PET00862,cat,2,26.6,,
U00863,A,2026-11-19 21:52:32,PET00863,cat,2,33.5,,COGNITIVE
U00864,A,2026-09-21 23:32:11,PET00864,dog,7,8.3,,
U00865,B,2026-10-13 03:57:34,PET00865,dog,9,8.5,,
U00866,A,2026-10-02 04:50:23,PET00866,cat,11,11.7,,URINARY
U00867,B,2026-09-30 22:04:52,PET00867,dog,1,31.3,,COGNITIVE
U00868,B,2026-10-05 08:53:11,PET00868,cat,5,15.1,,
U00869,A,2026-10-12 00:23:20,PET00869,cat,2,11.6,,LIVER
U00870,A,2026-09-19 07:24:41,PET00870,dog,3,26.3,,WEIGHT_CONTROL
U00871,A,2026-11-10 05:08:24,PET00871,cat,11,2.8,,
U00872,B,2026-10-27 05:57:40,PET00872,dog,9,19.9,EGG,LIVER
U00873,A,2026-11-21 03:55:51,PET00873,dog,3,16.6,LAMB,
U00874,B,2026-11-10 22:06:28,PET00874,cat,5,22.4,,
U00875,B,2026-09-21 23:08:44,PET00875,cat,13,26.0,,RESPIRATORY
U00876,B,2026-09-14 06:20:49,PET00876,dog,9,12.4,,
U00877,A,2026-10-16 03:30:40,PET00877,cat,4,22.8,,STRESS_CALMING
U00878,A,2026-10-21 09:41:41,PET00878,cat,14,19.1,,
U00879,A,2026-09-29 11:03:05,PET00879,cat,3,6.0,,
U00880,A,2026-11-17 10:13:50,PET00880,cat,5,31.0,,
U00881,B,2026-10-30 03:13:45,PET00881,dog,10,26.8,,
U00882,A,2026-11-14 17:18:47,PET00882,dog,8,32.4,,
U00883,A,2026-09-17 05:44:20,PET00883,cat,1,25.6,DAIRY,
U00884,B,2026-11-20 18:08:12,PET00884,dog,12,9.7,RICE,
U00885,A,2026-09-26 19:50:21,PET00885,cat,4,15.9,RICE,JOINT
U00886,A,2026-10-18 10:00:48,PET00886,dog,10,14.5,,
U00887,A,2026-10-17 09:50:26,PET00887,dog,5,2.7,,
U00888,A,2026-11-20 07:42:57,PET00888,dog,11,15.3,,
U00889,B,2026-10-02 11:51:36,PET00889,dog,13,13.1,,EYE
U00890,A,2026-09-29 14:45:38,PET00890,dog,11,1.6,,
U00891,B,2026-10-08 23:02:23,PET00891,cat,13,29.9,,
U00892,A,2026-10-10 15:36:53,PET00892,cat,8,6.3,VENISON,
U00893,A,2026-09-24 19:56:00,PET00893,dog,1,18.3,,
U00894,B,2026-09-23 17:37:09,PET00894,dog,8,27.8,,
U00895,A,2026-09-28 06:33:40,PET00895,cat,7,21.8,,
U00896,A,2026-10-20 13:52:10,PET00896,dog,11,7.2,CHICKEN,
U00897,A,2026-10-08 22:10:21,PET00897,dog,4,22.2,DAIRY,
U00898,B,2026-10-13 05:43:30,PET00898,dog,10,26.9,,
U00899,B,2026-11-11 22:29:03,PET00899,cat,7,30.1,,SKIN_COAT
U00900,B,2026-09-29 13:07:13,PET00900,cat,10,12.2,,LIVER
U00901,A,2026-11-28 05:15:29,PET00901,cat,6,2.6,,
U00902,B,2026-11-14 09:21:11,PET00902,cat,6,21.9,,
U00903,A,2026-09-23 18:51:38,PET00903,cat,3,9.1,,HAIRBALL
U00904,A,2026-10-06 14:05:17,PET00904,dog,12,27.7,,
U00905,B,2026-09-24 13:03:17,PET00905,dog,1,24.3,FISH,LIVER
U00906,A,2026-10-02 00:26:21,PET00906,dog,4,27.4,,
U00907,B,2026-10-10 01:41:13,PET00907,dog,6,33.9,,COGNITIVE
U00908,B,2026-09-19 04:11:00,PET00908,cat,3,21.1,,
U00909,B,2026-09-09 17:13:06,PET00909,dog,13,31.8,,
U00910,B,2026-10-17 00:23:17,PET00910,dog,5,23.0,,
U00911,B,2026-11-10 06:17:26,PET00911,dog,4,7.6,,
U00912,A,2026-10-05 22:30:56,PET00912,cat,4,28.3,,
U00913,B,2026-11-24 06:22:29,PET00913,cat,3,24.7,,
U00914,A,2026-10-11 23:35:08,PET00914,cat,10,34.3,,
U00915,B,2026-11-28 06:30:56,PET00915,dog,7,9.7,,
U00916,B,2026-09-29 15:15:54,PET00916,dog,4,12.7,,
U00917,B,2026-10-26 16:05:24,PET00917,cat,13,29.0,,IMMUNE
U00918,A,2026-11-15 07:03:36,PET00918,cat,10,3.6,RICE,
U00919,B,2026-09-13 07:26:55,PET00919,cat,6,22.7,,RESPIRATORY
U00920,B,2026-11-30 09:02:19,PET00920,dog,8,19.4,TURKEY,
U00921,A,2026-10-10 23:31:29,PET00921,dog,10,7.2,,COGNITIVE
U00922,A,2026-10-22 11:02:32,PET00922,cat,3,7.0,,
U00923,B,2026-11-03 10:08:58,PET00923,cat,12,28.6,,
U00924,B,2026-11-04 09:03:25,PET00924,cat,4,2.0,,
U00925,A,2026-09-10 08:25:45,PET00925,dog,1,26.5,,
U00926,B,2026-11-25 11:16:49,PET00926,dog,8,26.0,,EYE
U00927,A,2026-11-03 17:15:39,PET00927,dog,13,23.3,,STRESS_CALMING
U00928,A,2026-12-06 21:12:30,PET00928,cat,11,15.2,,LIVER
U00929,A,2026-10-20 23:46:45,PET00929,dog,5,2.4,,
U00930,B,2026-11-02 21:26:47,PET00930,dog,6,28.4,,
U00931,A,2026-10-17 11:39:55,PET00931,dog,9,5.7,INSECT,URINARY
U00932,A,2026-11-27 00:33:44,PET00932,cat,4,10.9,,
U00933,A,2026-11-21 07:55:38,PET00933,dog,12,33.2,,
U00934,B,2026-11-28 09:11:21,PET00934,dog,5,11.6,,
U00935,B,2026-10-23 18:41:53,PET00935,cat,4,10.0,,
U00936,A,2026-11-18 06:18:05,PET00936,cat,2,34.1,,
U00937,A,2026-10-10 15:44:02,PET00937,cat,10,4.4,,
U00938,B,2026-10-19 07:43:50,PET00938,cat,1,6.9,FISH,SKIN_COAT
U00939,A,2026-11-15 12:26:42,PET00939,dog,12,16.2,,
U00940,B,2026-09-15 02:19:58,PET00940,cat,14,27.9,,
U00941,A,2026-11-10 04:56:22,PET00941,cat,2,31.1,,HEART
U00942,A,2026-09-09 16:39:21,PET00942,dog,2,26.8,,URINARY
U00943,B,2026-10-30 06:03:03,PET00943,cat,14,34.2,,
U00944,A,2026-10-20 21:32:02,PET00944,dog,2,2.1,,
U00945,A,2026-10-20 08:23:20,PET00945,dog,6,22.3,,
U00946,B,2026-10-22 07:42:06,PET00946,dog,13,5.4,,
U00947,B,2026-10-22 01:38:05,PET00947,dog,2,32.0,,
U00948,A,2026-10-14 08:26:47,PET00948,cat,10,32.8,,WEIGHT_CONTROL
U00949,B,2026-10-18 08:29:39,PET00949,dog,6,11.7,,
U00950,A,2026-10-29 04:40:37,PET00950,cat,7,29.2,,WEIGHT_CONTROL
U00951,A,2026-11-15 17:38:50,PET00951,dog,14,22.6,,EYE
U00952,A,2026-10-27 16:40:02,PET00952,dog,10,4.9,,
U00953,A,2026-11-04 13:50:31,PET00953,dog,5,21.7,,HEART
U00954,A,2026-11-22 11:11:43,PET00954,dog,14,34.2,FISH,WEIGHT_CONTROL
U00955,B,2026-12-06 21:20:45,PET00955,cat,9,11.8,,URINARY
U00956,B,2026-09-17 21:13:04,PET00956,cat,2,1.5,,
U00957,B,2026-11-11 18:26:06,PET00957,dog,6,34.2,,
U00958,A,2026-09-28 14:28:04,PET00958,cat,4,15.4,,RESPIRATORY
U00959,B,2026-09-25 15:47:26,PET00959,cat,9,15.9,,
U00960,B,2026-11-18 19:34:44,PET00960,cat,13,25.4,,
U00961,A,2026-09-14 19:06:53,PET00961,dog,1,21.7,,
U00962,A,2026-11-23 15:30:11,PET00962,dog,11,11.6,RICE,RESPIRATORY
U00963,A,2026-11-16 05:23:51,PET00963,cat,13,4.8,,STRESS_CALMING
U00964,B,2026-12-06 12:04:50,PET00964,cat,14,29.2,,
U00965,B,2026-11-07 02:56:07,PET00965,dog,10,17.7,,GUT
U00966,A,2026-11-25 18:00:22,PET00966,cat,5,24.0,SOY,
U00967,A,2026-09-18 15:41:54,PET00967,dog,3,30.3,,LIVER
U00968,A,2026-11-27 20:46:29,PET00968,cat,14,2.1,,
U00969,B,2026-09-22 23:29:53,PET00969,dog,6,30.3,,
U00970,A,2026-10-06 19:57:49,PET00970,cat,5,26.7,CORN,
U00971,A,2026-09-19 19:15:26,PET00971,dog,11,33.2,,
U00972,A,2026-10-14 12:14:36,PET00972,dog,11,9.3,,COGNITIVE
U00973,B,2026-11-14 17:22:34,PET00973,cat,12,12.3,,IMMUNE
U00974,A,2026-10-02 20:48:58,PET00974,dog,13,23.7,,
U00975,A,2026-11-20 03:37:46,PET00975,cat,13,32.5,,
U00976,B,2026-11-01 20:28:53,PET00976,cat,3,34.8,,
U00977,B,2026-11-03 08:20:17,PET00977,dog,3,15.5,,
U00978,A,2026-12-01 04:50:52,PET00978,dog,3,19.6,,
U00979,B,2026-10-16 17:17:01,PET00979,cat,9,7.2,,HYPOALLERGENIC
U00980,A,2026-10-09 02:06:31,PET00980,cat,9,24.7,,HYPOALLERGENIC
U00981,A,2026-12-06 08:13:19,PET00981,cat,13,29.6,,HYPOALLERGENIC
U00982,A,2026-10-28 01:10:56,PET00982,dog,12,28.3,,
U00983,A,2026-11-02 14:43:36,PET00983,cat,12,13.1,,
U00984,B,2026-10-04 12:49:35,PET00984,dog,2,33.8,,
U00985,B,2026-09-27 19:57:59,PET00985,cat,10,5.5,,
U00986,A,2026-09-23 11:19:27,PET00986,dog,12,18.0,,SKIN_COAT
U00987,B,2026-09-28 04:24:47,PET00987,dog,14,20.1,,WEIGHT_CONTROL
U00988,B,2026-09-25 20:54:46,PET00988,cat,5,19.5,,SKIN_COAT
U00989,B,2026-11-14 20:08:09,PET00989,cat,11,26.9,LAMB,LIVER
U00990,B,2026-09-13 23:09:12,PET00990,dog,6,21.9,SOY,
U00991,B,2026-11-03 15:34:48,PET00991,cat,3,4.1,TURKEY,EYE
U00992,A,2026-12-02 22:20:42,PET00992,dog,5,7.5,,
U00993,B,2026-11-15 19:01:41,PET00993,dog,4,19.3,WHEAT,
U00994,A,2026-10-14 13:12:29,PET00994,dog,13,24.8,PORK,
U00995,B,2026-09-13 10:59:00,PET00995,dog,3,18.7,,STRESS_CALMING
U00996,B,2026-11-22 15:06:13,PET00996,dog,2,13.4,,
U00997,A,2026-09-08 03:48:16,PET00997,dog,9,3.2,,EYE
U00998,B,2026-11-08 03:11:46,PET00998,dog,9,27.8,,LIVER
U00999,A,2026-11-07 16:47:09,PET00999,cat,8,18.2,SOY,
U01000,A,2026-09-25 03:40:54,PET01000,cat,3,19.5,,
U01001,B,2026-11-13 11:05:52,PET01001,cat,7,17.2,,
U01002,A,2026-09-23 08:30:18,PET01002,dog,14,10.4,,
U01003,B,2026-09-28 09:57:37,PET01003,cat,2,10.8,,HYPOALLERGENIC
U01004,B,2026-11-20 13:24:28,PET01004,dog,12,3.6,,
U01005,A,2026-12-05 10:38:20,PET01005,cat,2,25.2,,STRESS_CALMING
U01006,B,2026-10-01 12:45:57,PET01006,cat,4,10.6,INSECT,
U01007,A,2026-11-29 12:57:59,PET01007,dog,13,11.5,TURKEY,
U01008,B,2026-11-29 10:52:01,PET01008,dog,5,34.8,,LIVER
U01009,A,2026-11-16 04:17:22,PET01009,cat,8,14.4,,
U01010,B,2026-09-20 00:17:51,PET01010,cat,6,18.6,,SKIN_COAT
U01011,B,2026-10-04 11:25:43,PET01011,cat,9,14.4,RICE,
U01012,B,2026-11-07 05:03:10,PET01012,cat,6,11.2,,HYPOALLERGENIC
U01013,A,2026-12-06 03:36:31,PET01013,cat,7,1.7,,
U01014,A,2026-11-20 16:42:41,PET01014,dog,12,30.1,DAIRY,JOINT
U01015,B,2026-10-15 17:05:53,PET01015,cat,8,17.4,LAMB,
U01016,B,2026-09-29 15:03:25,PET01016,dog,8,25.6,,HYPOALLERGENIC
U01017,A,2026-12-03 12:53:04,PET01017,dog,12,33.6,TURKEY,
U01018,B,2026-10-02 11:53:11,PET01018,dog,6,1.6,,
U01019,A,2026-10-08 08:22:38,PET01019,cat,12,24.1,,URINARY
U01020,A,2026-12-03 08:16:30,PET01020,cat,11,5.5,,STRESS_CALMING
U01021,A,2026-10-28 12:16:19,PET01021,dog,13,16.8,,
U01022,A,2026-10-01 22:22:44,PET01022,dog,7,29.9,,
U01023,A,2026-09-08 06:01:48,PET01023,dog,8,3.9,,
U01024,A,2026-10-16 18:20:47,PET01024,cat,2,34.7,,SKIN_COAT
U01025,B,2026-12-05 06:55:02,PET01025,cat,2,21.0,,
U01026,B,2026-10-16 00:48:03,PET01026,dog,2,14.7,,
U01027,B,2026-11-09 21:55:57,PET01027,dog,9,2.2,,
U01028,A,2026-09-30 07:09:36,PET01028,cat,5,21.2,,RESPIRATORY
U01029,B,2026-11-16 10:12:53,PET01029,dog,5,18.1,,SKIN_COAT
U01030,B,2026-11-16 08:14:56,PET01030,dog,9,8.7,,
U01031,B,2026-11-01 08:12:00,PET01031,dog,6,17.9,,
U01032,A,2026-11-16 12:12:50,PET01032,dog,2,1.9,,
U01033,B,2026-10-30 07:51:45,PET01033,dog,8,35.0,,
U01034,A,2026-10-12 16:13:43,PET01034,cat,8,12.6,,HAIRBALL
U01035,A,2026-11-13 03:43:43,PET01035,dog,2,17.6,,
U01036,B,2026-11-22 12:34:24,PET01036,dog,4,27.8,,
U01037,A,2026-11-22 13:53:20,PET01037,cat,4,25.4,,
U01038,B,2026-09-27 06:24:18,PET01038,cat,10,31.3,,
U01039,B,2026-11-07 18:31:19,PET01039,dog,4,33.0,,
U01040,A,2026-09-08 05:32:20,PET01040,dog,1,7.8,,STRESS_CALMING
U01041,B,2026-10-29 10:58:48,PET01041,cat,4,14.6,FISH,
U01042,B,2026-10-29 15:58:58,PET01042,dog,7,24.5,,
U01043,B,2026-10-10 14:52:20,PET01043,cat,11,3.0,,
U01044,A,2026-12-06 12:12:33,PET01044,dog,1,25.5,POTATO,
U01045,B,2026-11-26 06:15:53,PET01045,dog,13,1.7,,RESPIRATORY
U01046,B,2026-09-11 14:52:46,PET01046,dog,5,32.1,,
U01047,B,2026-09-26 05:06:41,PET01047,cat,5,25.6,WHEAT,
U01048,A,2026-09-26 20:46:13,PET01048,dog,1,20.4,,
U01049,B,2026-11-27 04:14:24,PET01049,dog,4,15.9,,
U01050,A,2026-10-24 18:49:43,PET01050,dog,7,34.6,,
U01051,A,2026-11-12 12:40:53,PET01051,cat,9,26.2,SOY,
U01052,A,2026-11-19 09:00:56,PET01052,dog,11,28.5,,WEIGHT_CONTROL
U01053,A,2026-11-16 05:14:31,PET01053,cat,8,29.2,,
U01054,A,2026-09-16 01:35:03,PET01054,cat,2,2.2,,
U01055,A,2026-09-20 21:00:42,PET01055,dog,6,3.3,EGG,
U01056,A,2026-10-13 22:59:11,PET01056,cat,11,8.1,DAIRY,
U01057,A,2026-10-08 08:24:16,PET01057,cat,9,23.4,,STRESS_CALMING
U01058,B,2026-11-14 08:20:05,PET01058,dog,9,22.4,,COGNITIVE
U01059,A,2026-09-22 02:12:08,PET01059,dog,8,12.4,WHEAT,
U01060,A,2026-10-11 14:49:33,PET01060,dog,8,34.1,,
U01061,B,2026-09-29 18:00:25,PET01061,dog,14,4.6,,
U01062,B,2026-09-24 00:38:13,PET01062,dog,9,27.5,,HYPOALLERGENIC
U01063,A,2026-09-23 11:54:32,PET01063,cat,9,17.6,,
U01064,B,2026-09-25 05:05:00,PET01064,cat,5,15.5,,
U01065,B,2026-10-28 03:40:03,PET01065,dog,7,2.4,,SKIN_COAT
U01066,A,2026-10-14 16:08:08,PET01066,dog,10,25.9,,
U01067,B,2026-10-17 05:06:32,PET01067,dog,13,27.3,,
U01068,B,2026-10-21 22:17:37,PET01068,dog,11,12.2,DAIRY,
U01069,B,2026-11-13 02:07:50,PET01069,dog,10,18.8,,
U01070,B,2026-11-24 20:27:55,PET01070,cat,11,21.8,,
U01071,B,2026-10-25 18:39:56,PET01071,cat,1,13.8,,HEART
U01072,B,2026-11-04 19:56:01,PET01072,dog,4,22.1,,IMMUNE
U01073,A,2026-11-13 04:13:44,PET01073,cat,4,16.0,,URINARY
U01074,B,2026-11-09 22:08:36,PET01074,cat,10,30.9,,
U01075,B,2026-09-20 16:16:20,PET01075,cat,11,25.6,,
U01076,A,2026-12-05 14:54:07,PET01076,dog,3,5.2,,
U01077,A,2026-09-22 04:15:15,PET01077,dog,3,28.3,,
U01078,B,2026-10-15 12:50:18,PET01078,cat,7,12.8,CORN,
U01079,A,2026-11-05 16:06:50,PET01079,dog,14,32.8,DAIRY,DENTAL
U01080,B,2026-10-14 13:45:59,PET01080,cat,1,21.7,,JOINT
U01081,A,2026-09-29 16:47:20,PET01081,dog,13,2.4,INSECT,
U01082,A,2026-11-30 12:17:39,PET01082,cat,3,26.1,,
U01083,B,2026-09-14 17:50:25,PET01083,cat,4,5.9,,
U01084,B,2026-09-30 18:29:21,PET01084,dog,9,30.9,,
U01085,A,2026-12-06 22:02:51,PET01085,dog,11,33.3,,
U01086,B,2026-11-12 04:18:57,PET01086,cat,13,24.8,,URINARY
U01087,B,2026-09-15 02:17:21,PET01087,dog,1,19.4,,
U01088,B,2026-11-14 06:19:39,PET01088,cat,1,21.7,OAT,
U01089,B,2026-12-04 03:09:03,PET01089,cat,7,15.9,,
U01090,A,2026-09-16 10:41:44,PET01090,dog,8,4.3,,HYPOALLERGENIC
U01091,A,2026-10-15 01:42:06,PET01091,cat,4,32.6,,
U01092,A,2026-10-20 05:32:33,PET01092,dog,9,12.5,,DENTAL
U01093,A,2026-09-19 21:51:56,PET01093,cat,4,12.0,,HAIRBALL
U01094,A,2026-09-26 04:24:36,PET01094,dog,14,7.9,,
U01095,A,2026-09-23 16:49:07,PET01095,dog,3,34.7,BEEF,
U01096,B,2026-09-24 19:09:17,PET01096,dog,10,33.1,,
U01097,A,2026-10-14 05:22:52,PET01097,cat,8,13.2,,HAIRBALL
U01098,B,2026-10-19 11:49:37,PET01098,cat,2,10.2,,HAIRBALL
U01099,B,2026-09-29 08:22:08,PET01099,cat,9,28.5,,
U01100,A,2026-10-04 12:44:30,PET01100,dog,3,15.7,,
U01101,B,2026-09-25 21:47:07,PET01101,dog,8,33.9,,
U01102,A,2026-11-18 19:15:58,PET01102,cat,9,31.7,,HEART
U01103,B,2026-09-27 22:08:35,PET01103,cat,2,26.9,CORN,
U01104,B,2026-11-28 16:48:21,PET01104,dog,4,4.5,PORK,WEIGHT_CONTROL
U01105,B,2026-10-26 09:20:05,PET01105,cat,5,25.0,FISH,IMMUNE
U01106,A,2026-11-19 14:59:32,PET01106,dog,13,34.6,SOY,
U01107,B,2026-11-04 15:46:22,PET01107,dog,4,14.0,,HYPOALLERGENIC
U01108,A,2026-10-01 19:54:58,PET01108,cat,13,31.0,,
U01109,A,2026-11-01 13:50:22,PET01109,dog,8,15.2,BEEF,
U01110,A,2026-10-02 08:48:07,PET01110,dog,14,34.0,CORN,
U01111,B,2026-09-18 10:24:23,PET01111,cat,12,23.4,WHEAT,
U01112,B,2026-09-30 09:39:46,PET01112,cat,5,4.7,,
U01113,A,2026-10-02 19:36:59,PET01113,dog,8,17.5,INSECT,
U01114,A,2026-09-20 13:50:28,PET01114,cat,11,3.2,BEEF,
U01115,A,2026-09-10 16:30:09,PET01115,dog,2,14.7,,
U01116,B,2026-12-01 05:56:09,PET01116,dog,10,32.2,,
U01117,B,2026-10-24 11:02:24,PET01117,dog,7,9.3,,
U01118,A,2026-10-14 23:42:22,PET01118,dog,1,33.3,DAIRY,STRESS_CALMING
U01119,B,2026-11-30 19:53:38,PET01119,dog,13,4.8,,JOINT
U01120,A,2026-09-28 08:51:45,PET01120,dog,4,23.8,,
U01121,B,2026-10-14 23:30:35,PET01121,cat,13,33.9,,
U01122,A,2026-11-23 10:53:45,PET01122,cat,3,23.4,,COGNITIVE
U01123,B,2026-11-03 22:03:05,PET01123,cat,8,31.6,,
U01124,A,2026-10-13 00:03:57,PET01124,cat,6,34.7,,HAIRBALL
U01125,A,2026-10-01 21:55:23,PET01125,dog,13,23.0,,
U01126,A,2026-09-11 13:51:45,PET01126,dog,14,27.7,WHEAT,
U01127,B,2026-09-15 16:46:52,PET01127,dog,11,2.6,,
U01128,A,2026-09-22 15:05:24,PET01128,cat,12,15.8,,
U01129,A,2026-11-17 02:58:03,PET01129,dog,11,11.2,,COGNITIVE
U01130,A,2026-11-04 20:31:54,PET01130,dog,5,29.1,EGG,
U01131,A,2026-10-17 03:47:35,PET01131,dog,13,24.2,,
U01132,B,2026-11-17 13:44:08,PET01132,dog,8,22.1,,HYPOALLERGENIC
U01133,A,2026-09-22 17:33:25,PET01133,cat,5,32.7,,COGNITIVE
U01134,B,2026-09-26 13:28:12,PET01134,cat,3,4.5,,
U01135,B,2026-10-13 10:01:29,PET01135,dog,10,33.5,,DENTAL
U01136,B,2026-11-29 19:22:39,PET01136,cat,4,4.9,,
U01137,A,2026-11-02 15:34:50,PET01137,cat,10,13.1,,
U01138,B,2026-11-23 17:56:59,PET01138,dog,1,22.6,,RESPIRATORY
U01139,A,2026-09-30 23:30:18,PET01139,dog,9,12.9,TURKEY,
U01140,B,2026-11-23 10:42:53,PET01140,cat,9,24.4,,
U01141,A,2026-09-14 03:10:19,PET01141,dog,8,27.5,,
U01142,B,2026-09-28 13:25:20,PET01142,dog,10,29.3,,
U01143,B,2026-10-25 10:41:24,PET01143,dog,14,7.5,,HYPOALLERGENIC
U01144,A,2026-09-12 00:55:47,PET01144,cat,12,7.6,,
U01145,B,2026-11-24 20:32:49,PET01145,cat,7,3.3,,IMMUNE
U01146,A,2026-11-25 01:41:11,PET01146,cat,13,17.9,DUCK,
U01147,B,2026-10-26 01:29:38,PET01147,dog,14,6.1,,
U01148,B,2026-10-05 22:19:42,PET01148,dog,3,12.2,,LIVER
U01149,B,2026-09-16 14:50:17,PET01149,cat,6,29.7,LAMB,
U01150,A,2026-11-02 09:36:53,PET01150,cat,11,33.3,,
U01151,A,2026-10-26 04:06:34,PET01151,cat,8,29.0,,
U01152,B,2026-11-15 17:33:18,PET01152,cat,2,1.5,CORN,
U01153,A,2026-11-01 04:58:38,PET01153,dog,7,20.5,,HYPOALLERGENIC
U01154,B,2026-09-19 02:11:39,PET01154,cat,6,7.1,,HYPOALLERGENIC
U01155,B,2026-09-18 02:05:49,PET01155,cat,11,14.1,,EYE
U01156,B,2026-11-17 13:59:14,PET01156,cat,8,15.8,,
U01157,A,2026-09-22 02:43:33,PET01157,cat,2,33.1,VENISON,
U01158,A,2026-12-01 22:58:23,PET01158,dog,1,22.7,,
U01159,A,2026-09-17 05:20:46,PET01159,cat,5,10.5,,
U01160,B,2026-11-12 05:19:13,PET01160,dog,3,23.0,,
U01161,B,2026-12-04 18:14:28,PET01161,dog,13,33.4,,KIDNEY
U01162,A,2026-10-17 00:54:10,PET01162,cat,4,3.5,,COGNITIVE
U01163,B,2026-09-13 08:28:48,PET01163,cat,9,28.8,,
U01164,B,2026-11-25 09:46:20,PET01164,cat,2,8.8,POTATO,LIVER
U01165,B,2026-09-24 19:49:48,PET01165,dog,7,6.6,SOY,
U01166,B,2026-10-25 22:38:11,PET01166,dog,14,31.6,,STRESS_CALMING
U01167,B,2026-12-05 15:10:54,PET01167,dog,10,1.6,,
U01168,B,2026-11-14 13:21:25,PET01168,cat,5,26.3,INSECT,
U01169,A,2026-09-12 15:56:50,PET01169,cat,11,4.4,,
U01170,B,2026-11-20 01:27:18,PET01170,cat,8,22.2,,
U01171,A,2026-09-22 09:39:26,PET01171,dog,4,22.3,,
U01172,B,2026-11-14 06:36:55,PET01172,cat,14,30.4,,HEART
U01173,B,2026-11-02 22:09:16,PET01173,cat,14,29.1,,
U01174,B,2026-10-03 11:32:35,PET01174,dog,8,24.5,,HEART
U01175,B,2026-10-16 09:39:57,PET01175,cat,1,14.2,,KIDNEY
U01176,A,2026-09-18 16:20:40,PET01176,cat,6,7.1,DUCK,
U01177,B,2026-12-05 21:05:49,PET01177,dog,8,22.8,,SKIN_COAT
U01178,B,2026-09-29 05:20:00,PET01178,dog,14,18.1,,COGNITIVE
U01179,B,2026-10-05 01:59:19,PET01179,cat,11,4.1,,
U01180,A,2026-10-23 09:53:49,PET01180,cat,4,33.5,,
U01181,B,2026-11-07 09:04:01,PET01181,cat,8,12.0,,
U01182,B,2026-10-23 22:28:37,PET01182,cat,3,1.6,,GUT
U01183,B,2026-10-23 10:54:19,PET01183,dog,7,31.7,INSECT,
U01184,A,2026-10-30 19:38:27,PET01184,cat,8,20.8,,
U01185,A,2026-11-24 12:58:56,PET01185,cat,8,26.1,,
U01186,B,2026-10-13 03:07:32,PET01186,dog,6,6.6,,STRESS_CALMING
U01187,A,2026-11-21 03:37:18,PET01187,cat,7,15.1,,
U01188,B,2026-11-17 16:40:46,PET01188,dog,12,23.1,,
U01189,A,2026-12-03 06:33:25,PET01189,dog,8,9.9,,SKIN_COAT
U01190,A,2026-11-29 04:35:22,PET01190,dog,1,25.0,,HYPOALLERGENIC
U01191,A,2026-11-18 23:26:30,PET01191,cat,11,9.3,,
U01192,A,2026-09-30 14:24:21,PET01192,dog,9,8.5,,RESPIRATORY
U01193,B,2026-11-16 21:40:06,PET01193,dog,10,1.9,,KIDNEY
U01194,B,2026-11-13 18:10:55,PET01194,cat,10,10.9,,
U01195,A,2026-10-04 12:28:32,PET01195,dog,3,9.8,CORN,EYE
U01196,A,2026-11-08 01:06:04,PET01196,cat,14,27.1,PORK,DENTAL
U01197,B,2026-09-30 02:29:12,PET01197,cat,14,20.6,,
U01198,A,2026-10-25 16:55:37,PET01198,dog,3,7.5,,
U01199,A,2026-11-18 08:22:31,PET01199,dog,4,20.5,,
U01200,B,2026-09-24 10:43:42,PET01200,cat,4,9.1,CHICKEN,SKIN_COAT
U01201,A,2026-10-08 22:03:27,PET01201,dog,14,15.8,,HEART
U01202,A,2026-11-18 09:40:58,PET01202,dog,14,31.3,,
U01203,B,2026-10-18 15:58:51,PET01203,cat,4,25.6,RICE,
U01204,A,2026-12-03 02:43:49,PET01204,cat,9,23.3,,
U01205,B,2026-09-08 22:05:59,PET01205,cat,4,10.9,,IMMUNE
U01206,A,2026-11-11 07:25:35,PET01206,cat,1,5.7,,DENTAL
U01207,A,2026-11-20 02:06:30,PET01207,cat,4,26.7,,DENTAL
U01208,A,2026-11-29 08:04:09,PET01208,cat,2,20.5,,
U01209,A,2026-09-22 05:06:46,PET01209,cat,12,22.4,,
U01210,B,2026-12-05 16:06:13,PET01210,cat,11,34.2,DUCK,EYE
U01211,A,2026-10-13 13:24:34,PET01211,cat,3,13.2,,
U01212,B,2026-10-09 01:47:55,PET01212,dog,8,28.3,,
U01213,B,2026-10-09 04:02:57,PET01213,dog,3,20.2,,
U01214,B,2026-11-04 01:41:04,PET01214,dog,8,9.4,,
U01215,A,2026-11-06 16:34:51,PET01215,dog,13,3.3,,IMMUNE
U01216,B,2026-10-20 03:06:15,PET01216,dog,13,22.1,RICE,
U01217,B,2026-09-14 19:28:18,PET01217,dog,12,11.5,,SKIN_COAT
U01218,B,2026-12-05 02:48:21,PET01218,cat,4,24.8,,COGNITIVE
U01219,A,2026-09-27 07:24:26,PET01219,dog,3,25.0,,KIDNEY
U01220,B,2026-09-16 14:07:18,PET01220,dog,3,16.8,,
U01221,B,2026-10-31 01:38:13,PET01221,dog,2,19.5,,URINARY
U01222,B,2026-10-15 08:00:45,PET01222,dog,9,22.5,,
U01223,B,2026-11-02 19:44:43,PET01223,cat,10,17.2,RICE,
U01224,A,2026-11-25 06:52:48,PET01224,dog,13,30.9,,
U01225,B,2026-09-16 15:44:19,PET01225,dog,2,4.0,,
U01226,B,2026-10-03 09:40:00,PET01226,cat,4,34.3,,
U01227,B,2026-10-24 11:33:19,PET01227,dog,11,2.6,,
U01228,B,2026-11-17 17:38:42,PET01228,dog,10,8.5,,
U01229,A,2026-11-01 06:42:41,PET01229,cat,6,25.2,,
U01230,B,2026-10-12 13:52:33,PET01230,cat,3,4.3,,
U01231,A,2026-11-01 10:01:49,PET01231,cat,7,10.3,,IMMUNE
U01232,B,2026-12-05 09:09:31,PET01232,cat,3,6.7,,
U01233,A,2026-10-21 22:26:52,PET01233,cat,8,25.7,,
U01234,B,2026-11-26 09:21:37,PET01234,dog,13,20.9,,
U01235,B,2026-11-17 02:37:46,PET01235,cat,3,3.7,,
U01236,A,2026-10-05 11:45:09,PET01236,cat,2,16.9,DUCK,EYE
U01237,A,2026-09-30 22:05:45,PET01237,dog,11,8.5,CHICKEN,
U01238,B,2026-11-16 01:01:18,PET01238,cat,1,33.9,,
U01239,B,2026-09-26 06:57:50,PET01239,dog,14,5.1,INSECT,
U01240,A,2026-10-08 03:05:55,PET01240,cat,11,21.5,,
U01241,A,2026-09-29 16:42:02,PET01241,cat,6,17.6,,
U01242,B,2026-11-01 14:27:01,PET01242,dog,6,20.9,,IMMUNE
U01243,B,2026-10-04 10:08:51,PET01243,dog,6,33.5,,
U01244,B,2026-11-06 22:20:05,PET01244,cat,6,12.9,,IMMUNE
U01245,A,2026-12-01 22:05:41,PET01245,cat,12,26.6,,
U01246,A,2026-11-21 02:06:08,PET01246,dog,12,16.5,,IMMUNE
U01247,B,2026-12-02 08:16:40,PET01247,dog,3,23.6,,GUT
U01248,A,2026-09-10 04:19:42,PET01248,cat,3,13.7,,
U01249,A,2026-10-18 04:43:00,PET01249,dog,8,9.1,,SKIN_COAT
U01250,B,2026-09-27 10:54:22,PET01250,cat,10,4.3,,
U01251,B,2026-11-29 18:33:45,PET01251,cat,11,4.9,,
U01252,B,2026-11-11 11:07:28,PET01252,dog,5,33.6,,SKIN_COAT
U01253,B,2026-10-06 16:58:18,PET01253,cat,7,27.9,,
U01254,A,2026-10-28 04:11:52,PET01254,dog,2,9.7,,STRESS_CALMING
U01255,A,2026-11-01 08:48:09,PET01255,cat,7,19.2,,
U01256,A,2026-10-22 00:01:53,PET01256,cat,10,25.4,,
U01257,B,2026-10-20 07:01:34,PET01257,dog,5,13.3,,
U01258,B,2026-09-12 19:58:43,PET01258,dog,5,16.2,,STRESS_CALMING
U01259,B,2026-10-18 10:07:31,PET01259,dog,7,25.6,,
U01260,B,2026-10-09 23:43:39,PET01260,cat,13,9.1,,
U01261,A,2026-11-20 05:33:46,PET01261,dog,9,19.1,,
U01262,A,2026-11-24 10:08:15,PET01262,cat,13,8.5,,
U01263,A,2026-11-14 11:00:05,PET01263,cat,1,1.6,,
U01264,A,2026-09-10 04:49:38,PET01264,dog,12,24.6,,
U01265,A,2026-11-22 09:11:41,PET01265,cat,1,25.2,,
U01266,B,2026-10-13 11:57:16,PET01266,dog,5,34.9,,IMMUNE
U01267,B,2026-10-15 11:53:45,PET01267,cat,6,7.6,,
U01268,B,2026-12-02 02:28:57,PET01268,dog,4,26.3,,URINARY
U01269,A,2026-11-25 20:21:49,PET01269,cat,14,33.3,BEEF,HYPOALLERGENIC
U01270,B,2026-09-12 03:04:51,PET01270,dog,13,23.1,,
U01271,B,2026-10-10 00:13:07,PET01271,dog,8,33.8,,GUT
U01272,A,2026-11-14 06:00:21,PET01272,cat,7,34.8,,
U01273,B,2026-10-26 08:26:32,PET01273,cat,11,28.4,,
U01274,A,2026-10-01 19:54:38,PET01274,cat,10,35.0,,LIVER
U01275,B,2026-10-25 15:19:41,PET01275,cat,7,22.5,,STRESS_CALMING
U01276,B,2026-11-24 03:09:20,PET01276,dog,12,18.2,,WEIGHT_CONTROL
U01277,A,2026-09-28 23:14:08,PET01277,cat,3,32.2,,
U01278,B,2026-11-14 18:30:31,PET01278,dog,4,29.3,,JOINT
U01279,B,2026-11-13 05:25:44,PET01279,dog,1,5.2,FISH,
U01280,B,2026-11-26 00:46:58,PET01280,cat,2,11.6,,
U01281,A,2026-10-04 13:59:26,PET01281,cat,3,10.2,,
U01282,A,2026-09-27 15:35:47,PET01282,dog,9,30.2,EGG,WEIGHT_CONTROL
U01283,B,2026-10-27 10:12:35,PET01283,dog,12,9.3,,STRESS_CALMING
U01284,B,2026-10-25 17:14:41,PET01284,cat,9,11.7,,STRESS_CALMING
U01285,B,2026-10-14 13:16:15,PET01285,dog,7,18.9,CHICKEN,JOINT
U01286,A,2026-11-17 04:40:23,PET01286,dog,4,4.1,,
U01287,A,2026-11-18 12:30:16,PET01287,dog,2,33.7,,WEIGHT_CONTROL
U01288,A,2026-09-30 07:36:51,PET01288,dog,9,18.0,,STRESS_CALMING
U01289,A,2026-11-18 01:02:34,PET01289,dog,2,7.9,,
U01290,A,2026-09-28 01:52:21,PET01290,cat,12,10.6,FISH,
U01291,B,2026-10-14 18:01:40,PET01291,dog,6,28.2,,
U01292,A,2026-09-10 19:46:11,PET01292,dog,5,22.7,,
U01293,A,2026-10-08 06:54:17,PET01293,cat,1,17.1,,DENTAL
U01294,A,2026-12-03 13:58:42,PET01294,cat,4,12.6,,
U01295,A,2026-10-17 20:47:01,PET01295,cat,1,31.7,DAIRY,
U01296,B,2026-11-10 21:24:56,PET01296,cat,11,27.4,SOY,
U01297,B,2026-09-17 06:25:33,PET01297,cat,7,25.6,,IMMUNE
U01298,B,2026-11-04 15:05:32,PET01298,cat,12,16.4,,
U01299,A,2026-10-11 00:30:27,PET01299,cat,8,34.4,,
U01300,B,2026-11-13 09:38:28,PET01300,cat,14,25.3,,WEIGHT_CONTROL
U01301,A,2026-11-30 01:37:57,PET01301,cat,11,15.7,INSECT,
U01302,A,2026-10-25 16:51:52,PET01302,dog,3,33.7,,EYE
U01303,A,2026-09-17 02:07:43,PET01303,cat,2,31.5,,
U01304,B,2026-10-20 19:51:16,PET01304,cat,13,26.3,,SKIN_COAT
U01305,B,2026-09-19 09:17:13,PET01305,dog,4,27.2,,
U01306,A,2026-10-18 13:38:28,PET01306,cat,11,15.7,VENISON,
U01307,A,2026-09-13 18:05:39,PET01307,dog,9,18.5,,
U01308,A,2026-11-04 04:39:11,PET01308,dog,10,7.9,,
U01309,A,2026-10-05 10:15:56,PET01309,cat,4,21.4,,
U01310,B,2026-09-26 20:35:06,PET01310,dog,5,13.9,,WEIGHT_CONTROL
U01311,B,2026-09-09 21:42:11,PET01311,dog,8,13.1,,
U01312,A,2026-11-26 12:48:08,PET01312,dog,1,33.3,,LIVER
U01313,B,2026-11-22 15:54:34,PET01313,cat,5,7.0,WHEAT,HAIRBALL
U01314,A,2026-11-20 09:51:14,PET01314,dog,8,29.3,PORK,
U01315,A,2026-09-13 16:46:58,PET01315,cat,3,10.9,PORK,JOINT
U01316,A,2026-10-09 21:38:38,PET01316,cat,5,2.5,,
U01317,A,2026-12-04 06:35:32,PET01317,cat,14,2.9,,
U01318,A,2026-10-30 15:37:15,PET01318,cat,5,15.9,OAT,
U01319,B,2026-09-19 02:52:59,PET01319,cat,13,16.7,,STRESS_CALMING
U01320,B,2026-09-20 01:59:50,PET01320,dog,13,12.2,,
U01321,B,2026-10-01 22:52:12,PET01321,cat,10,23.9,VENISON,
U01322,B,2026-12-04 13:54:23,PET01322,dog,3,17.8,WHEAT,
U01323,B,2026-09-23 20:32:27,PET01323,dog,3,4.0,,STRESS_CALMING
U01324,A,2026-11-28 19:10:53,PET01324,dog,14,13.2,VENISON,COGNITIVE
U01325,B,2026-11-08 21:07:35,PET01325,cat,1,4.9,,
U01326,A,2026-11-29 02:40:30,PET01326,dog,8,3.6,,URINARY
U01327,A,2026-11-21 11:29:14,PET01327,cat,9,8.5,,STRESS_CALMING
U01328,A,2026-10-07 11:40:12,PET01328,dog,12,25.0,,
U01329,A,2026-11-21 10:33:22,PET01329,dog,13,24.8,,
U01330,B,2026-09-23 18:53:56,PET01330,dog,4,30.4,,LIVER
U01331,A,2026-10-04 14:03:59,PET01331,cat,8,26.8,,
U01332,A,2026-09-27 21:55:45,PET01332,dog,9,19.4,,RESPIRATORY
U01333,A,2026-09-19 17:04:13,PET01333,dog,14,12.0,,HYPOALLERGENIC
U01334,A,2026-09-16 01:09:33,PET01334,dog,8,1.7,,HEART
U01335,B,2026-09-24 00:44:43,PET01335,dog,2,23.2,,COGNITIVE
U01336,A,2026-09-18 03:03:04,PET01336,cat,13,11.2,,
U01337,A,2026-10-12 13:27:12,PET01337,dog,8,9.9,,COGNITIVE
U01338,B,2026-09-14 15:01:00,PET01338,dog,3,34.2,,
U01339,A,2026-09-13 01:24:31,PET01339,cat,3,7.3,,
U01340,B,2026-12-06 11:25:26,PET01340,dog,3,2.6,,COGNITIVE
U01341,A,2026-09-15 23:01:49,PET01341,dog,11,33.3,,
U01342,B,2026-09-14 21:33:19,PET01342,cat,14,11.8,SOY,
U01343,A,2026-09-10 07:21:57,PET01343,cat,7,14.7,,
U01344,B,2026-09-19 18:02:47,PET01344,cat,2,4.2,,GUT
U01345,B,2026-10-25 07:54:35,PET01345,dog,13,15.0,,
U01346,A,2026-11-21 06:48:06,PET01346,dog,9,34.1,,EYE
U01347,A,2026-11-13 21:00:24,PET01347,dog,8,24.7,TURKEY,STRESS_CALMING
U01348,B,2026-10-30 22:28:23,PET01348,dog,1,17.4,,
U01349,A,2026-09-15 00:40:21,PET01349,dog,14,11.8,WHEAT,STRESS_CALMING
U01350,B,2026-11-16 17:37:34,PET01350,cat,2,13.8,CHICKEN,
U01351,B,2026-09-11 17:32:24,PET01351,cat,9,22.0,,IMMUNE
U01352,B,2026-11-03 02:15:10,PET01352,dog,9,10.0,DAIRY,
U01353,A,2026-10-14 18:02:13,PET01353,dog,8,6.6,,
U01354,B,2026-11-26 04:00:32,PET01354,cat,8,24.8,,KIDNEY
U01355,A,2026-10-05 14:35:40,PET01355,dog,6,30.6,,
U01356,B,2026-11-04 20:45:03,PET01356,dog,9,31.7,,DENTAL
U01357,B,2026-10-17 00:16:12,PET01357,dog,6,29.7,TURKEY,HYPOALLERGENIC
U01358,B,2026-10-24 20:30:21,PET01358,cat,7,19.3,,
U01359,B,2026-12-01 11:36:47,PET01359,cat,10,27.9,,
U01360,B,2026-11-11 17:17:04,PET01360,dog,11,32.5,,
U01361,A,2026-10-15 03:04:15,PET01361,dog,3,2.3,,LIVER
U01362,A,2026-10-18 14:25:26,PET01362,cat,14,15.3,PORK,HAIRBALL
U01363,A,2026-11-10 21:20:49,PET01363,cat,2,8.3,,
U01364,A,2026-10-09 18:42:54,PET01364,cat,4,34.9,,JOINT
U01365,B,2026-09-23 16:50:39,PET01365,dog,5,32.6,,
U01366,B,2026-10-20 17:30:27,PET01366,cat,5,28.4,,
U01367,A,2026-09-14 13:16:51,PET01367,cat,5,11.4,PORK,
U01368,B,2026-09-23 01:57:59,PET01368,cat,5,33.4,,
U01369,A,2026-10-15 06:16:52,PET01369,dog,7,2.5,,
U01370,A,2026-11-18 20:42:34,PET01370,cat,11,7.8,,
U01371,B,2026-11-17 00:03:17,PET01371,dog,12,22.2,,
U01372,A,2026-10-01 23:36:06,PET01372,dog,5,28.1,,WEIGHT_CONTROL
U01373,B,2026-10-15 18:40:19,PET01373,dog,4,31.1,,
U01374,B,2026-09-21 05:16:32,PET01374,cat,10,11.6,,JOINT
U01375,A,2026-11-14 14:30:39,PET01375,dog,1,14.6,,COGNITIVE
U01376,B,2026-09-30 02:02:49,PET01376,cat,7,16.7,DUCK,
U01377,A,2026-11-18 07:18:26,PET01377,dog,4,2.4,,HYPOALLERGENIC
U01378,B,2026-11-22 07:26:42,PET01378,dog,9,30.4,,
U01379,B,2026-11-09 01:31:27,PET01379,dog,2,12.8,,
U01380,A,2026-10-07 23:38:36,PET01380,cat,12,8.2,,
U01381,B,2026-12-02 02:12:51,PET01381,dog,4,15.2,,
U01382,B,2026-11-08 11:41:42,PET01382,dog,8,25.3,,GUT
U01383,A,2026-11-05 06:03:26,PET01383,dog,9,30.7,RICE,GUT
U01384,A,2026-11-24 15:38:01,PET01384,dog,7,8.7,,HEART
U01385,B,2026-11-26 17:27:13,PET01385,dog,7,7.3,CORN,
U01386,A,2026-09-14 08:29:35,PET01386,dog,4,33.1,,
U01387,A,2026-11-26 00:05:04,PET01387,dog,11,20.0,,STRESS_CALMING
U01388,B,2026-11-15 23:44:12,PET01388,cat,8,13.8,,EYE
U01389,A,2026-09-26 12:42:54,PET01389,dog,4,8.2,,GUT
U01390,B,2026-10-05 21:01:39,PET01390,dog,4,34.8,,
U01391,A,2026-11-14 18:25:09,PET01391,dog,7,25.6,,SKIN_COAT
U01392,B,2026-09-27 12:42:32,PET01392,dog,12,8.8,CORN,
U01393,A,2026-10-18 14:14:30,PET01393,cat,14,4.6,POTATO,URINARY
U01394,B,2026-11-09 10:35:54,PET01394,dog,6,8.2,,IMMUNE
U01395,A,2026-11-05 03:44:31,PET01395,dog,6,9.8,,
U01396,B,2026-11-28 00:51:13,PET01396,cat,2,5.2,INSECT,
U01397,B,2026-09-18 11:47:17,PET01397,dog,8,9.2,,DENTAL
U01398,A,2026-10-04 10:15:06,PET01398,cat,4,5.4,,SKIN_COAT
U01399,A,2026-12-05 17:54:55,PET01399,cat,12,14.2,,COGNITIVE
U01400,A,2026-10-29 06:22:51,PET01400,dog,8,17.8,,
U01401,B,2026-09-30 15:38:35,PET01401,dog,4,16.8,,
U01402,B,2026-10-04 05:36:32,PET01402,dog,13,29.3,FISH,
U01403,A,2026-10-08 07:40:33,PET01403,dog,12,10.0,,
U01404,B,2026-10-27 23:18:03,PET01404,dog,5,31.2,,
U01405,A,2026-10-03 11:31:58,PET01405,cat,2,31.9,,IMMUNE
U01406,B,2026-11-02 05:02:13,PET01406,dog,4,33.7,,STRESS_CALMING
U01407,A,2026-10-18 16:25:15,PET01407,dog,6,7.6,CHICKEN,
U01408,B,2026-11-01 07:57:31,PET01408,dog,6,9.7,,
U01409,B,2026-09-21 12:08:26,PET01409,cat,12,22.4,,URINARY
U01410,B,2026-11-03 19:13:03,PET01410,cat,14,6.2,OAT,
U01411,B,2026-11-30 13:22:19,PET01411,dog,11,4.4,FISH,
U01412,A,2026-09-20 20:15:41,PET01412,cat,12,4.0,,
U01413,A,2026-10-07 16:49:46,PET01413,dog,2,21.8,,
U01414,A,2026-11-09 16:56:26,PET01414,cat,3,28.5,,
U01415,A,2026-11-02 15:44:55,PET01415,cat,13,10.2,,
U01416,B,2026-11-07 15:57:35,PET01416,cat,9,32.8,,
U01417,B,2026-10-28 18:09:50,PET01417,dog,4,28.0,,
U01418,A,2026-11-08 05:36:58,PET01418,dog,12,4.1,,
U01419,A,2026-11-01 12:33:07,PET01419,cat,3,15.1,CORN,
U01420,B,2026-09-14 08:49:05,PET01420,dog,11,3.8,,
U01421,B,2026-11-14 06:59:28,PET01421,dog,13,32.2,DAIRY,
U01422,A,2026-10-18 13:08:02,PET01422,cat,7,26.4,,URINARY
U01423,B,2026-09-12 10:53:46,PET01423,cat,10,24.5,TURKEY,
U01424,A,2026-10-14 08:41:07,PET01424,cat,11,24.4,,
U01425,A,2026-10-17 02:54:16,PET01425,cat,13,11.1,SOY,
U01426,A,2026-09-15 05:10:10,PET01426,cat,9,32.8,,
U01427,B,2026-12-06 23:21:53,PET01427,dog,5,32.4,,
U01428,A,2026-09-28 15:57:57,PET01428,cat,3,26.3,DUCK,LIVER
U01429,A,2026-10-07 22:22:40,PET01429,cat,5,17.2,,
U01430,B,2026-10-17 21:59:18,PET01430,cat,1,3.1,FISH,JOINT
U01431,A,2026-11-21 01:54:38,PET01431,dog,10,2.4,,STRESS_CALMING
U01432,B,2026-11-13 15:51:55,PET01432,dog,6,6.1,,IMMUNE
U01433,A,2026-11-16 17:18:57,PET01433,cat,10,21.5,,
U01434,B,2026-09-29 18:36:44,PET01434,dog,1,28.2,,EYE
U01435,A,2026-11-23 09:05:16,PET01435,dog,5,33.3,,WEIGHT_CONTROL
U01436,A,2026-11-21 07:22:32,PET01436,cat,6,7.4,,
U01437,B,2026-10-19 18:00:30,PET01437,dog,2,10.7,,
U01438,A,2026-10-27 00:20:42,PET01438,dog,12,3.3,,
U01439,B,2026-09-11 03:29:30,PET01439,dog,9,34.6,,
U01440,A,2026-11-15 18:53:51,PET01440,dog,12,27.7,,LIVER
U01441,B,2026-12-03 03:52:38,PET01441,cat,12,17.6,,
U01442,B,2026-10-20 00:52:23,PET01442,dog,1,20.8,,
U01443,B,2026-10-26 05:25:37,PET01443,dog,13,20.3,,
U01444,B,2026-10-22 02:50:34,PET01444,dog,1,10.0,,DENTAL
U01445,A,2026-09-15 19:59:36,PET01445,dog,13,7.7,,
U01446,B,2026-11-02 20:52:19,PET01446,dog,10,11.4,,
U01447,A,2026-11-11 06:52:47,PET01447,dog,12,9.8,DUCK,
U01448,B,2026-11-30 19:50:12,PET01448,dog,7,20.2,INSECT,WEIGHT_CONTROL
U01449,A,2026-11-30 17:56:10,PET01449,dog,3,11.8,,
U01450,A,2026-10-22 11:46:34,PET01450,dog,3,25.9,,STRESS_CALMING
U01451,B,2026-12-03 21:02:59,PET01451,dog,2,20.5,,
U01452,A,2026-10-25 18:59:18,PET01452,dog,12,19.3,,HYPOALLERGENIC
U01453,B,2026-11-04 12:50:59,PET01453,dog,8,33.4,OAT,
U01454,B,2026-11-01 00:03:08,PET01454,dog,4,12.3,,
U01455,A,2026-12-06 04:02:14,PET01455,dog,2,22.8,,
U01456,A,2026-11-13 03:47:17,PET01456,dog,2,1.5,VENISON,
U01457,A,2026-09-18 06:05:11,PET01457,cat,4,26.2,,
U01458,A,2026-09-14 14:55:56,PET01458,dog,11,18.3,INSECT,COGNITIVE
U01459,A,2026-10-14 08:41:33,PET01459,cat,13,8.5,,
U01460,A,2026-10-24 22:30:26,PET01460,cat,9,1.6,LAMB,
U01461,A,2026-11-07 05:51:09,PET01461,dog,14,25.2,,
U01462,B,2026-10-21 09:53:19,PET01462,dog,6,23.7,,KIDNEY
U01463,B,2026-10-24 17:25:32,PET01463,dog,5,23.8,,
U01464,A,2026-11-29 07:46:26,PET01464,dog,10,16.2,,
U01465,A,2026-10-08 01:15:12,PET01465,dog,2,22.9,,
U01466,B,2026-10-22 18:48:47,PET01466,dog,13,20.6,,
U01467,A,2026-10-28 23:52:24,PET01467,cat,11,9.5,DUCK,
U01468,A,2026-10-20 20:14:00,PET01468,dog,1,18.9,,JOINT
U01469,A,2026-12-04 08:02:21,PET01469,cat,3,18.7,BEEF,
U01470,B,2026-12-03 09:31:23,PET01470,cat,9,29.1,,LIVER
U01471,B,2026-10-24 23:07:44,PET01471,dog,11,16.0,,
U01472,A,2026-10-18 20:10:39,PET01472,cat,4,16.1,VENISON,IMMUNE
U01473,A,2026-10-31 09:26:10,PET01473,cat,11,34.5,,
U01474,B,2026-09-24 21:45:23,PET01474,dog,7,31.5,,JOINT
U01475,B,2026-10-16 19:33:39,PET01475,dog,10,9.6,WHEAT,JOINT
U01476,A,2026-09-27 15:41:24,PET01476,dog,6,32.0,,
U01477,A,2026-09-20 21:01:12,PET01477,dog,7,6.1,POTATO,HYPOALLERGENIC
U01478,B,2026-09-16 06:35:25,PET01478,dog,6,30.1,,LIVER
U01479,B,2026-10-30 19:38:56,PET01479,dog,3,7.6,,
U01480,B,2026-09-08 01:40:10,PET01480,dog,3,15.8,,
U01481,B,2026-11-05 13:22:46,PET01481,cat,3,34.5,,HYPOALLERGENIC
U01482,A,2026-10-16 11:17:08,PET01482,dog,12,4.8,,
U01483,B,2026-10-10 19:35:01,PET01483,dog,6,29.6,,COGNITIVE
U01484,A,2026-11-16 06:28:12,PET01484,dog,6,18.1,,
U01485,B,2026-10-26 08:55:32,PET01485,cat,12,5.2,,EYE
U01486,B,2026-11-13 10:18:20,PET01486,cat,13,33.4,,
U01487,A,2026-11-10 14:17:13,PET01487,dog,4,19.9,POTATO,
U01488,A,2026-09-10 09:54:57,PET01488,cat,5,31.0,,
U01489,A,2026-09-27 15:21:00,PET01489,dog,6,30.6,POTATO,
U01490,B,2026-10-29 23:18:30,PET01490,cat,12,2.0,,
U01491,B,2026-12-04 19:35:20,PET01491,cat,10,10.4,,
U01492,B,2026-09-21 13:30:30,PET01492,dog,8,12.8,,GUT
U01493,A,2026-09-17 07:42:13,PET01493,cat,4,19.4,,KIDNEY
U01494,B,2026-12-01 06:53:54,PET01494,cat,6,3.9,,
U01495,B,2026-12-04 22:42:36,PET01495,cat,1,14.5,,HEART
U01496,B,2026-09-23 23:44:38,PET01496,dog,10,28.8,,SKIN_COAT
U01497,B,2026-10-14 17:06:35,PET01497,cat,13,7.3,,
U01498,A,2026-11-03 14:06:51,PET01498,dog,12,25.0,,COGNITIVE
U01499,A,2026-09-25 09:21:58,PET01499,cat,5,16.9,,HEART
U01500,B,2026-10-07 08:26:52,PET01500,cat,7,3.9,,
U01501,A,2026-10-13 16:43:32,PET01501,dog,14,7.4,,
U01502,A,2026-11-04 04:37:10,PET01502,dog,6,6.2,POTATO,EYE
U01503,B,2026-10-05 19:08:03,PET01503,dog,12,22.3,BEEF,
U01504,A,2026-10-15 04:22:30,PET01504,dog,9,4.4,,LIVER
U01505,B,2026-10-04 08:58:16,PET01505,dog,7,29.1,DUCK,
U01506,A,2026-11-15 22:23:25,PET01506,dog,9,28.5,,
U01507,A,2026-09-21 21:43:18,PET01507,cat,4,4.2,,
U01508,A,2026-09-28 02:12:17,PET01508,dog,6,31.3,,
U01509,B,2026-09-30 12:37:57,PET01509,dog,5,33.6,POTATO,
U01510,A,2026-11-28 18:44:02,PET01510,cat,11,3.0,DAIRY,
U01511,A,2026-12-02 20:25:42,PET01511,dog,9,33.3,,
U01512,A,2026-10-23 15:43:45,PET01512,dog,6,10.9,,
U01513,B,2026-09-22 21:05:44,PET01513,cat,12,23.8,,
U01514,A,2026-11-15 16:19:49,PET01514,cat,7,7.4,,
U01515,A,2026-10-22 20:53:42,PET01515,cat,14,28.9,,
U01516,A,2026-11-23 00:42:52,PET01516,dog,9,29.7,,WEIGHT_CONTROL
U01517,B,2026-10-10 12:46:16,PET01517,dog,13,34.3,,
U01518,A,2026-12-06 07:16:46,PET01518,cat,14,34.7,,
U01519,A,2026-11-19 04:45:00,PET01519,cat,5,4.0,,HAIRBALL
U01520,B,2026-09-28 23:49:48,PET01520,cat,4,23.5,,
U01521,A,2026-11-12 12:54:10,PET01521,cat,12,10.6,,
U01522,B,2026-10-03 14:36:10,PET01522,dog,4,5.7,,
U01523,A,2026-10-09 14:37:26,PET01523,dog,11,6.5,INSECT,
U01524,A,2026-09-30 16:15:55,PET01524,cat,3,32.9,,
U01525,B,2026-11-08 19:21:30,PET01525,cat,13,24.4,,
U01526,B,2026-10-01 02:44:31,PET01526,dog,10,3.2,,DENTAL
U01527,B,2026-11-04 04:02:21,PET01527,cat,8,34.5,,
U01528,A,2026-10-30 19:01:08,PET01528,dog,7,28.6,,LIVER
U01529,A,2026-11-14 16:07:11,PET01529,cat,9,11.9,,
U01530,B,2026-12-06 15:00:32,PET01530,dog,6,17.3,OAT,
U01531,B,2026-09-08 19:37:06,PET01531,cat,6,25.8,,GUT
U01532,B,2026-12-06 16:39:02,PET01532,dog,3,24.1,TURKEY,WEIGHT_CONTROL
U01533,B,2026-09-17 17:01:44,PET01533,cat,3,17.0,,
U01534,B,2026-10-25 01:40:54,PET01534,cat,13,18.7,,GUT
U01535,A,2026-10-08 09:23:04,PET01535,dog,11,2.9,,
U01536,B,2026-11-04 23:59:44,PET01536,cat,7,18.3,,KIDNEY
U01537,B,2026-11-11 10:17:34,PET01537,cat,12,12.9,,
U01538,B,2026-11-24 18:25:04,PET01538,cat,9,11.0,,COGNITIVE
U01539,A,2026-10-14 16:06:56,PET01539,dog,9,10.5,BEEF,STRESS_CALMING
U01540,A,2026-11-30 06:15:45,PET01540,cat,2,23.2,LAMB,HAIRBALL
U01541,B,2026-10-07 06:55:43,PET01541,cat,8,15.9,,
U01542,B,2026-09-26 16:27:11,PET01542,cat,2,15.8,,
U01543,A,2026-10-12 12:06:07,PET01543,dog,10,6.8,,
U01544,B,2026-10-25 03:45:00,PET01544,cat,1,33.7,,
U01545,B,2026-11-07 05:10:19,PET01545,dog,8,9.0,,COGNITIVE
U01546,A,2026-11-21 01:27:09,PET01546,dog,6,15.1,,KIDNEY
U01547,A,2026-09-28 11:59:32,PET01547,dog,2,7.9,FISH,
U01548,B,2026-10-05 09:55:35,PET01548,dog,7,25.1,,HYPOALLERGENIC
U01549,B,2026-12-01 00:46:24,PET01549,dog,3,16.1,,HYPOALLERGENIC
U01550,A,2026-10-17 17:18:38,PET01550,dog,4,15.4,,
U01551,B,2026-09-29 22:01:42,PET01551,cat,13,30.8,,IMMUNE
U01552,A,2026-12-05 22:39:09,PET01552,dog,5,26.9,CHICKEN,
U01553,A,2026-10-18 17:14:30,PET01553,dog,6,18.9,,
U01554,B,2026-12-05 17:02:26,PET01554,cat,1,17.2,,
U01555,A,2026-11-29 22:21:46,PET01555,cat,5,33.7,,
U01556,B,2026-11-28 01:59:15,PET01556,cat,5,33.5,,
U01557,A,2026-10-30 12:11:47,PET01557,cat,11,25.1,,
U01558,B,2026-11-18 12:25:25,PET01558,cat,2,27.0,,SKIN_COAT
U01559,A,2026-12-03 14:56:02,PET01559,cat,14,31.6,,EYE
U01560,B,2026-10-02 11:58:32,PET01560,cat,2,33.8,POTATO,HAIRBALL
U01561,B,2026-09-11 15:53:43,PET01561,cat,10,4.3,,
U01562,B,2026-10-06 09:15:12,PET01562,dog,1,34.9,,
U01563,A,2026-11-04 23:07:31,PET01563,cat,12,25.1,,
U01564,B,2026-10-27 05:06:39,PET01564,cat,10,21.4,,KIDNEY
U01565,B,2026-09-15 11:40:25,PET01565,cat,12,15.3,,KIDNEY
U01566,A,2026-10-28 08:12:49,PET01566,cat,14,12.8,,STRESS_CALMING
U01567,A,2026-09-23 03:37:50,PET01567,dog,12,28.4,,
U01568,A,2026-10-23 12:16:54,PET01568,dog,9,23.4,,EYE
U01569,B,2026-10-29 02:05:05,PET01569,cat,12,8.2,,
U01570,B,2026-11-04 04:50:03,PET01570,cat,2,21.9,DUCK,EYE
U01571,A,2026-10-15 09:59:31,PET01571,cat,10,6.2,,
U01572,A,2026-10-14 14:13:14,PET01572,cat,14,18.1,,
U01573,A,2026-11-08 09:02:17,PET01573,cat,6,21.0,,COGNITIVE
U01574,A,2026-11-14 08:48:08,PET01574,cat,14,22.8,,
U01575,B,2026-11-19 20:28:33,PET01575,dog,8,6.4,,
U01576,B,2026-10-08 23:59:53,PET01576,cat,7,4.7,,
U01577,B,2026-10-16 16:02:09,PET01577,dog,5,10.2,,
U01578,B,2026-10-07 02:26:41,PET01578,cat,2,21.8,VENISON,
U01579,A,2026-10-25 19:35:59,PET01579,dog,13,32.7,,
U01580,A,2026-09-19 13:23:12,PET01580,cat,11,27.6,,
U01581,A,2026-10-16 08:09:31,PET01581,dog,6,26.5,,
U01582,A,2026-09-24 17:03:01,PET01582,dog,14,12.6,,
U01583,A,2026-10-25 14:46:25,PET01583,cat,3,5.2,,
U01584,B,2026-11-23 18:29:19,PET01584,cat,11,31.4,,
U01585,B,2026-12-05 15:29:14,PET01585,dog,7,18.3,,
U01586,B,2026-10-18 19:47:46,PET01586,cat,9,4.9,,
U01587,B,2026-09-13 23:12:59,PET01587,dog,1,19.4,,
U01588,B,2026-09-28 18:02:39,PET01588,dog,9,24.1,EGG,
U01589,B,2026-09-17 21:39:28,PET01589,dog,10,12.2,,RESPIRATORY
U01590,A,2026-11-15 11:20:54,PET01590,cat,14,1.8,,
U01591,A,2026-12-05 01:26:10,PET01591,cat,5,22.3,,
U01592,B,2026-10-27 22:53:00,PET01592,cat,2,2.8,,
U01593,B,2026-09-23 12:58:21,PET01593,cat,1,16.0,,
U01594,A,2026-09-09 09:36:24,PET01594,cat,3,29.1,,LIVER
U01595,A,2026-12-04 01:41:04,PET01595,cat,5,35.0,,RESPIRATORY
U01596,A,2026-10-06 04:22:14,PET01596,cat,12,13.9,,DENTAL
U01597,A,2026-09-18 13:23:54,PET01597,dog,3,2.2,POTATO,JOINT
U01598,A,2026-09-23 13:56:38,PET01598,dog,3,18.0,,GUT
U01599,A,2026-09-30 22:53:53,PET01599,dog,1,10.8,,KIDNEY
U01600,A,2026-11-06 11:46:13,PET01600,cat,6,31.4,,
U01601,B,2026-11-27 14:58:59,PET01601,dog,9,25.3,CORN,
U01602,B,2026-10-02 03:58:23,PET01602,dog,4,15.0,WHEAT,
U01603,A,2026-11-08 13:47:48,PET01603,cat,7,27.0,,
U01604,A,2026-09-13 05:26:38,PET01604,cat,4,12.9,,IMMUNE
U01605,B,2026-09-08 21:25:49,PET01605,dog,12,19.0,RICE,
U01606,B,2026-09-12 09:36:19,PET01606,dog,1,32.4,POTATO,
U01607,B,2026-11-30 21:29:42,PET01607,dog,3,8.2,DUCK,
U01608,A,2026-10-30 18:58:03,PET01608,dog,8,12.0,,
U01609,B,2026-11-19 23:56:11,PET01609,cat,12,31.2,,KIDNEY
U01610,A,2026-09-09 21:19:04,PET01610,cat,6,17.0,,
U01611,B,2026-09-10 00:31:54,PET01611,dog,1,12.1,,
U01612,A,2026-11-23 08:57:52,PET01612,dog,8,2.7,,DENTAL
U01613,A,2026-09-17 00:42:01,PET01613,dog,4,15.5,,
U01614,A,2026-09-21 14:27:55,PET01614,dog,5,18.3,,
U01615,A,2026-10-24 12:41:20,PET01615,dog,13,15.1,,KIDNEY
U01616,B,2026-11-01 20:45:52,PET01616,cat,14,10.8,,WEIGHT_CONTROL
U01617,B,2026-09-28 19:43:35,PET01617,dog,4,13.9,,
U01618,A,2026-10-18 15:15:32,PET01618,cat,9,23.0,,STRESS_CALMING
U01619,A,2026-11-07 00:10:02,PET01619,dog,8,31.4,,
U01620,B,2026-10-17 23:16:06,PET01620,cat,14,23.3,BEEF,
U01621,B,2026-10-12 17:06:45,PET01621,dog,14,23.1,,
U01622,A,2026-09-14 18:03:38,PET01622,dog,5,28.9,,GUT
U01623,B,2026-10-18 00:50:44,PET01623,cat,1,7.0,,
U01624,B,2026-11-19 00:52:26,PET01624,cat,1,11.6,CORN,
U01625,A,2026-11-03 03:38:01,PET01625,dog,1,3.2,,
U01626,A,2026-11-27 23:12:44,PET01626,dog,11,13.2,,
U01627,A,2026-09-19 04:49:35,PET01627,cat,11,35.0,,
U01628,A,2026-09-08 19:19:35,PET01628,cat,12,12.5,,JOINT
U01629,B,2026-10-27 15:42:16,PET01629,cat,2,30.3,,
U01630,A,2026-09-24 10:52:58,PET01630,dog,1,4.4,OAT,
U01631,A,2026-10-31 18:48:47,PET01631,dog,3,16.9,,
U01632,A,2026-11-28 05:02:06,PET01632,dog,9,13.3,,
U01633,A,2026-10-08 00:06:07,PET01633,dog,1,8.3,,
U01634,B,2026-10-27 05:18:04,PET01634,cat,10,14.0,,
U01635,B,2026-11-08 19:17:13,PET01635,cat,13,23.3,,
U01636,B,2026-09-21 14:11:37,PET01636,dog,3,17.9,VENISON,
U01637,B,2026-11-27 20:01:35,PET01637,cat,11,29.8,,
U01638,A,2026-09-26 03:38:51,PET01638,cat,8,31.8,,
U01639,B,2026-11-19 01:23:13,PET01639,cat,14,17.6,BEEF,
U01640,B,2026-11-06 04:32:18,PET01640,dog,4,34.4,LAMB,
U01641,B,2026-09-20 00:23:43,PET01641,dog,4,3.9,,
U01642,B,2026-11-12 20:50:41,PET01642,dog,1,10.8,LAMB,
U01643,A,2026-09-25 17:41:02,PET01643,dog,10,15.5,TURKEY,
U01644,B,2026-10-31 00:49:58,PET01644,dog,13,21.0,,
U01645,A,2026-12-03 10:24:46,PET01645,dog,1,19.8,,
U01646,A,2026-12-02 16:09:30,PET01646,dog,7,20.5,WHEAT,
U01647,B,2026-11-25 19:37:33,PET01647,dog,11,31.5,,
U01648,A,2026-10-22 05:12:24,PET01648,cat,11,10.8,,
U01649,A,2026-10-28 06:30:18,PET01649,cat,14,28.9,,
U01650,A,2026-10-05 19:11:08,PET01650,dog,11,20.2,,
U01651,B,2026-11-29 15:40:54,PET01651,cat,13,17.9,DUCK,
U01652,B,2026-10-20 11:51:17,PET01652,dog,14,11.5,VENISON,
U01653,B,2026-11-16 04:56:06,PET01653,dog,13,11.7,,
U01654,A,2026-10-10 07:54:51,PET01654,cat,7,14.5,,
U01655,A,2026-11-13 21:38:10,PET01655,dog,6,27.1,,
U01656,B,2026-09-28 16:08:57,PET01656,dog,6,17.5,,
U01657,A,2026-11-13 05:21:07,PET01657,dog,14,6.7,,DENTAL
U01658,B,2026-09-12 20:10:17,PET01658,dog,4,27.0,,DENTAL
U01659,B,2026-09-17 16:50:23,PET01659,cat,11,23.7,,
U01660,A,2026-10-09 11:53:54,PET01660,dog,9,33.3,,
U01661,A,2026-10-21 05:18:06,PET01661,dog,1,19.2,,
U01662,B,2026-11-11 08:50:13,PET01662,dog,7,23.4,,
U01663,A,2026-10-10 17:04:18,PET01663,dog,3,17.6,,
U01664,B,2026-09-09 19:15:02,PET01664,dog,11,24.3,,JOINT
U01665,B,2026-10-07 21:44:03,PET01665,cat,7,16.1,,
U01666,A,2026-10-17 05:40:13,PET01666,cat,5,6.1,,IMMUNE
U01667,B,2026-10-26 06:50:58,PET01667,dog,1,34.6,,DENTAL
U01668,A,2026-11-04 21:20:26,PET01668,cat,2,25.6,,
U01669,B,2026-09-30 16:49:22,PET01669,dog,11,21.9,,
U01670,A,2026-11-01 21:58:09,PET01670,dog,13,17.6,,JOINT
U01671,B,2026-11-03 06:30:13,PET01671,dog,5,25.3,,
U01672,B,2026-11-16 01:09:58,PET01672,dog,12,5.7,,
U01673,A,2026-10-24 11:23:30,PET01673,cat,8,12.4,INSECT,
U01674,A,2026-11-19 23:33:32,PET01674,cat,5,5.7,,WEIGHT_CONTROL
U01675,A,2026-09-27 15:59:00,PET01675,dog,7,5.7,,
U01676,A,2026-11-11 23:51:49,PET01676,dog,10,2.2,CHICKEN,
U01677,B,2026-09-12 10:41:05,PET01677,cat,13,26.8,,
U01678,A,2026-09-17 09:23:39,PET01678,dog,7,9.1,,
U01679,A,2026-11-24 00:37:50,PET01679,dog,5,29.4,INSECT,
U01680,A,2026-10-20 06:05:08,PET01680,cat,11,31.8,,
U01681,B,2026-11-02 07:21:12,PET01681,cat,8,7.1,,
U01682,A,2026-11-01 05:06:12,PET01682,cat,6,25.2,,HEART
U01683,B,2026-11-09 09:33:45,PET01683,dog,7,16.9,,COGNITIVE
U01684,B,2026-09-30 08:28:56,PET01684,dog,8,32.3,POTATO,
U01685,A,2026-09-24 12:39:28,PET01685,dog,2,17.7,,
U01686,B,2026-09-11 08:26:13,PET01686,cat,1,14.2,,RESPIRATORY
U01687,A,2026-11-24 17:40:45,PET01687,dog,10,11.4,LAMB,HEART
U01688,A,2026-09-28 18:19:46,PET01688,dog,3,31.8,,
U01689,B,2026-10-29 18:28:05,PET01689,dog,8,9.1,RICE,
U01690,A,2026-10-18 02:44:00,PET01690,cat,11,29.2,,WEIGHT_CONTROL
U01691,A,2026-09-22 09:42:51,PET01691,cat,4,8.0,,
U01692,B,2026-10-15 13:48:26,PET01692,cat,6,23.1,,URINARY
U01693,A,2026-09-15 19:53:15,PET01693,dog,14,16.6,EGG,
U01694,B,2026-09-23 13:03:33,PET01694,cat,1,5.0,,
U01695,B,2026-09-20 16:45:10,PET01695,dog,11,5.7,,
U01696,B,2026-11-21 09:03:35,PET01696,dog,3,10.9,,
U01697,B,2026-10-29 13:22:15,PET01697,dog,13,27.2,RICE,
U01698,A,2026-11-30 09:15:41,PET01698,dog,6,25.9,WHEAT,
U01699,B,2026-10-17 12:52:16,PET01699,dog,1,8.4,,COGNITIVE
U01700,A,2026-09-26 16:54:19,PET01700,cat,11,17.5,,RESPIRATORY
U01701,A,2026-11-01 16:12:11,PET01701,dog,3,4.7,,
U01702,B,2026-11-30 12:55:49,PET01702,dog,6,25.5,,COGNITIVE
U01703,B,2026-10-25 11:11:52,PET01703,cat,8,28.1,,
U01704,A,2026-09-09 20:26:07,PET01704,cat,11,31.4,,
U01705,A,2026-10-05 12:02:32,PET01705,dog,6,31.2,,COGNITIVE
U01706,B,2026-11-30 04:57:38,PET01706,cat,13,12.8,DAIRY,
U01707,A,2026-10-24 13:33:18,PET01707,dog,7,10.0,TURKEY,
U01708,A,2026-12-02 17:36:53,PET01708,dog,5,31.5,,
U01709,B,2026-10-23 07:58:06,PET01709,cat,5,6.4,,RESPIRATORY
U01710,A,2026-09-09 15:59:00,PET01710,cat,12,3.5,,
U01711,A,2026-11-25 13:21:13,PET01711,dog,10,12.0,WHEAT,
U01712,A,2026-11-15 18:41:59,PET01712,dog,2,27.0,EGG,
U01713,B,2026-11-11 01:33:37,PET01713,dog,11,24.8,,
U01714,A,2026-12-04 06:29:06,PET01714,dog,6,34.6,,
U01715,B,2026-09-25 04:14:25,PET01715,cat,5,13.5,,GUT
U01716,A,2026-11-28 12:32:36,PET01716,dog,2,10.7,WHEAT,
U01717,A,2026-09-28 15:34:37,PET01717,cat,14,14.2,,URINARY
U01718,B,2026-12-04 05:57:25,PET01718,dog,1,27.7,,
U01719,A,2026-09-25 18:48:45,PET01719,cat,14,8.7,,HEART
U01720,A,2026-10-27 01:10:54,PET01720,dog,1,33.2,,
U01721,A,2026-11-18 11:11:11,PET01721,dog,8,18.7,,
U01722,A,2026-09-15 04:19:48,PET01722,dog,2,27.7,LAMB,
U01723,B,2026-09-14 01:30:59,PET01723,dog,7,29.2,,
U01724,B,2026-11-23 05:07:26,PET01724,cat,12,17.5,SOY,
U01725,B,2026-09-13 04:03:22,PET01725,cat,9,26.3,,
U01726,B,2026-11-02 02:33:26,PET01726,cat,8,13.7,DAIRY,
U01727,B,2026-12-01 22:09:21,PET01727,dog,2,28.7,,
U01728,A,2026-11-02 22:45:11,PET01728,cat,14,29.1,,
U01729,B,2026-10-21 15:55:48,PET01729,cat,6,20.5,,
U01730,A,2026-10-15 18:43:54,PET01730,cat,8,8.8,,STRESS_CALMING
U01731,B,2026-11-04 07:06:03,PET01731,cat,13,34.0,,URINARY
U01732,A,2026-10-29 00:40:04,PET01732,cat,9,33.2,,HEART
U01733,A,2026-10-23 22:13:11,PET01733,dog,11,22.3,,
U01734,B,2026-09-21 00:39:42,PET01734,cat,3,34.5,,
U01735,B,2026-11-06 17:04:32,PET01735,dog,7,18.3,INSECT,HYPOALLERGENIC
U01736,A,2026-11-13 14:10:37,PET01736,dog,8,14.1,,URINARY
U01737,B,2026-11-10 02:24:50,PET01737,cat,3,16.9,OAT,HYPOALLERGENIC
U01738,B,2026-09-14 00:18:31,PET01738,dog,6,3.0,,
U01739,B,2026-11-10 00:06:19,PET01739,dog,12,19.9,,STRESS_CALMING
U01740,A,2026-11-12 06:25:07,PET01740,dog,14,23.8,,
U01741,A,2026-09-24 14:35:14,PET01741,dog,12,5.2,PORK,
U01742,A,2026-11-23 11:31:17,PET01742,cat,14,10.1,,
U01743,B,2026-10-25 11:56:35,PET01743,cat,14,25.7,,
U01744,A,2026-10-20 16:30:42,PET01744,dog,3,28.1,,
U01745,B,2026-11-12 05:44:26,PET01745,cat,12,34.5,,
U01746,A,2026-10-23 04:18:47,PET01746,cat,9,10.0,,
U01747,B,2026-10-27 23:40:55,PET01747,cat,13,29.7,,
U01748,B,2026-10-06 00:12:28,PET01748,dog,9,7.3,,
U01749,B,2026-11-30 04:31:59,PET01749,dog,2,5.9,,
U01750,B,2026-12-04 17:30:22,PET01750,dog,8,25.9,,HEART
U01751,A,2026-09-19 07:43:59,PET01751,dog,11,16.4,,
U01752,B,2026-11-12 02:46:52,PET01752,cat,2,28.1,FISH,
U01753,B,2026-09-10 01:20:50,PET01753,dog,8,11.0,,
U01754,B,2026-10-11 13:17:11,PET01754,dog,10,8.6,,
U01755,A,2026-12-04 11:42:32,PET01755,cat,7,19.9,,
U01756,B,2026-09-23 22:04:28,PET01756,dog,12,5.4,,
U01757,A,2026-10-11 19:18:46,PET01757,dog,2,10.8,,
U01758,A,2026-09-27 11:16:29,PET01758,cat,5,7.1,,
U01759,B,2026-11-12 12:45:05,PET01759,cat,14,12.2,,
U01760,B,2026-10-19 16:32:37,PET01760,dog,8,27.1,,
U01761,A,2026-10-31 07:02:49,PET01761,cat,3,5.5,,
U01762,A,2026-12-01 14:25:22,PET01762,cat,2,22.0,,JOINT
U01763,B,2026-10-24 22:31:49,PET01763,cat,9,21.1,,
U01764,A,2026-11-13 22:34:21,PET01764,dog,14,19.5,,STRESS_CALMING
U01765,A,2026-09-16 05:05:06,PET01765,cat,1,17.7,,
U01766,B,2026-09-27 18:55:01,PET01766,cat,2,23.7,,
U01767,A,2026-12-02 13:47:23,PET01767,dog,6,30.0,,
U01768,B,2026-11-24 23:36:04,PET01768,cat,3,6.9,,
U01769,A,2026-11-06 00:22:21,PET01769,cat,2,28.8,,
U01770,A,2026-10-12 09:32:07,PET01770,dog,5,3.6,,
U01771,B,2026-09-25 02:19:58,PET01771,cat,9,17.7,,HYPOALLERGENIC
U01772,A,2026-11-23 04:05:02,PET01772,dog,12,18.6,,JOINT
U01773,B,2026-11-17 02:41:43,PET01773,cat,5,8.1,,HYPOALLERGENIC
U01774,A,2026-09-29 12:44:17,PET01774,cat,10,4.5,,
U01775,A,2026-10-31 02:35:02,PET01775,dog,12,4.0,,
U01776,B,2026-11-02 09:31:45,PET01776,dog,1,2.7,,URINARY
U01777,A,2026-10-20 19:13:51,PET01777,dog,12,20.7,,
U01778,B,2026-11-30 05:16:16,PET01778,cat,3,6.7,,SKIN_COAT
U01779,B,2026-09-19 17:59:41,PET01779,dog,10,28.6,,URINARY
U01780,A,2026-10-01 02:58:42,PET01780,cat,11,31.6,,
U01781,A,2026-09-16 10:16:40,PET01781,dog,12,11.3,,
U01782,B,2026-11-09 10:13:35,PET01782,dog,6,7.0,,WEIGHT_CONTROL
U01783,B,2026-11-04 04:48:48,PET01783,cat,10,15.2,,
U01784,B,2026-12-05 02:18:11,PET01784,cat,1,31.0,,
U01785,B,2026-10-26 20:10:15,PET01785,dog,7,14.9,BEEF,
U01786,B,2026-09-21 12:11:35,PET01786,dog,14,5.1,BEEF,RESPIRATORY
U01787,B,2026-10-18 09:34:01,PET01787,dog,3,34.5,,
U01788,A,2026-09-15 23:33:00,PET01788,dog,3,18.2,,
U01789,B,2026-11-07 01:18:09,PET01789,dog,10,13.0,EGG,
U01790,A,2026-11-07 09:28:09,PET01790,cat,8,31.4,CHICKEN,URINARY
U01791,A,2026-11-24 11:01:07,PET01791,dog,7,32.6,INSECT,
U01792,A,2026-10-08 12:48:05,PET01792,dog,4,18.1,DAIRY,
U01793,B,2026-10-05 05:43:48,PET01793,dog,3,11.8,,EYE
U01794,A,2026-09-14 15:27:21,PET01794,dog,11,17.7,,
U01795,B,2026-10-15 09:24:56,PET01795,cat,6,8.8,,EYE
U01796,A,2026-10-20 23:44:55,PET01796,dog,11,17.5,,
U01797,B,2026-11-14 15:30:06,PET01797,dog,7,9.2,BEEF,
U01798,A,2026-11-14 08:39:18,PET01798,cat,6,22.3,,
U01799,B,2026-09-20 01:17:35,PET01799,cat,4,27.0,,
U01800,B,2026-10-03 21:00:17,PET01800,cat,10,34.0,TURKEY,
U01801,B,2026-10-24 11:10:44,PET01801,cat,4,29.7,DUCK,HAIRBALL
U01802,B,2026-10-08 04:24:39,PET01802,cat,13,4.4,,
U01803,B,2026-09-10 18:29:02,PET01803,cat,6,8.6,TURKEY,
U01804,B,2026-11-23 04:18:49,PET01804,cat,12,19.3,OAT,
U01805,B,2026-11-12 03:42:34,PET01805,dog,7,10.1,,
U01806,B,2026-10-24 14:46:44,PET01806,cat,6,2.0,,
U01807,B,2026-10-06 16:11:44,PET01807,cat,7,26.8,BEEF,
U01808,B,2026-11-22 22:40:31,PET01808,cat,7,13.5,,DENTAL
U01809,B,2026-09-11 11:07:28,PET01809,dog,7,3.7,DUCK,STRESS_CALMING
U01810,A,2026-10-18 18:15:41,PET01810,cat,13,18.5,,HYPOALLERGENIC
U01811,B,2026-11-19 09:15:11,PET01811,dog,10,34.2,,
U01812,A,2026-12-02 13:30:03,PET01812,cat,1,24.2,,LIVER
U01813,A,2026-09-30 05:31:13,PET01813,dog,1,6.8,,STRESS_CALMING
U01814,A,2026-11-05 20:44:29,PET01814,cat,1,18.7,,
U01815,A,2026-09-25 23:37:56,PET01815,cat,10,31.7,,EYE
U01816,B,2026-09-18 03:03:21,PET01816,dog,3,3.3,,GUT
U01817,B,2026-10-09 13:20:26,PET01817,dog,6,22.9,,
U01818,A,2026-11-26 19:38:33,PET01818,dog,12,25.7,,IMMUNE
U01819,A,2026-11-09 17:34:51,PET01819,cat,2,25.1,,COGNITIVE
U01820,B,2026-10-22 20:13:36,PET01820,cat,3,6.5,,STRESS_CALMING
U01821,A,2026-10-03 08:42:49,PET01821,cat,2,31.9,,HAIRBALL
U01822,A,2026-09-20 06:41:05,PET01822,dog,4,12.3,,
U01823,A,2026-10-02 16:33:30,PET01823,cat,2,3.2,,
U01824,B,2026-09-21 01:19:48,PET01824,cat,9,4.3,,
U01825,B,2026-09-24 01:17:54,PET01825,dog,11,16.8,,
U01826,A,2026-11-08 04:47:41,PET01826,dog,3,2.8,OAT,
U01827,B,2026-09-19 21:51:12,PET01827,dog,8,27.6,,
U01828,A,2026-09-12 14:22:13,PET01828,dog,5,30.5,,
U01829,A,2026-10-26 13:28:15,PET01829,dog,2,1.9,,IMMUNE
U01830,B,2026-10-03 21:16:21,PET01830,dog,7,28.6,,HEART
U01831,B,2026-10-18 17:42:33,PET01831,dog,10,34.4,FISH,HYPOALLERGENIC
U01832,A,2026-09-20 11:41:56,PET01832,dog,4,2.5,,
U01833,B,2026-09-26 21:25:54,PET01833,dog,12,25.8,,
U01834,B,2026-10-17 23:12:56,PET01834,cat,14,35.0,VENISON,KIDNEY
U01835,B,2026-11-09 08:57:37,PET01835,dog,1,28.2,,COGNITIVE
U01836,B,2026-10-15 22:17:22,PET01836,dog,3,18.4,,
U01837,B,2026-10-26 14:34:42,PET01837,cat,5,31.1,,
U01838,A,2026-10-24 18:39:18,PET01838,dog,12,25.2,,URINARY
U01839,A,2026-10-02 20:34:10,PET01839,dog,2,11.3,INSECT,
U01840,A,2026-10-03 14:55:32,PET01840,dog,7,9.0,,
U01841,A,2026-10-16 12:53:36,PET01841,dog,8,18.7,,
U01842,B,2026-09-10 20:04:20,PET01842,cat,2,14.0,,
U01843,B,2026-11-08 19:11:42,PET01843,dog,1,12.5,,
U01844,B,2026-11-02 20:08:31,PET01844,dog,2,7.5,,SKIN_COAT
U01845,B,2026-10-05 05:53:37,PET01845,cat,1,29.8,,
U01846,A,2026-10-11 21:51:20,PET01846,cat,8,25.1,,
U01847,B,2026-10-07 03:07:36,PET01847,dog,14,12.6,,
U01848,B,2026-11-05 18:34:46,PET01848,dog,5,9.5,,
U01849,A,2026-11-15 15:13:24,PET01849,dog,4,5.8,,
U01850,B,2026-09-17 08:22:36,PET01850,cat,4,5.3,,JOINT
U01851,A,2026-10-15 00:14:39,PET01851,cat,14,22.5,,STRESS_CALMING
U01852,B,2026-09-09 02:31:31,PET01852,cat,14,5.1,,
U01853,A,2026-10-18 17:52:39,PET01853,dog,10,33.7,,GUT
U01854,A,2026-09-30 09:31:35,PET01854,dog,7,10.9,,
U01855,A,2026-10-08 02:29:09,PET01855,cat,3,2.4,,
U01856,A,2026-10-19 15:17:16,PET01856,dog,14,30.2,,SKIN_COAT
U01857,B,2026-10-07 15:01:50,PET01857,cat,1,13.8,WHEAT,HAIRBALL
U01858,A,2026-10-13 15:48:10,PET01858,dog,3,13.0,VENISON,
U01859,B,2026-11-15 19:41:43,PET01859,dog,10,5.5,,IMMUNE
U01860,B,2026-11-19 13:30:27,PET01860,dog,3,23.6,FISH,LIVER
U01861,A,2026-09-08 02:33:28,PET01861,dog,2,13.5,,
U01862,B,2026-10-12 21:08:38,PET01862,cat,9,29.1,,STRESS_CALMING
U01863,B,2026-11-23 06:17:14,PET01863,dog,1,22.6,RICE,
U01864,B,2026-10-25 16:40:06,PET01864,cat,4,31.0,,
U01865,B,2026-09-26 20:29:39,PET01865,cat,9,22.4,,
U01866,A,2026-10-31 21:35:00,PET01866,cat,3,27.6,,
U01867,B,2026-09-21 17:50:50,PET01867,cat,11,24.8,,
U01868,B,2026-09-09 22:28:15,PET01868,cat,2,17.0,EGG,
U01869,A,2026-11-03 10:39:25,PET01869,cat,9,24.6,CORN,
U01870,B,2026-10-24 20:33:39,PET01870,dog,2,23.7,,
U01871,A,2026-11-15 06:39:29,PET01871,cat,11,1.7,,HEART
U01872,B,2026-10-09 03:54:21,PET01872,cat,11,24.9,,DENTAL
U01873,A,2026-11-23 16:12:03,PET01873,dog,12,10.3,,WEIGHT_CONTROL
U01874,A,2026-10-15 12:22:20,PET01874,cat,4,19.7,,EYE
U01875,B,2026-11-13 14:45:15,PET01875,dog,4,5.2,,WEIGHT_CONTROL
U01876,B,2026-09-17 11:38:05,PET01876,cat,14,2.3,BEEF,
U01877,A,2026-09-16 12:26:19,PET01877,dog,11,2.0,CHICKEN,IMMUNE
U01878,A,2026-11-17 20:22:52,PET01878,cat,3,6.8,FISH,STRESS_CALMING
U01879,A,2026-11-22 09:25:02,PET01879,dog,1,2.2,,
U01880,B,2026-12-01 20:57:10,PET01880,cat,5,5.9,,
U01881,B,2026-10-07 12:28:28,PET01881,dog,10,20.2,,HEART
U01882,B,2026-09-10 09:48:22,PET01882,cat,6,14.9,VENISON,HAIRBALL
U01883,B,2026-12-05 11:58:41,PET01883,dog,12,34.4,SOY,
U01884,A,2026-11-01 11:06:03,PET01884,cat,8,28.6,,
U01885,B,2026-09-30 21:01:55,PET01885,dog,14,6.4,,
U01886,B,2026-11-15 11:23:06,PET01886,dog,13,15.5,,
U01887,B,2026-11-28 19:26:22,PET01887,dog,7,15.9,,
U01888,B,2026-10-03 06:05:55,PET01888,cat,12,13.6,,
U01889,A,2026-11-16 13:35:33,PET01889,dog,7,18.1,,LIVER
U01890,B,2026-11-17 12:39:26,PET01890,cat,1,23.9,,
U01891,A,2026-10-23 10:46:29,PET01891,dog,5,23.0,BEEF,
U01892,A,2026-11-03 23:23:30,PET01892,cat,6,13.5,,
U01893,A,2026-10-02 05:10:49,PET01893,dog,14,25.1,,GUT
U01894,A,2026-11-30 19:28:08,PET01894,dog,12,11.2,CHICKEN,
U01895,B,2026-12-05 18:19:18,PET01895,dog,3,29.5,,
U01896,B,2026-12-05 08:25:38,PET01896,dog,1,33.8,,IMMUNE
U01897,A,2026-11-13 05:10:23,PET01897,dog,8,11.4,,IMMUNE
U01898,B,2026-09-11 23:48:20,PET01898,dog,8,27.8,,EYE
U01899,A,2026-10-10 13:24:21,PET01899,dog,11,28.7,PORK,
U01900,B,2026-10-18 08:37:59,PET01900,cat,4,17.9,,HEART
U01901,B,2026-12-03 15:25:32,PET01901,dog,12,4.4,BEEF,
U01902,B,2026-10-27 10:52:28,PET01902,cat,6,27.8,,
U01903,B,2026-10-26 12:38:51,PET01903,dog,5,15.2,DAIRY,
U01904,A,2026-09-21 11:17:56,PET01904,dog,6,8.5,,
U01905,B,2026-11-18 09:28:06,PET01905,dog,14,22.5,,
U01906,B,2026-10-08 13:17:57,PET01906,dog,6,16.1,,
U01907,B,2026-09-16 06:52:21,PET01907,dog,8,4.4,,
U01908,B,2026-12-05 21:33:12,PET01908,cat,13,34.5,,IMMUNE
U01909,B,2026-09-25 15:02:35,PET01909,cat,1,9.7,,RESPIRATORY
U01910,A,2026-09-09 00:30:38,PET01910,cat,8,18.6,,
U01911,B,2026-09-15 06:18:06,PET01911,dog,10,23.9,DAIRY,LIVER
U01912,A,2026-10-18 08:12:50,PET01912,dog,13,5.4,RICE,
U01913,A,2026-09-17 22:36:41,PET01913,cat,1,26.3,,KIDNEY
U01914,B,2026-11-22 07:56:04,PET01914,dog,11,23.2,,
U01915,A,2026-10-24 11:42:03,PET01915,dog,12,18.0,LAMB,KIDNEY
U01916,B,2026-10-07 08:18:23,PET01916,dog,5,19.2,,KIDNEY
U01917,B,2026-09-08 11:41:50,PET01917,dog,11,33.5,,
U01918,B,2026-10-21 10:42:33,PET01918,cat,7,32.0,,
U01919,A,2026-09-21 10:57:27,PET01919,dog,10,5.3,,
U01920,A,2026-12-05 07:05:24,PET01920,dog,6,13.9,PORK,
U01921,A,2026-10-04 11:43:11,PET01921,cat,3,18.8,,
U01922,A,2026-10-20 05:30:04,PET01922,cat,12,32.3,,COGNITIVE
U01923,B,2026-09-09 21:08:08,PET01923,dog,4,28.9,,KIDNEY
U01924,A,2026-09-19 12:32:29,PET01924,dog,3,14.4,WHEAT,
U01925,B,2026-09-26 07:34:40,PET01925,cat,13,31.2,DAIRY,KIDNEY
U01926,B,2026-09-12 10:47:17,PET01926,dog,14,14.2,,
U01927,B,2026-11-12 10:39:06,PET01927,dog,9,10.6,,
U01928,A,2026-12-02 14:26:25,PET01928,dog,9,21.9,,DENTAL
U01929,A,2026-12-05 13:02:18,PET01929,dog,6,13.4,,
U01930,B,2026-10-01 02:34:54,PET01930,cat,9,22.4,,
U01931,A,2026-11-17 22:43:35,PET01931,cat,9,15.2,EGG,KIDNEY
U01932,A,2026-10-23 03:52:09,PET01932,cat,8,28.2,,
U01933,A,2026-09-12 09:03:47,PET01933,cat,10,33.5,,
U01934,B,2026-09-16 23:23:08,PET01934,cat,8,10.6,,
U01935,A,2026-10-27 14:17:46,PET01935,cat,13,18.6,,IMMUNE
U01936,B,2026-10-16 14:18:46,PET01936,cat,10,25.8,,
U01937,A,2026-09-08 08:01:09,PET01937,dog,6,6.8,SOY,KIDNEY
U01938,A,2026-11-30 19:04:06,PET01938,dog,10,28.2,,HYPOALLERGENIC
U01939,B,2026-11-12 00:15:39,PET01939,dog,4,21.0,,
U01940,A,2026-10-23 04:00:56,PET01940,dog,3,6.5,,
U01941,B,2026-12-05 18:20:26,PET01941,dog,12,30.6,,
U01942,A,2026-12-04 02:54:26,PET01942,dog,9,15.8,,
U01943,B,2026-12-04 17:13:43,PET01943,cat,1,7.4,,WEIGHT_CONTROL
U01944,B,2026-10-01 14:03:30,PET01944,dog,5,8.0,,
U01945,A,2026-11-26 15:39:16,PET01945,dog,14,27.8,,DENTAL
U01946,A,2026-10-23 20:34:56,PET01946,dog,9,32.8,,
U01947,A,2026-11-12 21:46:09,PET01947,dog,13,14.2,DAIRY,COGNITIVE
U01948,B,2026-11-24 16:09:12,PET01948,cat,8,4.1,,DENTAL
U01949,B,2026-09-22 19:34:59,PET01949,dog,1,4.9,,
U01950,A,2026-10-18 07:19:31,PET01950,dog,3,23.4,,
U01951,B,2026-09-19 06:08:31,PET01951,dog,2,13.9,RICE,
U01952,A,2026-10-03 02:51:42,PET01952,cat,11,15.8,,
U01953,B,2026-10-15 22:01:25,PET01953,cat,11,12.8,,
U01954,B,2026-11-23 09:13:46,PET01954,dog,7,17.1,,
U01955,B,2026-11-24 11:46:22,PET01955,dog,11,23.1,POTATO,
U01956,A,2026-10-13 21:06:02,PET01956,cat,8,19.6,,
U01957,A,2026-10-07 18:28:56,PET01957,cat,11,7.0,,URINARY
U01958,A,2026-10-25 17:59:58,PET01958,dog,10,18.0,,
U01959,A,2026-11-29 09:29:02,PET01959,dog,7,16.9,,
U01960,B,2026-12-04 12:23:58,PET01960,dog,10,19.8,,
U01961,A,2026-09-28 16:27:45,PET01961,dog,5,5.2,,
U01962,A,2026-09-24 13:12:46,PET01962,cat,11,6.6,,JOINT
U01963,B,2026-11-10 01:04:14,PET01963,cat,13,19.3,,
U01964,A,2026-10-05 03:20:02,PET01964,cat,3,10.7,,SKIN_COAT
U01965,B,2026-09-25 17:28:55,PET01965,cat,10,22.6,,
U01966,A,2026-09-10 04:36:48,PET01966,dog,2,14.0,,
U01967,A,2026-10-14 05:48:36,PET01967,cat,6,8.9,,
U01968,B,2026-10-13 07:32:35,PET01968,dog,10,23.5,,GUT
U01969,A,2026-10-28 20:49:36,PET01969,dog,4,14.7,,
U01970,A,2026-09-26 02:08:14,PET01970,cat,4,6.8,,WEIGHT_CONTROL
U01971,B,2026-11-11 05:23:47,PET01971,dog,6,28.6,,
U01972,A,2026-11-08 02:01:19,PET01972,cat,2,16.0,DUCK,
U01973,A,2026-10-19 04:28:12,PET01973,cat,9,32.2,,
U01974,B,2026-09-24 08:11:16,PET01974,cat,2,8.0,,
U01975,B,2026-10-23 03:40:33,PET01975,cat,5,30.9,,
U01976,B,2026-11-07 22:31:11,PET01976,dog,5,28.8,,COGNITIVE
U01977,A,2026-10-11 15:28:15,PET01977,dog,14,5.0,,
U01978,A,2026-10-01 14:13:44,PET01978,cat,14,19.3,,
U01979,B,2026-10-23 16:38:22,PET01979,cat,2,23.4,,HYPOALLERGENIC
U01980,A,2026-10-09 03:11:09,PET01980,cat,3,18.1,OAT,
U01981,A,2026-10-14 04:37:26,PET01981,dog,11,14.6,,
U01982,B,2026-10-09 10:51:30,PET01982,dog,5,33.1,,
U01983,B,2026-10-05 21:34:05,PET01983,dog,10,25.0,PORK,
U01984,A,2026-11-11 15:13:24,PET01984,cat,13,33.9,CHICKEN,
U01985,B,2026-10-19 19:25:53,PET01985,cat,3,29.8,RICE,
U01986,B,2026-10-19 08:34:44,PET01986,cat,14,28.9,,KIDNEY
U01987,B,2026-11-05 13:51:10,PET01987,dog,1,25.8,,
U01988,B,2026-10-10 18:12:19,PET01988,dog,4,23.1,,
U01989,B,2026-09-17 12:03:10,PET01989,dog,8,31.2,TURKEY,WEIGHT_CONTROL
U01990,B,2026-11-23 16:33:44,PET01990,dog,13,22.0,,
U01991,A,2026-09-13 19:47:40,PET01991,dog,8,4.0,,
U01992,B,2026-10-29 16:58:04,PET01992,cat,2,21.0,,KIDNEY
U01993,A,2026-10-01 11:07:53,PET01993,dog,4,4.9,,
U01994,A,2026-09-27 11:12:19,PET01994,dog,11,33.3,,
U01995,B,2026-09-11 07:24:34,PET01995,cat,8,23.2,,GUT
U01996,A,2026-11-28 04:28:54,PET01996,cat,1,20.1,,IMMUNE
U01997,B,2026-10-16 05:23:45,PET01997,dog,8,8.1,,
U01998,B,2026-10-08 18:59:14,PET01998,dog,6,18.8,,
U01999,A,2026-11-13 19:01:14,PET01999,cat,1,13.0,,
U02000,A,2026-09-11 09:50:57,PET02000,cat,4,24.1,FISH,
U02001,A,2026-10-28 23:28:30,PET02001,cat,14,21.7,,JOINT
U02002,B,2026-10-22 06:10:55,PET02002,dog,10,18.2,,
U02003,A,2026-10-27 16:34:42,PET02003,dog,1,10.0,,STRESS_CALMING
U02004,B,2026-09-19 11:01:04,PET02004,cat,1,19.1,,
U02005,A,2026-12-02 17:18:33,PET02005,dog,5,17.0,,
U02006,A,2026-09-29 05:13:36,PET02006,dog,7,30.0,,STRESS_CALMING
U02007,B,2026-11-08 13:58:46,PET02007,cat,7,31.5,,
U02008,B,2026-11-14 17:46:32,PET02008,dog,10,26.9,,
U02009,A,2026-10-08 04:13:54,PET02009,cat,3,12.2,,
U02010,A,2026-09-19 11:52:35,PET02010,cat,1,2.8,RICE,
U02011,A,2026-10-04 09:55:23,PET02011,dog,10,32.5,,HYPOALLERGENIC
U02012,B,2026-11-19 19:54:20,PET02012,cat,13,34.7,,
U02013,B,2026-11-28 03:05:42,PET02013,dog,3,5.8,,
U02014,B,2026-12-01 20:10:07,PET02014,cat,6,24.5,,
U02015,A,2026-09-28 09:11:26,PET02015,cat,9,15.7,,LIVER
U02016,B,2026-11-01 09:48:15,PET02016,cat,3,6.5,,
U02017,A,2026-09-21 16:51:03,PET02017,dog,13,34.9,,
U02018,B,2026-11-10 10:18:23,PET02018,cat,4,32.8,,EYE
U02019,B,2026-10-15 13:59:02,PET02019,cat,8,34.4,,WEIGHT_CONTROL
U02020,B,2026-11-11 10:14:23,PET02020,cat,5,6.3,BEEF,JOINT
U02021,B,2026-11-08 15:41:20,PET02021,cat,10,18.0,,
U02022,B,2026-12-06 06:40:29,PET02022,dog,3,31.5,POTATO,COGNITIVE
U02023,A,2026-10-21 15:57:58,PET02023,cat,2,24.1,INSECT,
U02024,A,2026-10-08 13:29:52,PET02024,dog,8,16.1,,COGNITIVE
U02025,B,2026-10-25 08:13:03,PET02025,dog,13,18.8,,URINARY
U02026,A,2026-09-22 05:48:31,PET02026,cat,9,2.8,,WEIGHT_CONTROL
U02027,B,2026-09-18 01:34:36,PET02027,cat,11,22.0,,
U02028,B,2026-10-24 01:41:52,PET02028,cat,7,30.3,,
U02029,B,2026-11-21 03:33:07,PET02029,dog,2,1.6,,
U02030,B,2026-10-25 18:27:14,PET02030,dog,6,6.9,,
U02031,B,2026-11-17 15:04:44,PET02031,dog,14,18.9,,
U02032,A,2026-09-24 02:06:56,PET02032,dog,11,20.3,,
U02033,A,2026-10-18 18:26:01,PET02033,cat,10,13.0,RICE,STRESS_CALMING
U02034,B,2026-11-02 23:14:42,PET02034,cat,5,2.4,,
U02035,B,2026-10-09 02:00:50,PET02035,dog,9,26.4,,EYE
U02036,B,2026-09-09 19:32:11,PET02036,dog,9,9.6,,
U02037,A,2026-09-14 05:44:45,PET02037,dog,10,23.1,,
U02038,B,2026-11-30 14:20:17,PET02038,cat,13,20.2,,
U02039,A,2026-11-01 02:10:46,PET02039,cat,10,15.9,,
U02040,B,2026-10-01 07:13:53,PET02040,dog,4,21.3,,
U02041,B,2026-10-01 23:30:48,PET02041,dog,4,24.8,,IMMUNE
U02042,B,2026-09-11 06:16:07,PET02042,dog,9,20.7,WHEAT,
U02043,B,2026-12-02 04:51:46,PET02043,dog,13,20.2,,KIDNEY
U02044,B,2026-09-17 10:39:44,PET02044,cat,14,16.1,,IMMUNE
U02045,A,2026-11-15 06:17:39,PET02045,cat,9,15.9,DUCK,IMMUNE
U02046,A,2026-09-29 04:55:14,PET02046,dog,8,17.9,,
U02047,A,2026-10-08 03:25:08,PET02047,cat,12,16.6,,
U02048,A,2026-10-02 03:34:44,PET02048,dog,14,16.2,,DENTAL
U02049,A,2026-11-21 00:46:18,PET02049,dog,1,8.5,,JOINT
U02050,B,2026-09-10 17:22:17,PET02050,cat,5,25.8,OAT,
U02051,B,2026-10-09 03:30:10,PET02051,dog,5,6.0,DUCK,IMMUNE
U02052,B,2026-10-03 19:14:53,PET02052,dog,8,31.9,,STRESS_CALMING
U02053,A,2026-10-02 05:13:06,PET02053,cat,5,22.4,TURKEY,
U02054,B,2026-09-25 10:14:26,PET02054,cat,5,3.1,,
U02055,B,2026-11-29 07:10:30,PET02055,dog,1,23.6,,
U02056,B,2026-10-12 13:50:52,PET02056,cat,1,13.6,,
U02057,B,2026-10-15 02:59:08,PET02057,dog,7,32.6,,
U02058,B,2026-10-12 11:07:22,PET02058,cat,14,32.9,INSECT,
U02059,B,2026-12-05 14:18:02,PET02059,dog,5,29.8,,GUT
U02060,B,2026-10-08 01:29:11,PET02060,cat,4,20.5,,KIDNEY
U02061,B,2026-10-08 23:36:13,PET02061,dog,4,32.3,,
U02062,A,2026-10-07 13:39:06,PET02062,cat,14,23.3,,HEART
U02063,B,2026-10-07 15:27:51,PET02063,cat,10,30.8,LAMB,
U02064,A,2026-09-16 05:14:23,PET02064,dog,10,6.9,,HYPOALLERGENIC
U02065,A,2026-11-01 05:27:18,PET02065,cat,3,31.8,PORK,RESPIRATORY
U02066,B,2026-09-10 15:47:50,PET02066,dog,13,23.7,,
U02067,A,2026-09-28 22:40:38,PET02067,cat,3,11.7,DAIRY,IMMUNE
U02068,A,2026-09-26 02:12:52,PET02068,dog,14,34.9,,
U02069,A,2026-10-04 13:21:49,PET02069,dog,14,24.5,DAIRY,
U02070,B,2026-11-15 15:47:37,PET02070,cat,8,31.9,,
U02071,B,2026-10-31 07:49:58,PET02071,dog,13,1.7,CORN,
U02072,B,2026-12-06 20:47:03,PET02072,dog,14,20.0,VENISON,GUT
U02073,A,2026-10-09 05:00:22,PET02073,dog,9,25.4,BEEF,
U02074,B,2026-11-30 16:04:20,PET02074,dog,11,2.0,VENISON,
U02075,A,2026-09-12 05:19:38,PET02075,dog,9,27.0,,URINARY
U02076,B,2026-10-23 16:56:20,PET02076,cat,8,23.3,,
U02077,B,2026-11-18 10:37:11,PET02077,cat,5,10.7,RICE,
U02078,A,2026-10-25 18:05:50,PET02078,dog,10,24.6,,
U02079,B,2026-11-30 17:47:06,PET02079,dog,4,5.9,,IMMUNE
U02080,B,2026-10-06 10:17:19,PET02080,cat,3,29.1,,URINARY
U02081,B,2026-09-10 14:34:07,PET02081,cat,4,30.5,,SKIN_COAT
U02082,A,2026-11-16 14:21:06,PET02082,cat,1,17.8,,JOINT
U02083,B,2026-09-14 17:17:15,PET02083,dog,14,18.5,,
U02084,B,2026-11-15 14:31:41,PET02084,dog,4,15.0,,
U02085,A,2026-11-13 11:58:33,PET02085,cat,12,13.1,,
U02086,B,2026-11-22 07:16:12,PET02086,dog,7,30.7,,
U02087,A,2026-10-21 12:10:30,PET02087,dog,5,11.7,,LIVER
U02088,A,2026-11-27 16:25:32,PET02088,dog,4,15.0,,
U02089,B,2026-09-23 22:09:04,PET02089,cat,12,11.5,,
U02090,B,2026-10-17 04:05:01,PET02090,dog,8,23.5,,
U02091,B,2026-09-18 01:03:28,PET02091,cat,7,28.8,,
U02092,B,2026-11-16 15:39:34,PET02092,cat,10,7.0,,
U02093,A,2026-11-11 03:54:38,PET02093,dog,12,10.0,CORN,DENTAL
U02094,A,2026-11-19 17:23:45,PET02094,cat,10,5.0,CHICKEN,
U02095,A,2026-11-15 09:20:02,PET02095,cat,7,6.9,,SKIN_COAT
U02096,A,2026-10-05 20:08:59,PET02096,dog,13,15.1,,COGNITIVE
U02097,A,2026-09-14 02:07:18,PET02097,cat,13,27.5,,
U02098,B,2026-11-30 06:34:17,PET02098,dog,14,19.6,,URINARY
U02099,A,2026-10-22 10:58:07,PET02099,dog,2,3.3,CORN,URINARY
U02100,B,2026-09-16 20:51:09,PET02100,cat,13,22.4,,
U02101,A,2026-11-30 05:18:03,PET02101,cat,3,28.1,,GUT
U02102,B,2026-12-06 09:15:31,PET02102,dog,9,14.7,,EYE
U02103,B,2026-10-18 06:50:16,PET02103,cat,10,9.7,,SKIN_COAT
U02104,B,2026-11-16 02:02:42,PET02104,cat,3,27.1,SOY,GUT
U02105,B,2026-09-11 06:46:08,PET02105,cat,1,2.3,,
U02106,A,2026-09-16 18:17:34,PET02106,dog,14,28.8,,
U02107,A,2026-10-02 14:15:26,PET02107,dog,13,28.4,,
U02108,B,2026-11-06 00:35:52,PET02108,dog,3,31.2,,
U02109,A,2026-09-20 04:05:00,PET02109,cat,9,4.5,,
U02110,A,2026-09-11 11:18:28,PET02110,dog,3,5.1,EGG,
U02111,A,2026-11-07 23:44:03,PET02111,cat,8,30.7,,
U02112,A,2026-11-16 02:43:43,PET02112,dog,5,17.4,BEEF,
U02113,B,2026-11-13 13:13:11,PET02113,cat,11,14.6,,
U02114,A,2026-11-18 23:00:55,PET02114,cat,9,20.7,,
U02115,A,2026-11-19 00:04:58,PET02115,cat,7,3.5,,
U02116,A,2026-11-01 19:53:33,PET02116,cat,10,23.1,,
U02117,A,2026-10-24 23:50:01,PET02117,cat,7,33.2,,URINARY
U02118,A,2026-11-24 09:59:26,PET02118,dog,1,24.1,,
U02119,A,2026-10-09 23:49:14,PET02119,cat,9,17.1,,
U02120,A,2026-09-16 15:06:24,PET02120,cat,11,33.7,,
U02121,B,2026-11-14 13:07:15,PET02121,cat,7,24.6,DUCK,
U02122,A,2026-10-02 22:21:31,PET02122,dog,3,3.4,,
U02123,B,2026-12-05 06:04:40,PET02123,cat,1,23.9,,
U02124,B,2026-10-15 09:25:29,PET02124,dog,5,3.5,TURKEY,EYE
U02125,A,2026-11-23 18:11:47,PET02125,dog,11,11.8,,
U02126,B,2026-09-11 23:52:32,PET02126,dog,5,22.1,,LIVER
U02127,B,2026-11-06 03:54:12,PET02127,dog,14,8.7,,COGNITIVE
U02128,A,2026-10-18 14:23:38,PET02128,dog,5,2.8,,GUT
U02129,A,2026-10-19 02:39:23,PET02129,dog,6,22.2,,
U02130,A,2026-10-01 22:25:05,PET02130,cat,11,11.1,,
U02131,A,2026-12-04 02:32:29,PET02131,dog,9,19.4,,URINARY
U02132,B,2026-10-13 23:38:34,PET02132,dog,1,10.2,TURKEY,
U02133,B,2026-11-23 20:08:21,PET02133,cat,2,24.5,,
U02134,B,2026-10-16 17:39:55,PET02134,cat,3,31.5,,
U02135,A,2026-09-12 11:27:12,PET02135,dog,13,4.4,,
U02136,B,2026-11-26 06:51:43,PET02136,dog,1,27.8,,
U02137,B,2026-09-24 21:32:00,PET02137,cat,2,6.7,OAT,
U02138,A,2026-10-02 09:30:03,PET02138,cat,11,12.5,,HYPOALLERGENIC
U02139,A,2026-11-24 08:52:41,PET02139,cat,9,13.5,,JOINT
U02140,A,2026-11-27 14:25:22,PET02140,dog,14,8.4,INSECT,
U02141,B,2026-11-29 14:56:43,PET02141,cat,4,4.0,,
U02142,A,2026-10-16 14:53:34,PET02142,cat,10,27.2,,
U02143,B,2026-11-15 15:07:03,PET02143,cat,2,28.1,EGG,
U02144,A,2026-10-07 06:02:57,PET02144,cat,9,34.9,,KIDNEY
U02145,A,2026-11-13 23:09:43,PET02145,cat,2,32.8,,
U02146,B,2026-10-23 17:58:06,PET02146,cat,13,16.1,,
U02147,B,2026-09-12 09:25:19,PET02147,cat,6,6.0,VENISON,
U02148,A,2026-10-15 18:21:13,PET02148,cat,4,1.9,OAT,
U02149,A,2026-10-20 19:12:02,PET02149,dog,14,19.3,,HYPOALLERGENIC
U02150,A,2026-10-01 13:37:50,PET02150,dog,1,30.3,,SKIN_COAT
U02151,B,2026-10-11 10:20:25,PET02151,cat,12,10.5,DAIRY,HAIRBALL
U02152,A,2026-10-23 02:06:18,PET02152,cat,8,8.2,,
U02153,A,2026-09-12 11:13:40,PET02153,dog,10,16.2,INSECT,
U02154,A,2026-09-21 09:15:37,PET02154,dog,4,31.4,,LIVER
U02155,A,2026-11-16 13:05:30,PET02155,cat,13,16.6,,
U02156,A,2026-10-09 04:48:40,PET02156,cat,7,25.7,SOY,
U02157,B,2026-11-01 10:45:53,PET02157,dog,6,17.0,,
U02158,B,2026-10-28 03:46:04,PET02158,dog,7,14.0,,
U02159,A,2026-10-27 16:25:31,PET02159,dog,5,16.3,,
U02160,A,2026-10-15 09:25:36,PET02160,cat,5,27.2,,IMMUNE
U02161,A,2026-10-21 18:06:51,PET02161,cat,2,26.8,PORK,
U02162,B,2026-11-21 22:35:09,PET02162,cat,7,16.0,PORK,
U02163,B,2026-12-03 09:08:44,PET02163,dog,7,10.5,,HYPOALLERGENIC
U02164,A,2026-10-01 12:21:17,PET02164,cat,6,6.2,,HAIRBALL
U02165,A,2026-11-07 07:56:40,PET02165,dog,14,1.5,,
U02166,A,2026-12-04 21:47:02,PET02166,cat,2,5.3,,
U02167,B,2026-09-08 22:33:33,PET02167,dog,13,7.0,,
U02168,B,2026-11-17 22:50:29,PET02168,dog,13,24.6,,
U02169,A,2026-10-22 09:18:59,PET02169,cat,1,28.9,,RESPIRATORY
U02170,B,2026-12-04 16:07:50,PET02170,dog,10,26.2,,
U02171,A,2026-10-30 02:17:02,PET02171,cat,3,25.7,,STRESS_CALMING
U02172,A,2026-11-22 12:42:06,PET02172,cat,1,34.8,OAT,
U02173,B,2026-09-22 09:09:22,PET02173,dog,13,33.7,,
U02174,A,2026-09-20 20:28:22,PET02174,dog,2,10.5,,SKIN_COAT
U02175,A,2026-11-30 09:13:38,PET02175,cat,5,6.4,,
U02176,A,2026-10-25 13:32:27,PET02176,cat,2,6.6,,
U02177,A,2026-10-28 04:42:15,PET02177,dog,2,31.5,,
U02178,B,2026-09-23 05:06:28,PET02178,dog,1,4.9,,
U02179,A,2026-09-28 14:46:48,PET02179,cat,12,12.9,,
U02180,B,2026-11-20 13:57:42,PET02180,dog,1,19.3,,RESPIRATORY
U02181,B,2026-10-05 19:37:02,PET02181,cat,11,22.1,BEEF,URINARY
U02182,B,2026-10-30 20:19:36,PET02182,cat,3,21.5,,
U02183,A,2026-10-06 22:47:45,PET02183,dog,13,27.8,CHICKEN,
U02184,A,2026-10-01 18:23:42,PET02184,cat,12,20.7,DAIRY,
U02185,B,2026-09-22 19:18:09,PET02185,dog,9,30.0,INSECT,
U02186,B,2026-11-30 02:41:41,PET02186,dog,12,4.3,,
U02187,B,2026-12-01 04:54:02,PET02187,cat,5,30.3,,HYPOALLERGENIC
U02188,A,2026-09-18 18:25:32,PET02188,cat,11,21.3,,JOINT
U02189,B,2026-10-09 22:45:12,PET02189,cat,4,9.0,,RESPIRATORY
U02190,B,2026-10-28 13:05:11,PET02190,dog,9,34.3,,
U02191,B,2026-10-12 00:42:41,PET02191,cat,13,33.0,INSECT,
U02192,A,2026-11-11 03:53:56,PET02192,dog,11,29.8,,
U02193,A,2026-10-01 08:46:26,PET02193,dog,4,32.0,,
U02194,B,2026-09-13 07:34:05,PET02194,dog,11,14.3,,
U02195,A,2026-10-08 17:06:33,PET02195,dog,13,9.1,,COGNITIVE
U02196,A,2026-10-31 04:08:41,PET02196,dog,13,7.6,,
U02197,B,2026-09-24 21:35:09,PET02197,cat,11,30.8,POTATO,
U02198,A,2026-11-20 15:59:45,PET02198,dog,11,29.2,,COGNITIVE
U02199,B,2026-09-09 17:27:59,PET02199,cat,11,34.4,,
U02200,A,2026-09-14 18:55:55,PET02200,cat,11,29.9,DUCK,IMMUNE
U02201,B,2026-10-23 23:24:32,PET02201,dog,2,22.7,RICE,URINARY
U02202,A,2026-10-24 15:10:17,PET02202,dog,12,6.3,,
U02203,A,2026-10-04 21:54:35,PET02203,dog,3,7.0,,
U02204,A,2026-10-01 15:43:56,PET02204,dog,8,17.4,,
U02205,B,2026-09-14 18:42:07,PET02205,cat,5,27.2,VENISON,
U02206,B,2026-11-06 08:48:51,PET02206,cat,3,7.3,,
U02207,B,2026-10-12 08:02:49,PET02207,cat,4,32.2,,
U02208,B,2026-09-18 08:14:06,PET02208,dog,2,24.4,,KIDNEY
U02209,A,2026-10-13 16:18:27,PET02209,dog,7,12.0,,
U02210,A,2026-12-01 11:39:33,PET02210,dog,6,31.2,VENISON,
U02211,B,2026-10-01 16:28:35,PET02211,cat,6,21.6,,
U02212,B,2026-11-27 16:08:10,PET02212,dog,2,26.1,WHEAT,
U02213,A,2026-10-01 20:34:41,PET02213,dog,9,14.4,,
U02214,B,2026-09-24 00:46:48,PET02214,cat,3,14.7,,HYPOALLERGENIC
U02215,B,2026-10-01 21:09:48,PET02215,cat,12,1.9,,KIDNEY
U02216,B,2026-10-07 05:39:16,PET02216,dog,1,19.5,OAT,
U02217,A,2026-09-18 23:58:54,PET02217,cat,1,27.0,,
U02218,A,2026-10-30 14:37:06,PET02218,dog,5,34.0,OAT,
U02219,A,2026-10-08 05:12:44,PET02219,dog,6,31.4,,
U02220,A,2026-11-11 21:32:41,PET02220,dog,14,4.4,SOY,
U02221,A,2026-10-22 01:22:04,PET02221,dog,8,34.3,,WEIGHT_CONTROL
U02222,B,2026-10-17 21:09:08,PET02222,cat,6,6.5,,
U02223,B,2026-10-20 16:57:53,PET02223,dog,12,2.9,FISH,
U02224,A,2026-09-22 12:34:18,PET02224,cat,4,26.6,CORN,
U02225,A,2026-11-11 20:04:48,PET02225,dog,13,31.8,PORK,
U02226,B,2026-09-17 12:16:38,PET02226,cat,6,33.3,,
U02227,B,2026-11-11 14:41:06,PET02227,cat,5,29.1,,LIVER
U02228,B,2026-12-06 10:25:11,PET02228,dog,5,8.4,,GUT
U02229,B,2026-11-15 11:32:20,PET02229,cat,1,6.7,,COGNITIVE
U02230,A,2026-10-18 01:17:09,PET02230,cat,10,3.5,,
U02231,B,2026-10-06 09:39:03,PET02231,cat,9,21.0,SOY,
U02232,A,2026-11-25 13:54:49,PET02232,dog,9,17.8,BEEF,RESPIRATORY
U02233,B,2026-10-01 01:17:09,PET02233,cat,10,5.2,LAMB,SKIN_COAT
U02234,B,2026-10-21 06:35:13,PET02234,dog,1,17.1,FISH,
U02235,B,2026-11-16 06:22:11,PET02235,cat,13,20.5,,
U02236,B,2026-11-30 21:00:57,PET02236,cat,8,25.7,OAT,
U02237,A,2026-11-29 08:40:15,PET02237,dog,10,15.4,DUCK,
U02238,B,2026-09-15 11:56:38,PET02238,cat,1,12.2,EGG,
U02239,A,2026-11-27 19:21:08,PET02239,cat,11,23.8,,
U02240,A,2026-09-18 05:38:07,PET02240,cat,10,24.4,POTATO,
U02241,B,2026-10-30 10:42:39,PET02241,dog,6,10.6,,WEIGHT_CONTROL
U02242,A,2026-11-30 11:11:09,PET02242,dog,14,2.2,,
U02243,A,2026-11-05 02:52:17,PET02243,dog,10,33.2,,
U02244,B,2026-12-02 12:37:19,PET02244,dog,13,26.8,,
U02245,A,2026-10-08 17:12:43,PET02245,cat,12,8.2,,LIVER
U02246,A,2026-10-06 00:21:58,PET02246,dog,3,20.4,,
U02247,B,2026-10-07 14:06:34,PET02247,cat,14,21.4,,
U02248,A,2026-10-09 00:36:46,PET02248,cat,11,5.7,,
U02249,B,2026-11-08 08:48:50,PET02249,cat,3,7.9,,
U02250,B,2026-10-18 15:14:11,PET02250,dog,12,33.5,VENISON,HYPOALLERGENIC
U02251,A,2026-11-13 12:16:47,PET02251,cat,7,18.5,,WEIGHT_CONTROL
U02252,A,2026-10-15 19:58:14,PET02252,cat,13,7.9,,KIDNEY
U02253,A,2026-10-05 13:22:37,PET02253,cat,3,28.2,,WEIGHT_CONTROL
U02254,B,2026-09-25 08:53:40,PET02254,dog,4,17.3,,
U02255,A,2026-10-27 11:30:45,PET02255,cat,5,22.9,,
U02256,A,2026-11-27 17:43:39,PET02256,dog,7,11.5,,
U02257,A,2026-11-24 21:35:40,PET02257,cat,9,3.4,,
U02258,A,2026-09-30 04:14:49,PET02258,dog,4,7.0,,HEART
U02259,B,2026-10-20 23:16:20,PET02259,dog,10,34.1,,
U02260,B,2026-11-10 00:23:47,PET02260,cat,1,22.4,OAT,
U02261,A,2026-11-02 18:25:30,PET02261,dog,5,29.3,CHICKEN,
U02262,B,2026-09-14 16:02:09,PET02262,cat,10,2.2,,URINARY
U02263,A,2026-10-31 14:25:39,PET02263,cat,4,27.1,RICE,
U02264,B,2026-09-11 03:27:52,PET02264,dog,7,17.7,,
U02265,A,2026-09-18 01:38:04,PET02265,dog,9,23.8,,
U02266,B,2026-11-05 07:35:32,PET02266,dog,4,13.5,,
U02267,B,2026-09-17 06:16:23,PET02267,cat,14,22.3,DUCK,
U02268,A,2026-10-08 22:11:05,PET02268,cat,12,2.7,POTATO,
U02269,B,2026-10-30 08:32:55,PET02269,dog,14,3.0,,
U02270,B,2026-11-05 14:31:53,PET02270,dog,7,28.3,,
U02271,B,2026-10-18 03:49:11,PET02271,dog,5,5.7,,
U02272,B,2026-09-16 04:23:32,PET02272,cat,14,2.0,CHICKEN,
U02273,A,2026-11-18 10:13:56,PET02273,dog,11,32.1,,
U02274,B,2026-12-02 14:51:27,PET02274,dog,12,10.4,,EYE
U02275,B,2026-11-26 13:23:42,PET02275,cat,3,21.0,,
U02276,B,2026-11-14 03:54:50,PET02276,dog,13,29.6,,
U02277,B,2026-10-14 15:32:44,PET02277,dog,8,26.5,,
U02278,B,2026-11-25 13:15:54,PET02278,cat,11,3.1,,
U02279,A,2026-10-21 22:59:34,PET02279,cat,12,20.3,,
U02280,A,2026-09-20 05:55:41,PET02280,dog,2,19.7,,
U02281,A,2026-11-23 01:26:34,PET02281,cat,2,13.2,,
U02282,A,2026-10-06 10:55:24,PET02282,dog,1,26.7,,GUT
U02283,A,2026-12-01 04:11:49,PET02283,cat,10,33.8,,
U02284,B,2026-10-11 05:36:42,PET02284,dog,13,6.4,,
U02285,A,2026-11-25 16:19:07,PET02285,cat,1,6.4,,URINARY
U02286,A,2026-10-26 20:58:46,PET02286,dog,2,26.1,,
U02287,A,2026-10-20 02:54:16,PET02287,cat,7,16.7,,
U02288,B,2026-10-04 22:21:58,PET02288,cat,6,28.1,,URINARY
U02289,A,2026-11-22 12:48:39,PET02289,dog,2,6.2,,
U02290,A,2026-09-13 19:35:19,PET02290,dog,9,2.8,LAMB,
U02291,A,2026-10-20 03:55:40,PET02291,cat,13,24.9,,
U02292,A,2026-10-11 05:46:25,PET02292,dog,3,34.8,VENISON,
U02293,B,2026-10-26 01:40:28,PET02293,cat,1,4.7,,
U02294,B,2026-09-30 21:52:12,PET02294,cat,4,30.5,,
U02295,B,2026-11-06 16:12:06,PET02295,dog,3,14.4,,
U02296,B,2026-10-12 12:18:42,PET02296,dog,7,2.1,,DENTAL
U02297,A,2026-09-24 20:38:37,PET02297,cat,2,18.6,,
U02298,A,2026-09-25 00:46:52,PET02298,dog,6,10.8,,
U02299,A,2026-11-09 17:04:33,PET02299,cat,2,24.7,,WEIGHT_CONTROL
U02300,B,2026-10-01 08:33:42,PET02300,dog,10,11.1,,
U02301,B,2026-10-05 01:31:57,PET02301,dog,7,17.6,,
U02302,A,2026-11-03 13:28:55,PET02302,dog,2,8.2,CORN,SKIN_COAT
U02303,B,2026-10-07 07:53:25,PET02303,dog,1,29.2,,EYE
U02304,B,2026-10-12 22:40:31,PET02304,cat,7,32.5,,RESPIRATORY
U02305,B,2026-09-30 09:36:42,PET02305,dog,9,15.0,,
U02306,A,2026-10-09 14:02:44,PET02306,cat,3,16.5,,
U02307,A,2026-11-09 18:28:53,PET02307,cat,5,34.4,,
U02308,A,2026-10-26 09:10:07,PET02308,dog,9,6.3,,
U02309,A,2026-12-06 18:25:51,PET02309,dog,7,28.6,,
U02310,B,2026-11-16 15:55:31,PET02310,cat,2,20.5,POTATO,
U02311,A,2026-09-09 23:26:40,PET02311,cat,6,31.0,,
U02312,B,2026-10-12 09:02:15,PET02312,cat,3,11.3,,SKIN_COAT
U02313,B,2026-10-04 12:52:24,PET02313,dog,13,11.4,,
U02314,B,2026-10-30 07:55:43,PET02314,cat,12,12.4,,
U02315,A,2026-10-01 01:24:52,PET02315,dog,5,2.1,CORN,
U02316,A,2026-12-03 12:48:27,PET02316,cat,4,7.2,WHEAT,KIDNEY
U02317,B,2026-10-04 13:06:05,PET02317,dog,2,34.8,,GUT
U02318,A,2026-10-24 03:06:43,PET02318,cat,11,9.8,SOY,
U02319,B,2026-09-19 14:41:31,PET02319,dog,13,2.2,,
U02320,B,2026-11-28 04:32:56,PET02320,cat,4,10.8,,
U02321,A,2026-11-29 12:00:36,PET02321,dog,9,15.2,,
U02322,A,2026-11-18 13:55:25,PET02322,cat,4,19.9,,JOINT
U02323,B,2026-10-09 07:12:16,PET02323,dog,13,3.8,,
U02324,B,2026-09-13 20:44:54,PET02324,cat,5,28.0,,
U02325,A,2026-11-10 08:42:29,PET02325,dog,2,29.2,,
U02326,B,2026-10-16 17:01:14,PET02326,dog,13,8.6,,LIVER
U02327,A,2026-12-06 00:07:32,PET02327,cat,14,28.2,,HYPOALLERGENIC
U02328,A,2026-11-09 23:01:55,PET02328,dog,6,13.6,POTATO,
U02329,A,2026-10-26 03:49:20,PET02329,dog,13,15.7,,RESPIRATORY
U02330,B,2026-12-05 00:00:22,PET02330,cat,4,32.9,,HEART
U02331,A,2026-11-19 10:15:16,PET02331,cat,4,31.4,,HAIRBALL
U02332,A,2026-10-19 03:22:43,PET02332,cat,8,14.1,,
U02333,B,2026-09-09 21:00:32,PET02333,dog,9,17.9,,
U02334,A,2026-09-16 13:41:00,PET02334,dog,6,11.1,DUCK,DENTAL
U02335,A,2026-10-17 16:28:25,PET02335,cat,12,18.8,DAIRY,DENTAL
U02336,B,2026-10-28 23:38:53,PET02336,dog,12,24.3,,
U02337,A,2026-09-10 21:07:05,PET02337,cat,2,4.6,,
U02338,A,2026-09-19 07:59:07,PET02338,dog,14,32.3,,
U02339,B,2026-11-10 13:20:05,PET02339,cat,3,25.6,,
U02340,A,2026-11-14 09:57:12,PET02340,cat,8,4.7,,WEIGHT_CONTROL
U02341,B,2026-09-10 07:03:42,PET02341,dog,6,30.6,,
U02342,A,2026-10-23 02:35:43,PET02342,dog,7,26.4,,
U02343,B,2026-09-15 20:05:15,PET02343,dog,2,12.0,,
U02344,A,2026-11-12 05:54:33,PET02344,dog,5,19.0,,
U02345,A,2026-11-22 04:43:22,PET02345,cat,1,30.3,,
U02346,B,2026-11-25 15:18:42,PET02346,dog,14,33.9,CORN,HYPOALLERGENIC
U02347,B,2026-10-31 21:09:17,PET02347,dog,3,10.9,,URINARY
U02348,A,2026-11-03 04:24:02,PET02348,dog,7,23.3,CORN,RESPIRATORY
U02349,A,2026-11-30 10:34:58,PET02349,cat,4,30.3,,
U02350,B,2026-11-02 13:52:34,PET02350,dog,3,34.6,,
U02351,A,2026-10-18 02:58:40,PET02351,dog,6,3.9,SOY,EYE
U02352,B,2026-11-14 01:41:01,PET02352,cat,14,18.4,,
U02353,B,2026-10-31 01:49:35,PET02353,dog,7,30.8,,
U02354,A,2026-11-22 23:07:36,PET02354,dog,14,1.6,BEEF,DENTAL
U02355,B,2026-10-25 00:18:29,PET02355,cat,12,16.1,,
U02356,B,2026-11-25 01:24:25,PET02356,dog,7,21.1,,
U02357,A,2026-09-12 19:30:17,PET02357,cat,13,19.1,,
U02358,A,2026-09-11 18:21:26,PET02358,cat,5,26.0,,
U02359,A,2026-09-16 07:56:41,PET02359,cat,8,3.7,DAIRY,WEIGHT_CONTROL
U02360,B,2026-10-28 08:25:36,PET02360,dog,10,27.8,,
U02361,B,2026-11-10 18:38:22,PET02361,dog,9,11.0,,
U02362,B,2026-09-27 14:16:18,PET02362,dog,12,29.1,,URINARY
U02363,A,2026-09-22 01:38:48,PET02363,dog,3,15.6,,SKIN_COAT
U02364,A,2026-11-24 04:50:47,PET02364,dog,7,2.9,,
U02365,B,2026-11-14 05:05:31,PET02365,cat,10,33.8,,
U02366,B,2026-11-05 11:44:15,PET02366,cat,5,27.6,,
U02367,B,2026-10-21 20:42:26,PET02367,dog,13,13.2,,URINARY
U02368,B,2026-10-15 07:53:42,PET02368,cat,5,10.5,,
U02369,A,2026-09-09 13:22:54,PET02369,cat,5,21.2,,
U02370,A,2026-09-24 01:49:25,PET02370,cat,5,34.6,RICE,JOINT
U02371,B,2026-11-27 08:28:18,PET02371,cat,10,11.2,,HYPOALLERGENIC
U02372,B,2026-10-08 09:42:20,PET02372,cat,2,33.3,RICE,
U02373,B,2026-11-10 06:32:13,PET02373,dog,3,12.6,TURKEY,
U02374,B,2026-11-10 08:09:09,PET02374,dog,11,25.1,,WEIGHT_CONTROL
U02375,B,2026-10-05 01:13:28,PET02375,cat,3,14.3,,
U02376,A,2026-09-26 07:21:25,PET02376,cat,2,4.3,,LIVER
U02377,B,2026-11-09 01:31:24,PET02377,cat,4,32.9,,
U02378,A,2026-09-16 04:08:48,PET02378,cat,6,7.0,,KIDNEY
U02379,B,2026-10-22 17:11:27,PET02379,dog,1,33.1,,
U02380,B,2026-11-26 14:19:36,PET02380,dog,12,5.0,BEEF,
U02381,A,2026-11-11 00:52:39,PET02381,cat,2,10.4,CHICKEN,
U02382,A,2026-11-15 07:56:10,PET02382,dog,6,32.4,DUCK,
U02383,A,2026-09-15 02:48:25,PET02383,cat,3,23.6,,EYE
U02384,A,2026-09-25 14:11:32,PET02384,cat,5,7.8,POTATO,HYPOALLERGENIC
U02385,A,2026-10-02 16:36:44,PET02385,cat,1,21.3,,HYPOALLERGENIC
U02386,B,2026-10-04 23:21:39,PET02386,dog,14,7.5,,
U02387,A,2026-09-25 20:19:27,PET02387,cat,14,30.8,,
U02388,B,2026-12-04 08:26:22,PET02388,dog,2,3.2,,JOINT
U02389,A,2026-09-22 01:25:27,PET02389,cat,3,19.2,,
U02390,A,2026-11-10 20:53:45,PET02390,dog,13,3.6,,
U02391,A,2026-10-30 20:40:13,PET02391,cat,6,24.8,,
U02392,A,2026-11-01 07:25:36,PET02392,dog,1,32.8,,
U02393,B,2026-09-27 17:32:07,PET02393,dog,2,29.3,,
U02394,B,2026-10-05 10:54:18,PET02394,dog,6,14.0,CHICKEN,
U02395,A,2026-11-01 15:42:01,PET02395,dog,8,9.4,,
U02396,B,2026-10-04 02:00:00,PET02396,dog,9,5.6,,
U02397,B,2026-11-09 03:08:18,PET02397,cat,3,30.8,,EYE
U02398,A,2026-09-11 01:40:57,PET02398,cat,6,4.2,,
U02399,A,2026-09-14 08:11:58,PET02399,dog,4,22.6,,
U02400,B,2026-11-12 18:04:15,PET02400,cat,8,13.8,,LIVER
U02401,B,2026-11-02 01:19:48,PET02401,cat,5,34.9,,
U02402,B,2026-09-11 05:15:35,PET02402,cat,3,18.5,,
U02403,B,2026-11-27 23:50:52,PET02403,dog,12,19.9,WHEAT,
U02404,B,2026-09-08 22:03:31,PET02404,dog,8,32.2,,EYE
U02405,B,2026-12-02 10:19:53,PET02405,cat,7,34.0,RICE,
U02406,A,2026-11-12 22:57:55,PET02406,dog,2,21.1,,
U02407,B,2026-12-05 03:01:07,PET02407,dog,1,28.2,VENISON,LIVER
U02408,B,2026-12-02 03:22:54,PET02408,cat,12,22.8,,RESPIRATORY
U02409,B,2026-10-06 00:46:16,PET02409,dog,14,15.8,BEEF,KIDNEY
U02410,B,2026-11-15 12:57:34,PET02410,cat,9,3.4,,
U02411,A,2026-09-26 10:15:50,PET02411,dog,1,25.5,,WEIGHT_CONTROL
U02412,B,2026-10-20 15:46:32,PET02412,cat,7,25.0,,EYE
U02413,A,2026-09-29 02:52:25,PET02413,cat,4,5.4,,
U02414,A,2026-10-21 19:35:01,PET02414,cat,1,9.2,,
U02415,B,2026-11-25 07:25:05,PET02415,cat,2,26.0,,
U02416,B,2026-10-17 16:33:42,PET02416,cat,7,6.5,,
U02417,A,2026-09-16 08:25:28,PET02417,dog,6,24.6,,
U02418,A,2026-10-07 18:06:28,PET02418,cat,8,25.6,,DENTAL
U02419,A,2026-11-17 05:04:49,PET02419,cat,10,13.3,,
U02420,B,2026-10-24 01:46:50,PET02420,dog,4,10.1,TURKEY,IMMUNE
U02421,B,2026-10-28 14:44:08,PET02421,dog,5,14.0,PORK,SKIN_COAT
U02422,A,2026-10-16 09:53:19,PET02422,dog,10,13.5,TURKEY,
U02423,B,2026-10-04 06:56:42,PET02423,cat,3,21.8,,JOINT
U02424,B,2026-10-31 20:08:39,PET02424,cat,2,26.4,BEEF,HAIRBALL
U02425,B,2026-11-03 20:00:35,PET02425,dog,12,30.4,RICE,
U02426,B,2026-11-27 00:18:45,PET02426,dog,3,2.5,,
U02427,A,2026-11-02 21:30:34,PET02427,cat,2,25.8,,SKIN_COAT
U02428,B,2026-12-06 20:26:21,PET02428,dog,11,12.0,,
U02429,A,2026-11-21 00:24:24,PET02429,cat,8,29.6,,
U02430,A,2026-09-15 11:46:56,PET02430,dog,3,4.0,TURKEY,
U02431,A,2026-10-13 06:18:53,PET02431,dog,12,20.0,,JOINT
U02432,B,2026-10-12 02:07:33,PET02432,dog,4,19.9,FISH,
U02433,B,2026-09-08 08:39:04,PET02433,cat,10,12.4,,
U02434,B,2026-09-24 05:12:28,PET02434,cat,10,34.0,,
U02435,B,2026-11-15 10:58:25,PET02435,dog,12,5.1,,KIDNEY
U02436,B,2026-10-09 14:10:18,PET02436,dog,11,6.1,,
U02437,A,2026-09-21 06:58:27,PET02437,dog,10,23.1,,DENTAL
U02438,A,2026-10-03 21:18:32,PET02438,dog,1,18.7,SOY,
U02439,A,2026-10-02 18:26:56,PET02439,cat,14,10.4,FISH,
U02440,B,2026-09-23 21:14:25,PET02440,dog,2,11.7,EGG,IMMUNE
U02441,A,2026-09-17 18:01:54,PET02441,dog,4,6.8,EGG,LIVER
U02442,B,2026-11-15 04:27:37,PET02442,dog,7,30.6,,
U02443,B,2026-11-21 09:13:01,PET02443,dog,5,20.6,,
U02444,B,2026-10-22 12:42:52,PET02444,dog,9,9.7,POTATO,
U02445,A,2026-11-02 08:33:36,PET02445,dog,1,14.7,RICE,
U02446,A,2026-11-29 15:26:30,PET02446,dog,7,31.9,,RESPIRATORY
U02447,B,2026-11-22 00:56:03,PET02447,dog,5,31.2,,
U02448,B,2026-09-10 12:19:18,PET02448,dog,10,3.8,,
U02449,A,2026-12-02 17:06:41,PET02449,cat,8,23.4,INSECT,DENTAL
U02450,A,2026-09-14 13:57:36,PET02450,dog,11,6.6,,URINARY
U02451,A,2026-09-10 10:18:46,PET02451,dog,3,8.6,WHEAT,
U02452,B,2026-10-14 10:08:50,PET02452,dog,14,30.5,,WEIGHT_CONTROL
U02453,A,2026-11-14 00:24:04,PET02453,cat,6,31.5,,SKIN_COAT
U02454,B,2026-09-15 12:53:13,PET02454,cat,5,4.3,,
U02455,B,2026-10-04 05:02:07,PET02455,cat,8,30.8,CHICKEN,
U02456,B,2026-10-01 08:26:09,PET02456,cat,3,25.9,,
U02457,A,2026-10-13 05:46:12,PET02457,cat,12,27.5,,HEART
U02458,B,2026-12-05 01:21:04,PET02458,dog,4,28.0,,
U02459,A,2026-10-07 23:31:31,PET02459,cat,13,18.5,VENISON,
U02460,B,2026-09-26 20:52:37,PET02460,cat,3,33.2,,
U02461,A,2026-09-19 04:06:57,PET02461,dog,13,8.2,RICE,
U02462,B,2026-09-25 00:19:39,PET02462,dog,6,18.4,,IMMUNE
U02463,B,2026-09-19 19:08:44,PET02463,dog,9,12.2,,
U02464,A,2026-10-29 06:48:38,PET02464,dog,13,29.1,,
U02465,A,2026-10-15 11:07:49,PET02465,cat,2,4.3,,
U02466,A,2026-10-22 22:16:16,PET02466,dog,5,16.0,,
U02467,B,2026-11-21 04:45:26,PET02467,cat,14,27.4,,HEART
U02468,B,2026-10-30 07:17:33,PET02468,cat,3,12.0,,
U02469,B,2026-09-21 03:54:01,PET02469,dog,2,9.6,POTATO,
U02470,A,2026-10-11 22:48:26,PET02470,dog,8,10.3,OAT,
U02471,A,2026-10-06 12:09:23,PET02471,cat,1,25.4,,HEART
U02472,B,2026-11-21 03:43:56,PET02472,cat,14,11.1,,WEIGHT_CONTROL
U02473,A,2026-10-05 17:38:44,PET02473,dog,13,15.0,OAT,WEIGHT_CONTROL
U02474,A,2026-09-20 00:28:01,PET02474,dog,3,19.8,,GUT
U02475,B,2026-11-13 12:07:19,PET02475,cat,3,33.0,DUCK,HAIRBALL
U02476,A,2026-10-16 13:52:43,PET02476,cat,11,28.1,,GUT
U02477,B,2026-09-16 07:01:19,PET02477,dog,8,7.7,,JOINT
U02478,B,2026-11-09 00:58:46,PET02478,dog,12,31.1,,COGNITIVE
U02479,B,2026-09-26 09:17:59,PET02479,cat,14,29.8,,
U02480,B,2026-11-25 21:09:39,PET02480,dog,6,26.5,,
U02481,A,2026-11-21 05:37:31,PET02481,dog,4,18.8,,DENTAL
U02482,A,2026-10-11 12:16:29,PET02482,cat,9,3.8,,
U02483,B,2026-10-28 06:44:33,PET02483,dog,9,25.3,,
U02484,A,2026-10-29 11:01:46,PET02484,dog,7,18.9,CORN,SKIN_COAT
U02485,B,2026-11-05 20:39:28,PET02485,cat,5,11.9,,
U02486,A,2026-09-14 05:53:15,PET02486,cat,4,1.8,CHICKEN,DENTAL
U02487,A,2026-10-07 10:04:04,PET02487,dog,8,9.2,,
U02488,A,2026-09-23 11:38:01,PET02488,dog,6,21.8,,COGNITIVE
U02489,A,2026-11-09 19:43:59,PET02489,cat,7,5.3,DUCK,
U02490,A,2026-09-14 05:14:47,PET02490,cat,2,23.5,,SKIN_COAT
U02491,B,2026-10-24 03:47:47,PET02491,cat,13,29.0,,JOINT
U02492,B,2026-11-12 00:01:28,PET02492,cat,10,12.2,,
U02493,B,2026-12-02 10:02:20,PET02493,cat,13,4.2,PORK,RESPIRATORY
U02494,A,2026-10-03 07:48:55,PET02494,cat,12,6.2,,
U02495,B,2026-09-08 06:56:15,PET02495,cat,9,13.5,,IMMUNE
U02496,B,2026-11-12 15:16:53,PET02496,dog,5,28.8,,
U02497,B,2026-09-08 16:33:48,PET02497,cat,10,22.7,,
U02498,A,2026-09-13 04:04:49,PET02498,cat,8,30.6,,
U02499,B,2026-12-06 01:04:22,PET02499,dog,13,34.8,,
U02500,B,2026-11-24 13:04:42,PET02500,dog,4,8.3,,
U02501,B,2026-11-10 10:02:30,PET02501,cat,1,24.8,,DENTAL
U02502,A,2026-11-22 23:13:53,PET02502,dog,2,17.1,,
U02503,A,2026-09-14 03:49:08,PET02503,cat,3,18.0,,
U02504,A,2026-09-16 06:36:12,PET02504,dog,10,12.4,,
U02505,B,2026-10-05 17:59:49,PET02505,dog,3,13.0,OAT,
U02506,B,2026-09-10 05:33:11,PET02506,dog,2,24.2,OAT,
U02507,A,2026-11-26 10:03:42,PET02507,cat,6,22.3,,
U02508,B,2026-09-13 06:15:11,PET02508,dog,11,12.2,,IMMUNE
U02509,A,2026-10-26 18:42:07,PET02509,cat,6,5.5,,
U02510,B,2026-11-23 01:38:37,PET02510,dog,4,20.9,,JOINT
U02511,A,2026-11-13 21:40:38,PET02511,dog,4,26.3,,
U02512,B,2026-09-29 05:26:34,PET02512,dog,12,20.2,,
U02513,A,2026-10-20 02:04:12,PET02513,dog,7,1.6,,HEART
U02514,B,2026-10-27 07:44:31,PET02514,cat,6,11.0,,STRESS_CALMING
U02515,B,2026-11-16 23:03:06,PET02515,cat,11,27.6,,
U02516,A,2026-10-16 00:13:43,PET02516,dog,6,26.4,,GUT
U02517,B,2026-10-03 14:25:14,PET02517,dog,5,1.8,EGG,JOINT
U02518,A,2026-11-18 11:05:59,PET02518,cat,11,17.3,,LIVER
U02519,B,2026-11-26 23:45:26,PET02519,cat,5,16.2,,
U02520,A,2026-10-22 09:52:41,PET02520,dog,8,23.4,SOY,URINARY
U02521,B,2026-09-10 16:06:54,PET02521,cat,10,5.7,WHEAT,
U02522,A,2026-10-23 19:29:57,PET02522,dog,3,22.3,,IMMUNE
U02523,A,2026-11-27 19:51:33,PET02523,dog,2,33.2,,GUT
U02524,B,2026-12-06 19:06:15,PET02524,cat,12,14.0,,HYPOALLERGENIC
U02525,A,2026-10-14 23:21:20,PET02525,cat,5,12.8,DUCK,URINARY
U02526,B,2026-09-21 16:27:42,PET02526,cat,5,2.4,,
U02527,B,2026-10-29 01:46:03,PET02527,dog,9,3.4,,IMMUNE
U02528,B,2026-11-21 06:36:48,PET02528,dog,2,32.7,,
U02529,A,2026-12-02 20:23:36,PET02529,cat,1,34.2,,
U02530,A,2026-09-12 14:43:53,PET02530,dog,6,1.7,,KIDNEY
U02531,B,2026-10-04 01:12:02,PET02531,dog,14,31.7,,IMMUNE
U02532,B,2026-10-20 12:52:14,PET02532,cat,9,7.3,,
U02533,A,2026-09-16 15:01:21,PET02533,dog,9,20.3,,
U02534,B,2026-11-26 00:25:38,PET02534,dog,9,24.2,INSECT,
U02535,B,2026-09-18 18:08:50,PET02535,dog,13,13.5,VENISON,
U02536,A,2026-11-06 08:25:31,PET02536,cat,12,19.2,,DENTAL
U02537,B,2026-11-29 16:56:46,PET02537,dog,1,22.5,DAIRY,
U02538,A,2026-11-08 21:19:05,PET02538,dog,8,8.0,,
U02539,B,2026-11-15 15:07:45,PET02539,dog,8,34.8,VENISON,GUT
U02540,A,2026-10-01 02:00:57,PET02540,dog,4,8.3,,
U02541,B,2026-11-21 19:55:11,PET02541,dog,14,1.8,,
U02542,A,2026-10-15 06:56:01,PET02542,cat,4,33.1,,
U02543,A,2026-09-13 08:09:07,PET02543,dog,12,15.9,,
U02544,B,2026-10-10 06:26:04,PET02544,dog,2,14.9,,URINARY
U02545,A,2026-10-09 21:34:21,PET02545,dog,9,10.7,,
U02546,A,2026-10-24 16:22:32,PET02546,dog,11,2.4,,
U02547,B,2026-10-01 01:43:51,PET02547,dog,8,10.4,,
U02548,A,2026-10-19 21:14:32,PET02548,cat,2,14.7,INSECT,
U02549,A,2026-10-16 16:33:33,PET02549,cat,2,18.9,FISH,
U02550,A,2026-10-07 02:15:39,PET02550,cat,9,16.8,,
U02551,A,2026-11-09 10:04:25,PET02551,dog,13,30.9,,KIDNEY
U02552,B,2026-10-05 00:25:44,PET02552,cat,9,32.0,,
U02553,A,2026-11-15 18:00:05,PET02553,cat,2,12.1,TURKEY,
U02554,A,2026-09-30 21:47:09,PET02554,dog,11,33.6,,WEIGHT_CONTROL
U02555,A,2026-11-24 15:12:42,PET02555,dog,7,30.5,,EYE
U02556,A,2026-10-10 14:18:27,PET02556,cat,2,32.6,,COGNITIVE
U02557,A,2026-09-11 09:06:04,PET02557,dog,6,25.2,,
U02558,A,2026-09-21 06:35:46,PET02558,dog,3,8.1,,EYE
U02559,B,2026-11-19 15:58:33,PET02559,cat,14,8.0,,
U02560,B,2026-11-25 10:22:24,PET02560,dog,13,31.9,,
U02561,B,2026-09-27 07:16:58,PET02561,cat,2,18.5,,
U02562,A,2026-11-01 01:19:27,PET02562,dog,9,31.3,,HEART
U02563,B,2026-10-29 00:31:28,PET02563,dog,1,25.6,,
U02564,B,2026-09-20 11:17:49,PET02564,dog,7,8.6,,
U02565,A,2026-10-18 14:49:03,PET02565,dog,3,14.4,,
U02566,A,2026-11-09 11:04:00,PET02566,cat,11,33.9,,HEART
U02567,B,2026-12-04 06:39:30,PET02567,cat,2,2.2,,
U02568,B,2026-11-23 05:52:38,PET02568,cat,13,25.4,,
U02569,A,2026-09-16 20:16:39,PET02569,dog,4,34.3,,
U02570,B,2026-09-29 21:25:33,PET02570,dog,4,5.0,CORN,
U02571,A,2026-10-17 04:57:29,PET02571,dog,13,10.6,,
U02572,B,2026-09-21 08:34:18,PET02572,dog,13,19.8,,
U02573,A,2026-10-29 16:48:43,PET02573,cat,2,29.8,,JOINT
U02574,B,2026-09-08 18:55:14,PET02574,dog,2,18.5,,
U02575,A,2026-09-18 00:09:57,PET02575,dog,12,3.5,,
U02576,B,2026-09-12 20:09:55,PET02576,dog,14,5.8,,
U02577,A,2026-10-04 00:58:55,PET02577,cat,7,14.1,,
U02578,A,2026-11-15 20:08:55,PET02578,dog,3,12.3,,
U02579,B,2026-09-23 22:38:57,PET02579,cat,3,8.9,,
U02580,A,2026-12-05 19:03:37,PET02580,cat,4,29.6,,
U02581,A,2026-10-02 23:37:08,PET02581,cat,10,2.4,,
U02582,B,2026-09-12 10:59:13,PET02582,dog,2,29.3,,
U02583,A,2026-10-08 15:24:01,PET02583,dog,9,32.4,,
U02584,B,2026-11-14 14:58:25,PET02584,dog,12,22.6,,
U02585,A,2026-09-17 00:16:56,PET02585,cat,3,22.4,,
U02586,A,2026-09-14 20:35:06,PET02586,cat,14,6.5,,HAIRBALL
U02587,A,2026-11-23 10:05:13,PET02587,cat,14,20.5,DAIRY,
U02588,B,2026-10-31 16:06:01,PET02588,dog,5,14.1,,
U02589,A,2026-10-08 23:33:23,PET02589,dog,2,9.2,CORN,
U02590,B,2026-11-15 22:04:52,PET02590,cat,5,21.0,,
U02591,A,2026-11-22 13:33:09,PET02591,dog,4,1.5,,
U02592,A,2026-10-10 18:55:51,PET02592,cat,4,10.8,,
U02593,B,2026-10-28 03:23:06,PET02593,cat,13,23.5,,
U02594,A,2026-09-08 02:30:32,PET02594,dog,3,16.7,,
U02595,A,2026-10-05 15:50:49,PET02595,dog,5,6.4,,
U02596,B,2026-10-31 06:48:15,PET02596,dog,12,1.5,,
U02597,A,2026-09-25 09:02:38,PET02597,dog,1,10.6,PORK,
U02598,A,2026-12-06 05:28:05,PET02598,cat,1,19.9,,KIDNEY
U02599,A,2026-12-04 08:39:28,PET02599,dog,5,19.4,,KIDNEY
U02600,A,2026-10-01 16:50:02,PET02600,dog,14,5.9,,
U02601,B,2026-10-13 03:38:29,PET02601,dog,12,22.1,,
U02602,B,2026-09-25 21:47:34,PET02602,dog,13,35.0,,
U02603,B,2026-10-23 17:11:15,PET02603,cat,13,21.1,,
U02604,A,2026-09-19 00:16:14,PET02604,cat,2,19.2,,
U02605,B,2026-10-13 13:33:53,PET02605,dog,6,22.4,,GUT
U02606,B,2026-10-27 03:39:55,PET02606,dog,8,31.0,,IMMUNE
U02607,B,2026-11-02 05:58:53,PET02607,dog,3,33.2,,
U02608,A,2026-10-31 13:38:58,PET02608,dog,14,2.9,,DENTAL
U02609,A,2026-09-27 07:39:37,PET02609,dog,9,8.4,,
U02610,A,2026-11-18 16:05:54,PET02610,cat,12,5.4,,
U02611,A,2026-11-09 15:38:32,PET02611,dog,4,27.4,,
U02612,A,2026-11-14 00:30:58,PET02612,dog,11,3.0,,
U02613,A,2026-10-20 20:48:45,PET02613,dog,2,31.7,,
U02614,A,2026-11-27 14:05:16,PET02614,cat,1,2.2,DUCK,
U02615,A,2026-10-13 02:42:25,PET02615,dog,9,21.7,,
U02616,B,2026-11-19 11:39:22,PET02616,cat,1,10.7,,
U02617,A,2026-09-26 16:41:53,PET02617,dog,4,17.3,BEEF,
U02618,A,2026-09-30 06:57:21,PET02618,cat,12,16.3,WHEAT,SKIN_COAT
U02619,A,2026-10-25 19:14:22,PET02619,cat,7,26.6,,
U02620,B,2026-10-28 05:43:09,PET02620,dog,6,18.1,,
U02621,A,2026-11-14 12:07:19,PET02621,dog,5,15.6,,
U02622,B,2026-10-04 18:19:10,PET02622,dog,10,26.0,,HYPOALLERGENIC
U02623,A,2026-11-25 14:28:58,PET02623,cat,14,32.5,,
U02624,A,2026-10-07 05:17:06,PET02624,cat,11,28.1,,
U02625,B,2026-10-26 01:57:46,PET02625,dog,6,26.2,,
U02626,B,2026-11-30 17:51:19,PET02626,dog,6,17.8,,
U02627,A,2026-10-26 13:52:59,PET02627,dog,2,31.7,,COGNITIVE
U02628,B,2026-11-08 23:41:35,PET02628,dog,3,17.8,,
U02629,A,2026-11-28 19:56:25,PET02629,cat,4,32.7,,
U02630,A,2026-12-04 12:02:19,PET02630,dog,6,28.4,,
U02631,A,2026-10-22 16:26:32,PET02631,dog,14,6.5,,
U02632,B,2026-10-15 15:00:04,PET02632,cat,13,3.1,DAIRY,DENTAL
U02633,A,2026-09-25 02:11:31,PET02633,cat,2,26.3,,
U02634,A,2026-10-26 08:50:32,PET02634,cat,5,24.5,,
U02635,A,2026-11-29 04:19:42,PET02635,dog,1,21.7,VENISON,
U02636,B,2026-10-21 20:35:58,PET02636,cat,1,34.2,,HAIRBALL
U02637,A,2026-10-09 09:38:52,PET02637,cat,6,19.8,,
U02638,A,2026-09-17 00:10:56,PET02638,dog,14,13.2,,HEART
U02639,A,2026-10-13 00:35:41,PET02639,dog,3,20.4,,JOINT
U02640,B,2026-09-29 03:42:52,PET02640,cat,10,2.5,LAMB,
U02641,B,2026-12-04 17:58:46,PET02641,dog,6,20.9,,URINARY
U02642,A,2026-10-25 18:36:08,PET02642,cat,8,31.7,OAT,STRESS_CALMING
U02643,A,2026-09-20 09:00:23,PET02643,cat,13,1.6,,
U02644,A,2026-09-14 07:12:28,PET02644,cat,12,29.8,,
U02645,A,2026-11-23 01:48:38,PET02645,cat,12,28.4,,
U02646,B,2026-11-30 05:15:23,PET02646,cat,6,5.1,,
U02647,A,2026-11-15 01:03:18,PET02647,dog,1,29.9,,
U02648,B,2026-09-19 04:10:06,PET02648,dog,14,27.1,,HYPOALLERGENIC
U02649,B,2026-09-16 13:04:01,PET02649,cat,14,18.0,,
U02650,B,2026-09-25 14:29:29,PET02650,dog,13,9.7,,
U02651,A,2026-11-14 09:14:03,PET02651,cat,7,11.2,,IMMUNE
U02652,A,2026-11-15 13:29:36,PET02652,cat,4,22.0,,
U02653,B,2026-11-22 21:58:12,PET02653,dog,3,9.8,,
U02654,A,2026-09-16 19:05:32,PET02654,cat,6,12.4,,HEART
U02655,A,2026-09-21 18:45:31,PET02655,dog,5,32.7,,LIVER
U02656,B,2026-11-28 23:52:27,PET02656,cat,4,25.9,,
U02657,B,2026-11-30 12:33:10,PET02657,dog,14,26.2,,RESPIRATORY
U02658,B,2026-11-12 04:13:24,PET02658,cat,10,33.5,,GUT
U02659,A,2026-09-17 07:28:34,PET02659,cat,4,1.7,,
U02660,B,2026-09-14 19:45:48,PET02660,dog,9,9.7,,
U02661,B,2026-09-13 21:13:26,PET02661,dog,10,23.5,,
U02662,A,2026-11-09 09:37:38,PET02662,dog,8,16.2,,
U02663,B,2026-11-23 10:39:09,PET02663,cat,14,5.3,,
U02664,A,2026-11-03 11:44:27,PET02664,dog,14,27.7,DAIRY,
U02665,A,2026-10-01 12:53:21,PET02665,dog,7,3.1,TURKEY,COGNITIVE
U02666,A,2026-11-15 02:05:43,PET02666,cat,7,19.7,FISH,IMMUNE
U02667,B,2026-09-13 14:14:04,PET02667,dog,4,20.3,,IMMUNE
U02668,B,2026-11-21 17:56:07,PET02668,dog,11,22.8,,
U02669,A,2026-11-27 07:17:25,PET02669,cat,14,12.1,INSECT,
U02670,A,2026-11-11 04:00:18,PET02670,dog,10,2.3,,
U02671,B,2026-11-26 17:12:30,PET02671,dog,3,31.3,,URINARY
U02672,A,2026-10-30 08:22:08,PET02672,cat,8,32.6,,
U02673,A,2026-10-20 18:07:14,PET02673,cat,12,17.6,,HYPOALLERGENIC
U02674,B,2026-10-07 21:16:50,PET02674,dog,1,2.2,,GUT
U02675,A,2026-11-29 19:34:05,PET02675,cat,9,21.0,,
U02676,B,2026-11-09 13:36:36,PET02676,dog,10,12.1,,
U02677,A,2026-09-25 02:37:43,PET02677,dog,8,7.6,,
U02678,B,2026-12-03 09:18:28,PET02678,cat,9,7.2,,
U02679,A,2026-09-13 05:20:47,PET02679,dog,13,7.5,,
U02680,A,2026-10-30 06:11:45,PET02680,dog,2,12.6,,
U02681,B,2026-09-25 14:48:27,PET02681,cat,8,10.9,,
U02682,A,2026-11-06 09:41:10,PET02682,dog,12,29.5,,
U02683,B,2026-10-15 17:02:16,PET02683,dog,12,18.1,,RESPIRATORY
U02684,B,2026-10-17 00:12:34,PET02684,dog,7,15.8,TURKEY,
U02685,A,2026-11-07 03:25:18,PET02685,cat,14,6.4,BEEF,
U02686,B,2026-11-15 02:15:23,PET02686,cat,5,30.8,,JOINT
U02687,B,2026-10-12 08:11:11,PET02687,cat,7,3.3,TURKEY,
U02688,B,2026-12-06 16:20:21,PET02688,dog,12,9.5,,
U02689,B,2026-10-22 10:36:39,PET02689,cat,7,22.3,,HYPOALLERGENIC
U02690,A,2026-09-22 11:41:37,PET02690,cat,5,25.0,,
U02691,B,2026-09-08 02:08:54,PET02691,dog,8,28.3,,JOINT
U02692,B,2026-09-26 12:08:46,PET02692,dog,9,15.2,,
U02693,A,2026-11-09 05:23:59,PET02693,cat,14,13.1,,
U02694,B,2026-10-26 08:56:21,PET02694,dog,9,11.2,,DENTAL
U02695,A,2026-10-08 09:33:34,PET02695,cat,3,20.5,WHEAT,SKIN_COAT
U02696,A,2026-10-21 02:37:07,PET02696,dog,1,13.2,,
U02697,A,2026-11-22 06:55:10,PET02697,dog,14,12.5,,
U02698,B,2026-10-29 17:49:30,PET02698,cat,6,2.1,,
U02699,B,2026-09-13 06:03:32,PET02699,cat,3,33.3,DUCK,
U02700,A,2026-09-12 17:14:21,PET02700,dog,4,3.5,,LIVER
U02701,B,2026-10-21 15:24:16,PET02701,cat,2,10.6,POTATO,
U02702,A,2026-10-14 15:16:17,PET02702,dog,3,32.4,,
U02703,A,2026-11-23 13:19:57,PET02703,cat,11,26.1,LAMB,
U02704,A,2026-10-30 18:24:37,PET02704,dog,10,20.9,,
U02705,B,2026-11-15 08:12:36,PET02705,dog,9,23.6,EGG,
U02706,A,2026-10-30 05:51:03,PET02706,dog,1,4.8,,
U02707,A,2026-10-09 19:55:39,PET02707,dog,10,28.6,,
U02708,B,2026-11-06 00:16:14,PET02708,dog,14,9.9,,WEIGHT_CONTROL
U02709,B,2026-11-02 03:33:00,PET02709,dog,13,33.5,,KIDNEY
U02710,A,2026-11-11 05:16:37,PET02710,cat,6,9.3,,
U02711,A,2026-09-25 12:07:35,PET02711,dog,9,22.4,WHEAT,
U02712,B,2026-11-04 10:15:21,PET02712,dog,5,19.8,,
U02713,B,2026-10-03 23:17:27,PET02713,dog,13,6.3,,DENTAL
U02714,B,2026-11-18 18:25:26,PET02714,cat,13,13.7,CORN,LIVER
U02715,B,2026-11-18 18:02:05,PET02715,dog,4,27.7,POTATO,
U02716,B,2026-11-03 22:30:13,PET02716,dog,7,8.6,,
U02717,A,2026-12-02 14:24:47,PET02717,cat,4,33.8,OAT,IMMUNE
U02718,A,2026-10-26 08:29:12,PET02718,dog,9,11.4,,WEIGHT_CONTROL
U02719,B,2026-09-10 21:43:48,PET02719,cat,5,22.5,,
U02720,A,2026-11-01 23:26:27,PET02720,dog,10,22.2,VENISON,COGNITIVE
U02721,A,2026-11-16 05:21:54,PET02721,cat,14,17.3,,
U02722,A,2026-09-17 05:37:18,PET02722,dog,13,23.5,,
U02723,A,2026-09-17 07:25:44,PET02723,cat,3,26.4,,HEART
U02724,B,2026-10-02 05:39:49,PET02724,cat,2,22.2,,
U02725,B,2026-11-22 18:56:28,PET02725,dog,12,20.3,,SKIN_COAT
U02726,B,2026-10-25 21:52:04,PET02726,dog,2,21.8,,URINARY
U02727,A,2026-12-04 09:12:44,PET02727,dog,6,15.0,,
U02728,A,2026-11-25 10:48:16,PET02728,dog,14,3.9,,
U02729,A,2026-10-27 11:36:34,PET02729,cat,7,6.8,,HEART
U02730,A,2026-11-08 07:26:13,PET02730,cat,1,21.8,,DENTAL
U02731,A,2026-10-07 09:02:16,PET02731,cat,14,32.6,,GUT
U02732,B,2026-09-16 05:27:54,PET02732,cat,10,2.4,,
U02733,B,2026-10-13 10:02:57,PET02733,cat,5,19.7,BEEF,
U02734,B,2026-10-31 10:04:30,PET02734,cat,9,9.9,,
U02735,A,2026-09-24 09:59:30,PET02735,dog,9,20.3,,JOINT
U02736,B,2026-09-27 11:17:37,PET02736,dog,8,26.6,,
U02737,B,2026-09-09 15:52:47,PET02737,dog,14,26.1,,
U02738,B,2026-11-13 18:43:03,PET02738,dog,12,25.8,FISH,EYE
U02739,B,2026-11-27 01:52:51,PET02739,dog,4,27.6,,
U02740,A,2026-11-21 07:50:00,PET02740,dog,14,3.9,,
U02741,A,2026-10-12 15:55:38,PET02741,dog,14,18.6,,
U02742,B,2026-10-31 11:07:04,PET02742,dog,1,10.3,,
U02743,A,2026-12-03 22:53:54,PET02743,dog,5,32.4,,COGNITIVE
U02744,A,2026-10-31 21:46:11,PET02744,dog,9,27.7,,
U02745,A,2026-10-04 11:32:34,PET02745,dog,13,5.1,,
U02746,B,2026-10-08 01:50:24,PET02746,dog,11,9.6,,
U02747,B,2026-11-12 13:19:27,PET02747,cat,9,16.7,,
U02748,A,2026-10-18 22:42:02,PET02748,cat,5,33.8,CORN,HYPOALLERGENIC
U02749,A,2026-11-22 00:10:59,PET02749,dog,2,5.2,PORK,
U02750,A,2026-11-24 22:18:44,PET02750,dog,13,20.5,,
U02751,B,2026-09-11 05:04:05,PET02751,dog,8,12.9,,
U02752,B,2026-11-12 06:25:52,PET02752,dog,7,23.2,,
U02753,B,2026-10-11 19:22:33,PET02753,dog,14,23.2,,
U02754,A,2026-10-24 08:20:30,PET02754,cat,3,9.6,,
U02755,A,2026-10-01 15:43:29,PET02755,dog,4,27.8,,
U02756,A,2026-10-11 02:45:22,PET02756,dog,12,4.6,,IMMUNE
U02757,A,2026-10-07 12:18:43,PET02757,cat,4,28.9,,
U02758,A,2026-09-12 12:01:02,PET02758,dog,14,8.6,,
U02759,A,2026-11-17 17:41:25,PET02759,dog,13,21.3,,
U02760,A,2026-09-20 10:44:45,PET02760,dog,2,13.1,,
U02761,B,2026-10-11 16:27:56,PET02761,cat,7,21.9,,
U02762,B,2026-09-25 10:13:27,PET02762,dog,11,10.5,,RESPIRATORY
U02763,B,2026-09-22 13:20:33,PET02763,cat,7,20.6,,
U02764,B,2026-10-11 06:52:39,PET02764,cat,4,1.8,,
U02765,B,2026-11-29 21:05:29,PET02765,dog,1,14.0,,
U02766,A,2026-12-01 07:33:06,PET02766,cat,1,29.2,,
U02767,A,2026-10-12 22:36:58,PET02767,dog,3,17.0,WHEAT,
U02768,A,2026-10-23 13:23:19,PET02768,dog,4,18.2,,
U02769,B,2026-12-05 10:57:30,PET02769,dog,5,22.3,,WEIGHT_CONTROL
U02770,B,2026-09-29 20:01:41,PET02770,cat,12,16.0,DUCK,
U02771,A,2026-12-02 14:40:33,PET02771,dog,8,30.5,,
U02772,A,2026-09-17 19:17:54,PET02772,dog,2,15.0,,
U02773,A,2026-09-28 04:20:26,PET02773,cat,2,33.1,,
U02774,A,2026-10-08 04:08:35,PET02774,dog,2,30.9,,
U02775,B,2026-09-11 22:58:42,PET02775,cat,5,15.6,WHEAT,KIDNEY
U02776,B,2026-11-20 05:34:24,PET02776,cat,11,13.8,PORK,
U02777,B,2026-11-23 14:00:19,PET02777,cat,1,24.2,,
U02778,B,2026-10-12 06:06:30,PET02778,cat,6,26.8,,WEIGHT_CONTROL
U02779,A,2026-11-22 13:48:57,PET02779,cat,7,7.7,,
U02780,A,2026-11-16 06:35:51,PET02780,dog,3,9.6,OAT,IMMUNE
U02781,A,2026-11-19 06:15:53,PET02781,cat,1,6.4,,
U02782,A,2026-11-19 13:43:12,PET02782,cat,4,27.0,,HYPOALLERGENIC
U02783,A,2026-10-29 12:54:21,PET02783,cat,3,25.4,,GUT
U02784,B,2026-09-17 17:38:23,PET02784,cat,12,7.8,,
U02785,B,2026-11-30 10:37:56,PET02785,dog,13,19.5,,
U02786,A,2026-11-01 17:11:53,PET02786,dog,9,27.1,,JOINT
U02787,A,2026-11-28 17:04:43,PET02787,dog,11,33.2,,
U02788,A,2026-12-03 16:23:07,PET02788,dog,11,7.5,,JOINT
U02789,A,2026-09-24 11:05:25,PET02789,cat,13,11.7,,
U02790,A,2026-10-14 11:16:43,PET02790,cat,2,13.2,,
U02791,A,2026-09-25 13:26:31,PET02791,dog,14,22.4,,LIVER
U02792,A,2026-09-12 16:45:51,PET02792,dog,7,6.1,,
U02793,A,2026-12-03 21:55:27,PET02793,cat,8,8.0,,
U02794,B,2026-11-30 18:20:10,PET02794,dog,12,27.6,EGG,HYPOALLERGENIC
U02795,B,2026-11-30 11:28:41,PET02795,cat,7,19.7,,
U02796,A,2026-11-26 20:44:09,PET02796,cat,4,6.9,,
U02797,B,2026-11-05 11:38:52,PET02797,dog,1,14.5,,DENTAL
U02798,B,2026-10-24 17:20:52,PET02798,dog,3,6.0,,IMMUNE
U02799,B,2026-12-06 02:53:45,PET02799,cat,2,13.7,,
U02800,B,2026-10-27 01:49:23,PET02800,dog,6,14.9,,
U02801,B,2026-11-04 18:11:19,PET02801,cat,11,5.3,CORN,EYE
U02802,A,2026-09-27 11:01:50,PET02802,dog,5,3.5,,
U02803,A,2026-11-14 10:32:45,PET02803,dog,9,31.0,,URINARY
U02804,A,2026-11-20 22:49:00,PET02804,dog,3,31.2,,EYE
U02805,B,2026-11-08 20:49:32,PET02805,cat,9,1.6,,
U02806,B,2026-10-22 11:24:17,PET02806,cat,14,23.0,,EYE
U02807,B,2026-09-25 15:23:35,PET02807,cat,5,4.6,,WEIGHT_CONTROL
U02808,A,2026-09-11 22:54:15,PET02808,dog,7,28.6,,STRESS_CALMING
U02809,A,2026-11-03 04:08:40,PET02809,cat,14,31.0,,
U02810,A,2026-11-08 03:31:23,PET02810,dog,9,22.2,FISH,
U02811,A,2026-11-16 04:33:54,PET02811,cat,6,22.0,,
U02812,B,2026-12-02 01:46:56,PET02812,cat,2,13.9,SOY,
U02813,A,2026-10-22 04:47:58,PET02813,dog,14,9.9,,
U02814,A,2026-11-21 08:50:42,PET02814,cat,9,18.2,,HYPOALLERGENIC
U02815,B,2026-11-11 09:34:28,PET02815,dog,1,6.0,,JOINT
U02816,A,2026-10-02 05:50:36,PET02816,dog,8,24.0,,WEIGHT_CONTROL
U02817,A,2026-11-23 13:20:42,PET02817,dog,14,17.2,,
U02818,A,2026-09-12 10:14:09,PET02818,cat,14,7.4,,SKIN_COAT
U02819,B,2026-10-31 07:01:26,PET02819,dog,3,21.2,INSECT,HEART
U02820,A,2026-12-01 10:01:08,PET02820,cat,6,28.1,,
U02821,B,2026-11-06 23:46:14,PET02821,dog,14,21.2,,
U02822,A,2026-12-01 11:47:37,PET02822,cat,11,19.2,,
U02823,A,2026-09-13 16:53:39,PET02823,cat,8,29.9,,
U02824,A,2026-10-25 13:43:07,PET02824,dog,5,1.9,,URINARY
U02825,B,2026-11-17 00:40:47,PET02825,cat,11,22.2,POTATO,
U02826,B,2026-11-04 20:37:31,PET02826,cat,9,15.2,,
U02827,A,2026-11-26 20:56:02,PET02827,dog,8,8.0,SOY,
U02828,A,2026-10-19 05:29:45,PET02828,dog,13,34.3,,
U02829,A,2026-11-08 10:50:17,PET02829,dog,6,15.0,,
U02830,A,2026-10-15 17:12:22,PET02830,cat,9,12.7,,HAIRBALL
U02831,B,2026-11-25 14:44:05,PET02831,cat,1,7.2,BEEF,
U02832,A,2026-09-18 17:36:42,PET02832,cat,10,34.9,,
U02833,B,2026-09-30 13:34:26,PET02833,cat,8,30.2,,SKIN_COAT
U02834,B,2026-09-16 12:55:59,PET02834,cat,13,3.8,,
U02835,B,2026-11-10 17:35:26,PET02835,dog,5,20.5,,
U02836,A,2026-09-28 22:27:12,PET02836,dog,13,6.4,,COGNITIVE
U02837,A,2026-10-06 06:17:06,PET02837,cat,9,25.5,POTATO,
U02838,A,2026-11-22 16:12:03,PET02838,dog,3,17.7,,
U02839,B,2026-10-10 04:44:01,PET02839,dog,3,5.2,TURKEY,GUT
U02840,B,2026-09-21 18:00:08,PET02840,cat,3,20.2,,
U02841,A,2026-09-09 17:43:15,PET02841,cat,5,32.0,,
U02842,B,2026-09-28 23:04:22,PET02842,cat,8,12.9,POTATO,SKIN_COAT
U02843,B,2026-11-29 23:36:26,PET02843,dog,13,3.2,FISH,
U02844,A,2026-10-27 10:54:49,PET02844,cat,14,33.2,,
U02845,B,2026-12-06 20:49:29,PET02845,dog,10,6.3,,
U02846,A,2026-09-27 05:30:12,PET02846,dog,7,17.4,,
U02847,A,2026-10-09 15:53:42,PET02847,cat,9,19.7,,COGNITIVE
U02848,A,2026-09-22 12:42:48,PET02848,cat,5,9.4,,
U02849,B,2026-10-13 17:57:52,PET02849,cat,4,7.4,,
U02850,A,2026-10-28 17:06:58,PET02850,cat,8,5.3,,HEART
U02851,B,2026-11-19 02:11:47,PET02851,cat,12,3.8,,
U02852,B,2026-10-11 17:54:18,PET02852,dog,1,18.5,,COGNITIVE
U02853,B,2026-11-16 07:27:15,PET02853,dog,2,29.7,SOY,WEIGHT_CONTROL
U02854,B,2026-11-03 04:06:17,PET02854,cat,3,5.7,,GUT
U02855,A,2026-10-04 13:15:12,PET02855,cat,3,25.0,,DENTAL
U02856,A,2026-11-29 16:40:06,PET02856,dog,3,15.3,,LIVER
U02857,A,2026-10-17 10:14:27,PET02857,dog,2,2.7,,
U02858,A,2026-09-21 06:12:08,PET02858,dog,1,19.5,VENISON,STRESS_CALMING
U02859,A,2026-12-03 08:19:48,PET02859,dog,5,9.9,,WEIGHT_CONTROL
U02860,B,2026-11-29 19:17:40,PET02860,cat,11,21.8,,IMMUNE
U02861,B,2026-09-12 10:57:39,PET02861,dog,3,13.2,,
U02862,A,2026-11-28 12:39:41,PET02862,dog,5,23.8,,IMMUNE
U02863,A,2026-12-02 05:04:37,PET02863,cat,14,32.3,,
U02864,B,2026-11-21 23:55:02,PET02864,dog,3,9.7,,HEART
U02865,B,2026-09-30 03:02:55,PET02865,dog,14,33.0,WHEAT,HYPOALLERGENIC
U02866,B,2026-11-03 22:39:36,PET02866,dog,8,8.3,,
U02867,A,2026-10-26 16:45:52,PET02867,dog,11,3.9,,
U02868,A,2026-11-02 06:59:53,PET02868,dog,5,8.0,OAT,
U02869,B,2026-11-02 12:52:32,PET02869,dog,5,28.8,LAMB,
U02870,A,2026-11-04 03:37:13,PET02870,dog,6,24.2,EGG,EYE
U02871,B,2026-10-24 12:41:00,PET02871,dog,2,34.0,,DENTAL
U02872,A,2026-11-09 17:31:49,PET02872,dog,5,25.3,VENISON,
U02873,B,2026-10-25 11:12:09,PET02873,dog,13,15.3,,LIVER
U02874,A,2026-09-09 04:37:06,PET02874,cat,1,31.4,,
U02875,A,2026-09-11 04:26:17,PET02875,dog,9,33.6,,
U02876,A,2026-12-03 01:45:00,PET02876,dog,10,28.0,WHEAT,DENTAL
U02877,B,2026-11-28 16:39:36,PET02877,cat,2,20.1,,LIVER
U02878,B,2026-10-30 03:13:55,PET02878,dog,2,29.2,,
U02879,B,2026-09-23 03:59:48,PET02879,dog,8,7.5,,
U02880,A,2026-11-17 19:11:21,PET02880,cat,4,31.7,,
U02881,A,2026-09-20 19:05:40,PET02881,cat,14,35.0,,HEART
U02882,B,2026-10-11 08:15:51,PET02882,dog,3,23.8,,
U02883,B,2026-10-07 09:36:22,PET02883,cat,2,8.1,,COGNITIVE
U02884,B,2026-09-09 04:42:41,PET02884,cat,5,6.3,,SKIN_COAT
U02885,B,2026-11-19 06:40:12,PET02885,dog,5,33.6,,
U02886,A,2026-10-23 04:33:09,PET02886,dog,3,30.7,,
U02887,B,2026-10-06 04:00:51,PET02887,dog,10,26.6,,
U02888,B,2026-10-23 11:07:53,PET02888,cat,5,33.3,,
U02889,B,2026-09-08 19:16:49,PET02889,dog,8,18.4,,
U02890,A,2026-10-17 16:35:59,PET02890,dog,4,31.2,,
U02891,B,2026-10-24 06:33:05,PET02891,dog,2,7.0,,
U02892,B,2026-10-08 10:10:47,PET02892,cat,1,7.6,,
U02893,A,2026-11-21 11:16:44,PET02893,dog,1,18.7,,
U02894,A,2026-09-30 09:20:41,PET02894,dog,13,12.6,,
U02895,A,2026-09-20 23:13:47,PET02895,dog,4,16.0,,
U02896,A,2026-10-25 22:47:54,PET02896,cat,5,28.2,WHEAT,
U02897,A,2026-11-26 10:03:33,PET02897,dog,9,3.3,,COGNITIVE
U02898,B,2026-10-11 17:39:28,PET02898,cat,2,25.6,,
U02899,B,2026-09-12 19:10:25,PET02899,dog,9,4.5,,
U02900,A,2026-12-04 03:52:34,PET02900,dog,8,29.9,,
U02901,B,2026-10-17 22:40:34,PET02901,dog,12,8.3,,
U02902,A,2026-09-23 22:31:30,PET02902,dog,2,26.1,,COGNITIVE
U02903,B,2026-11-02 13:44:37,PET02903,dog,1,21.3,INSECT,
U02904,B,2026-10-06 05:57:21,PET02904,cat,11,14.4,,JOINT
U02905,A,2026-12-01 23:04:21,PET02905,dog,6,10.5,,
U02906,A,2026-10-04 05:00:03,PET02906,cat,1,3.4,,
U02907,B,2026-10-27 08:11:48,PET02907,dog,8,13.3,,
U02908,A,2026-10-26 10:40:09,PET02908,cat,7,8.2,,IMMUNE
U02909,B,2026-09-29 06:22:11,PET02909,dog,14,6.1,,
U02910,B,2026-10-22 05:10:24,PET02910,dog,14,26.2,,
U02911,A,2026-09-17 07:54:01,PET02911,dog,8,8.6,EGG,
U02912,B,2026-11-04 01:24:51,PET02912,cat,3,9.0,,
U02913,A,2026-11-15 09:23:21,PET02913,cat,11,12.9,,
U02914,A,2026-12-02 13:15:03,PET02914,cat,3,17.0,,
U02915,B,2026-10-07 10:43:53,PET02915,cat,12,18.7,,
U02916,B,2026-10-03 08:26:16,PET02916,dog,9,23.8,,STRESS_CALMING
U02917,A,2026-10-27 06:12:43,PET02917,dog,5,21.2,,
U02918,A,2026-11-09 20:14:10,PET02918,dog,14,17.6,,
U02919,B,2026-12-06 14:38:56,PET02919,cat,8,14.7,POTATO,
U02920,B,2026-09-10 06:38:33,PET02920,dog,6,10.4,,
U02921,B,2026-09-29 23:11:11,PET02921,dog,3,25.3,,EYE
U02922,A,2026-10-01 12:10:03,PET02922,cat,10,12.1,,
U02923,A,2026-09-30 05:54:49,PET02923,dog,4,30.0,,
U02924,A,2026-10-19 11:29:09,PET02924,cat,3,21.1,,
U02925,B,2026-11-25 16:19:56,PET02925,dog,2,22.7,,HYPOALLERGENIC
U02926,A,2026-09-10 20:29:58,PET02926,cat,9,18.5,,GUT
U02927,A,2026-11-20 01:57:39,PET02927,cat,13,32.6,,HYPOALLERGENIC
U02928,B,2026-11-02 19:40:35,PET02928,cat,4,15.6,,GUT
U02929,A,2026-11-02 20:26:26,PET02929,dog,4,15.8,,
U02930,B,2026-11-08 18:16:52,PET02930,dog,9,31.4,WHEAT,
U02931,B,2026-09-18 03:51:28,PET02931,dog,3,21.8,,RESPIRATORY
U02932,B,2026-11-14 08:45:41,PET02932,dog,2,16.5,,
U02933,A,2026-09-30 13:15:26,PET02933,cat,9,10.3,,
U02934,B,2026-10-24 06:12:26,PET02934,dog,8,9.7,,
U02935,B,2026-11-07 01:41:09,PET02935,dog,1,28.3,POTATO,
U02936,A,2026-11-01 01:47:12,PET02936,dog,4,10.9,,
U02937,B,2026-10-07 11:10:10,PET02937,cat,3,1.7,,WEIGHT_CONTROL
U02938,B,2026-10-13 22:04:20,PET02938,dog,10,2.2,,
U02939,A,2026-10-20 10:43:49,PET02939,dog,10,34.3,,GUT
U02940,A,2026-09-11 22:55:49,PET02940,dog,11,20.3,POTATO,
U02941,A,2026-11-12 04:12:30,PET02941,dog,2,17.9,,
U02942,A,2026-09-16 08:30:41,PET02942,cat,12,32.2,,
U02943,A,2026-10-19 12:55:52,PET02943,dog,3,13.3,,COGNITIVE
U02944,B,2026-11-05 23:57:13,PET02944,cat,14,28.1,TURKEY,
U02945,B,2026-09-15 00:19:50,PET02945,cat,13,25.7,LAMB,
U02946,A,2026-12-06 01:07:39,PET02946,cat,7,17.5,,
U02947,A,2026-10-11 07:15:04,PET02947,cat,11,27.5,,
U02948,B,2026-09-09 06:28:40,PET02948,cat,10,33.9,,DENTAL
U02949,A,2026-11-06 05:24:12,PET02949,dog,11,8.2,FISH,
U02950,B,2026-10-28 11:57:59,PET02950,dog,1,2.1,,
U02951,A,2026-11-04 22:54:41,PET02951,cat,2,29.0,,URINARY
U02952,A,2026-11-14 00:33:57,PET02952,cat,13,15.0,,
U02953,B,2026-10-20 14:00:26,PET02953,dog,11,19.7,,
U02954,A,2026-11-21 07:12:48,PET02954,dog,9,9.0,,
U02955,B,2026-10-11 03:31:47,PET02955,dog,5,29.7,POTATO,IMMUNE
U02956,A,2026-10-27 08:22:29,PET02956,dog,6,25.7,,
U02957,B,2026-09-22 05:09:09,PET02957,dog,6,33.4,,
U02958,A,2026-11-02 11:45:39,PET02958,dog,7,17.4,,
U02959,A,2026-10-01 10:50:52,PET02959,dog,9,34.2,WHEAT,
U02960,B,2026-11-09 00:48:01,PET02960,cat,11,18.6,,
U02961,B,2026-11-19 04:18:20,PET02961,cat,6,22.3,,COGNITIVE
U02962,A,2026-11-24 22:45:33,PET02962,cat,12,24.1,,
U02963,B,2026-11-30 15:03:02,PET02963,cat,2,17.9,,
U02964,A,2026-09-19 07:35:18,PET02964,dog,12,20.4,,
U02965,A,2026-09-20 05:00:37,PET02965,dog,10,9.0,,RESPIRATORY
U02966,B,2026-11-30 14:26:31,PET02966,cat,8,13.6,,
U02967,B,2026-10-12 09:47:36,PET02967,cat,6,25.0,,
U02968,A,2026-09-10 10:29:17,PET02968,cat,6,2.8,,
U02969,B,2026-10-03 03:34:05,PET02969,cat,6,25.0,TURKEY,JOINT
U02970,B,2026-11-22 23:36:33,PET02970,cat,14,11.7,,GUT
U02971,A,2026-10-09 02:59:18,PET02971,cat,1,10.6,,
U02972,A,2026-09-14 01:44:19,PET02972,cat,9,24.7,,
U02973,B,2026-11-11 11:45:45,PET02973,cat,14,8.7,,
U02974,B,2026-09-25 01:21:12,PET02974,dog,8,33.7,,
U02975,B,2026-10-09 06:11:33,PET02975,dog,9,34.7,,
U02976,B,2026-09-08 19:10:29,PET02976,dog,9,16.8,,COGNITIVE
U02977,A,2026-11-01 08:13:24,PET02977,dog,8,14.9,BEEF,
U02978,B,2026-10-18 03:47:51,PET02978,cat,9,4.1,,
U02979,B,2026-11-25 13:04:11,PET02979,dog,13,27.6,INSECT,
U02980,B,2026-10-08 20:34:13,PET02980,dog,10,7.0,,EYE
U02981,B,2026-09-26 09:20:34,PET02981,cat,12,32.8,,
U02982,A,2026-09-22 15:00:50,PET02982,dog,8,34.7,,
U02983,A,2026-09-26 20:06:34,PET02983,cat,11,5.6,,
U02984,B,2026-10-18 19:36:48,PET02984,dog,13,24.4,CORN,
U02985,A,2026-09-15 10:02:55,PET02985,dog,3,17.1,VENISON,
U02986,A,2026-10-14 19:23:34,PET02986,dog,13,19.6,,
U02987,A,2026-11-23 18:59:41,PET02987,dog,10,7.5,,
U02988,A,2026-11-16 02:46:01,PET02988,dog,7,25.7,,
U02989,B,2026-11-04 09:23:10,PET02989,dog,11,7.1,,RESPIRATORY
U02990,B,2026-11-27 03:08:06,PET02990,dog,3,31.2,,
U02991,A,2026-11-17 17:13:30,PET02991,dog,10,16.7,,
U02992,B,2026-11-05 12:29:24,PET02992,cat,9,22.8,,
U02993,B,2026-11-24 17:29:08,PET02993,dog,13,32.4,,IMMUNE
U02994,A,2026-09-19 02:16:29,PET02994,dog,9,26.2,,SKIN_COAT
U02995,B,2026-11-20 08:04:52,PET02995,dog,8,19.6,,STRESS_CALMING
U02996,A,2026-10-04 22:29:06,PET02996,cat,8,15.0,RICE,
U02997,A,2026-11-12 05:45:13,PET02997,cat,8,17.0,,
U02998,A,2026-11-29 22:50:20,PET02998,cat,13,12.9,,
U02999,B,2026-10-22 17:13:02,PET02999,cat,11,33.2,,DENTAL
U03000,B,2026-09-15 17:04:04,PET03000,dog,2,10.0,,URINARY
U03001,A,2026-10-11 11:28:43,PET03001,cat,8,15.2,,
U03002,B,2026-10-14 05:45:45,PET03002,dog,5,27.6,,LIVER
U03003,B,2026-12-01 06:34:14,PET03003,cat,3,13.7,,STRESS_CALMING
U03004,B,2026-12-01 03:29:12,PET03004,dog,13,31.2,,
U03005,A,2026-10-29 06:02:25,PET03005,dog,13,9.6,,
U03006,B,2026-12-02 03:00:20,PET03006,cat,14,2.6,,
U03007,A,2026-10-17 05:46:48,PET03007,cat,6,22.6,,IMMUNE
U03008,A,2026-10-15 22:41:48,PET03008,cat,6,18.5,,GUT
U03009,B,2026-11-22 05:20:56,PET03009,dog,11,32.8,,
U03010,B,2026-11-07 03:12:08,PET03010,dog,3,15.7,,
U03011,A,2026-10-25 19:23:31,PET03011,dog,1,6.0,,
U03012,A,2026-10-19 12:49:48,PET03012,dog,6,12.5,,
U03013,B,2026-11-10 08:43:50,PET03013,dog,9,14.7,,IMMUNE
U03014,B,2026-11-14 02:02:01,PET03014,dog,7,21.0,,
U03015,B,2026-10-22 18:40:22,PET03015,cat,3,10.7,,SKIN_COAT
U03016,B,2026-09-10 13:55:32,PET03016,dog,8,19.9,,JOINT
U03017,A,2026-09-17 04:50:14,PET03017,cat,14,31.9,,
U03018,A,2026-09-20 14:59:38,PET03018,cat,4,15.7,OAT,EYE
U03019,A,2026-10-19 15:01:08,PET03019,cat,6,23.3,,RESPIRATORY
U03020,B,2026-11-02 06:11:39,PET03020,dog,5,9.2,WHEAT,GUT
U03021,B,2026-11-19 23:28:44,PET03021,dog,5,28.3,,STRESS_CALMING
U03022,A,2026-09-28 10:16:16,PET03022,dog,10,10.5,,
U03023,A,2026-11-17 02:18:09,PET03023,cat,6,20.9,,
U03024,B,2026-11-06 09:45:49,PET03024,dog,9,11.6,,DENTAL
U03025,B,2026-09-12 13:54:21,PET03025,dog,1,3.8,DAIRY,SKIN_COAT
U03026,B,2026-10-09 21:24:27,PET03026,cat,10,12.2,,
U03027,B,2026-10-05 20:47:25,PET03027,cat,2,8.6,LAMB,RESPIRATORY
U03028,A,2026-11-26 22:57:28,PET03028,cat,6,31.4,VENISON,
U03029,A,2026-11-29 19:52:38,PET03029,dog,13,10.4,,JOINT
U03030,B,2026-11-20 18:07:00,PET03030,cat,5,34.1,VENISON,
U03031,B,2026-10-25 04:14:33,PET03031,dog,10,18.0,,JOINT
U03032,A,2026-10-22 08:15:52,PET03032,dog,5,8.9,,
U03033,A,2026-10-06 19:45:46,PET03033,cat,13,14.6,,
U03034,A,2026-11-16 19:41:11,PET03034,cat,14,7.6,,LIVER
U03035,A,2026-09-15 23:36:17,PET03035,dog,13,29.4,,
U03036,A,2026-10-02 03:55:33,PET03036,dog,6,5.5,,
U03037,B,2026-09-20 21:04:12,PET03037,dog,5,30.8,,
U03038,A,2026-10-22 20:53:52,PET03038,cat,9,3.0,,
U03039,B,2026-10-04 22:45:42,PET03039,cat,12,11.5,DUCK,IMMUNE
U03040,A,2026-09-25 06:37:12,PET03040,dog,8,6.2,,
U03041,B,2026-10-11 11:35:15,PET03041,dog,11,24.5,,HYPOALLERGENIC
U03042,B,2026-11-24 12:21:11,PET03042,cat,13,18.7,SOY,
U03043,B,2026-10-28 11:00:13,PET03043,cat,11,33.0,,
U03044,A,2026-11-21 00:00:42,PET03044,dog,6,13.8,,GUT
U03045,B,2026-11-29 16:08:04,PET03045,cat,4,2.9,EGG,
U03046,B,2026-11-28 07:29:18,PET03046,cat,7,27.0,,
U03047,B,2026-10-09 02:10:08,PET03047,dog,9,20.9,,RESPIRATORY
U03048,B,2026-11-25 02:07:31,PET03048,cat,12,29.2,,
U03049,A,2026-11-28 12:53:58,PET03049,cat,5,15.8,,
U03050,A,2026-12-03 07:29:02,PET03050,dog,3,26.2,,
U03051,B,2026-10-09 21:45:09,PET03051,cat,5,7.2,POTATO,
U03052,B,2026-09-28 01:38:25,PET03052,cat,9,35.0,,
U03053,A,2026-10-30 14:43:44,PET03053,dog,4,7.3,,
U03054,B,2026-11-30 03:58:26,PET03054,dog,6,29.3,,
U03055,A,2026-11-28 13:25:37,PET03055,cat,4,8.6,,
U03056,B,2026-10-29 05:50:34,PET03056,dog,14,27.7,,
U03057,B,2026-09-21 17:58:27,PET03057,dog,8,30.4,,
U03058,B,2026-10-16 11:21:23,PET03058,dog,11,30.9,,URINARY
U03059,A,2026-11-11 21:04:45,PET03059,cat,8,17.4,,
U03060,A,2026-10-28 10:36:37,PET03060,cat,1,15.9,,
U03061,B,2026-10-09 05:38:33,PET03061,cat,4,29.4,,HEART
U03062,B,2026-10-08 19:26:11,PET03062,cat,12,20.9,,SKIN_COAT
U03063,B,2026-09-13 06:46:40,PET03063,dog,8,22.3,OAT,
U03064,B,2026-10-03 05:47:35,PET03064,dog,10,9.4,,COGNITIVE
U03065,B,2026-11-07 01:21:45,PET03065,cat,11,16.4,,
U03066,A,2026-09-29 06:19:38,PET03066,dog,8,13.9,,
U03067,A,2026-12-06 14:06:55,PET03067,cat,9,23.8,,
U03068,A,2026-09-15 20:30:55,PET03068,dog,4,8.1,,
U03069,A,2026-10-30 08:28:40,PET03069,dog,4,15.1,,
U03070,A,2026-10-22 06:23:21,PET03070,cat,3,29.9,,
U03071,A,2026-11-21 22:15:27,PET03071,dog,5,19.8,,
U03072,A,2026-11-26 12:19:01,PET03072,dog,9,31.5,,WEIGHT_CONTROL
U03073,A,2026-10-26 20:59:14,PET03073,dog,13,9.3,,JOINT
U03074,A,2026-11-03 17:42:54,PET03074,dog,7,16.2,VENISON,HEART
U03075,B,2026-11-09 21:57:36,PET03075,dog,9,18.3,,LIVER
U03076,B,2026-10-24 14:20:30,PET03076,cat,13,14.9,CHICKEN,
U03077,B,2026-09-24 04:16:57,PET03077,dog,10,24.4,,
U03078,A,2026-10-16 16:47:01,PET03078,cat,4,6.5,,
U03079,A,2026-09-29 16:21:46,PET03079,cat,4,18.9,PORK,
U03080,B,2026-10-19 05:01:06,PET03080,dog,9,6.1,,
U03081,A,2026-11-02 02:01:43,PET03081,dog,5,22.6,,
U03082,A,2026-09-26 02:02:46,PET03082,cat,4,29.3,,SKIN_COAT
U03083,A,2026-09-30 05:14:06,PET03083,cat,9,2.2,,
U03084,B,2026-11-21 23:18:14,PET03084,cat,9,16.8,SOY,
U03085,B,2026-10-11 04:16:28,PET03085,dog,4,18.0,EGG,
U03086,B,2026-09-25 21:29:54,PET03086,cat,1,25.6,,EYE
U03087,B,2026-11-11 06:37:12,PET03087,cat,11,4.0,,
U03088,A,2026-11-11 07:52:45,PET03088,cat,6,15.1,,
U03089,B,2026-11-21 09:30:24,PET03089,dog,9,27.8,,
U03090,B,2026-11-15 13:01:50,PET03090,cat,3,19.3,,
U03091,A,2026-12-06 13:19:54,PET03091,dog,5,26.6,,
U03092,B,2026-10-29 12:46:43,PET03092,cat,9,13.7,,
U03093,B,2026-10-03 15:01:15,PET03093,dog,2,32.3,,
U03094,A,2026-11-24 07:07:47,PET03094,cat,5,4.1,,
U03095,B,2026-10-01 11:56:48,PET03095,dog,11,4.6,,
U03096,A,2026-10-04 19:54:23,PET03096,cat,11,19.2,,
U03097,B,2026-11-21 08:21:45,PET03097,dog,5,17.3,,HYPOALLERGENIC
U03098,A,2026-11-26 11:58:06,PET03098,dog,2,22.9,,
U03099,B,2026-10-08 09:01:17,PET03099,cat,1,9.2,,
U03100,B,2026-11-12 16:48:59,PET03100,cat,8,9.1,,URINARY
U03101,A,2026-11-30 09:30:56,PET03101,dog,10,26.6,,
U03102,A,2026-11-18 08:59:25,PET03102,cat,9,11.3,,
U03103,A,2026-09-08 13:05:09,PET03103,dog,6,25.9,BEEF,
U03104,A,2026-11-06 09:06:00,PET03104,cat,1,23.0,,
U03105,A,2026-09-23 18:26:12,PET03105,cat,4,4.3,,KIDNEY
U03106,A,2026-11-23 12:56:12,PET03106,cat,1,25.3,,DENTAL
U03107,B,2026-09-14 22:35:44,PET03107,cat,7,31.0,,
U03108,B,2026-12-06 05:22:29,PET03108,dog,5,28.9,,COGNITIVE
U03109,B,2026-09-23 18:15:30,PET03109,dog,1,1.8,,
U03110,A,2026-10-15 09:44:26,PET03110,cat,9,19.6,WHEAT,
U03111,B,2026-09-29 23:40:35,PET03111,dog,6,32.1,,JOINT
U03112,A,2026-11-20 13:38:50,PET03112,dog,14,21.6,,GUT
U03113,A,2026-10-13 23:57:44,PET03113,cat,6,11.2,,
U03114,A,2026-11-14 23:08:31,PET03114,dog,2,8.0,,
U03115,B,2026-09-14 10:09:14,PET03115,dog,10,24.4,,
U03116,B,2026-10-18 08:12:09,PET03116,cat,10,27.3,,
U03117,B,2026-11-28 19:39:01,PET03117,dog,14,32.1,,KIDNEY
U03118,B,2026-11-30 17:32:20,PET03118,dog,10,31.8,,
U03119,A,2026-09-26 15:54:40,PET03119,dog,6,12.9,,
U03120,A,2026-10-13 06:49:08,PET03120,dog,10,21.7,,
U03121,B,2026-10-14 08:27:52,PET03121,cat,12,4.9,,
U03122,A,2026-10-28 22:23:08,PET03122,cat,8,4.7,,
U03123,A,2026-10-26 11:49:29,PET03123,cat,12,3.9,INSECT,STRESS_CALMING
U03124,B,2026-09-17 13:44:01,PET03124,dog,14,32.6,OAT,
U03125,A,2026-11-15 09:19:52,PET03125,dog,11,6.6,,
U03126,A,2026-09-28 16:00:18,PET03126,dog,8,17.7,,JOINT
U03127,B,2026-10-06 05:12:36,PET03127,cat,7,16.0,,
U03128,B,2026-11-22 19:40:55,PET03128,cat,12,12.4,,
U03129,B,2026-11-09 06:16:29,PET03129,dog,13,19.5,,HYPOALLERGENIC
U03130,A,2026-10-13 21:23:50,PET03130,cat,4,1.6,,URINARY
U03131,A,2026-11-29 22:01:19,PET03131,cat,1,14.2,RICE,
U03132,B,2026-10-13 19:22:02,PET03132,dog,12,17.6,,
U03133,A,2026-10-28 11:16:52,PET03133,cat,4,28.4,CORN,
U03134,A,2026-09-30 13:07:09,PET03134,cat,14,25.0,SOY,SKIN_COAT
U03135,A,2026-09-24 00:27:41,PET03135,dog,1,30.0,,RESPIRATORY
U03136,A,2026-10-22 14:19:02,PET03136,dog,13,14.1,,
U03137,B,2026-10-28 12:31:32,PET03137,cat,10,6.2,,
U03138,A,2026-11-19 16:12:22,PET03138,cat,5,14.9,POTATO,
U03139,B,2026-10-13 10:14:01,PET03139,cat,1,33.8,,
U03140,B,2026-11-27 14:39:20,PET03140,cat,12,8.7,,
U03141,B,2026-11-01 11:30:04,PET03141,cat,2,7.4,,
U03142,A,2026-09-14 04:57:57,PET03142,dog,2,33.1,,
U03143,A,2026-11-13 17:48:15,PET03143,dog,12,33.3,,
U03144,B,2026-10-29 09:01:22,PET03144,dog,10,6.5,VENISON,KIDNEY
U03145,A,2026-10-13 04:32:38,PET03145,cat,2,27.3,TURKEY,
U03146,B,2026-10-20 03:19:25,PET03146,cat,5,15.9,,HYPOALLERGENIC
U03147,B,2026-10-05 15:07:11,PET03147,cat,10,18.0,LAMB,
U03148,B,2026-11-02 05:32:17,PET03148,dog,10,18.2,,
U03149,B,2026-10-29 04:50:31,PET03149,dog,6,33.9,DAIRY,
U03150,B,2026-10-18 19:59:31,PET03150,cat,6,7.7,,
U03151,B,2026-10-03 04:53:01,PET03151,dog,2,27.4,,
U03152,B,2026-10-13 00:51:20,PET03152,dog,1,1.7,,GUT
U03153,B,2026-10-22 14:38:40,PET03153,cat,14,22.6,,
U03154,B,2026-10-20 11:27:03,PET03154,cat,4,23.4,,
U03155,B,2026-10-05 08:57:08,PET03155,cat,13,26.7,,
U03156,B,2026-10-30 23:08:43,PET03156,dog,1,32.5,,KIDNEY
U03157,A,2026-09-28 19:52:25,PET03157,dog,14,26.8,,
U03158,B,2026-10-23 02:58:48,PET03158,dog,6,26.0,,
U03159,A,2026-09-18 13:02:24,PET03159,dog,12,10.0,CORN,
U03160,A,2026-10-20 01:56:52,PET03160,dog,12,34.8,,
U03161,B,2026-11-17 16:19:05,PET03161,dog,5,17.2,,
U03162,B,2026-11-20 16:09:01,PET03162,cat,11,15.5,OAT,
U03163,B,2026-11-09 10:49:38,PET03163,dog,5,18.3,,
U03164,A,2026-11-14 06:29:47,PET03164,dog,12,14.7,SOY,GUT
U03165,A,2026-09-13 11:51:17,PET03165,dog,14,21.4,WHEAT,
U03166,B,2026-10-08 16:02:18,PET03166,cat,12,13.2,TURKEY,WEIGHT_CONTROL
U03167,A,2026-11-05 00:36:55,PET03167,dog,11,9.5,,RESPIRATORY
U03168,A,2026-11-19 13:30:32,PET03168,dog,6,32.6,,
U03169,B,2026-10-30 18:42:22,PET03169,dog,2,32.6,,
U03170,A,2026-11-23 20:13:16,PET03170,dog,8,18.1,,
U03171,B,2026-10-02 08:58:34,PET03171,cat,2,33.7,,
U03172,A,2026-09-21 02:39:17,PET03172,dog,8,15.4,,HYPOALLERGENIC
U03173,B,2026-09-15 07:18:59,PET03173,dog,13,14.5,CORN,HEART
U03174,A,2026-10-30 00:28:49,PET03174,cat,2,32.2,,JOINT
U03175,A,2026-11-06 18:18:55,PET03175,dog,13,22.7,,
U03176,A,2026-10-03 02:07:09,PET03176,cat,9,27.0,,
U03177,B,2026-11-17 14:24:49,PET03177,dog,1,15.3,INSECT,
U03178,B,2026-11-13 02:39:43,PET03178,cat,11,15.1,,HYPOALLERGENIC
U03179,A,2026-10-10 03:49:41,PET03179,dog,1,4.3,,LIVER
U03180,A,2026-09-29 03:08:27,PET03180,dog,9,33.9,,HEART
U03181,B,2026-11-13 04:00:16,PET03181,dog,8,9.1,,
U03182,B,2026-11-07 21:19:18,PET03182,cat,11,18.1,,EYE
U03183,B,2026-09-23 00:12:55,PET03183,dog,6,5.3,,JOINT
U03184,B,2026-09-30 13:01:53,PET03184,cat,2,23.2,LAMB,
U03185,B,2026-10-21 07:56:10,PET03185,cat,6,14.6,,LIVER
U03186,B,2026-10-24 19:07:47,PET03186,dog,11,27.2,RICE,
U03187,A,2026-09-22 17:59:06,PET03187,dog,14,19.2,WHEAT,
U03188,B,2026-12-02 04:57:17,PET03188,dog,3,5.8,CHICKEN,SKIN_COAT
U03189,B,2026-10-12 00:50:37,PET03189,cat,5,1.9,DUCK,GUT
U03190,A,2026-10-12 22:06:35,PET03190,cat,13,8.6,,KIDNEY
U03191,B,2026-09-13 05:14:15,PET03191,dog,5,25.8,,EYE
U03192,A,2026-11-25 10:19:56,PET03192,dog,4,29.3,,
U03193,B,2026-09-29 00:06:10,PET03193,cat,12,12.9,,
U03194,B,2026-12-05 23:01:57,PET03194,dog,7,19.5,,
U03195,A,2026-10-22 16:37:00,PET03195,dog,9,9.5,,
U03196,A,2026-11-25 19:48:03,PET03196,dog,7,31.0,,HYPOALLERGENIC
U03197,A,2026-09-24 21:15:12,PET03197,dog,9,33.8,,
U03198,B,2026-09-22 05:59:40,PET03198,cat,4,26.7,,COGNITIVE
U03199,B,2026-11-19 00:12:40,PET03199,cat,11,4.5,,
U03200,B,2026-11-20 08:40:25,PET03200,dog,6,16.1,,
U03201,B,2026-10-26 18:04:40,PET03201,dog,8,34.7,,IMMUNE
U03202,A,2026-09-10 18:28:52,PET03202,cat,3,9.2,,
U03203,B,2026-12-01 18:10:14,PET03203,dog,1,24.0,,JOINT
U03204,B,2026-10-13 13:59:52,PET03204,dog,8,32.9,PORK,GUT
U03205,B,2026-12-01 05:49:41,PET03205,dog,2,27.4,,EYE
U03206,B,2026-11-25 15:11:20,PET03206,cat,13,21.9,,RESPIRATORY
U03207,A,2026-11-23 17:25:59,PET03207,cat,14,18.5,,HYPOALLERGENIC
U03208,B,2026-11-08 05:20:45,PET03208,cat,5,32.6,FISH,
U03209,B,2026-11-07 06:15:29,PET03209,dog,5,14.7,,STRESS_CALMING
U03210,A,2026-10-25 14:40:40,PET03210,cat,8,31.7,LAMB,
U03211,B,2026-09-10 13:58:27,PET03211,dog,3,15.9,,DENTAL
U03212,A,2026-10-12 21:16:04,PET03212,cat,13,26.8,,LIVER
U03213,B,2026-11-12 12:14:55,PET03213,dog,2,32.2,,IMMUNE
U03214,A,2026-11-20 19:11:39,PET03214,dog,7,19.9,,KIDNEY
U03215,B,2026-10-28 17:34:05,PET03215,dog,3,11.9,SOY,LIVER
U03216,A,2026-11-10 02:48:00,PET03216,dog,12,3.2,,GUT
U03217,A,2026-09-09 00:44:52,PET03217,dog,3,28.6,DUCK,GUT
U03218,A,2026-10-20 13:36:08,PET03218,cat,7,22.3,,
U03219,B,2026-10-23 21:49:36,PET03219,cat,12,10.3,,
U03220,A,2026-11-27 01:34:57,PET03220,cat,7,30.9,DUCK,JOINT
U03221,A,2026-10-05 02:00:26,PET03221,dog,3,32.3,,
U03222,A,2026-09-28 01:11:44,PET03222,dog,3,31.2,,
U03223,B,2026-10-09 14:33:37,PET03223,dog,9,21.7,VENISON,
U03224,B,2026-09-23 17:23:34,PET03224,dog,2,34.2,,
U03225,A,2026-10-28 16:31:59,PET03225,dog,5,30.8,CORN,
U03226,B,2026-11-04 20:04:56,PET03226,cat,9,5.0,OAT,
U03227,A,2026-11-19 23:07:19,PET03227,cat,6,34.4,,URINARY
U03228,A,2026-12-04 16:49:23,PET03228,dog,12,19.9,,
U03229,B,2026-09-14 11:32:01,PET03229,cat,10,32.3,,
U03230,A,2026-09-30 12:22:03,PET03230,cat,2,27.0,,
U03231,A,2026-10-05 02:32:52,PET03231,dog,12,23.2,,
U03232,A,2026-09-30 11:29:47,PET03232,cat,13,12.4,,
U03233,B,2026-11-21 04:00:37,PET03233,dog,3,2.4,RICE,
U03234,A,2026-09-20 17:00:36,PET03234,dog,6,10.8,TURKEY,
U03235,B,2026-09-10 11:03:45,PET03235,cat,6,24.5,,
U03236,B,2026-11-24 19:54:38,PET03236,cat,6,30.4,,
U03237,B,2026-12-03 21:21:54,PET03237,dog,7,1.6,,
U03238,B,2026-09-28 11:49:50,PET03238,dog,13,8.5,,
U03239,A,2026-10-07 22:43:30,PET03239,cat,10,24.0,,COGNITIVE
U03240,B,2026-10-23 06:57:56,PET03240,dog,13,11.0,LAMB,
U03241,B,2026-10-25 02:25:22,PET03241,cat,5,6.2,,
U03242,A,2026-12-06 09:13:30,PET03242,cat,8,4.2,,
U03243,A,2026-10-14 08:39:12,PET03243,dog,2,22.9,EGG,KIDNEY
U03244,B,2026-09-09 01:18:32,PET03244,cat,4,21.4,,EYE
U03245,A,2026-10-16 04:49:40,PET03245,cat,9,30.3,,WEIGHT_CONTROL
U03246,B,2026-10-28 17:31:12,PET03246,cat,3,12.0,,STRESS_CALMING
U03247,B,2026-10-24 04:07:15,PET03247,dog,14,6.1,,
U03248,A,2026-10-24 13:28:11,PET03248,dog,4,28.3,VENISON,
U03249,B,2026-11-30 14:35:22,PET03249,dog,3,34.6,,
U03250,B,2026-11-19 01:53:09,PET03250,cat,11,13.6,SOY,
U03251,A,2026-09-30 01:13:37,PET03251,cat,2,30.5,PORK,
U03252,A,2026-10-09 11:32:45,PET03252,cat,5,27.0,,
U03253,B,2026-11-07 12:39:54,PET03253,cat,3,32.0,,
U03254,A,2026-10-14 05:20:38,PET03254,dog,10,15.7,,
U03255,A,2026-10-16 21:16:20,PET03255,dog,12,4.9,,
U03256,A,2026-09-23 02:28:15,PET03256,cat,3,5.5,,
U03257,B,2026-09-30 22:30:06,PET03257,dog,6,27.1,,JOINT
U03258,A,2026-11-13 07:17:07,PET03258,cat,7,30.4,LAMB,
U03259,A,2026-11-22 12:23:24,PET03259,dog,10,16.8,,
U03260,B,2026-11-17 06:13:37,PET03260,dog,5,3.5,,DENTAL
U03261,B,2026-10-05 13:20:18,PET03261,cat,8,3.7,BEEF,
U03262,B,2026-09-20 03:33:32,PET03262,dog,8,21.6,,
U03263,A,2026-09-22 09:29:32,PET03263,dog,1,32.3,BEEF,
U03264,B,2026-10-13 02:04:35,PET03264,cat,8,14.9,,JOINT
U03265,B,2026-10-24 19:37:09,PET03265,cat,8,23.3,,SKIN_COAT
U03266,B,2026-11-27 04:25:22,PET03266,cat,14,19.7,,
U03267,A,2026-11-27 19:06:18,PET03267,cat,8,31.3,,
U03268,B,2026-09-08 10:22:59,PET03268,cat,13,29.4,,
U03269,B,2026-11-10 10:45:51,PET03269,dog,5,8.2,,LIVER
U03270,A,2026-10-04 14:58:21,PET03270,dog,10,24.2,,URINARY
U03271,A,2026-09-25 20:59:59,PET03271,cat,13,29.9,,WEIGHT_CONTROL
U03272,A,2026-10-27 05:06:09,PET03272,dog,3,32.7,,
U03273,B,2026-09-11 12:21:06,PET03273,cat,8,21.3,TURKEY,
U03274,B,2026-10-08 21:31:27,PET03274,cat,13,7.4,,HAIRBALL
U03275,B,2026-10-27 00:05:01,PET03275,dog,8,20.2,,
U03276,B,2026-10-02 17:29:47,PET03276,dog,13,23.8,,
U03277,B,2026-10-31 03:56:02,PET03277,cat,6,10.6,,
U03278,A,2026-10-19 20:53:51,PET03278,dog,13,34.1,,SKIN_COAT
U03279,B,2026-11-18 03:01:15,PET03279,dog,9,9.2,LAMB,
U03280,A,2026-09-24 12:58:19,PET03280,cat,7,32.0,EGG,
U03281,A,2026-09-13 11:36:17,PET03281,dog,4,15.7,,IMMUNE
U03282,B,2026-10-25 15:56:09,PET03282,dog,3,1.5,RICE,WEIGHT_CONTROL
U03283,B,2026-10-01 13:25:28,PET03283,cat,5,19.7,,
U03284,A,2026-11-10 03:03:20,PET03284,cat,11,22.5,,WEIGHT_CONTROL
U03285,A,2026-09-16 23:21:45,PET03285,dog,7,30.6,BEEF,
U03286,B,2026-10-29 11:10:34,PET03286,cat,6,19.6,,
U03287,B,2026-12-06 11:49:39,PET03287,cat,7,4.7,,WEIGHT_CONTROL
U03288,A,2026-09-16 01:12:30,PET03288,dog,5,32.5,,
U03289,A,2026-10-05 03:05:15,PET03289,dog,12,20.4,,
U03290,A,2026-11-22 17:32:07,PET03290,cat,6,10.6,,
U03291,B,2026-10-26 14:14:46,PET03291,dog,7,31.6,,HEART
U03292,A,2026-09-23 03:32:46,PET03292,cat,8,5.6,,
U03293,B,2026-09-27 13:03:59,PET03293,cat,10,4.8,DAIRY,
U03294,A,2026-11-15 07:29:40,PET03294,dog,5,19.4,,HYPOALLERGENIC
U03295,B,2026-11-24 10:44:15,PET03295,cat,2,22.4,,
U03296,B,2026-10-10 00:41:59,PET03296,dog,10,18.6,,
U03297,B,2026-10-20 14:15:48,PET03297,cat,8,32.6,,
U03298,A,2026-11-17 04:29:02,PET03298,dog,10,10.3,,JOINT
U03299,B,2026-09-23 16:06:33,PET03299,cat,8,34.7,,IMMUNE
U03300,B,2026-09-26 05:12:19,PET03300,dog,8,2.1,,
U03301,B,2026-11-16 17:47:02,PET03301,cat,14,5.5,,
U03302,A,2026-09-24 04:21:59,PET03302,cat,1,7.7,,HEART
U03303,B,2026-11-16 13:21:21,PET03303,dog,2,4.2,,SKIN_COAT
U03304,A,2026-10-22 16:42:10,PET03304,dog,14,16.2,,
U03305,A,2026-12-06 12:05:19,PET03305,cat,13,30.5,INSECT,
U03306,A,2026-09-10 17:41:57,PET03306,cat,6,29.0,,COGNITIVE
U03307,A,2026-12-02 11:50:30,PET03307,dog,8,26.4,,
U03308,B,2026-09-28 19:33:54,PET03308,dog,7,1.7,,
U03309,A,2026-09-11 01:15:52,PET03309,cat,14,30.5,,LIVER
U03310,A,2026-11-12 06:40:56,PET03310,dog,7,14.8,,HEART
U03311,A,2026-10-25 14:59:46,PET03311,cat,11,26.0,SOY,
U03312,A,2026-11-22 13:23:23,PET03312,dog,6,25.9,,
U03313,A,2026-09-17 00:21:38,PET03313,dog,6,7.4,,HYPOALLERGENIC
U03314,B,2026-09-15 12:15:18,PET03314,cat,10,18.8,,
U03315,A,2026-10-29 02:56:10,PET03315,dog,6,32.5,CORN,
U03316,B,2026-11-26 00:45:40,PET03316,cat,1,10.3,,
U03317,A,2026-10-14 05:19:02,PET03317,cat,3,25.5,,
U03318,B,2026-11-18 06:25:02,PET03318,dog,13,33.6,,
U03319,B,2026-11-28 22:46:33,PET03319,dog,6,13.6,,
U03320,A,2026-11-25 19:30:33,PET03320,dog,2,14.5,,JOINT
U03321,B,2026-10-23 08:05:26,PET03321,cat,14,16.7,EGG,
U03322,B,2026-11-09 10:48:00,PET03322,cat,14,28.6,,
U03323,A,2026-10-25 03:42:16,PET03323,cat,7,16.2,,
U03324,A,2026-11-07 06:25:53,PET03324,dog,9,17.8,,HEART
U03325,B,2026-10-29 12:28:11,PET03325,dog,11,8.9,,
U03326,A,2026-10-25 20:15:44,PET03326,dog,1,34.6,VENISON,
U03327,B,2026-10-17 09:22:52,PET03327,cat,5,31.4,,RESPIRATORY
U03328,B,2026-11-05 20:05:32,PET03328,dog,8,21.6,,
U03329,A,2026-11-14 08:18:10,PET03329,dog,8,33.7,,
U03330,A,2026-11-29 10:33:56,PET03330,dog,5,24.5,PORK,
U03331,A,2026-11-02 21:49:01,PET03331,dog,1,33.6,SOY,
U03332,B,2026-09-17 20:19:36,PET03332,cat,14,6.9,,
U03333,B,2026-10-30 19:02:24,PET03333,cat,9,9.1,,GUT
U03334,A,2026-10-06 05:08:02,PET03334,cat,11,31.2,,
U03335,B,2026-09-10 21:14:29,PET03335,dog,7,15.6,,
U03336,A,2026-09-14 10:45:49,PET03336,cat,8,13.9,,WEIGHT_CONTROL
U03337,B,2026-10-31 07:09:43,PET03337,dog,7,26.8,,
U03338,B,2026-12-02 11:46:10,PET03338,cat,7,22.6,,
U03339,A,2026-10-23 13:20:13,PET03339,cat,10,13.0,DAIRY,
U03340,A,2026-10-18 06:02:26,PET03340,dog,14,14.8,,
U03341,B,2026-09-15 09:16:30,PET03341,cat,11,15.2,DAIRY,
U03342,B,2026-11-07 23:39:16,PET03342,dog,10,5.7,,
U03343,B,2026-09-12 00:29:10,PET03343,dog,1,9.2,,
U03344,B,2026-11-22 18:21:48,PET03344,dog,8,19.5,,DENTAL
U03345,B,2026-11-20 13:17:51,PET03345,dog,14,27.7,,
U03346,B,2026-12-06 07:23:15,PET03346,cat,6,15.5,,
U03347,A,2026-10-03 22:27:05,PET03347,cat,8,14.3,WHEAT,
U03348,A,2026-09-22 08:37:58,PET03348,cat,5,23.3,,
U03349,A,2026-10-04 00:41:10,PET03349,cat,3,6.8,,
U03350,B,2026-11-18 04:09:24,PET03350,cat,10,14.3,,HAIRBALL
U03351,B,2026-09-27 19:53:41,PET03351,dog,5,8.5,BEEF,JOINT
U03352,A,2026-11-26 11:47:29,PET03352,dog,9,23.3,,RESPIRATORY
U03353,A,2026-09-21 18:24:14,PET03353,dog,9,5.3,BEEF,
U03354,A,2026-09-12 23:43:16,PET03354,cat,12,16.5,DUCK,WEIGHT_CONTROL
U03355,B,2026-09-27 08:31:55,PET03355,cat,14,21.5,RICE,
U03356,B,2026-11-14 07:38:40,PET03356,cat,8,29.4,PORK,
U03357,B,2026-11-01 05:50:32,PET03357,dog,1,25.8,,SKIN_COAT
U03358,A,2026-10-09 02:35:46,PET03358,dog,9,33.1,,
U03359,A,2026-11-06 10:32:21,PET03359,cat,13,24.3,,JOINT
U03360,B,2026-11-05 13:25:06,PET03360,dog,7,13.2,,
U03361,B,2026-10-27 18:35:35,PET03361,cat,8,9.3,OAT,EYE
U03362,B,2026-10-24 04:05:12,PET03362,dog,11,3.4,,GUT
U03363,B,2026-09-17 02:47:21,PET03363,dog,7,10.8,,SKIN_COAT
U03364,A,2026-10-01 13:30:40,PET03364,cat,6,6.1,DUCK,
U03365,B,2026-10-25 15:53:23,PET03365,cat,7,13.9,,KIDNEY
U03366,B,2026-09-20 07:43:49,PET03366,cat,12,25.0,INSECT,
U03367,A,2026-10-20 08:42:36,PET03367,dog,7,24.7,,
U03368,B,2026-09-18 02:25:31,PET03368,dog,5,12.2,,
U03369,B,2026-11-17 00:36:44,PET03369,cat,9,18.5,WHEAT,SKIN_COAT
U03370,A,2026-09-17 06:26:59,PET03370,cat,10,8.8,,
U03371,A,2026-09-16 09:44:13,PET03371,dog,13,18.3,,URINARY
U03372,A,2026-11-04 17:59:28,PET03372,cat,13,18.6,,
U03373,B,2026-09-27 17:00:58,PET03373,dog,11,11.6,,
U03374,A,2026-10-09 14:33:08,PET03374,dog,11,10.2,,
U03375,A,2026-10-06 07:26:40,PET03375,cat,7,34.3,,HYPOALLERGENIC
U03376,A,2026-09-27 01:58:47,PET03376,cat,5,19.5,,
U03377,A,2026-11-15 07:26:59,PET03377,dog,8,20.3,,
U03378,A,2026-11-09 09:02:13,PET03378,dog,10,1.8,,KIDNEY
U03379,B,2026-09-29 13:16:08,PET03379,cat,8,7.6,,
U03380,B,2026-11-08 01:13:42,PET03380,cat,3,13.4,,RESPIRATORY
U03381,B,2026-11-11 03:50:36,PET03381,cat,1,33.9,,
U03382,A,2026-10-26 08:49:48,PET03382,dog,1,7.4,,
U03383,A,2026-10-30 13:56:41,PET03383,cat,6,11.7,,STRESS_CALMING
U03384,B,2026-12-01 13:23:02,PET03384,cat,12,34.7,OAT,WEIGHT_CONTROL
U03385,B,2026-10-18 17:13:10,PET03385,dog,12,17.6,OAT,
U03386,A,2026-10-12 00:43:26,PET03386,dog,12,12.2,INSECT,
U03387,A,2026-10-26 21:29:50,PET03387,cat,10,22.8,,RESPIRATORY
U03388,A,2026-11-22 05:07:21,PET03388,cat,1,18.1,,HAIRBALL
U03389,A,2026-11-10 07:49:15,PET03389,cat,13,33.6,,
U03390,A,2026-09-14 18:16:15,PET03390,cat,14,4.3,,HEART
U03391,A,2026-10-19 07:41:58,PET03391,cat,12,28.0,,HYPOALLERGENIC
U03392,B,2026-11-13 05:48:04,PET03392,dog,7,10.8,EGG,
U03393,B,2026-09-28 22:23:44,PET03393,dog,4,28.5,,
U03394,A,2026-12-05 05:17:31,PET03394,cat,13,29.9,,
U03395,B,2026-11-19 04:44:28,PET03395,dog,3,29.9,,HYPOALLERGENIC
U03396,A,2026-11-23 11:36:11,PET03396,dog,12,30.5,,
U03397,A,2026-09-15 19:24:11,PET03397,cat,14,25.6,,
U03398,B,2026-10-30 02:07:58,PET03398,dog,13,6.3,,
U03399,B,2026-10-25 15:55:19,PET03399,cat,8,3.2,,
U03400,A,2026-11-03 02:29:35,PET03400,dog,12,12.9,,URINARY
U03401,A,2026-11-23 04:52:26,PET03401,dog,12,18.1,,
U03402,B,2026-10-09 10:05:27,PET03402,dog,14,11.6,,
U03403,A,2026-10-26 09:24:09,PET03403,cat,6,26.4,WHEAT,IMMUNE
U03404,B,2026-11-08 01:39:18,PET03404,cat,9,25.7,,
U03405,A,2026-11-14 11:41:25,PET03405,dog,12,34.1,,
U03406,B,2026-11-16 18:10:48,PET03406,dog,4,14.9,,EYE
U03407,B,2026-10-08 14:25:39,PET03407,dog,4,27.8,,EYE
U03408,A,2026-12-06 23:14:32,PET03408,cat,6,26.3,,IMMUNE
U03409,B,2026-09-08 13:24:06,PET03409,cat,6,34.6,,
U03410,A,2026-10-22 22:36:55,PET03410,cat,11,27.4,,
U03411,B,2026-11-01 06:43:58,PET03411,dog,14,11.0,,
U03412,B,2026-09-13 18:06:26,PET03412,cat,3,2.0,,COGNITIVE
U03413,B,2026-10-18 08:52:50,PET03413,dog,5,33.9,,
U03414,B,2026-10-31 23:39:18,PET03414,dog,14,25.5,,
U03415,B,2026-11-01 07:05:18,PET03415,dog,9,28.7,VENISON,JOINT
U03416,B,2026-09-18 07:04:25,PET03416,dog,3,28.1,,DENTAL
U03417,B,2026-10-02 08:18:44,PET03417,dog,9,26.1,,
U03418,B,2026-09-30 10:28:32,PET03418,cat,13,26.7,,
U03419,A,2026-11-04 18:06:56,PET03419,dog,6,32.6,,
U03420,B,2026-10-07 10:19:14,PET03420,cat,7,32.1,,
U03421,B,2026-10-29 14:21:23,PET03421,cat,9,14.2,,SKIN_COAT
U03422,A,2026-11-12 00:16:43,PET03422,cat,12,2.5,,URINARY
U03423,A,2026-11-18 03:24:16,PET03423,dog,8,2.8,CHICKEN,
U03424,A,2026-09-24 02:03:06,PET03424,cat,14,16.5,,
U03425,A,2026-11-28 06:32:47,PET03425,dog,11,29.5,,GUT
U03426,A,2026-09-22 03:28:33,PET03426,dog,6,29.9,,
U03427,B,2026-09-09 07:19:04,PET03427,dog,7,15.0,,
U03428,A,2026-09-12 06:06:38,PET03428,cat,10,11.6,,HYPOALLERGENIC
U03429,B,2026-09-26 15:20:25,PET03429,cat,1,18.5,,IMMUNE
U03430,B,2026-11-25 16:28:12,PET03430,cat,4,29.4,,
U03431,A,2026-09-26 01:18:51,PET03431,cat,4,22.8,,
U03432,A,2026-11-09 11:50:57,PET03432,dog,12,6.2,,LIVER
U03433,A,2026-10-15 22:32:11,PET03433,cat,12,13.6,INSECT,
U03434,A,2026-09-11 06:34:20,PET03434,cat,12,20.1,,COGNITIVE
U03435,A,2026-10-17 04:25:55,PET03435,dog,2,19.5,,
U03436,A,2026-09-10 21:12:51,PET03436,cat,5,29.3,,
U03437,B,2026-10-20 08:33:39,PET03437,cat,5,32.7,,
U03438,A,2026-10-28 01:33:54,PET03438,dog,1,4.9,,
U03439,B,2026-10-24 08:27:24,PET03439,dog,4,9.0,,
U03440,B,2026-10-03 23:31:06,PET03440,dog,7,14.6,,URINARY
U03441,A,2026-11-15 01:23:23,PET03441,cat,13,11.4,,
U03442,A,2026-10-31 08:56:44,PET03442,dog,3,15.2,RICE,JOINT
U03443,B,2026-09-30 21:40:30,PET03443,dog,13,2.9,,COGNITIVE
U03444,A,2026-10-17 18:02:28,PET03444,cat,12,3.7,RICE,
U03445,B,2026-09-17 03:37:08,PET03445,cat,3,29.6,,
U03446,A,2026-11-30 19:14:19,PET03446,cat,4,4.9,,
U03447,A,2026-11-14 04:59:30,PET03447,cat,7,29.1,,
U03448,A,2026-10-03 03:41:18,PET03448,dog,14,11.8,,JOINT
U03449,A,2026-11-07 03:26:31,PET03449,dog,11,11.9,CORN,
U03450,A,2026-11-08 21:13:11,PET03450,cat,14,4.9,,JOINT
U03451,A,2026-11-01 15:32:05,PET03451,dog,5,1.9,,JOINT
U03452,B,2026-09-12 23:04:12,PET03452,cat,13,13.4,,
U03453,B,2026-11-26 13:29:26,PET03453,cat,14,29.5,,
U03454,B,2026-12-03 12:21:08,PET03454,cat,9,32.3,,
U03455,A,2026-12-04 01:50:26,PET03455,cat,3,3.6,,
U03456,A,2026-12-05 20:50:07,PET03456,cat,4,2.5,,
U03457,B,2026-11-30 10:12:05,PET03457,cat,2,6.8,,GUT
U03458,B,2026-11-13 17:01:54,PET03458,dog,12,27.2,,HYPOALLERGENIC
U03459,A,2026-09-13 00:21:47,PET03459,dog,5,8.4,,
U03460,B,2026-10-19 04:50:39,PET03460,dog,10,9.2,,LIVER
U03461,B,2026-09-30 01:29:36,PET03461,cat,4,31.3,,
U03462,B,2026-09-27 18:10:20,PET03462,dog,14,30.8,,
U03463,B,2026-11-21 14:38:38,PET03463,dog,11,24.0,,
U03464,A,2026-11-20 12:52:48,PET03464,cat,6,7.0,,
U03465,B,2026-10-24 07:52:19,PET03465,dog,7,14.3,,
U03466,B,2026-11-13 11:24:51,PET03466,cat,1,9.4,,
U03467,A,2026-09-19 01:58:57,PET03467,dog,2,24.0,RICE,
U03468,A,2026-09-27 14:44:19,PET03468,dog,14,27.6,,EYE
U03469,A,2026-11-24 18:48:11,PET03469,dog,12,6.3,LAMB,
U03470,B,2026-10-18 09:40:27,PET03470,dog,12,31.6,,
U03471,B,2026-10-27 19:14:36,PET03471,cat,10,17.0,VENISON,RESPIRATORY
U03472,A,2026-10-19 12:15:57,PET03472,cat,4,28.1,,
U03473,B,2026-09-26 08:50:31,PET03473,cat,2,3.2,,
U03474,A,2026-11-21 03:08:16,PET03474,cat,11,13.6,,URINARY
U03475,A,2026-11-15 19:57:34,PET03475,cat,5,2.0,,
U03476,B,2026-11-08 19:13:05,PET03476,cat,1,25.6,CORN,HEART
U03477,B,2026-10-09 16:03:30,PET03477,dog,1,4.2,POTATO,
U03478,B,2026-11-04 21:00:31,PET03478,dog,8,12.8,,
U03479,B,2026-12-02 01:48:15,PET03479,cat,12,27.7,,EYE
U03480,A,2026-11-05 02:17:19,PET03480,cat,6,26.6,,
U03481,A,2026-10-22 17:23:56,PET03481,dog,14,22.9,,
U03482,B,2026-10-02 12:45:47,PET03482,dog,6,24.7,INSECT,RESPIRATORY
U03483,B,2026-10-25 20:18:35,PET03483,dog,11,23.3,,
U03484,B,2026-10-11 07:35:49,PET03484,dog,4,23.0,,
U03485,B,2026-11-02 19:34:31,PET03485,cat,9,13.2,,
U03486,B,2026-09-12 23:03:18,PET03486,dog,4,2.4,,
U03487,B,2026-09-25 01:14:44,PET03487,cat,11,16.3,,COGNITIVE
U03488,B,2026-11-17 02:46:27,PET03488,cat,7,3.0,,COGNITIVE
U03489,B,2026-10-12 16:18:50,PET03489,dog,1,17.2,,RESPIRATORY
U03490,B,2026-10-16 13:46:44,PET03490,cat,4,17.0,,
U03491,B,2026-10-26 06:06:27,PET03491,cat,5,7.5,,
U03492,B,2026-10-17 16:41:34,PET03492,dog,7,27.8,,
U03493,B,2026-11-15 07:55:40,PET03493,dog,4,25.1,,
U03494,A,2026-09-30 00:44:52,PET03494,cat,9,20.2,,SKIN_COAT
U03495,B,2026-11-15 20:53:21,PET03495,dog,14,32.5,,
U03496,B,2026-09-26 09:07:42,PET03496,dog,10,11.1,,GUT
U03497,A,2026-10-11 00:51:35,PET03497,dog,5,10.3,,JOINT
U03498,B,2026-10-30 18:02:08,PET03498,dog,10,7.6,,
U03499,A,2026-11-26 03:07:55,PET03499,cat,14,19.7,SOY,HEART
U03500,A,2026-09-28 05:07:36,PET03500,dog,4,8.4,,STRESS_CALMING
U03501,A,2026-10-30 11:45:27,PET03501,cat,4,30.6,FISH,
U03502,A,2026-09-13 16:07:40,PET03502,dog,1,11.7,,
U03503,B,2026-09-14 15:47:17,PET03503,cat,12,17.9,,
U03504,A,2026-11-16 17:49:15,PET03504,dog,12,19.2,,LIVER
U03505,A,2026-11-11 23:15:59,PET03505,cat,6,11.8,,URINARY
U03506,B,2026-10-11 04:48:56,PET03506,cat,13,26.2,,GUT
U03507,A,2026-11-03 05:55:16,PET03507,dog,10,24.7,,COGNITIVE
U03508,A,2026-10-12 20:29:35,PET03508,cat,14,27.0,,
U03509,B,2026-10-02 07:00:05,PET03509,dog,13,21.8,,SKIN_COAT
U03510,A,2026-10-16 17:17:04,PET03510,cat,14,16.9,,
U03511,B,2026-10-06 18:51:40,PET03511,cat,6,16.5,BEEF,GUT
U03512,B,2026-11-20 08:02:46,PET03512,dog,9,25.5,INSECT,
U03513,B,2026-10-15 02:39:07,PET03513,dog,3,14.1,,HEART
U03514,A,2026-10-06 11:55:15,PET03514,dog,13,16.1,,COGNITIVE
U03515,B,2026-10-26 22:52:13,PET03515,cat,5,7.0,,SKIN_COAT
U03516,A,2026-11-15 10:51:14,PET03516,cat,7,24.3,,
U03517,A,2026-10-02 19:46:38,PET03517,dog,9,4.1,BEEF,
U03518,B,2026-12-01 20:24:48,PET03518,dog,12,34.7,,
U03519,B,2026-10-19 09:31:06,PET03519,dog,11,6.3,,COGNITIVE
U03520,B,2026-11-06 14:25:46,PET03520,cat,14,14.3,,
U03521,A,2026-12-03 22:29:43,PET03521,dog,10,9.5,,
U03522,A,2026-10-16 03:36:31,PET03522,dog,12,11.2,TURKEY,
U03523,A,2026-09-25 13:35:31,PET03523,cat,9,12.3,,
U03524,A,2026-11-14 18:25:53,PET03524,dog,6,25.6,,
U03525,B,2026-09-08 18:33:05,PET03525,cat,13,7.4,,
U03526,B,2026-10-19 13:54:14,PET03526,dog,6,10.3,,
U03527,B,2026-12-05 10:51:52,PET03527,dog,9,4.9,,
U03528,B,2026-10-15 19:24:25,PET03528,cat,5,12.6,,HEART
U03529,B,2026-11-08 23:24:28,PET03529,dog,7,33.0,,IMMUNE
U03530,B,2026-10-25 15:17:44,PET03530,dog,6,14.2,,HEART
U03531,B,2026-09-27 05:49:21,PET03531,cat,4,27.5,RICE,WEIGHT_CONTROL
U03532,A,2026-10-06 14:45:56,PET03532,cat,12,17.0,SOY,
U03533,A,2026-10-25 10:49:33,PET03533,cat,11,16.6,WHEAT,
U03534,A,2026-09-17 03:55:41,PET03534,dog,10,29.1,DAIRY,
U03535,A,2026-10-15 07:16:40,PET03535,dog,2,2.4,,
U03536,B,2026-10-15 23:16:55,PET03536,dog,4,30.5,OAT,
U03537,A,2026-11-22 06:26:20,PET03537,cat,4,17.8,,HYPOALLERGENIC
U03538,A,2026-09-19 09:54:26,PET03538,cat,10,13.3,,DENTAL
U03539,A,2026-11-22 21:47:44,PET03539,dog,13,31.9,,
U03540,B,2026-10-14 03:42:33,PET03540,cat,6,12.9,,
U03541,B,2026-11-05 23:05:00,PET03541,dog,5,34.3,BEEF,
U03542,B,2026-10-28 13:36:24,PET03542,cat,8,32.9,,
U03543,B,2026-10-04 13:58:32,PET03543,dog,14,10.5,,HYPOALLERGENIC
U03544,A,2026-11-30 22:18:46,PET03544,dog,6,12.9,,
U03545,B,2026-09-28 20:13:05,PET03545,cat,4,28.7,,
U03546,B,2026-09-11 21:58:50,PET03546,cat,8,8.1,,
U03547,B,2026-11-14 20:47:36,PET03547,dog,13,26.0,,
U03548,B,2026-11-02 12:18:40,PET03548,dog,11,5.8,,STRESS_CALMING
U03549,A,2026-11-27 18:30:36,PET03549,cat,8,8.4,,URINARY
U03550,A,2026-10-19 21:07:44,PET03550,dog,11,18.3,BEEF,SKIN_COAT
U03551,B,2026-09-09 03:57:05,PET03551,cat,1,26.5,OAT,
U03552,B,2026-09-09 01:47:14,PET03552,cat,11,26.3,,
U03553,B,2026-10-16 05:23:55,PET03553,dog,2,21.9,,
U03554,A,2026-09-30 05:49:03,PET03554,dog,6,10.6,,
U03555,B,2026-11-29 05:49:16,PET03555,dog,5,15.4,,JOINT
U03556,B,2026-09-18 05:23:01,PET03556,cat,10,9.7,,
U03557,B,2026-11-26 06:38:47,PET03557,dog,4,10.8,RICE,HEART
U03558,A,2026-09-27 07:33:08,PET03558,cat,4,12.3,,
U03559,B,2026-09-18 03:23:07,PET03559,dog,13,21.6,LAMB,DENTAL
U03560,A,2026-10-02 16:43:51,PET03560,cat,7,8.5,,
U03561,B,2026-09-20 05:22:45,PET03561,dog,11,2.9,,
U03562,B,2026-10-14 23:55:30,PET03562,dog,9,24.7,,SKIN_COAT
U03563,B,2026-10-07 20:02:14,PET03563,cat,9,2.2,,
U03564,B,2026-10-25 16:13:34,PET03564,cat,10,34.0,,
U03565,A,2026-10-26 16:09:16,PET03565,dog,10,13.2,VENISON,URINARY
U03566,A,2026-09-08 17:11:01,PET03566,dog,13,1.7,,EYE
U03567,B,2026-09-19 16:25:16,PET03567,cat,11,31.1,,
U03568,B,2026-09-22 13:16:08,PET03568,dog,5,21.6,,HYPOALLERGENIC
U03569,A,2026-09-25 07:45:32,PET03569,dog,3,28.9,RICE,GUT
U03570,A,2026-09-16 01:07:49,PET03570,dog,12,16.1,,
U03571,B,2026-10-06 16:52:47,PET03571,dog,6,13.4,,
U03572,B,2026-10-27 05:14:16,PET03572,cat,5,23.4,,JOINT
U03573,A,2026-10-05 15:17:56,PET03573,cat,2,15.1,,
U03574,B,2026-10-07 14:41:03,PET03574,dog,8,20.1,PORK,
U03575,B,2026-10-20 10:53:49,PET03575,cat,8,10.8,TURKEY,
U03576,B,2026-10-27 00:18:27,PET03576,dog,12,12.6,,
U03577,B,2026-10-07 03:48:43,PET03577,cat,11,4.3,FISH,HYPOALLERGENIC
U03578,B,2026-09-27 17:17:39,PET03578,dog,11,27.7,,EYE
U03579,A,2026-10-14 22:46:51,PET03579,dog,8,13.2,,
U03580,A,2026-09-10 22:05:23,PET03580,cat,13,34.2,,
U03581,A,2026-10-22 02:31:27,PET03581,dog,14,10.2,,
U03582,B,2026-12-01 12:42:15,PET03582,dog,12,17.4,,
U03583,A,2026-10-13 22:49:55,PET03583,dog,5,11.7,,
U03584,A,2026-09-17 04:29:09,PET03584,cat,4,24.7,CORN,
U03585,B,2026-11-10 08:25:28,PET03585,dog,1,28.6,,HYPOALLERGENIC
U03586,B,2026-09-19 05:18:28,PET03586,cat,14,17.8,,
U03587,A,2026-09-25 15:15:07,PET03587,cat,11,13.8,,
U03588,B,2026-09-21 06:20:29,PET03588,cat,14,26.4,RICE,
U03589,A,2026-11-26 21:22:06,PET03589,dog,12,7.9,,
U03590,A,2026-12-05 00:58:34,PET03590,cat,7,21.6,,
U03591,B,2026-10-29 09:03:26,PET03591,dog,3,26.1,OAT,GUT
U03592,B,2026-11-02 15:14:20,PET03592,cat,1,10.5,,KIDNEY
U03593,B,2026-11-05 00:50:45,PET03593,cat,12,23.5,PORK,JOINT
U03594,B,2026-11-01 04:49:16,PET03594,dog,5,26.1,,GUT
U03595,B,2026-10-26 01:13:24,PET03595,cat,6,5.4,FISH,RESPIRATORY
U03596,A,2026-12-05 07:19:59,PET03596,dog,12,12.4,,
U03597,B,2026-11-12 05:44:28,PET03597,dog,7,15.1,,
U03598,B,2026-09-15 19:22:03,PET03598,dog,14,27.5,VENISON,
U03599,A,2026-10-13 07:13:49,PET03599,cat,8,20.5,BEEF,
U03600,B,2026-12-04 18:15:10,PET03600,cat,12,16.6,POTATO,
U03601,A,2026-10-14 23:56:23,PET03601,cat,2,12.2,,IMMUNE
U03602,B,2026-09-26 22:18:55,PET03602,dog,6,1.6,CORN,
U03603,A,2026-11-25 03:57:24,PET03603,cat,3,2.2,,IMMUNE
U03604,A,2026-11-03 17:56:57,PET03604,cat,1,9.6,,URINARY
U03605,B,2026-10-28 10:20:34,PET03605,cat,14,5.4,,
U03606,B,2026-10-15 09:09:44,PET03606,dog,8,5.5,,
U03607,B,2026-09-19 01:08:58,PET03607,dog,5,21.7,,STRESS_CALMING
U03608,B,2026-10-12 21:46:30,PET03608,cat,6,21.8,,
U03609,A,2026-10-17 22:51:28,PET03609,dog,4,3.0,,EYE
U03610,A,2026-11-30 04:04:57,PET03610,dog,2,21.4,,URINARY
U03611,B,2026-10-05 16:25:06,PET03611,dog,13,6.4,,
U03612,A,2026-09-21 04:09:34,PET03612,dog,2,14.1,,
U03613,A,2026-10-16 03:42:46,PET03613,dog,6,34.7,,
U03614,B,2026-12-06 23:49:05,PET03614,dog,3,19.0,,
U03615,A,2026-10-21 00:50:24,PET03615,cat,14,2.6,,
U03616,A,2026-10-12 14:21:26,PET03616,cat,3,13.1,CORN,JOINT
U03617,B,2026-11-07 15:13:54,PET03617,dog,6,24.0,DAIRY,
U03618,B,2026-11-05 17:26:04,PET03618,dog,11,9.0,,
U03619,B,2026-10-04 19:47:24,PET03619,cat,8,33.8,,
U03620,A,2026-12-04 12:10:07,PET03620,dog,6,15.7,,
U03621,B,2026-10-31 04:00:22,PET03621,cat,8,2.2,,
U03622,A,2026-09-13 22:50:23,PET03622,cat,7,19.6,,KIDNEY
U03623,B,2026-10-14 18:20:24,PET03623,dog,5,24.2,,
U03624,B,2026-11-30 04:37:45,PET03624,dog,9,16.8,,GUT
U03625,A,2026-10-13 16:11:02,PET03625,dog,6,32.6,,WEIGHT_CONTROL
U03626,A,2026-10-29 12:47:17,PET03626,cat,14,31.7,,
U03627,A,2026-11-02 14:18:21,PET03627,dog,7,6.2,,
U03628,A,2026-11-10 02:56:00,PET03628,cat,11,4.2,,
U03629,A,2026-11-25 07:59:57,PET03629,cat,4,12.0,,
U03630,B,2026-09-21 04:38:19,PET03630,cat,10,21.9,BEEF,
U03631,B,2026-10-24 22:46:43,PET03631,cat,8,21.7,,JOINT
U03632,B,2026-10-26 19:54:22,PET03632,dog,11,10.6,FISH,
U03633,A,2026-09-21 06:38:50,PET03633,dog,7,33.4,,EYE
U03634,A,2026-11-07 21:58:59,PET03634,cat,11,11.8,,
U03635,B,2026-09-18 15:40:46,PET03635,dog,1,28.4,,
U03636,A,2026-10-19 01:56:01,PET03636,dog,10,29.4,,COGNITIVE
U03637,A,2026-10-07 18:19:17,PET03637,dog,11,4.8,,
U03638,B,2026-09-21 23:15:00,PET03638,dog,7,9.3,DAIRY,
U03639,B,2026-11-21 20:07:57,PET03639,cat,1,8.7,,
U03640,B,2026-09-29 08:52:55,PET03640,dog,8,32.3,FISH,
U03641,A,2026-09-30 15:11:46,PET03641,cat,11,13.3,,
U03642,A,2026-11-23 12:49:57,PET03642,cat,7,29.5,,
U03643,B,2026-11-25 05:30:45,PET03643,dog,2,17.5,,WEIGHT_CONTROL
U03644,A,2026-09-11 15:36:21,PET03644,cat,6,16.8,,
U03645,A,2026-10-03 23:15:00,PET03645,dog,14,31.8,,
U03646,B,2026-11-10 05:30:29,PET03646,dog,4,16.3,,
U03647,A,2026-11-17 12:51:02,PET03647,dog,8,26.5,,
U03648,B,2026-12-06 07:21:48,PET03648,dog,5,15.7,,WEIGHT_CONTROL
U03649,B,2026-10-27 19:05:05,PET03649,dog,10,4.9,RICE,
U03650,A,2026-09-08 11:30:24,PET03650,dog,6,3.3,,
U03651,B,2026-11-25 11:42:33,PET03651,dog,6,8.5,,
U03652,B,2026-09-22 10:12:37,PET03652,dog,9,25.7,,HYPOALLERGENIC
U03653,B,2026-09-18 22:42:18,PET03653,cat,9,14.0,,
U03654,B,2026-11-07 01:47:34,PET03654,dog,7,16.7,,
U03655,B,2026-11-01 19:35:05,PET03655,cat,4,4.9,,
U03656,B,2026-09-13 08:03:04,PET03656,cat,2,22.4,,
U03657,B,2026-09-23 15:40:19,PET03657,cat,10,28.4,,
U03658,B,2026-10-31 22:36:16,PET03658,cat,5,22.4,,
U03659,A,2026-09-30 10:07:00,PET03659,cat,9,34.5,,EYE
U03660,A,2026-11-08 15:01:41,PET03660,cat,6,2.0,,
U03661,A,2026-10-15 07:28:59,PET03661,cat,12,2.0,,
U03662,B,2026-10-30 06:19:40,PET03662,cat,10,18.3,PORK,WEIGHT_CONTROL
U03663,A,2026-10-20 15:56:52,PET03663,dog,6,10.4,DUCK,
U03664,A,2026-10-10 02:13:38,PET03664,cat,5,24.5,,SKIN_COAT
U03665,B,2026-10-08 06:13:31,PET03665,cat,11,28.1,CHICKEN,
U03666,A,2026-11-09 07:24:55,PET03666,dog,1,4.9,,
U03667,A,2026-10-24 10:01:53,PET03667,dog,1,32.2,DUCK,
U03668,B,2026-10-31 12:49:13,PET03668,cat,2,2.5,FISH,SKIN_COAT
U03669,A,2026-10-29 08:01:58,PET03669,cat,5,24.6,,JOINT
U03670,B,2026-09-26 17:33:14,PET03670,dog,7,14.4,,
U03671,A,2026-11-29 10:37:45,PET03671,dog,5,23.9,,
U03672,A,2026-10-28 14:22:27,PET03672,dog,3,4.8,,GUT
U03673,B,2026-11-11 10:18:02,PET03673,cat,5,32.9,SOY,
U03674,B,2026-11-26 04:48:00,PET03674,cat,7,32.9,WHEAT,
U03675,B,2026-11-30 10:05:43,PET03675,cat,5,18.9,,
U03676,A,2026-11-07 03:16:25,PET03676,dog,9,18.6,DAIRY,URINARY
U03677,A,2026-11-17 22:51:05,PET03677,dog,6,22.8,,EYE
U03678,B,2026-10-20 04:10:14,PET03678,cat,14,20.9,FISH,
U03679,B,2026-11-13 20:36:29,PET03679,cat,14,19.7,,
U03680,B,2026-10-06 23:37:26,PET03680,dog,10,21.2,,
U03681,B,2026-11-11 14:46:26,PET03681,dog,8,30.3,,RESPIRATORY
U03682,A,2026-09-15 19:27:34,PET03682,dog,1,22.0,INSECT,
U03683,A,2026-11-29 21:19:31,PET03683,cat,9,8.1,CHICKEN,
U03684,A,2026-09-30 19:17:44,PET03684,cat,6,32.1,,LIVER
U03685,B,2026-11-06 14:08:35,PET03685,dog,5,8.7,,
U03686,B,2026-09-09 22:26:39,PET03686,cat,12,7.0,,
U03687,A,2026-09-22 06:24:28,PET03687,cat,1,34.9,,
U03688,A,2026-12-05 04:44:41,PET03688,cat,4,8.6,,
U03689,A,2026-11-22 15:50:24,PET03689,dog,11,4.9,,
U03690,B,2026-09-28 17:47:55,PET03690,dog,13,20.3,,
U03691,B,2026-09-19 00:06:58,PET03691,cat,8,29.2,LAMB,URINARY
U03692,A,2026-11-20 19:40:06,PET03692,cat,8,3.5,,
U03693,A,2026-12-06 20:35:28,PET03693,cat,14,17.9,,GUT
U03694,B,2026-09-23 13:55:58,PET03694,cat,2,3.8,,HAIRBALL
U03695,B,2026-11-06 06:15:17,PET03695,dog,7,15.9,,
U03696,A,2026-10-03 22:24:35,PET03696,dog,4,13.0,,
U03697,B,2026-11-13 21:24:44,PET03697,dog,7,6.1,,
U03698,A,2026-10-15 04:07:55,PET03698,cat,13,32.7,BEEF,LIVER
U03699,A,2026-09-19 21:11:24,PET03699,dog,9,22.8,POTATO,COGNITIVE
U03700,B,2026-10-07 17:16:40,PET03700,cat,14,29.7,,GUT
U03701,A,2026-10-26 01:36:54,PET03701,cat,8,31.8,CHICKEN,HYPOALLERGENIC
U03702,A,2026-11-18 22:49:46,PET03702,cat,13,32.7,,RESPIRATORY
U03703,A,2026-09-09 01:36:31,PET03703,cat,3,26.6,,
U03704,B,2026-12-03 21:19:40,PET03704,cat,5,11.8,,HYPOALLERGENIC
U03705,A,2026-11-05 18:50:01,PET03705,dog,4,29.3,INSECT,
U03706,A,2026-11-25 02:13:56,PET03706,cat,11,18.9,,KIDNEY
U03707,B,2026-11-30 04:53:50,PET03707,dog,8,10.6,,
U03708,A,2026-09-21 15:36:03,PET03708,dog,4,14.4,,STRESS_CALMING
U03709,A,2026-09-16 11:54:18,PET03709,cat,3,11.6,,JOINT
U03710,A,2026-11-16 09:21:40,PET03710,cat,6,17.1,,
U03711,B,2026-09-24 19:11:37,PET03711,dog,3,27.7,,LIVER
U03712,B,2026-09-21 00:58:43,PET03712,dog,10,17.7,,KIDNEY
U03713,B,2026-10-20 08:26:43,PET03713,dog,12,10.5,,
U03714,A,2026-11-29 00:49:28,PET03714,cat,14,4.4,,
U03715,B,2026-11-18 08:23:32,PET03715,cat,4,30.2,,
U03716,B,2026-10-24 19:47:28,PET03716,dog,7,15.5,,SKIN_COAT
U03717,A,2026-09-25 12:21:04,PET03717,cat,8,16.3,,IMMUNE
U03718,B,2026-10-08 16:28:49,PET03718,cat,7,27.1,,
U03719,A,2026-11-08 07:54:55,PET03719,cat,7,30.0,,
U03720,B,2026-09-22 13:48:15,PET03720,dog,4,18.6,,IMMUNE
U03721,A,2026-10-25 14:44:26,PET03721,cat,2,22.7,TURKEY,WEIGHT_CONTROL
U03722,B,2026-09-09 02:35:19,PET03722,dog,6,9.5,VENISON,
U03723,B,2026-10-07 17:37:24,PET03723,dog,2,32.8,INSECT,
U03724,A,2026-09-30 13:41:36,PET03724,dog,1,20.5,VENISON,STRESS_CALMING
U03725,B,2026-11-08 19:21:57,PET03725,dog,8,25.6,,
U03726,B,2026-11-29 14:10:53,PET03726,cat,13,5.3,,
U03727,B,2026-09-21 17:16:55,PET03727,dog,8,22.8,OAT,URINARY
U03728,B,2026-11-18 16:10:15,PET03728,dog,1,13.9,,
U03729,B,2026-11-06 00:32:36,PET03729,dog,12,16.6,,
U03730,A,2026-12-04 19:50:04,PET03730,dog,10,24.4,,DENTAL
U03731,B,2026-11-29 13:05:03,PET03731,cat,5,28.2,,IMMUNE
U03732,A,2026-09-17 07:51:59,PET03732,dog,4,13.2,,DENTAL
U03733,B,2026-11-13 04:14:44,PET03733,dog,13,30.8,CHICKEN,STRESS_CALMING
U03734,B,2026-10-31 12:25:34,PET03734,cat,7,8.8,,
U03735,A,2026-09-18 16:18:01,PET03735,dog,2,20.4,,
U03736,B,2026-10-01 03:42:27,PET03736,cat,4,6.6,TURKEY,
U03737,A,2026-11-30 07:20:57,PET03737,cat,4,11.2,,
U03738,A,2026-10-26 11:02:53,PET03738,cat,6,31.5,,
U03739,A,2026-10-08 12:02:45,PET03739,cat,5,1.9,RICE,SKIN_COAT
U03740,A,2026-10-06 21:46:13,PET03740,dog,8,32.2,,
U03741,B,2026-11-22 02:42:02,PET03741,cat,5,12.5,PORK,WEIGHT_CONTROL
U03742,B,2026-10-03 22:09:39,PET03742,cat,9,24.8,PORK,HYPOALLERGENIC
U03743,A,2026-09-22 22:23:48,PET03743,dog,7,4.6,,
U03744,B,2026-10-29 06:25:31,PET03744,cat,14,23.0,,
U03745,A,2026-12-06 05:44:12,PET03745,dog,12,32.0,,SKIN_COAT
U03746,B,2026-09-24 17:16:32,PET03746,cat,5,20.1,,
U03747,B,2026-09-30 00:35:28,PET03747,cat,1,13.6,,WEIGHT_CONTROL
U03748,A,2026-10-20 21:48:53,PET03748,dog,9,28.1,,
U03749,A,2026-09-25 15:15:08,PET03749,cat,5,25.4,INSECT,
U03750,A,2026-11-05 03:18:18,PET03750,cat,13,5.4,,
U03751,A,2026-09-30 20:16:55,PET03751,cat,6,23.8,,RESPIRATORY
U03752,A,2026-09-19 01:06:30,PET03752,dog,5,23.8,,
U03753,B,2026-10-01 17:49:12,PET03753,cat,5,26.7,,KIDNEY
U03754,B,2026-11-30 16:20:14,PET03754,cat,13,12.1,,
U03755,A,2026-12-01 07:04:32,PET03755,dog,2,14.9,,
U03756,A,2026-10-23 00:21:06,PET03756,cat,14,33.7,,COGNITIVE
U03757,A,2026-10-14 20:04:25,PET03757,cat,4,20.7,,
U03758,B,2026-11-20 16:24:51,PET03758,cat,12,18.5,,GUT
U03759,B,2026-09-25 10:48:10,PET03759,cat,8,34.6,,
U03760,A,2026-11-05 12:48:13,PET03760,dog,8,9.2,SOY,
U03761,A,2026-11-08 18:38:23,PET03761,cat,3,14.8,VENISON,
U03762,B,2026-11-10 15:09:36,PET03762,cat,11,27.0,VENISON,
U03763,B,2026-09-27 19:39:23,PET03763,dog,10,25.4,,
U03764,A,2026-11-11 04:48:12,PET03764,dog,7,33.9,RICE,
U03765,B,2026-11-02 02:02:39,PET03765,dog,7,23.4,,
U03766,B,2026-11-25 18:08:44,PET03766,cat,9,12.0,,WEIGHT_CONTROL
U03767,A,2026-09-23 07:10:13,PET03767,dog,7,14.8,,
U03768,B,2026-11-02 13:46:38,PET03768,cat,14,4.5,,URINARY
U03769,B,2026-11-21 15:32:30,PET03769,cat,1,32.4,,HEART
U03770,B,2026-10-03 15:15:51,PET03770,cat,4,5.8,,
U03771,A,2026-11-13 14:04:04,PET03771,dog,12,19.8,,WEIGHT_CONTROL
U03772,A,2026-09-16 16:36:00,PET03772,cat,12,14.9,,
U03773,A,2026-11-11 23:00:28,PET03773,dog,5,6.0,,HEART
U03774,A,2026-11-01 14:34:22,PET03774,cat,8,11.3,,
U03775,B,2026-09-25 17:03:03,PET03775,dog,1,22.7,,SKIN_COAT
U03776,B,2026-09-13 03:37:04,PET03776,cat,3,2.5,,HEART
U03777,A,2026-11-14 09:28:17,PET03777,dog,14,33.9,,
U03778,A,2026-09-29 16:36:24,PET03778,dog,10,32.0,,
U03779,A,2026-10-22 21:55:09,PET03779,cat,1,4.3,,COGNITIVE
U03780,B,2026-09-13 05:12:25,PET03780,dog,12,30.6,,
U03781,A,2026-12-03 07:22:24,PET03781,cat,6,12.5,,
U03782,A,2026-10-27 03:26:52,PET03782,cat,8,3.8,,
U03783,B,2026-11-30 02:20:34,PET03783,dog,12,11.8,RICE,IMMUNE
U03784,B,2026-09-22 04:39:58,PET03784,dog,12,28.6,POTATO,
U03785,A,2026-09-26 10:58:57,PET03785,cat,2,23.8,,
U03786,A,2026-11-01 21:01:34,PET03786,cat,6,9.5,,HAIRBALL
U03787,B,2026-11-01 06:29:40,PET03787,cat,4,25.6,,EYE
U03788,B,2026-11-18 05:36:09,PET03788,dog,13,25.2,,STRESS_CALMING
U03789,B,2026-11-30 12:20:45,PET03789,cat,11,26.4,,
U03790,B,2026-11-20 21:04:32,PET03790,dog,10,19.6,,
U03791,A,2026-09-20 12:16:03,PET03791,cat,1,28.9,,
U03792,A,2026-10-05 12:04:14,PET03792,cat,12,23.0,,
U03793,A,2026-11-29 04:26:17,PET03793,cat,8,5.7,WHEAT,
U03794,A,2026-10-27 16:08:40,PET03794,dog,4,28.6,,
U03795,A,2026-11-25 07:00:09,PET03795,dog,7,12.3,,
U03796,B,2026-10-28 20:09:07,PET03796,dog,7,25.1,,
U03797,B,2026-09-12 05:36:48,PET03797,dog,5,24.1,CHICKEN,IMMUNE
U03798,B,2026-10-20 17:57:31,PET03798,dog,13,12.8,,HEART
U03799,A,2026-11-21 17:07:27,PET03799,cat,13,6.9,DUCK,
U03800,A,2026-11-05 06:39:52,PET03800,dog,1,24.8,,
U03801,A,2026-09-19 08:54:25,PET03801,dog,14,29.9,,WEIGHT_CONTROL
U03802,B,2026-09-26 05:35:33,PET03802,cat,6,29.6,,JOINT
U03803,B,2026-11-23 05:41:14,PET03803,dog,12,22.5,,
U03804,A,2026-12-05 13:08:18,PET03804,dog,11,9.1,,
U03805,B,2026-11-14 08:49:18,PET03805,cat,9,12.1,INSECT,
U03806,B,2026-09-16 22:10:52,PET03806,dog,11,26.8,,
U03807,B,2026-11-02 00:09:13,PET03807,dog,10,15.3,,
U03808,A,2026-11-21 20:02:15,PET03808,cat,12,26.0,,
U03809,A,2026-11-04 00:47:42,PET03809,dog,6,11.9,,
U03810,B,2026-10-31 12:17:52,PET03810,dog,11,1.7,CORN,EYE
U03811,A,2026-10-20 21:28:16,PET03811,dog,14,21.7,,
U03812,A,2026-09-30 00:45:19,PET03812,dog,14,21.6,LAMB,
U03813,A,2026-10-03 11:05:42,PET03813,cat,3,22.5,INSECT,
U03814,A,2026-11-14 14:58:14,PET03814,dog,7,10.5,,
U03815,A,2026-09-14 07:49:51,PET03815,dog,8,28.7,SOY,WEIGHT_CONTROL
U03816,A,2026-09-15 08:32:36,PET03816,dog,9,17.8,INSECT,
U03817,B,2026-10-13 22:03:55,PET03817,cat,10,27.0,,
U03818,A,2026-11-16 12:48:18,PET03818,dog,12,22.0,,RESPIRATORY
U03819,A,2026-11-06 03:21:08,PET03819,cat,8,15.4,,
U03820,B,2026-10-31 01:58:24,PET03820,dog,10,24.3,,
U03821,A,2026-10-26 12:02:16,PET03821,cat,13,20.8,VENISON,
U03822,A,2026-09-17 05:37:03,PET03822,dog,2,18.6,,
U03823,A,2026-10-07 05:20:52,PET03823,dog,9,23.2,,
U03824,B,2026-09-15 03:33:20,PET03824,dog,6,4.4,VENISON,
U03825,B,2026-11-15 02:12:35,PET03825,dog,13,32.0,,
U03826,A,2026-11-14 15:08:10,PET03826,cat,8,12.7,,
U03827,B,2026-10-01 09:07:35,PET03827,cat,9,9.0,INSECT,
U03828,B,2026-10-04 17:03:31,PET03828,cat,11,27.4,,
U03829,B,2026-10-06 10:28:29,PET03829,dog,4,9.2,,JOINT
U03830,A,2026-11-27 13:30:24,PET03830,cat,8,34.9,,
U03831,B,2026-10-21 00:37:00,PET03831,dog,11,15.6,TURKEY,
U03832,B,2026-11-15 22:41:45,PET03832,cat,11,11.4,,
U03833,B,2026-10-18 20:05:10,PET03833,cat,4,3.6,INSECT,
U03834,A,2026-11-09 09:57:27,PET03834,cat,12,2.9,,LIVER
U03835,A,2026-10-25 20:22:35,PET03835,cat,3,4.7,,
U03836,B,2026-10-03 18:04:38,PET03836,cat,4,1.7,,
U03837,A,2026-11-25 11:19:36,PET03837,cat,12,12.5,,
U03838,B,2026-11-10 19:28:26,PET03838,dog,9,11.9,,
U03839,A,2026-11-16 10:01:16,PET03839,cat,8,15.9,SOY,
U03840,B,2026-12-02 05:50:17,PET03840,dog,8,9.3,,
U03841,B,2026-09-30 10:53:04,PET03841,dog,14,3.6,,
U03842,A,2026-09-16 19:52:13,PET03842,cat,4,3.9,DUCK,
U03843,A,2026-10-30 14:52:53,PET03843,dog,5,7.6,,
U03844,A,2026-10-07 06:43:41,PET03844,cat,7,12.1,,
U03845,B,2026-10-17 10:20:48,PET03845,dog,12,6.5,,
U03846,B,2026-09-29 07:46:58,PET03846,dog,8,13.7,,
U03847,A,2026-10-13 15:53:49,PET03847,cat,11,32.4,,COGNITIVE
U03848,A,2026-10-13 20:39:51,PET03848,dog,12,10.3,,
U03849,B,2026-10-09 08:32:26,PET03849,cat,13,7.1,,
U03850,B,2026-11-13 04:44:51,PET03850,cat,7,23.8,,STRESS_CALMING
U03851,A,2026-10-31 09:25:06,PET03851,cat,7,17.9,,IMMUNE
U03852,A,2026-10-20 09:07:37,PET03852,dog,2,3.1,TURKEY,
U03853,A,2026-09-18 01:49:28,PET03853,cat,2,27.9,,
U03854,B,2026-10-29 00:57:29,PET03854,dog,7,25.5,,
U03855,B,2026-09-23 08:01:03,PET03855,dog,11,34.2,,
U03856,B,2026-10-06 09:57:33,PET03856,dog,12,32.9,,
U03857,A,2026-10-15 18:16:58,PET03857,dog,6,21.1,,EYE
U03858,A,2026-09-20 06:04:48,PET03858,dog,8,24.5,,
U03859,A,2026-10-13 01:49:17,PET03859,dog,12,15.2,,
U03860,B,2026-10-02 19:27:43,PET03860,dog,5,31.3,,EYE
U03861,A,2026-11-23 22:55:33,PET03861,cat,3,20.0,,
U03862,A,2026-11-24 07:56:30,PET03862,dog,13,12.4,,
U03863,A,2026-09-08 05:22:31,PET03863,dog,8,1.8,,DENTAL
U03864,B,2026-11-01 09:49:55,PET03864,dog,3,21.1,,GUT
U03865,A,2026-11-04 03:09:07,PET03865,dog,4,19.1,,
U03866,A,2026-10-12 19:01:55,PET03866,cat,5,28.7,,HAIRBALL
U03867,B,2026-10-20 12:02:20,PET03867,cat,3,7.8,LAMB,
U03868,A,2026-11-18 11:55:31,PET03868,cat,7,28.8,PORK,DENTAL
U03869,B,2026-10-12 18:41:19,PET03869,cat,12,2.0,,
U03870,A,2026-09-13 00:11:38,PET03870,dog,11,21.2,,COGNITIVE
U03871,A,2026-10-11 19:02:05,PET03871,cat,13,14.8,,
U03872,B,2026-09-30 12:23:00,PET03872,dog,12,12.6,,DENTAL
U03873,A,2026-10-12 21:10:32,PET03873,dog,5,16.0,SOY,
U03874,A,2026-09-28 22:21:58,PET03874,dog,1,9.0,BEEF,
U03875,A,2026-09-21 15:08:13,PET03875,dog,3,7.6,,JOINT
U03876,A,2026-12-05 00:55:18,PET03876,cat,12,28.5,CHICKEN,
U03877,B,2026-09-19 18:37:23,PET03877,dog,5,9.1,,IMMUNE
U03878,B,2026-11-10 21:24:21,PET03878,dog,11,26.2,,
U03879,A,2026-11-11 15:14:04,PET03879,dog,7,25.3,,HEART
U03880,A,2026-11-02 04:21:40,PET03880,cat,13,2.6,POTATO,
U03881,A,2026-11-29 21:51:45,PET03881,cat,8,31.0,,
U03882,A,2026-09-08 08:32:42,PET03882,cat,13,27.9,,
U03883,B,2026-10-05 16:42:52,PET03883,cat,4,28.2,,
U03884,B,2026-09-24 12:03:01,PET03884,cat,11,28.6,,HEART
U03885,A,2026-10-29 19:09:16,PET03885,dog,8,21.0,,DENTAL
U03886,B,2026-11-04 21:01:23,PET03886,dog,3,34.8,,HYPOALLERGENIC
U03887,A,2026-11-27 02:45:54,PET03887,dog,4,7.5,LAMB,
U03888,B,2026-10-12 00:24:44,PET03888,dog,5,3.9,,KIDNEY
U03889,B,2026-09-29 08:57:58,PET03889,cat,3,25.1,,
U03890,A,2026-11-30 15:55:52,PET03890,dog,14,11.3,FISH,
U03891,B,2026-11-07 08:41:46,PET03891,dog,3,21.9,,COGNITIVE
U03892,A,2026-11-15 18:12:02,PET03892,cat,9,14.6,,JOINT
U03893,B,2026-10-18 08:05:24,PET03893,dog,8,12.7,,
U03894,A,2026-10-18 18:20:09,PET03894,dog,8,31.4,,
U03895,B,2026-10-13 02:28:07,PET03895,dog,9,6.3,OAT,
U03896,B,2026-11-14 11:48:33,PET03896,cat,13,7.8,,HAIRBALL
U03897,B,2026-09-26 16:13:44,PET03897,dog,14,23.9,LAMB,
U03898,B,2026-12-04 09:55:03,PET03898,dog,13,27.7,,
U03899,B,2026-09-23 18:58:38,PET03899,dog,7,29.4,,KIDNEY
U03900,B,2026-10-19 10:29:22,PET03900,cat,11,9.2,,URINARY
U03901,B,2026-10-06 08:18:00,PET03901,dog,3,31.1,,
U03902,A,2026-11-04 15:06:44,PET03902,dog,13,21.9,PORK,STRESS_CALMING
U03903,B,2026-11-08 10:40:00,PET03903,cat,3,29.1,,
U03904,B,2026-11-29 18:14:25,PET03904,cat,2,3.8,,
U03905,B,2026-11-18 07:16:56,PET03905,dog,12,13.5,,
U03906,A,2026-09-30 23:06:22,PET03906,dog,11,19.1,,
U03907,A,2026-09-26 21:55:30,PET03907,dog,2,20.8,,
U03908,A,2026-11-26 14:11:24,PET03908,cat,14,4.8,,
U03909,B,2026-10-21 17:21:30,PET03909,dog,2,19.5,,
U03910,B,2026-09-16 13:54:56,PET03910,cat,1,23.8,,WEIGHT_CONTROL
U03911,A,2026-11-21 22:35:00,PET03911,cat,14,13.6,RICE,
U03912,B,2026-11-05 10:04:34,PET03912,cat,4,18.3,,
U03913,B,2026-09-10 06:03:27,PET03913,dog,4,11.3,,
U03914,B,2026-11-17 16:02:56,PET03914,cat,12,30.7,,
U03915,A,2026-11-01 10:21:02,PET03915,cat,9,21.6,,RESPIRATORY
U03916,B,2026-11-02 05:13:05,PET03916,cat,8,20.0,,
U03917,A,2026-11-24 12:29:58,PET03917,dog,14,33.1,,SKIN_COAT
U03918,A,2026-10-22 17:07:28,PET03918,cat,2,23.8,FISH,
U03919,A,2026-10-19 04:37:42,PET03919,cat,13,10.9,,
U03920,B,2026-11-02 13:19:19,PET03920,cat,4,23.0,,
U03921,A,2026-09-25 13:42:42,PET03921,cat,9,33.7,,
U03922,B,2026-09-21 07:15:03,PET03922,dog,5,2.3,,
U03923,B,2026-11-22 22:32:52,PET03923,dog,5,22.5,,
U03924,B,2026-09-27 01:48:00,PET03924,cat,5,6.8,EGG,WEIGHT_CONTROL
U03925,A,2026-10-23 22:12:46,PET03925,cat,8,28.9,DUCK,
U03926,A,2026-10-02 05:17:12,PET03926,cat,13,23.0,PORK,DENTAL
U03927,B,2026-09-28 06:46:17,PET03927,dog,2,32.9,,
U03928,A,2026-10-31 05:52:48,PET03928,dog,10,23.9,OAT,
U03929,A,2026-11-19 17:58:32,PET03929,cat,13,2.1,,EYE
U03930,B,2026-10-17 21:21:24,PET03930,cat,11,18.6,,DENTAL
U03931,B,2026-09-20 20:16:45,PET03931,dog,14,31.8,,
U03932,A,2026-09-30 17:47:21,PET03932,dog,1,9.3,,SKIN_COAT
U03933,A,2026-09-22 16:01:19,PET03933,cat,6,4.3,,
U03934,A,2026-11-26 23:49:30,PET03934,dog,6,25.6,,
U03935,B,2026-10-06 16:19:35,PET03935,dog,8,18.3,,WEIGHT_CONTROL
U03936,A,2026-10-11 10:24:21,PET03936,dog,5,3.1,,
U03937,B,2026-09-14 20:51:58,PET03937,dog,4,10.9,,
U03938,B,2026-10-18 07:35:53,PET03938,dog,12,12.4,,EYE
U03939,B,2026-11-29 14:10:40,PET03939,cat,4,23.9,,RESPIRATORY
U03940,A,2026-10-14 23:01:05,PET03940,cat,14,17.3,POTATO,URINARY
U03941,A,2026-11-05 09:51:03,PET03941,cat,1,17.8,,
U03942,B,2026-09-24 15:58:00,PET03942,cat,6,28.5,,
U03943,A,2026-09-20 01:46:32,PET03943,dog,9,10.8,,
U03944,A,2026-11-12 10:36:59,PET03944,dog,14,24.0,,
U03945,B,2026-09-13 08:31:59,PET03945,dog,11,13.8,,STRESS_CALMING
U03946,B,2026-10-18 20:31:45,PET03946,dog,1,15.5,,WEIGHT_CONTROL
U03947,A,2026-10-06 15:43:34,PET03947,cat,11,20.1,,EYE
U03948,A,2026-09-09 19:55:51,PET03948,dog,5,24.8,,
U03949,A,2026-10-25 11:50:51,PET03949,cat,13,33.2,,
U03950,B,2026-12-03 15:23:42,PET03950,dog,11,10.5,,
U03951,A,2026-09-14 17:29:15,PET03951,dog,3,5.0,SOY,IMMUNE
U03952,B,2026-11-20 07:07:21,PET03952,dog,6,15.9,,
U03953,A,2026-10-26 17:44:47,PET03953,dog,12,19.8,EGG,
U03954,A,2026-11-12 17:35:26,PET03954,cat,13,9.1,WHEAT,
U03955,B,2026-09-16 11:16:27,PET03955,cat,9,31.3,,STRESS_CALMING
U03956,A,2026-11-25 03:44:00,PET03956,dog,4,28.3,,
U03957,A,2026-09-09 10:12:15,PET03957,cat,6,18.0,,RESPIRATORY
U03958,A,2026-11-28 17:31:51,PET03958,cat,12,16.6,,KIDNEY
U03959,A,2026-11-06 12:01:17,PET03959,dog,9,2.9,,
U03960,A,2026-10-08 02:38:51,PET03960,dog,3,19.5,,
U03961,A,2026-09-08 19:35:12,PET03961,dog,4,21.5,,
U03962,B,2026-11-01 03:05:26,PET03962,dog,3,31.4,OAT,EYE
U03963,B,2026-09-15 14:49:49,PET03963,cat,7,18.3,INSECT,SKIN_COAT
U03964,B,2026-11-01 15:55:28,PET03964,dog,7,6.8,,
U03965,B,2026-11-16 21:28:30,PET03965,dog,8,7.5,,
U03966,B,2026-10-02 14:41:05,PET03966,cat,14,6.9,,
U03967,B,2026-09-29 01:02:52,PET03967,dog,10,32.9,,
U03968,B,2026-09-27 02:34:40,PET03968,cat,9,28.1,,DENTAL
U03969,B,2026-09-28 07:07:19,PET03969,dog,6,29.1,,
U03970,B,2026-09-18 02:56:28,PET03970,dog,9,29.7,,
U03971,B,2026-09-30 21:30:36,PET03971,dog,14,4.7,,COGNITIVE
U03972,A,2026-11-06 18:24:01,PET03972,dog,1,25.0,WHEAT,
U03973,A,2026-10-05 20:53:34,PET03973,dog,5,25.1,,GUT
U03974,B,2026-11-17 00:31:39,PET03974,cat,1,9.0,RICE,STRESS_CALMING
U03975,A,2026-11-20 16:49:28,PET03975,cat,3,17.9,,
U03976,A,2026-11-15 20:39:57,PET03976,cat,1,23.7,PORK,
U03977,B,2026-10-26 10:51:16,PET03977,dog,9,31.6,,SKIN_COAT
U03978,B,2026-10-06 16:09:58,PET03978,cat,12,5.2,DUCK,
U03979,A,2026-11-30 06:31:40,PET03979,dog,14,31.4,,STRESS_CALMING
U03980,B,2026-09-26 15:48:22,PET03980,cat,4,32.4,,
U03981,A,2026-10-19 10:40:42,PET03981,cat,10,32.4,,
U03982,B,2026-10-18 19:10:13,PET03982,cat,5,1.7,,HAIRBALL
U03983,B,2026-11-14 11:36:19,PET03983,dog,5,8.9,,
U03984,B,2026-10-27 23:27:46,PET03984,cat,9,24.7,,
U03985,A,2026-11-18 00:40:42,PET03985,cat,10,12.3,LAMB,
U03986,A,2026-11-29 09:59:32,PET03986,dog,9,3.5,CORN,IMMUNE
U03987,A,2026-10-13 02:24:36,PET03987,cat,2,27.1,,
U03988,A,2026-11-25 16:53:24,PET03988,dog,6,2.5,,COGNITIVE
U03989,A,2026-09-23 11:40:16,PET03989,dog,4,16.4,,WEIGHT_CONTROL
U03990,B,2026-11-29 23:39:25,PET03990,cat,1,33.2,POTATO,SKIN_COAT
U03991,B,2026-09-24 17:40:40,PET03991,cat,1,16.2,,
U03992,B,2026-11-23 03:47:56,PET03992,dog,7,32.0,,LIVER
U03993,B,2026-10-13 06:11:59,PET03993,dog,2,15.2,,
U03994,B,2026-12-03 15:14:03,PET03994,dog,11,13.1,SOY,
U03995,B,2026-09-19 18:48:41,PET03995,dog,1,5.1,,
U03996,B,2026-10-19 18:18:27,PET03996,dog,4,13.5,,IMMUNE
U03997,A,2026-11-28 18:32:46,PET03997,dog,14,12.8,,STRESS_CALMING
U03998,B,2026-09-12 21:06:39,PET03998,cat,10,29.9,SOY,
U03999,A,2026-10-01 10:37:47,PET03999,dog,8,32.3,,
U04000,B,2026-09-15 07:02:15,PET04000,dog,1,2.2,,
U04001,B,2026-10-06 07:38:44,PET04001,dog,1,4.8,,
U04002,B,2026-10-13 14:42:39,PET04002,dog,13,23.0,,
U04003,B,2026-11-02 14:24:33,PET04003,dog,12,17.7,,
U04004,B,2026-10-01 10:15:10,PET04004,dog,14,11.4,FISH,IMMUNE
U04005,A,2026-09-22 12:34:19,PET04005,dog,12,10.2,,
U04006,A,2026-09-23 00:27:07,PET04006,dog,1,9.0,,
U04007,A,2026-12-01 03:21:54,PET04007,cat,12,19.1,,
U04008,B,2026-12-02 07:56:55,PET04008,cat,7,2.1,,
U04009,A,2026-09-27 09:30:47,PET04009,dog,10,26.3,,
U04010,A,2026-09-25 17:34:55,PET04010,dog,6,11.6,,
U04011,B,2026-09-12 11:20:35,PET04011,dog,11,15.8,,URINARY
U04012,A,2026-12-03 02:05:54,PET04012,dog,12,19.2,,JOINT
U04013,A,2026-11-10 23:52:04,PET04013,cat,14,8.6,,RESPIRATORY
U04014,B,2026-11-15 00:54:24,PET04014,cat,8,31.1,,EYE
U04015,B,2026-10-04 22:04:06,PET04015,dog,4,24.4,,
U04016,B,2026-11-04 17:05:21,PET04016,dog,9,30.7,,
U04017,B,2026-09-13 01:55:29,PET04017,dog,7,17.4,INSECT,RESPIRATORY
U04018,A,2026-11-07 07:11:04,PET04018,dog,3,16.0,OAT,
U04019,A,2026-10-30 07:44:56,PET04019,cat,11,9.4,,
U04020,B,2026-10-07 04:42:43,PET04020,dog,2,19.8,TURKEY,
U04021,A,2026-11-10 05:33:06,PET04021,dog,6,21.4,OAT,
U04022,A,2026-11-05 08:26:18,PET04022,dog,10,15.6,PORK,COGNITIVE
U04023,B,2026-10-17 13:15:44,PET04023,dog,13,6.4,CORN,
U04024,A,2026-09-24 06:53:53,PET04024,dog,9,10.6,,
U04025,A,2026-09-10 05:48:48,PET04025,dog,14,2.0,POTATO,IMMUNE
U04026,B,2026-12-01 03:26:24,PET04026,dog,12,12.2,,
U04027,A,2026-10-03 14:44:08,PET04027,dog,4,21.0,,
U04028,B,2026-10-05 11:08:12,PET04028,cat,12,33.5,INSECT,RESPIRATORY
U04029,B,2026-11-08 01:27:10,PET04029,dog,5,7.5,RICE,
U04030,B,2026-09-30 13:24:14,PET04030,dog,9,3.4,,
U04031,A,2026-10-11 06:12:14,PET04031,cat,3,11.4,,WEIGHT_CONTROL
U04032,B,2026-11-11 03:55:38,PET04032,dog,8,6.8,,LIVER
U04033,B,2026-10-31 15:43:26,PET04033,cat,10,24.8,,DENTAL
U04034,B,2026-11-06 09:09:26,PET04034,cat,13,1.7,,
U04035,A,2026-09-08 23:31:40,PET04035,dog,14,34.4,POTATO,
U04036,B,2026-10-18 14:10:27,PET04036,dog,12,30.2,CORN,HEART
U04037,B,2026-10-20 09:26:26,PET04037,cat,8,17.9,,
U04038,A,2026-11-03 20:04:56,PET04038,dog,13,32.4,DAIRY,
U04039,A,2026-09-21 23:50:09,PET04039,dog,2,22.5,,
U04040,A,2026-09-22 22:35:36,PET04040,cat,14,34.8,SOY,
U04041,A,2026-11-15 12:00:50,PET04041,dog,3,10.8,,
U04042,B,2026-11-07 14:15:12,PET04042,cat,6,34.9,,STRESS_CALMING
U04043,A,2026-11-20 20:43:28,PET04043,cat,13,7.5,,
U04044,A,2026-10-02 19:25:01,PET04044,cat,11,13.3,,GUT
U04045,A,2026-12-06 09:47:16,PET04045,cat,12,32.8,RICE,
U04046,A,2026-10-02 02:59:04,PET04046,cat,10,13.9,,
U04047,A,2026-11-05 16:19:03,PET04047,dog,9,8.5,,
U04048,A,2026-09-22 08:35:57,PET04048,cat,3,3.5,OAT,STRESS_CALMING
U04049,A,2026-11-29 20:48:07,PET04049,cat,14,6.5,,KIDNEY
U04050,A,2026-10-07 17:01:54,PET04050,cat,9,13.4,,
U04051,B,2026-11-19 00:15:43,PET04051,cat,10,15.6,,HAIRBALL
U04052,B,2026-10-07 03:18:31,PET04052,cat,6,19.7,,
U04053,B,2026-11-18 21:50:01,PET04053,dog,14,28.8,,DENTAL
U04054,B,2026-10-18 16:47:09,PET04054,cat,7,1.9,,
U04055,B,2026-09-13 15:59:38,PET04055,dog,3,29.7,DUCK,RESPIRATORY
U04056,A,2026-09-25 04:24:25,PET04056,dog,3,20.8,,STRESS_CALMING
U04057,B,2026-11-08 12:19:00,PET04057,dog,10,26.8,INSECT,WEIGHT_CONTROL
U04058,A,2026-09-25 00:12:16,PET04058,cat,11,26.9,,HAIRBALL
U04059,B,2026-10-02 17:34:36,PET04059,cat,3,31.8,TURKEY,HYPOALLERGENIC
U04060,B,2026-10-26 07:00:12,PET04060,dog,10,4.6,,HEART
U04061,A,2026-09-30 21:55:24,PET04061,dog,14,20.6,,
U04062,B,2026-09-19 13:36:33,PET04062,dog,8,32.0,RICE,
U04063,B,2026-11-03 17:07:27,PET04063,dog,14,25.6,,HYPOALLERGENIC
U04064,A,2026-11-09 08:10:20,PET04064,dog,3,4.7,,
U04065,B,2026-11-12 04:46:08,PET04065,cat,6,22.1,,
U04066,B,2026-12-01 21:58:38,PET04066,dog,8,28.3,,
U04067,A,2026-09-19 11:04:37,PET04067,dog,6,10.7,,
U04068,A,2026-10-16 04:39:21,PET04068,dog,2,22.7,,
U04069,B,2026-09-29 15:22:02,PET04069,dog,7,29.7,,
U04070,A,2026-11-28 20:26:17,PET04070,cat,5,19.0,RICE,
U04071,B,2026-10-26 08:03:54,PET04071,dog,3,8.0,,
U04072,A,2026-09-16 21:53:10,PET04072,dog,6,19.9,,
U04073,A,2026-11-09 00:57:56,PET04073,cat,6,21.2,,
U04074,A,2026-09-11 21:23:25,PET04074,dog,13,15.0,,
U04075,A,2026-10-02 04:23:47,PET04075,cat,7,24.3,,
U04076,B,2026-11-11 05:40:00,PET04076,cat,6,16.0,EGG,URINARY
U04077,A,2026-10-23 01:08:53,PET04077,cat,6,30.9,RICE,
U04078,A,2026-11-15 03:08:59,PET04078,cat,9,28.0,,
U04079,B,2026-10-29 03:10:31,PET04079,dog,4,28.5,,JOINT
U04080,A,2026-11-22 23:01:29,PET04080,dog,13,19.1,BEEF,COGNITIVE
U04081,B,2026-10-28 15:12:43,PET04081,dog,6,8.1,,
U04082,B,2026-09-13 19:53:31,PET04082,dog,6,25.8,,URINARY
U04083,A,2026-09-14 21:46:43,PET04083,dog,1,3.8,,
U04084,B,2026-11-16 11:19:08,PET04084,dog,13,18.8,,GUT
U04085,B,2026-09-11 21:39:16,PET04085,dog,7,3.3,,URINARY
U04086,B,2026-10-11 00:08:56,PET04086,dog,2,19.2,POTATO,
U04087,B,2026-09-09 07:41:49,PET04087,cat,3,24.5,,
U04088,B,2026-10-05 19:44:20,PET04088,dog,6,15.5,,
U04089,A,2026-10-31 03:40:37,PET04089,dog,11,15.5,,COGNITIVE
U04090,A,2026-09-23 19:55:41,PET04090,dog,2,5.6,,SKIN_COAT
U04091,A,2026-10-19 14:02:16,PET04091,cat,2,11.6,PORK,STRESS_CALMING
U04092,B,2026-12-06 07:03:26,PET04092,dog,8,16.4,,
U04093,B,2026-09-14 11:40:45,PET04093,cat,7,30.4,,
U04094,B,2026-09-13 09:45:21,PET04094,dog,14,31.6,FISH,
U04095,B,2026-10-02 23:51:41,PET04095,dog,11,33.4,,
U04096,A,2026-11-21 15:44:20,PET04096,cat,10,4.9,,
U04097,B,2026-10-14 03:46:09,PET04097,dog,5,11.4,TURKEY,SKIN_COAT
U04098,B,2026-11-04 21:02:32,PET04098,dog,9,17.0,,
U04099,B,2026-09-11 09:49:10,PET04099,dog,9,23.0,,IMMUNE
U04100,B,2026-11-13 20:44:20,PET04100,dog,4,25.0,,
U04101,B,2026-09-14 20:55:00,PET04101,dog,6,27.8,CORN,
U04102,A,2026-11-11 09:43:52,PET04102,dog,14,18.1,,SKIN_COAT
U04103,A,2026-09-21 15:26:21,PET04103,dog,8,20.1,,
U04104,B,2026-11-24 10:03:08,PET04104,cat,7,33.7,,
U04105,A,2026-10-04 23:57:47,PET04105,dog,12,9.5,,
U04106,A,2026-09-24 15:10:30,PET04106,dog,4,28.4,,
U04107,A,2026-10-08 10:31:44,PET04107,cat,4,25.3,CORN,DENTAL
U04108,A,2026-09-08 19:18:36,PET04108,dog,14,6.2,,
U04109,B,2026-09-22 03:26:26,PET04109,cat,12,32.5,,
U04110,A,2026-10-31 20:18:07,PET04110,dog,6,30.2,,
U04111,A,2026-10-05 14:27:13,PET04111,cat,14,27.6,,
U04112,B,2026-10-09 12:32:32,PET04112,cat,6,5.7,,
U04113,A,2026-11-19 11:26:24,PET04113,dog,10,6.2,,
U04114,B,2026-09-19 00:43:52,PET04114,cat,1,24.4,DAIRY,
U04115,B,2026-10-13 12:23:11,PET04115,cat,10,5.1,,EYE
U04116,B,2026-09-24 05:08:25,PET04116,cat,3,5.3,,COGNITIVE
U04117,A,2026-10-21 10:42:22,PET04117,dog,4,14.9,,
U04118,A,2026-10-07 09:18:32,PET04118,dog,12,1.7,,
U04119,A,2026-09-12 18:14:01,PET04119,dog,3,25.7,,
U04120,A,2026-09-14 03:34:24,PET04120,cat,7,19.6,BEEF,
U04121,A,2026-11-23 07:44:44,PET04121,dog,13,4.1,,JOINT
U04122,A,2026-09-13 08:54:31,PET04122,dog,14,19.7,,
U04123,B,2026-11-17 03:12:10,PET04123,cat,7,3.3,,
U04124,A,2026-11-29 15:49:47,PET04124,dog,2,3.9,,
U04125,B,2026-10-19 01:05:19,PET04125,cat,5,17.8,,
U04126,B,2026-10-06 04:57:20,PET04126,dog,9,18.2,,
U04127,A,2026-11-16 06:15:00,PET04127,cat,5,12.9,,
U04128,B,2026-12-05 14:18:52,PET04128,dog,11,22.3,FISH,
U04129,A,2026-09-18 18:26:32,PET04129,dog,14,14.5,SOY,KIDNEY
U04130,A,2026-12-03 00:43:40,PET04130,dog,9,21.2,,
U04131,B,2026-12-01 23:02:49,PET04131,dog,9,13.2,,KIDNEY
U04132,A,2026-09-20 12:54:17,PET04132,dog,8,25.5,,
U04133,A,2026-09-12 22:18:23,PET04133,dog,3,20.9,,
U04134,A,2026-11-11 15:38:54,PET04134,cat,9,6.9,,LIVER
U04135,A,2026-09-14 08:09:13,PET04135,dog,14,24.5,,
U04136,B,2026-11-01 19:50:32,PET04136,dog,10,27.8,DAIRY,
U04137,B,2026-09-13 11:36:15,PET04137,dog,11,3.7,,
U04138,A,2026-11-09 08:23:52,PET04138,dog,13,21.9,CHICKEN,
U04139,B,2026-09-28 06:39:07,PET04139,cat,6,28.0,,GUT
U04140,A,2026-09-16 02:10:21,PET04140,dog,5,5.3,,COGNITIVE
U04141,B,2026-09-13 17:03:56,PET04141,cat,14,31.7,,
U04142,A,2026-09-24 20:44:18,PET04142,cat,7,15.4,,
U04143,B,2026-10-26 00:43:48,PET04143,cat,11,26.2,,
U04144,A,2026-09-14 11:13:15,PET04144,cat,9,31.6,,IMMUNE
U04145,A,2026-11-19 11:49:08,PET04145,dog,2,34.7,,JOINT
U04146,A,2026-11-01 10:48:10,PET04146,cat,5,21.1,CORN,
U04147,A,2026-10-04 00:26:26,PET04147,cat,5,25.1,RICE,
U04148,B,2026-12-05 02:17:32,PET04148,cat,3,9.9,EGG,
U04149,A,2026-11-06 23:48:19,PET04149,dog,11,11.2,,
U04150,A,2026-11-07 22:45:13,PET04150,dog,14,30.0,,
U04151,B,2026-09-23 01:00:29,PET04151,cat,14,14.8,,
U04152,A,2026-11-10 09:37:31,PET04152,dog,3,29.1,,
U04153,A,2026-10-28 08:22:30,PET04153,cat,7,3.2,,LIVER
U04154,B,2026-12-05 16:34:35,PET04154,dog,4,8.8,,
U04155,B,2026-10-21 01:48:18,PET04155,dog,1,7.2,,URINARY
U04156,A,2026-11-08 06:42:59,PET04156,dog,9,19.2,,HYPOALLERGENIC
U04157,A,2026-10-08 07:00:20,PET04157,dog,13,4.2,,JOINT
U04158,B,2026-09-11 14:58:44,PET04158,dog,2,13.0,,STRESS_CALMING
U04159,A,2026-09-19 19:43:11,PET04159,cat,9,34.5,,GUT
U04160,A,2026-11-25 17:49:12,PET04160,cat,1,28.1,,WEIGHT_CONTROL
U04161,B,2026-11-13 03:28:10,PET04161,cat,12,27.0,,HEART
U04162,B,2026-10-10 19:19:48,PET04162,cat,1,6.0,,RESPIRATORY
U04163,B,2026-11-09 14:50:34,PET04163,cat,7,13.7,,URINARY
U04164,A,2026-09-08 14:03:55,PET04164,dog,2,24.3,,DENTAL
U04165,A,2026-09-11 03:14:53,PET04165,cat,6,2.2,,
U04166,B,2026-10-23 09:38:24,PET04166,cat,7,16.0,,
U04167,A,2026-11-03 04:03:35,PET04167,cat,8,32.6,CHICKEN,HAIRBALL
U04168,A,2026-12-01 20:07:03,PET04168,dog,12,4.3,,
U04169,B,2026-11-15 17:58:45,PET04169,cat,14,31.9,,
U04170,A,2026-10-01 21:57:54,PET04170,dog,5,8.0,,EYE
U04171,A,2026-11-20 16:13:06,PET04171,dog,13,7.8,,
U04172,B,2026-10-22 04:51:59,PET04172,cat,6,8.0,,EYE
U04173,A,2026-11-21 02:24:44,PET04173,cat,2,32.7,,
U04174,A,2026-09-23 14:44:22,PET04174,dog,9,21.7,,
U04175,A,2026-09-10 10:28:10,PET04175,dog,11,26.7,,
U04176,A,2026-09-13 13:14:41,PET04176,cat,5,13.8,,RESPIRATORY
U04177,B,2026-12-06 01:14:14,PET04177,dog,9,30.8,,URINARY
U04178,B,2026-09-15 09:27:58,PET04178,dog,7,21.0,,
U04179,A,2026-12-01 17:45:44,PET04179,cat,3,21.6,,
U04180,B,2026-11-12 15:45:49,PET04180,cat,6,26.7,,
U04181,A,2026-09-21 17:17:31,PET04181,dog,6,27.4,,
U04182,B,2026-11-24 20:20:49,PET04182,dog,5,24.3,,
U04183,A,2026-09-20 07:08:59,PET04183,dog,13,5.5,,KIDNEY
U04184,B,2026-09-20 08:19:22,PET04184,dog,6,30.5,,
U04185,B,2026-10-29 19:39:45,PET04185,cat,9,10.2,,EYE
U04186,A,2026-10-03 18:09:57,PET04186,cat,1,34.9,,
U04187,B,2026-10-04 05:52:50,PET04187,dog,5,14.4,,
U04188,B,2026-09-25 22:18:12,PET04188,dog,13,5.5,,EYE
U04189,A,2026-11-01 23:44:46,PET04189,dog,13,12.1,INSECT,JOINT
U04190,A,2026-09-10 06:18:54,PET04190,dog,14,20.7,,
U04191,A,2026-09-30 10:29:57,PET04191,dog,1,14.6,,
U04192,A,2026-10-27 03:11:14,PET04192,dog,13,29.3,SOY,KIDNEY
U04193,B,2026-10-21 19:45:21,PET04193,cat,4,24.4,WHEAT,SKIN_COAT
U04194,B,2026-11-09 06:41:33,PET04194,dog,1,8.7,,
U04195,B,2026-09-27 14:33:29,PET04195,cat,2,19.6,TURKEY,
U04196,A,2026-11-05 21:33:46,PET04196,dog,11,27.9,,
U04197,A,2026-11-15 04:39:55,PET04197,cat,9,31.4,DAIRY,
U04198,A,2026-10-12 04:46:03,PET04198,cat,9,14.7,EGG,
U04199,B,2026-10-01 14:40:51,PET04199,dog,13,32.5,,
U04200,B,2026-10-27 09:28:34,PET04200,dog,2,2.7,,IMMUNE
U04201,A,2026-10-30 09:28:08,PET04201,cat,2,24.2,,LIVER
U04202,A,2026-09-16 13:28:51,PET04202,dog,14,27.7,,WEIGHT_CONTROL
U04203,A,2026-10-28 01:27:33,PET04203,dog,9,15.7,,
U04204,B,2026-09-21 05:18:00,PET04204,dog,11,1.9,,
U04205,B,2026-10-29 18:42:01,PET04205,cat,8,24.5,,HAIRBALL
U04206,B,2026-11-30 02:56:56,PET04206,dog,3,13.0,,
U04207,B,2026-10-26 09:13:08,PET04207,dog,8,6.6,SOY,RESPIRATORY
U04208,A,2026-11-15 00:24:36,PET04208,dog,14,6.8,,
U04209,B,2026-10-05 18:51:53,PET04209,cat,2,27.3,,
U04210,A,2026-11-30 18:53:19,PET04210,dog,2,7.8,,
U04211,B,2026-11-20 02:47:36,PET04211,cat,5,17.7,,
U04212,A,2026-11-29 08:31:35,PET04212,cat,7,34.0,,
U04213,B,2026-11-13 01:17:16,PET04213,dog,9,26.9,,LIVER
U04214,B,2026-11-05 20:41:02,PET04214,dog,3,19.8,,
U04215,B,2026-10-25 04:18:00,PET04215,cat,14,19.2,,
U04216,B,2026-11-30 08:26:44,PET04216,cat,3,7.1,,HEART
U04217,B,2026-11-23 01:43:46,PET04217,dog,3,16.5,,
U04218,B,2026-10-15 07:10:43,PET04218,dog,14,6.4,,
U04219,A,2026-09-15 05:12:57,PET04219,dog,6,4.3,,
U04220,B,2026-09-08 00:05:39,PET04220,dog,9,5.2,,IMMUNE
U04221,B,2026-09-29 17:24:12,PET04221,dog,7,21.8,,SKIN_COAT
U04222,B,2026-09-13 03:08:53,PET04222,dog,4,8.0,CHICKEN,
U04223,A,2026-09-27 22:33:10,PET04223,dog,8,6.5,,
U04224,A,2026-09-17 13:40:06,PET04224,cat,11,30.5,OAT,SKIN_COAT
U04225,A,2026-12-05 00:02:24,PET04225,cat,1,5.6,VENISON,HYPOALLERGENIC
U04226,B,2026-09-16 13:04:15,PET04226,cat,13,25.1,,GUT
U04227,A,2026-11-03 00:42:49,PET04227,cat,3,15.5,,
U04228,B,2026-10-09 20:00:52,PET04228,cat,13,20.9,,
U04229,B,2026-09-23 12:41:26,PET04229,dog,14,2.3,,
U04230,A,2026-11-10 07:54:09,PET04230,cat,14,1.5,,
U04231,A,2026-12-04 00:17:39,PET04231,dog,10,28.9,,
U04232,B,2026-11-18 13:38:00,PET04232,dog,13,17.4,,
U04233,A,2026-12-04 21:04:26,PET04233,cat,13,3.9,,
U04234,A,2026-10-31 20:03:26,PET04234,cat,9,13.0,,HAIRBALL
U04235,B,2026-11-07 01:12:13,PET04235,dog,13,18.5,,COGNITIVE
U04236,B,2026-09-21 16:19:17,PET04236,cat,5,6.0,,
U04237,A,2026-11-23 20:08:22,PET04237,dog,12,19.8,,
U04238,A,2026-11-14 03:33:57,PET04238,dog,13,19.2,,RESPIRATORY
U04239,B,2026-09-30 17:11:36,PET04239,dog,9,21.7,,
U04240,A,2026-10-09 18:21:31,PET04240,dog,2,28.6,,
U04241,B,2026-11-01 03:51:24,PET04241,cat,3,15.3,,RESPIRATORY
U04242,A,2026-09-09 00:31:35,PET04242,dog,3,31.3,DAIRY,
U04243,A,2026-11-20 03:43:49,PET04243,dog,8,17.4,,WEIGHT_CONTROL
U04244,A,2026-10-03 15:01:03,PET04244,cat,7,16.8,,
U04245,B,2026-09-14 22:12:31,PET04245,dog,12,23.5,,
U04246,A,2026-10-07 23:39:26,PET04246,dog,4,22.2,,
U04247,B,2026-11-22 02:36:32,PET04247,dog,3,1.9,,
U04248,A,2026-10-02 23:16:58,PET04248,dog,9,34.4,,
U04249,A,2026-10-26 02:37:01,PET04249,dog,2,33.1,RICE,GUT
U04250,A,2026-11-20 19:47:23,PET04250,cat,13,10.9,EGG,RESPIRATORY
U04251,A,2026-09-11 13:00:17,PET04251,cat,2,20.2,,
U04252,B,2026-11-15 12:40:49,PET04252,dog,7,27.3,,
U04253,A,2026-10-03 10:34:28,PET04253,dog,14,32.3,DAIRY,
U04254,B,2026-11-09 12:22:07,PET04254,dog,8,21.1,,
U04255,A,2026-09-24 15:51:58,PET04255,cat,12,2.1,,
U04256,B,2026-09-20 03:21:46,PET04256,dog,6,24.3,,
U04257,B,2026-11-17 03:23:53,PET04257,dog,11,4.6,,
U04258,A,2026-11-19 10:15:21,PET04258,cat,10,24.0,,RESPIRATORY
U04259,B,2026-12-05 08:28:31,PET04259,cat,8,21.2,,
U04260,B,2026-11-07 09:53:24,PET04260,dog,2,23.0,WHEAT,
U04261,A,2026-10-19 06:23:44,PET04261,dog,14,7.8,,
U04262,B,2026-09-25 08:47:45,PET04262,dog,1,18.0,,
U04263,A,2026-10-04 20:14:34,PET04263,cat,5,22.2,,
U04264,A,2026-11-05 12:26:21,PET04264,dog,9,11.6,,
U04265,A,2026-10-09 02:40:07,PET04265,dog,11,7.6,,WEIGHT_CONTROL
U04266,A,2026-10-21 23:23:45,PET04266,cat,8,9.0,,COGNITIVE
U04267,A,2026-09-23 22:48:35,PET04267,dog,6,30.2,,
U04268,B,2026-10-17 11:31:27,PET04268,dog,6,17.1,,
U04269,B,2026-09-29 14:36:39,PET04269,cat,14,23.6,,
U04270,A,2026-09-18 03:18:08,PET04270,dog,5,18.7,,
U04271,A,2026-09-19 17:05:27,PET04271,cat,12,29.4,,LIVER
U04272,A,2026-10-24 00:53:29,PET04272,cat,1,18.5,,
U04273,A,2026-10-10 20:19:45,PET04273,dog,10,4.6,,
U04274,A,2026-09-16 10:29:23,PET04274,cat,10,8.1,,
U04275,B,2026-10-24 23:50:17,PET04275,cat,10,1.9,,
U04276,A,2026-09-22 21:13:50,PET04276,cat,6,29.4,,
U04277,A,2026-09-09 10:05:25,PET04277,cat,10,23.7,,
U04278,A,2026-09-19 00:16:35,PET04278,dog,7,26.9,,
U04279,B,2026-10-18 03:31:05,PET04279,dog,9,25.5,,
U04280,B,2026-12-02 06:58:29,PET04280,cat,13,29.1,,
U04281,A,2026-09-29 07:08:24,PET04281,dog,10,34.6,,
U04282,B,2026-10-03 08:29:31,PET04282,dog,11,23.4,WHEAT,
U04283,A,2026-09-29 16:12:06,PET04283,dog,14,10.0,DAIRY,
U04284,A,2026-10-09 16:54:58,PET04284,dog,4,4.9,,JOINT
U04285,A,2026-11-11 01:33:52,PET04285,cat,9,21.3,,IMMUNE
U04286,B,2026-10-06 05:13:13,PET04286,cat,10,27.3,,
U04287,B,2026-11-06 10:29:49,PET04287,cat,10,20.3,,
U04288,A,2026-11-27 19:48:42,PET04288,dog,2,11.7,,
U04289,A,2026-12-02 09:19:39,PET04289,dog,11,25.6,,
U04290,B,2026-10-28 04:36:13,PET04290,cat,3,16.5,WHEAT,
U04291,B,2026-11-11 06:52:36,PET04291,dog,6,11.1,,LIVER
U04292,B,2026-11-29 03:53:37,PET04292,cat,10,29.7,CORN,
U04293,B,2026-11-17 18:06:12,PET04293,cat,4,20.8,,
U04294,A,2026-10-04 21:32:53,PET04294,dog,2,11.0,BEEF,
U04295,B,2026-09-19 23:24:03,PET04295,dog,10,12.5,,
U04296,A,2026-09-18 07:14:45,PET04296,cat,4,20.7,,
U04297,A,2026-11-26 23:39:59,PET04297,dog,12,15.7,,EYE
U04298,A,2026-10-28 18:22:43,PET04298,cat,13,6.9,,JOINT
U04299,A,2026-10-04 03:47:09,PET04299,cat,5,22.0,,HYPOALLERGENIC
U04300,B,2026-10-09 03:57:30,PET04300,dog,11,24.6,TURKEY,
U04301,A,2026-10-03 02:50:27,PET04301,cat,4,1.5,,
U04302,B,2026-11-19 15:32:08,PET04302,dog,14,19.5,,
U04303,A,2026-11-02 08:55:24,PET04303,dog,4,20.8,INSECT,
U04304,B,2026-11-26 17:03:50,PET04304,cat,13,12.6,CORN,KIDNEY
U04305,A,2026-10-05 13:17:14,PET04305,cat,12,12.8,,KIDNEY
U04306,A,2026-10-20 05:44:27,PET04306,cat,5,12.1,,JOINT
U04307,A,2026-09-18 15:18:44,PET04307,cat,12,16.4,CHICKEN,
U04308,A,2026-12-04 03:29:38,PET04308,dog,9,28.7,,WEIGHT_CONTROL
U04309,B,2026-10-24 17:12:39,PET04309,dog,10,17.2,,SKIN_COAT
U04310,B,2026-10-27 07:44:59,PET04310,dog,6,34.8,CHICKEN,EYE
U04311,A,2026-10-15 04:20:14,PET04311,dog,4,14.1,,
U04312,B,2026-10-02 03:53:01,PET04312,dog,10,24.9,,
U04313,A,2026-12-02 07:41:11,PET04313,dog,1,19.9,,WEIGHT_CONTROL
U04314,B,2026-10-22 01:10:27,PET04314,cat,5,27.0,INSECT,
U04315,B,2026-11-07 12:04:10,PET04315,dog,2,31.3,INSECT,
U04316,A,2026-09-11 10:36:28,PET04316,cat,1,18.6,,HYPOALLERGENIC
U04317,B,2026-10-02 06:35:43,PET04317,cat,1,18.1,,
U04318,A,2026-11-19 08:03:00,PET04318,cat,2,33.1,,
U04319,A,2026-09-15 12:15:27,PET04319,dog,14,32.8,CHICKEN,
U04320,B,2026-09-17 23:43:44,PET04320,cat,11,34.9,,HEART
U04321,B,2026-11-19 16:42:53,PET04321,cat,14,6.7,EGG,
U04322,B,2026-10-05 16:36:00,PET04322,dog,2,1.6,,
U04323,B,2026-10-02 21:03:59,PET04323,dog,14,16.1,,HEART
U04324,B,2026-10-28 05:02:49,PET04324,dog,9,26.1,,
U04325,A,2026-09-25 16:24:58,PET04325,cat,12,3.9,,RESPIRATORY
U04326,B,2026-09-11 16:38:45,PET04326,cat,13,14.0,,
U04327,A,2026-09-08 15:55:33,PET04327,dog,4,21.0,,
U04328,A,2026-09-15 11:07:52,PET04328,cat,11,8.6,,
U04329,B,2026-09-22 04:30:42,PET04329,dog,10,26.0,,IMMUNE
U04330,A,2026-11-09 09:43:33,PET04330,dog,6,9.2,DAIRY,
U04331,A,2026-10-04 11:49:06,PET04331,cat,7,29.7,,JOINT
U04332,A,2026-09-14 12:31:23,PET04332,cat,3,13.2,,
U04333,B,2026-09-09 13:07:55,PET04333,cat,3,21.6,,
U04334,A,2026-10-20 09:31:49,PET04334,dog,13,19.7,,IMMUNE
U04335,A,2026-11-22 14:01:51,PET04335,dog,11,11.4,FISH,
U04336,A,2026-10-08 17:12:06,PET04336,dog,8,16.2,CHICKEN,
U04337,B,2026-09-13 12:08:54,PET04337,dog,10,29.8,,
U04338,B,2026-09-28 03:22:08,PET04338,dog,6,19.9,,LIVER
U04339,B,2026-10-22 00:25:32,PET04339,cat,4,3.4,,RESPIRATORY
U04340,B,2026-09-24 00:45:12,PET04340,cat,14,25.4,,EYE
U04341,B,2026-12-05 15:59:29,PET04341,dog,14,7.6,,
U04342,A,2026-11-15 09:59:28,PET04342,dog,4,17.8,,WEIGHT_CONTROL
U04343,A,2026-10-09 05:56:45,PET04343,dog,12,17.2,,RESPIRATORY
U04344,B,2026-12-02 03:09:09,PET04344,dog,7,17.8,,
U04345,A,2026-10-07 17:03:36,PET04345,cat,10,2.5,,
U04346,A,2026-09-20 07:00:51,PET04346,dog,2,10.6,,JOINT
U04347,B,2026-12-01 09:44:52,PET04347,cat,7,3.2,,
U04348,B,2026-12-03 02:16:23,PET04348,dog,2,15.4,,COGNITIVE
U04349,A,2026-10-06 18:27:26,PET04349,dog,12,22.3,,
U04350,B,2026-10-31 05:13:05,PET04350,cat,6,23.4,,
U04351,B,2026-09-23 18:33:26,PET04351,dog,4,3.7,,
U04352,A,2026-11-04 16:51:05,PET04352,dog,10,5.5,,
U04353,B,2026-11-09 16:13:52,PET04353,cat,14,23.7,CHICKEN,GUT
U04354,A,2026-11-10 03:48:05,PET04354,dog,5,19.3,,
U04355,B,2026-10-29 19:38:01,PET04355,dog,11,29.4,,DENTAL
U04356,A,2026-11-10 12:42:46,PET04356,dog,10,8.4,INSECT,HYPOALLERGENIC
U04357,A,2026-10-27 04:20:32,PET04357,dog,7,5.5,,
U04358,A,2026-11-20 18:40:33,PET04358,dog,12,13.6,CHICKEN,
U04359,A,2026-09-24 23:28:09,PET04359,dog,2,22.8,,
U04360,A,2026-10-21 13:34:47,PET04360,cat,13,17.8,DUCK,URINARY
U04361,B,2026-10-15 17:28:49,PET04361,cat,6,4.8,INSECT,
U04362,B,2026-10-26 01:37:24,PET04362,dog,1,3.9,,
U04363,A,2026-09-20 07:23:26,PET04363,dog,14,24.2,VENISON,
U04364,A,2026-10-07 08:54:35,PET04364,dog,11,11.4,,EYE
U04365,A,2026-12-02 04:25:04,PET04365,dog,12,23.9,,
U04366,A,2026-09-17 00:38:48,PET04366,dog,3,11.4,,
U04367,A,2026-11-04 06:29:38,PET04367,cat,11,12.0,TURKEY,HEART
U04368,B,2026-11-06 09:02:59,PET04368,dog,10,8.5,LAMB,
U04369,A,2026-10-20 19:30:01,PET04369,dog,13,34.5,,
U04370,A,2026-09-11 21:44:32,PET04370,cat,6,2.0,,KIDNEY
U04371,B,2026-09-11 19:58:51,PET04371,cat,13,5.8,,
U04372,A,2026-10-02 19:14:12,PET04372,dog,10,29.5,,JOINT
U04373,B,2026-09-17 21:27:22,PET04373,dog,4,6.1,DAIRY,
U04374,A,2026-09-16 18:22:56,PET04374,cat,3,10.9,VENISON,
U04375,A,2026-09-22 13:45:58,PET04375,dog,13,10.3,,
U04376,A,2026-09-25 07:33:14,PET04376,cat,10,24.8,TURKEY,EYE
U04377,A,2026-11-22 18:26:06,PET04377,cat,2,15.3,,
U04378,B,2026-11-04 16:11:58,PET04378,dog,2,29.7,EGG,
U04379,A,2026-09-10 13:02:26,PET04379,dog,12,26.5,,
U04380,A,2026-11-03 04:49:16,PET04380,dog,3,19.3,BEEF,
U04381,B,2026-09-20 16:32:56,PET04381,dog,4,9.8,,
U04382,A,2026-10-15 04:57:27,PET04382,dog,9,28.0,,EYE
U04383,A,2026-09-11 02:24:37,PET04383,cat,13,30.5,POTATO,GUT
U04384,B,2026-09-16 05:58:05,PET04384,cat,5,29.5,,
U04385,B,2026-09-19 03:32:12,PET04385,cat,10,3.2,,STRESS_CALMING
U04386,A,2026-10-17 14:56:48,PET04386,cat,10,24.9,,
U04387,A,2026-10-19 15:58:32,PET04387,cat,9,25.1,,
U04388,A,2026-10-09 09:45:27,PET04388,dog,10,33.1,,
U04389,A,2026-11-02 20:36:06,PET04389,dog,4,10.3,,
U04390,A,2026-11-11 01:35:50,PET04390,cat,9,27.8,,URINARY
U04391,A,2026-11-12 01:58:29,PET04391,cat,1,24.6,,
U04392,B,2026-10-30 16:43:55,PET04392,dog,11,30.9,,
U04393,A,2026-10-27 22:48:30,PET04393,cat,12,24.7,,
U04394,A,2026-10-22 18:23:31,PET04394,dog,12,30.1,,GUT
U04395,B,2026-09-29 18:54:44,PET04395,dog,1,13.5,,
U04396,A,2026-10-21 06:05:31,PET04396,cat,13,6.8,,
U04397,B,2026-09-08 08:21:59,PET04397,dog,7,13.7,,
U04398,A,2026-12-03 13:46:59,PET04398,dog,2,28.8,INSECT,
U04399,B,2026-10-11 04:29:25,PET04399,cat,8,5.9,,HEART
U04400,B,2026-11-15 04:44:26,PET04400,cat,9,22.9,,HAIRBALL
U04401,A,2026-12-03 01:44:31,PET04401,dog,6,34.6,,
U04402,A,2026-10-22 19:26:27,PET04402,cat,11,31.5,WHEAT,
U04403,A,2026-11-24 17:55:01,PET04403,dog,8,24.0,,LIVER
U04404,A,2026-10-21 10:35:04,PET04404,cat,4,28.1,,
U04405,B,2026-09-19 12:42:49,PET04405,dog,9,5.4,,
U04406,B,2026-09-10 12:17:31,PET04406,cat,4,18.2,,
U04407,B,2026-09-20 21:19:41,PET04407,cat,2,19.3,,
U04408,B,2026-12-01 03:03:36,PET04408,dog,4,27.7,,
U04409,A,2026-10-20 14:15:58,PET04409,dog,13,11.0,OAT,
U04410,B,2026-10-06 06:18:50,PET04410,dog,9,5.1,,
U04411,A,2026-10-18 09:54:35,PET04411,cat,5,24.9,,EYE
U04412,B,2026-10-01 00:50:05,PET04412,cat,6,18.0,LAMB,GUT
U04413,B,2026-11-25 09:33:14,PET04413,cat,13,29.7,,DENTAL
U04414,A,2026-12-06 18:05:13,PET04414,cat,10,17.6,,
U04415,A,2026-09-15 23:02:53,PET04415,dog,11,29.9,CHICKEN,
U04416,A,2026-11-11 06:09:48,PET04416,cat,9,18.5,,
U04417,B,2026-10-08 03:49:16,PET04417,dog,14,27.7,,
U04418,B,2026-09-12 11:36:09,PET04418,cat,10,25.6,,KIDNEY
U04419,B,2026-11-29 10:55:14,PET04419,dog,6,10.4,,
U04420,B,2026-09-13 01:42:29,PET04420,cat,4,11.9,TURKEY,HYPOALLERGENIC
U04421,B,2026-09-26 21:52:43,PET04421,dog,1,31.6,LAMB,
U04422,B,2026-09-10 16:00:09,PET04422,dog,11,9.2,BEEF,LIVER
U04423,B,2026-10-20 14:35:22,PET04423,dog,14,24.9,RICE,COGNITIVE
U04424,B,2026-10-31 00:00:01,PET04424,cat,10,6.4,,
U04425,B,2026-10-06 09:47:06,PET04425,dog,7,26.8,,
U04426,A,2026-09-14 11:38:54,PET04426,dog,2,9.0,,
U04427,A,2026-09-18 11:31:57,PET04427,dog,10,21.4,,HEART
U04428,B,2026-12-01 16:48:51,PET04428,dog,3,20.4,,
U04429,A,2026-11-19 14:05:30,PET04429,cat,9,8.3,,WEIGHT_CONTROL
U04430,A,2026-12-01 15:56:14,PET04430,cat,5,18.0,,
U04431,B,2026-10-25 14:20:38,PET04431,cat,13,31.0,DAIRY,
U04432,A,2026-10-27 15:08:33,PET04432,cat,14,24.3,LAMB,COGNITIVE
U04433,A,2026-11-17 09:24:21,PET04433,dog,4,34.8,,
U04434,A,2026-11-02 21:23:08,PET04434,dog,5,27.8,,HEART
U04435,B,2026-10-17 22:34:52,PET04435,cat,13,23.1,,SKIN_COAT
U04436,B,2026-10-04 03:01:54,PET04436,cat,1,20.4,DAIRY,
U04437,B,2026-10-21 19:35:25,PET04437,dog,8,32.9,,EYE
U04438,B,2026-09-13 16:12:37,PET04438,cat,2,19.2,,JOINT
U04439,A,2026-09-25 08:53:50,PET04439,dog,7,15.0,,
U04440,B,2026-11-13 08:28:51,PET04440,dog,1,29.5,,
U04441,B,2026-11-25 22:08:50,PET04441,dog,2,33.0,,
U04442,A,2026-09-17 02:30:51,PET04442,cat,6,17.5,,
U04443,B,2026-09-16 20:38:34,PET04443,cat,1,6.1,,
U04444,A,2026-09-15 08:50:18,PET04444,dog,12,21.9,,
U04445,A,2026-11-18 18:35:04,PET04445,cat,9,26.3,DUCK,
U04446,A,2026-10-06 01:22:46,PET04446,cat,7,14.0,POTATO,
U04447,A,2026-10-07 04:14:53,PET04447,dog,7,26.6,,
U04448,A,2026-09-09 03:32:58,PET04448,cat,12,19.3,,
U04449,B,2026-12-04 22:02:23,PET04449,dog,12,11.6,,
U04450,A,2026-10-17 05:26:22,PET04450,dog,1,22.6,WHEAT,KIDNEY
U04451,A,2026-11-18 06:39:19,PET04451,dog,10,14.5,INSECT,
U04452,A,2026-11-10 06:39:26,PET04452,dog,7,27.9,,STRESS_CALMING
U04453,B,2026-09-20 14:38:50,PET04453,dog,11,1.6,,
U04454,A,2026-11-19 17:50:01,PET04454,dog,12,28.9,,SKIN_COAT
U04455,B,2026-10-27 05:44:20,PET04455,dog,10,11.8,,
U04456,B,2026-11-01 14:17:15,PET04456,cat,10,33.6,,
U04457,B,2026-09-26 11:40:54,PET04457,cat,3,26.9,,HYPOALLERGENIC
U04458,A,2026-11-23 17:21:03,PET04458,dog,12,9.6,,
U04459,A,2026-11-30 07:07:36,PET04459,dog,10,34.3,,URINARY
U04460,B,2026-10-14 17:49:33,PET04460,dog,4,18.2,,
U04461,A,2026-09-16 09:50:00,PET04461,cat,4,19.0,,HEART
U04462,A,2026-11-23 19:11:03,PET04462,cat,8,32.0,DUCK,
U04463,A,2026-11-26 02:23:39,PET04463,dog,5,32.3,,
U04464,A,2026-10-23 09:53:58,PET04464,cat,10,24.8,,WEIGHT_CONTROL
U04465,B,2026-10-30 13:13:33,PET04465,cat,6,34.3,TURKEY,
U04466,A,2026-09-28 18:16:41,PET04466,cat,3,12.5,,
U04467,A,2026-09-14 17:30:18,PET04467,dog,6,9.3,OAT,STRESS_CALMING
U04468,A,2026-12-01 22:12:12,PET04468,dog,12,2.5,,
U04469,B,2026-10-21 18:11:22,PET04469,cat,12,13.1,,SKIN_COAT
U04470,A,2026-10-02 07:08:35,PET04470,dog,5,21.7,,
U04471,A,2026-11-09 22:59:05,PET04471,dog,12,11.7,,
U04472,B,2026-09-10 01:44:40,PET04472,dog,2,20.9,,
U04473,A,2026-09-15 13:12:56,PET04473,dog,14,3.1,,LIVER
U04474,A,2026-09-29 09:24:12,PET04474,cat,11,13.4,,
U04475,B,2026-10-18 16:53:26,PET04475,cat,1,26.6,CHICKEN,
U04476,A,2026-10-11 05:15:32,PET04476,dog,10,5.0,,
U04477,B,2026-09-24 07:06:35,PET04477,cat,7,25.4,CORN,
U04478,A,2026-10-09 10:30:37,PET04478,dog,13,27.1,,
U04479,B,2026-10-08 11:14:37,PET04479,cat,4,20.6,,
U04480,B,2026-10-25 22:29:22,PET04480,dog,13,31.2,,EYE
U04481,A,2026-10-28 18:09:15,PET04481,cat,13,33.5,,SKIN_COAT
U04482,B,2026-11-26 01:25:01,PET04482,cat,4,2.7,,URINARY
U04483,A,2026-11-19 07:52:09,PET04483,cat,7,24.2,,STRESS_CALMING
U04484,A,2026-10-04 11:47:39,PET04484,cat,9,9.4,,
U04485,B,2026-11-28 11:41:46,PET04485,dog,4,15.2,,
U04486,B,2026-10-24 20:24:07,PET04486,cat,14,22.4,,
U04487,A,2026-09-24 20:46:14,PET04487,cat,3,25.4,,COGNITIVE
U04488,A,2026-10-08 10:30:39,PET04488,dog,4,29.6,DAIRY,
U04489,B,2026-11-13 00:50:59,PET04489,cat,8,25.1,,JOINT
U04490,B,2026-11-20 19:34:21,PET04490,dog,7,27.5,CORN,URINARY
U04491,B,2026-10-11 12:04:44,PET04491,dog,1,21.6,,
U04492,A,2026-09-22 13:20:31,PET04492,cat,13,5.4,,SKIN_COAT
U04493,A,2026-09-25 12:33:43,PET04493,dog,4,2.2,,
U04494,A,2026-09-17 05:59:39,PET04494,dog,2,19.2,,
U04495,B,2026-11-09 08:10:35,PET04495,dog,8,25.5,,
U04496,A,2026-10-23 19:42:44,PET04496,cat,13,5.1,,EYE
U04497,A,2026-10-18 09:38:48,PET04497,cat,1,15.9,,JOINT
U04498,A,2026-11-07 23:54:27,PET04498,dog,7,10.1,,
U04499,A,2026-11-21 14:14:47,PET04499,cat,13,20.5,,
U04500,A,2026-11-18 18:08:36,PET04500,cat,13,14.6,,
U04501,B,2026-09-20 10:24:26,PET04501,cat,3,8.2,,DENTAL
U04502,A,2026-10-31 06:33:26,PET04502,cat,9,1.6,,
U04503,A,2026-11-26 00:10:54,PET04503,cat,12,12.3,,STRESS_CALMING
U04504,B,2026-11-16 12:39:10,PET04504,dog,10,18.8,,
U04505,B,2026-10-07 08:27:37,PET04505,dog,10,32.6,POTATO,
U04506,B,2026-10-13 03:06:36,PET04506,cat,11,9.1,INSECT,URINARY
U04507,B,2026-11-27 21:45:22,PET04507,dog,7,18.7,,COGNITIVE
U04508,B,2026-09-10 18:25:50,PET04508,dog,1,20.5,,
U04509,A,2026-10-25 06:14:18,PET04509,dog,9,23.2,,
U04510,B,2026-09-18 12:29:11,PET04510,dog,9,12.5,,
U04511,A,2026-11-27 23:31:47,PET04511,cat,12,4.8,,
U04512,A,2026-09-11 00:27:15,PET04512,dog,13,32.4,,
U04513,A,2026-09-10 15:38:18,PET04513,cat,5,33.4,,KIDNEY
U04514,A,2026-10-07 17:48:05,PET04514,cat,14,16.2,,
U04515,A,2026-09-26 11:51:56,PET04515,dog,1,20.9,,
U04516,B,2026-10-22 16:48:51,PET04516,dog,14,2.5,,
U04517,B,2026-10-04 06:00:20,PET04517,dog,2,3.1,,
U04518,A,2026-10-10 21:10:39,PET04518,dog,10,4.1,,
U04519,B,2026-10-28 20:06:13,PET04519,dog,10,26.2,PORK,URINARY
U04520,A,2026-10-28 03:38:35,PET04520,cat,9,9.1,,
U04521,B,2026-12-01 04:53:28,PET04521,dog,14,7.7,,KIDNEY
U04522,A,2026-10-21 18:41:54,PET04522,dog,8,1.8,,
U04523,B,2026-10-28 22:43:13,PET04523,dog,2,2.3,,
U04524,A,2026-11-08 14:35:55,PET04524,dog,9,15.1,,HYPOALLERGENIC
U04525,A,2026-09-23 04:43:47,PET04525,dog,5,19.6,,
U04526,A,2026-11-07 17:49:39,PET04526,cat,9,20.9,,
U04527,A,2026-11-24 12:47:09,PET04527,dog,6,16.8,CORN,IMMUNE
U04528,B,2026-10-06 21:41:03,PET04528,dog,1,16.9,,
U04529,B,2026-09-24 10:45:44,PET04529,cat,9,26.7,,DENTAL
U04530,A,2026-10-09 07:15:25,PET04530,cat,2,11.2,PORK,
U04531,A,2026-10-02 16:33:07,PET04531,cat,5,9.5,DAIRY,
U04532,B,2026-10-30 16:29:39,PET04532,dog,9,30.1,,
U04533,A,2026-11-24 17:55:43,PET04533,cat,13,24.6,,
U04534,A,2026-10-31 00:24:23,PET04534,dog,5,17.5,,
U04535,B,2026-09-19 09:12:50,PET04535,cat,5,10.7,,WEIGHT_CONTROL
U04536,B,2026-10-06 19:02:09,PET04536,dog,5,6.1,PORK,
U04537,B,2026-11-09 12:48:12,PET04537,cat,9,2.8,,
U04538,A,2026-10-07 05:22:46,PET04538,cat,3,30.1,LAMB,HYPOALLERGENIC
U04539,A,2026-10-30 23:52:26,PET04539,cat,8,21.4,,
U04540,A,2026-11-09 03:54:25,PET04540,dog,12,3.0,,EYE
U04541,A,2026-10-07 17:57:25,PET04541,cat,2,6.8,,
U04542,B,2026-11-05 07:08:39,PET04542,cat,14,10.9,,HYPOALLERGENIC
U04543,A,2026-10-13 11:11:46,PET04543,dog,8,10.3,,
U04544,B,2026-09-20 08:19:04,PET04544,dog,9,19.9,,HYPOALLERGENIC
U04545,B,2026-10-11 14:28:30,PET04545,dog,9,14.9,CHICKEN,
U04546,A,2026-10-17 02:32:13,PET04546,dog,14,31.1,,
U04547,B,2026-09-08 23:31:37,PET04547,cat,10,25.6,,LIVER
U04548,B,2026-11-27 20:52:43,PET04548,dog,13,32.0,WHEAT,COGNITIVE
U04549,A,2026-10-25 23:20:55,PET04549,cat,5,30.4,,
U04550,B,2026-09-11 22:54:22,PET04550,cat,4,32.4,INSECT,IMMUNE
U04551,A,2026-11-25 19:41:41,PET04551,cat,10,34.3,WHEAT,RESPIRATORY
U04552,A,2026-11-23 19:22:29,PET04552,cat,3,11.9,,
U04553,B,2026-09-09 07:51:15,PET04553,cat,2,8.5,,
U04554,B,2026-09-22 10:17:20,PET04554,dog,3,7.0,,RESPIRATORY
U04555,B,2026-10-10 03:02:35,PET04555,dog,4,22.5,,
U04556,A,2026-10-23 03:53:51,PET04556,cat,2,24.3,,COGNITIVE
U04557,A,2026-11-12 23:29:35,PET04557,cat,11,4.4,,
U04558,A,2026-10-16 10:02:12,PET04558,dog,9,29.0,,RESPIRATORY
U04559,B,2026-11-02 08:31:44,PET04559,cat,3,27.7,,
U04560,B,2026-09-08 12:15:15,PET04560,cat,4,22.6,,HYPOALLERGENIC
U04561,A,2026-11-06 09:14:51,PET04561,dog,14,16.1,,
U04562,A,2026-11-29 21:13:05,PET04562,cat,13,6.6,,HYPOALLERGENIC
U04563,A,2026-10-25 17:43:01,PET04563,cat,2,18.4,,
U04564,A,2026-10-18 01:42:25,PET04564,dog,9,6.8,WHEAT,
U04565,A,2026-10-04 11:57:40,PET04565,dog,5,21.8,,
U04566,B,2026-12-02 06:57:07,PET04566,dog,6,11.9,,EYE
U04567,B,2026-09-10 10:34:11,PET04567,cat,9,9.8,,
U04568,A,2026-10-03 09:09:06,PET04568,dog,14,16.3,,
U04569,A,2026-09-20 16:15:41,PET04569,cat,9,21.0,,SKIN_COAT
U04570,A,2026-11-24 15:11:31,PET04570,cat,14,13.8,DUCK,COGNITIVE
U04571,B,2026-10-21 23:35:41,PET04571,cat,12,33.8,,
U04572,B,2026-11-30 11:20:38,PET04572,dog,11,1.7,,
U04573,B,2026-11-06 19:23:26,PET04573,dog,12,32.1,EGG,
U04574,B,2026-10-28 20:07:07,PET04574,dog,12,1.5,,
U04575,A,2026-10-24 12:48:19,PET04575,dog,4,8.8,,EYE
U04576,A,2026-09-26 02:26:24,PET04576,dog,14,34.9,,LIVER
U04577,A,2026-10-28 18:59:05,PET04577,dog,13,25.9,LAMB,
U04578,B,2026-11-08 03:49:46,PET04578,dog,9,23.1,,
U04579,A,2026-12-03 16:15:23,PET04579,cat,10,25.8,,
U04580,A,2026-10-27 15:00:49,PET04580,dog,13,15.2,TURKEY,
U04581,B,2026-12-01 22:55:22,PET04581,dog,3,27.8,,
U04582,B,2026-12-02 05:49:20,PET04582,cat,1,6.7,,
U04583,B,2026-10-25 07:00:47,PET04583,dog,14,28.1,WHEAT,SKIN_COAT
U04584,A,2026-10-17 21:55:36,PET04584,cat,8,33.0,,
U04585,A,2026-09-20 03:42:04,PET04585,cat,11,30.2,,URINARY
U04586,B,2026-10-02 03:19:11,PET04586,dog,8,26.3,,HYPOALLERGENIC
U04587,A,2026-11-26 12:00:38,PET04587,cat,8,23.3,,STRESS_CALMING
U04588,A,2026-09-20 00:45:05,PET04588,cat,1,19.0,BEEF,
U04589,B,2026-10-13 12:46:36,PET04589,cat,5,14.7,,
U04590,A,2026-11-09 01:00:38,PET04590,dog,2,30.5,,HEART
U04591,B,2026-09-29 16:58:29,PET04591,dog,7,23.2,LAMB,
U04592,B,2026-12-04 18:48:29,PET04592,dog,1,16.1,,
U04593,A,2026-11-05 02:26:41,PET04593,cat,12,27.8,,
U04594,A,2026-09-10 05:58:06,PET04594,dog,5,3.3,,GUT
U04595,B,2026-09-30 11:58:10,PET04595,dog,11,28.7,FISH,HEART
U04596,B,2026-11-13 03:40:27,PET04596,dog,1,28.7,,URINARY
U04597,A,2026-11-24 18:21:55,PET04597,dog,1,9.2,,
U04598,B,2026-11-30 01:39:32,PET04598,dog,6,2.8,,COGNITIVE
U04599,B,2026-11-23 05:15:12,PET04599,dog,12,25.4,,
U04600,B,2026-09-14 20:50:32,PET04600,cat,12,8.2,,
U04601,B,2026-11-12 19:32:53,PET04601,dog,8,34.9,,URINARY
U04602,A,2026-09-17 01:45:14,PET04602,dog,9,1.8,FISH,LIVER
U04603,B,2026-09-14 08:08:44,PET04603,dog,10,9.2,,
U04604,B,2026-11-09 15:13:11,PET04604,dog,10,2.9,,
U04605,A,2026-10-21 19:45:18,PET04605,cat,11,27.7,,
U04606,B,2026-11-05 22:57:20,PET04606,dog,1,20.9,FISH,
U04607,A,2026-11-23 23:41:55,PET04607,cat,7,29.9,,
U04608,A,2026-09-14 05:58:03,PET04608,cat,12,33.7,,
U04609,A,2026-10-25 22:40:51,PET04609,cat,7,21.9,,
U04610,B,2026-11-22 03:25:33,PET04610,cat,3,9.3,OAT,
U04611,A,2026-10-17 16:08:51,PET04611,dog,10,4.6,,
U04612,A,2026-10-25 01:00:09,PET04612,cat,5,30.5,INSECT,DENTAL
U04613,A,2026-10-22 19:34:28,PET04613,dog,8,9.7,LAMB,
U04614,B,2026-11-28 02:29:42,PET04614,cat,8,31.4,,JOINT
U04615,B,2026-09-12 00:34:06,PET04615,dog,10,30.9,,
U04616,A,2026-11-26 00:53:25,PET04616,dog,14,22.5,,EYE
U04617,B,2026-11-20 07:46:35,PET04617,dog,10,21.7,DAIRY,
U04618,A,2026-11-20 09:17:46,PET04618,cat,14,33.4,,
U04619,B,2026-10-15 10:29:46,PET04619,cat,1,26.8,,
U04620,B,2026-10-24 13:56:24,PET04620,dog,11,24.4,LAMB,
U04621,B,2026-10-11 22:23:18,PET04621,dog,6,16.1,,KIDNEY
U04622,B,2026-09-30 09:23:17,PET04622,dog,11,17.7,INSECT,JOINT
U04623,B,2026-11-25 17:58:57,PET04623,cat,2,14.5,OAT,
U04624,A,2026-10-23 09:34:08,PET04624,dog,8,33.2,,
U04625,B,2026-11-12 08:35:27,PET04625,dog,1,22.9,LAMB,
U04626,B,2026-09-17 21:37:35,PET04626,cat,10,27.6,,
U04627,A,2026-11-18 09:33:27,PET04627,cat,4,2.7,,
U04628,A,2026-11-06 10:21:21,PET04628,cat,3,30.1,CORN,
U04629,A,2026-12-06 07:43:23,PET04629,cat,2,15.5,,
U04630,B,2026-09-20 17:58:53,PET04630,cat,4,26.2,,HAIRBALL
U04631,A,2026-10-26 19:19:51,PET04631,dog,14,2.8,,
U04632,B,2026-10-24 11:50:17,PET04632,dog,14,31.4,VENISON,
U04633,A,2026-10-26 13:19:20,PET04633,cat,2,23.6,,
U04634,A,2026-09-12 03:08:10,PET04634,dog,14,16.8,,GUT
U04635,A,2026-10-20 11:54:33,PET04635,cat,9,11.7,FISH,
U04636,A,2026-10-04 02:34:31,PET04636,dog,5,11.9,BEEF,LIVER
U04637,B,2026-11-02 18:07:01,PET04637,dog,14,11.7,,
U04638,A,2026-09-28 05:16:52,PET04638,dog,4,5.9,DUCK,
U04639,A,2026-10-17 12:49:53,PET04639,cat,3,17.0,CORN,
U04640,B,2026-11-02 20:06:18,PET04640,cat,4,16.7,,
U04641,B,2026-09-13 14:08:53,PET04641,dog,3,15.3,,
U04642,A,2026-11-17 08:40:41,PET04642,dog,7,25.1,,
U04643,B,2026-11-11 13:54:22,PET04643,dog,2,15.6,,
U04644,A,2026-09-13 03:54:40,PET04644,dog,4,4.5,EGG,
U04645,A,2026-09-13 12:45:58,PET04645,dog,6,30.0,,
U04646,A,2026-11-23 23:05:47,PET04646,cat,10,15.7,,RESPIRATORY
U04647,B,2026-10-03 15:15:09,PET04647,dog,13,23.5,,KIDNEY
U04648,B,2026-11-24 22:14:00,PET04648,dog,2,32.7,CORN,DENTAL
U04649,A,2026-10-22 10:18:57,PET04649,dog,9,27.2,OAT,
U04650,A,2026-10-08 16:10:42,PET04650,dog,2,19.5,,
U04651,A,2026-10-02 09:55:28,PET04651,dog,14,19.8,,
U04652,A,2026-11-06 22:37:35,PET04652,cat,4,30.0,INSECT,
U04653,A,2026-09-17 15:06:36,PET04653,cat,12,29.1,,
U04654,B,2026-10-14 01:08:47,PET04654,cat,11,7.5,CORN,
U04655,B,2026-10-09 05:16:16,PET04655,dog,5,22.5,,
U04656,B,2026-09-21 00:01:35,PET04656,cat,5,30.5,,
U04657,B,2026-10-09 20:51:49,PET04657,cat,5,28.4,,LIVER
U04658,B,2026-10-25 20:23:47,PET04658,cat,7,5.7,,
U04659,A,2026-11-07 07:58:58,PET04659,cat,7,16.1,,
U04660,A,2026-09-15 02:31:20,PET04660,dog,10,18.9,,DENTAL
U04661,A,2026-11-25 00:26:07,PET04661,cat,7,10.1,,
U04662,B,2026-11-26 07:17:07,PET04662,cat,12,24.3,,
U04663,A,2026-11-09 02:26:56,PET04663,cat,7,17.5,,
U04664,A,2026-11-30 05:08:11,PET04664,cat,5,11.5,,
U04665,A,2026-10-16 15:19:52,PET04665,cat,5,12.8,,HYPOALLERGENIC
U04666,B,2026-11-20 05:45:20,PET04666,dog,11,30.2,,
U04667,B,2026-11-12 23:34:56,PET04667,cat,2,30.5,,COGNITIVE
U04668,B,2026-10-28 02:53:16,PET04668,cat,5,28.7,,
U04669,A,2026-09-24 00:08:23,PET04669,cat,5,32.1,,
U04670,B,2026-10-28 02:42:33,PET04670,cat,10,33.4,,
U04671,A,2026-11-28 17:10:42,PET04671,dog,2,18.0,,
U04672,B,2026-12-05 16:05:57,PET04672,dog,7,4.7,,STRESS_CALMING
U04673,A,2026-10-18 12:36:30,PET04673,dog,10,28.3,BEEF,
U04674,A,2026-09-30 23:59:59,PET04674,cat,13,22.7,,
U04675,A,2026-11-14 20:49:02,PET04675,cat,7,14.2,,
U04676,A,2026-09-14 17:11:42,PET04676,cat,14,34.2,,STRESS_CALMING
U04677,B,2026-09-21 06:42:14,PET04677,cat,9,12.8,,HEART
U04678,B,2026-10-28 12:46:31,PET04678,cat,11,31.9,DUCK,
U04679,A,2026-12-06 23:54:26,PET04679,dog,4,21.4,,
U04680,B,2026-10-07 13:30:27,PET04680,cat,13,2.7,VENISON,DENTAL
U04681,B,2026-10-17 11:53:22,PET04681,cat,4,30.3,VENISON,
U04682,B,2026-10-07 04:18:08,PET04682,cat,2,27.0,,
U04683,A,2026-10-17 13:02:49,PET04683,cat,2,23.0,,
U04684,A,2026-09-08 19:06:47,PET04684,cat,10,22.1,SOY,
U04685,B,2026-10-31 18:02:03,PET04685,dog,9,8.8,,
U04686,B,2026-10-31 14:38:21,PET04686,cat,3,8.7,BEEF,
U04687,A,2026-10-06 06:55:18,PET04687,dog,13,2.5,,COGNITIVE
U04688,A,2026-10-01 12:00:11,PET04688,dog,4,6.7,,KIDNEY
U04689,B,2026-11-15 21:07:02,PET04689,dog,9,12.8,EGG,
U04690,A,2026-09-24 09:11:20,PET04690,dog,8,19.6,,URINARY
U04691,B,2026-09-12 08:11:31,PET04691,dog,9,5.9,,EYE
U04692,A,2026-09-11 22:57:15,PET04692,cat,11,20.2,,HYPOALLERGENIC
U04693,A,2026-11-26 08:01:02,PET04693,dog,13,10.3,,
U04694,B,2026-10-10 08:52:22,PET04694,dog,11,10.0,,
U04695,B,2026-09-17 20:37:40,PET04695,dog,13,33.3,,
U04696,A,2026-11-26 13:48:34,PET04696,dog,13,34.7,,
U04697,A,2026-09-21 04:16:43,PET04697,cat,6,28.7,,
U04698,B,2026-10-08 13:11:02,PET04698,dog,8,3.3,,
U04699,B,2026-09-09 19:00:05,PET04699,dog,3,25.9,,
U04700,B,2026-11-08 09:41:08,PET04700,cat,13,7.5,PORK,COGNITIVE
U04701,A,2026-11-09 02:53:04,PET04701,cat,14,20.6,,
U04702,A,2026-11-15 23:23:41,PET04702,cat,13,31.4,,SKIN_COAT
U04703,B,2026-10-01 02:43:59,PET04703,cat,11,14.2,,
U04704,B,2026-10-07 07:09:33,PET04704,dog,12,32.6,,
U04705,A,2026-12-01 00:28:46,PET04705,cat,12,25.2,,IMMUNE
U04706,B,2026-11-20 12:36:18,PET04706,dog,4,11.6,,KIDNEY
U04707,A,2026-09-11 23:41:59,PET04707,dog,4,4.7,,
U04708,A,2026-11-09 06:30:27,PET04708,dog,8,28.8,TURKEY,
U04709,B,2026-11-20 13:57:53,PET04709,cat,6,16.8,,
U04710,A,2026-10-28 16:37:38,PET04710,dog,11,3.9,WHEAT,WEIGHT_CONTROL
U04711,A,2026-11-04 02:55:28,PET04711,dog,11,5.0,SOY,
U04712,A,2026-09-08 15:28:11,PET04712,dog,14,33.9,,
U04713,A,2026-09-10 04:44:11,PET04713,cat,12,9.6,VENISON,
U04714,A,2026-09-11 17:13:26,PET04714,dog,1,33.9,,
U04715,A,2026-09-22 12:59:11,PET04715,dog,5,24.3,,
U04716,B,2026-12-06 03:10:23,PET04716,dog,5,11.6,,HYPOALLERGENIC
U04717,A,2026-11-04 12:36:21,PET04717,cat,9,14.4,PORK,
U04718,A,2026-11-17 00:39:18,PET04718,dog,5,27.5,,IMMUNE
U04719,A,2026-10-04 20:02:43,PET04719,cat,14,16.1,,COGNITIVE
U04720,B,2026-12-01 09:02:46,PET04720,dog,5,4.0,,
U04721,A,2026-09-25 04:47:36,PET04721,dog,7,9.2,,
U04722,B,2026-11-28 10:38:15,PET04722,dog,12,30.3,,
U04723,B,2026-09-10 13:26:40,PET04723,dog,6,24.8,,DENTAL
U04724,B,2026-09-09 14:44:32,PET04724,dog,1,18.3,,STRESS_CALMING
U04725,B,2026-09-15 02:53:00,PET04725,dog,5,9.7,,WEIGHT_CONTROL
U04726,A,2026-11-18 10:55:56,PET04726,cat,6,17.4,,
U04727,B,2026-10-01 04:09:53,PET04727,dog,9,27.9,,COGNITIVE
U04728,A,2026-10-18 01:27:33,PET04728,dog,10,4.2,,
U04729,A,2026-10-20 00:58:37,PET04729,dog,8,34.8,,
U04730,B,2026-11-18 08:28:25,PET04730,dog,6,30.3,,
U04731,B,2026-10-09 09:55:25,PET04731,dog,8,12.2,,
U04732,B,2026-09-08 16:55:53,PET04732,dog,3,30.7,,
U04733,A,2026-10-12 03:29:50,PET04733,dog,3,24.3,,
U04734,A,2026-10-03 18:48:39,PET04734,dog,9,23.8,,
U04735,A,2026-11-12 04:13:04,PET04735,cat,13,6.2,,
U04736,B,2026-11-14 22:46:19,PET04736,cat,8,31.8,LAMB,COGNITIVE
U04737,A,2026-09-16 00:42:27,PET04737,cat,1,16.6,,
U04738,A,2026-11-18 17:12:18,PET04738,dog,14,28.4,INSECT,EYE
U04739,A,2026-09-14 00:37:00,PET04739,cat,5,11.5,,
U04740,B,2026-11-02 14:54:10,PET04740,dog,11,11.8,,
U04741,A,2026-10-13 22:12:48,PET04741,dog,13,33.8,,
U04742,B,2026-10-05 23:53:12,PET04742,cat,14,18.1,,STRESS_CALMING
U04743,B,2026-10-21 17:13:21,PET04743,dog,2,3.5,,WEIGHT_CONTROL
U04744,A,2026-10-05 08:51:25,PET04744,dog,3,29.5,CHICKEN,
U04745,A,2026-11-18 05:23:56,PET04745,cat,10,9.1,,DENTAL
U04746,B,2026-12-04 16:00:17,PET04746,cat,11,30.9,,
U04747,B,2026-11-20 00:40:53,PET04747,dog,12,32.2,,
U04748,B,2026-10-17 22:18:18,PET04748,dog,8,3.9,,
U04749,B,2026-10-23 17:38:05,PET04749,dog,3,21.0,,
U04750,A,2026-10-18 16:08:23,PET04750,cat,10,34.4,,
U04751,B,2026-11-18 13:46:24,PET04751,dog,10,32.7,,WEIGHT_CONTROL
U04752,A,2026-10-27 13:03:07,PET04752,dog,7,19.1,,
U04753,B,2026-10-20 15:18:04,PET04753,dog,9,24.3,,
U04754,A,2026-10-14 20:26:50,PET04754,cat,3,21.7,POTATO,COGNITIVE
U04755,B,2026-10-11 10:57:43,PET04755,cat,12,8.3,,
U04756,A,2026-10-27 09:48:47,PET04756,dog,1,23.4,,
U04757,A,2026-11-09 18:44:28,PET04757,cat,12,12.7,,LIVER
U04758,A,2026-10-16 09:27:16,PET04758,dog,12,12.8,,
U04759,B,2026-11-19 10:36:12,PET04759,cat,10,15.6,,HEART
U04760,B,2026-11-21 14:58:34,PET04760,dog,12,30.0,,
U04761,B,2026-10-16 08:39:22,PET04761,dog,13,9.5,,GUT
U04762,A,2026-11-28 21:33:36,PET04762,dog,3,9.9,,
U04763,A,2026-09-23 07:12:06,PET04763,cat,8,1.7,,
U04764,B,2026-11-30 03:52:58,PET04764,cat,10,6.7,,DENTAL
U04765,A,2026-10-04 20:51:03,PET04765,cat,14,34.3,,GUT
U04766,A,2026-10-28 16:44:04,PET04766,dog,11,16.0,,
U04767,A,2026-10-03 09:55:55,PET04767,dog,9,8.0,PORK,
U04768,A,2026-10-17 17:26:09,PET04768,dog,8,33.9,,
U04769,A,2026-10-08 05:20:12,PET04769,dog,3,2.4,,
U04770,B,2026-11-10 09:30:19,PET04770,dog,5,17.7,,COGNITIVE
U04771,A,2026-09-15 23:34:59,PET04771,cat,7,28.5,,
U04772,A,2026-11-22 20:28:20,PET04772,cat,13,27.4,,
U04773,B,2026-11-28 07:15:00,PET04773,cat,13,7.8,,
U04774,B,2026-10-28 05:41:37,PET04774,dog,9,25.2,,
U04775,A,2026-10-27 22:45:18,PET04775,dog,2,22.3,,
U04776,B,2026-11-09 16:28:55,PET04776,dog,11,24.1,,
U04777,B,2026-09-25 04:38:43,PET04777,dog,7,10.4,,
U04778,B,2026-11-14 15:31:48,PET04778,cat,10,28.7,,KIDNEY
U04779,A,2026-09-27 03:45:27,PET04779,cat,7,20.2,,
U04780,A,2026-11-07 03:56:16,PET04780,dog,11,25.8,,KIDNEY
U04781,A,2026-10-05 05:42:35,PET04781,dog,4,33.0,,
U04782,A,2026-11-14 18:50:26,PET04782,cat,3,30.2,,GUT
U04783,B,2026-11-18 04:29:36,PET04783,dog,4,27.7,,
U04784,B,2026-09-26 14:59:45,PET04784,dog,13,11.2,,URINARY
U04785,B,2026-11-02 04:48:53,PET04785,cat,2,3.3,,SKIN_COAT
U04786,A,2026-10-22 02:02:35,PET04786,cat,5,20.8,,DENTAL
U04787,B,2026-10-04 06:23:38,PET04787,dog,5,2.7,,
U04788,A,2026-10-30 13:56:09,PET04788,cat,12,25.4,,IMMUNE
U04789,B,2026-12-06 03:58:29,PET04789,cat,6,26.2,,
U04790,A,2026-09-08 10:17:13,PET04790,dog,13,20.4,,
U04791,A,2026-12-03 11:11:34,PET04791,dog,14,7.1,,
U04792,B,2026-11-24 03:44:52,PET04792,cat,10,30.8,,
U04793,B,2026-10-25 11:43:44,PET04793,cat,5,21.5,CHICKEN,
U04794,B,2026-11-01 07:28:46,PET04794,dog,9,18.7,,
U04795,A,2026-10-11 17:30:16,PET04795,dog,10,20.5,,WEIGHT_CONTROL
U04796,A,2026-09-19 16:53:55,PET04796,cat,2,4.3,,
U04797,B,2026-10-29 02:33:40,PET04797,dog,12,26.3,INSECT,
U04798,A,2026-11-20 21:39:01,PET04798,dog,7,3.5,LAMB,RESPIRATORY
U04799,B,2026-09-28 05:46:18,PET04799,dog,12,20.9,,GUT
U04800,A,2026-11-11 11:38:53,PET04800,dog,9,7.2,DUCK,
U04801,A,2026-11-14 17:29:11,PET04801,cat,13,8.5,,
U04802,A,2026-11-15 08:26:47,PET04802,cat,2,9.3,,COGNITIVE
U04803,B,2026-10-08 00:50:27,PET04803,dog,1,2.0,EGG,
U04804,B,2026-10-13 05:49:43,PET04804,cat,2,31.4,POTATO,WEIGHT_CONTROL
U04805,B,2026-10-15 11:40:32,PET04805,dog,13,28.4,,
U04806,B,2026-11-23 08:38:44,PET04806,dog,14,2.5,,
U04807,B,2026-11-28 17:44:38,PET04807,dog,14,3.4,,
U04808,A,2026-10-15 08:52:47,PET04808,cat,5,27.7,,
U04809,B,2026-12-04 16:34:43,PET04809,cat,4,1.7,,
U04810,A,2026-10-29 02:08:34,PET04810,cat,5,17.2,,COGNITIVE
U04811,A,2026-10-12 15:20:00,PET04811,dog,12,5.1,,GUT
U04812,B,2026-09-08 02:36:37,PET04812,dog,4,21.3,EGG,
U04813,A,2026-11-01 23:42:43,PET04813,dog,8,34.9,,
U04814,B,2026-11-05 06:21:34,PET04814,cat,10,7.3,,
U04815,B,2026-12-04 11:23:30,PET04815,dog,6,33.5,INSECT,
U04816,A,2026-11-11 07:04:46,PET04816,cat,7,30.5,,
U04817,A,2026-09-10 11:09:28,PET04817,cat,10,34.5,,
U04818,B,2026-10-29 04:12:44,PET04818,dog,12,27.2,POTATO,
U04819,A,2026-11-13 03:50:20,PET04819,dog,3,30.2,,HEART
U04820,B,2026-10-22 07:37:58,PET04820,dog,8,21.4,,
U04821,A,2026-10-16 13:55:01,PET04821,cat,3,30.6,,
U04822,A,2026-11-19 13:08:59,PET04822,cat,1,5.2,PORK,
U04823,B,2026-11-02 14:31:45,PET04823,dog,10,26.3,,
U04824,B,2026-11-08 06:32:57,PET04824,cat,7,22.6,,
U04825,B,2026-10-19 14:07:08,PET04825,dog,4,3.5,,WEIGHT_CONTROL
U04826,B,2026-10-03 09:18:47,PET04826,dog,1,11.3,,
U04827,B,2026-10-24 05:09:52,PET04827,cat,14,8.7,,HEART
U04828,A,2026-12-03 18:42:24,PET04828,cat,12,15.1,PORK,
U04829,B,2026-11-01 02:20:03,PET04829,dog,14,8.1,,
U04830,B,2026-11-10 01:50:42,PET04830,cat,2,10.7,,
U04831,A,2026-09-19 07:35:10,PET04831,cat,1,11.4,,
U04832,B,2026-12-05 14:07:34,PET04832,cat,4,21.6,,
U04833,A,2026-09-30 06:43:35,PET04833,cat,2,6.0,,
U04834,B,2026-12-04 23:53:01,PET04834,dog,7,9.6,PORK,STRESS_CALMING
U04835,B,2026-10-18 22:10:50,PET04835,dog,10,12.1,CHICKEN,
U04836,B,2026-11-29 21:05:10,PET04836,cat,3,16.5,,JOINT
U04837,B,2026-11-27 02:31:45,PET04837,dog,6,2.8,,
U04838,B,2026-11-14 12:58:00,PET04838,dog,8,35.0,OAT,
U04839,B,2026-11-29 15:33:44,PET04839,dog,5,11.6,,
U04840,B,2026-11-01 00:53:33,PET04840,dog,7,11.1,,
U04841,B,2026-11-23 02:35:06,PET04841,dog,9,20.1,,COGNITIVE
U04842,B,2026-09-23 14:11:35,PET04842,dog,14,30.1,,
U04843,A,2026-09-14 08:59:35,PET04843,dog,5,16.8,,
U04844,A,2026-10-26 04:22:15,PET04844,dog,2,9.8,,
U04845,A,2026-11-19 05:09:24,PET04845,cat,13,20.5,,DENTAL
U04846,B,2026-11-15 11:37:06,PET04846,cat,9,17.7,,
U04847,B,2026-10-25 19:32:11,PET04847,dog,7,15.7,,
U04848,A,2026-10-24 10:26:32,PET04848,dog,11,34.5,INSECT,HYPOALLERGENIC
U04849,B,2026-11-01 02:14:06,PET04849,dog,14,34.9,,JOINT
U04850,A,2026-11-25 23:49:42,PET04850,cat,2,20.3,,
U04851,A,2026-11-22 22:47:58,PET04851,cat,13,3.8,FISH,WEIGHT_CONTROL
U04852,B,2026-09-17 02:57:06,PET04852,cat,9,20.5,,
U04853,A,2026-10-31 03:28:50,PET04853,cat,9,33.4,,STRESS_CALMING
U04854,B,2026-10-12 17:48:13,PET04854,dog,13,32.5,,RESPIRATORY
U04855,B,2026-11-18 12:32:30,PET04855,dog,5,8.7,,
U04856,A,2026-10-23 15:47:12,PET04856,dog,12,7.9,VENISON,KIDNEY
U04857,B,2026-12-06 13:01:23,PET04857,dog,8,6.6,DUCK,EYE
U04858,A,2026-10-16 05:05:54,PET04858,dog,14,29.0,,WEIGHT_CONTROL
U04859,A,2026-11-08 08:34:22,PET04859,cat,7,17.9,WHEAT,DENTAL
U04860,A,2026-09-17 15:56:51,PET04860,dog,11,12.8,,
U04861,B,2026-11-30 13:42:59,PET04861,cat,7,12.4,,
U04862,A,2026-09-21 14:26:15,PET04862,dog,6,10.7,,
U04863,A,2026-10-12 03:07:34,PET04863,dog,6,31.1,,COGNITIVE
U04864,B,2026-11-22 18:50:06,PET04864,cat,13,15.2,,SKIN_COAT
U04865,B,2026-12-04 09:27:23,PET04865,dog,12,9.7,TURKEY,
U04866,B,2026-10-21 05:41:47,PET04866,dog,4,25.3,,EYE
U04867,B,2026-10-21 19:51:34,PET04867,dog,13,22.8,,RESPIRATORY
U04868,B,2026-09-12 09:17:29,PET04868,cat,9,25.5,,HAIRBALL
U04869,B,2026-12-05 22:20:26,PET04869,dog,2,29.0,,
U04870,A,2026-09-09 10:49:48,PET04870,cat,11,4.9,,
U04871,A,2026-09-10 23:22:39,PET04871,cat,3,1.6,SOY,IMMUNE
U04872,B,2026-10-20 17:17:47,PET04872,cat,13,3.2,DAIRY,JOINT
U04873,B,2026-09-08 19:51:26,PET04873,dog,7,25.2,,
U04874,A,2026-09-22 17:01:18,PET04874,cat,13,32.8,,HYPOALLERGENIC
U04875,B,2026-11-03 12:12:39,PET04875,dog,7,12.6,,
U04876,B,2026-11-10 09:15:11,PET04876,cat,2,27.7,TURKEY,
U04877,A,2026-10-04 22:35:50,PET04877,dog,11,25.9,,RESPIRATORY
U04878,B,2026-11-18 19:51:04,PET04878,dog,11,34.3,,
U04879,A,2026-11-01 04:05:44,PET04879,dog,5,17.3,,
U04880,B,2026-09-28 20:50:34,PET04880,cat,3,7.1,,
U04881,B,2026-11-11 00:31:19,PET04881,cat,13,27.1,,
U04882,B,2026-10-31 18:07:43,PET04882,dog,11,28.9,DAIRY,
U04883,A,2026-11-20 00:59:20,PET04883,dog,5,25.2,,
U04884,A,2026-09-21 17:47:13,PET04884,cat,10,30.4,,
U04885,A,2026-09-28 08:08:46,PET04885,cat,4,13.9,,RESPIRATORY
U04886,B,2026-10-05 06:47:12,PET04886,cat,3,24.6,,HAIRBALL
U04887,A,2026-10-08 15:26:47,PET04887,dog,10,10.3,,RESPIRATORY
U04888,A,2026-11-26 20:40:02,PET04888,cat,12,16.5,,
U04889,A,2026-11-12 14:05:37,PET04889,cat,13,9.6,,
U04890,B,2026-10-26 08:18:12,PET04890,dog,7,6.7,,
U04891,B,2026-10-26 12:09:23,PET04891,dog,3,2.7,,
U04892,B,2026-11-26 14:26:42,PET04892,dog,8,24.0,,
U04893,B,2026-10-18 23:17:19,PET04893,dog,10,30.8,CORN,
U04894,B,2026-09-28 01:56:02,PET04894,cat,14,12.0,,
U04895,A,2026-09-20 11:08:47,PET04895,dog,2,15.9,,URINARY
U04896,B,2026-10-07 21:37:12,PET04896,dog,10,1.6,,
U04897,B,2026-11-05 06:40:24,PET04897,dog,8,15.3,,
U04898,B,2026-10-20 03:33:37,PET04898,cat,9,10.9,,
U04899,A,2026-10-15 02:55:45,PET04899,cat,2,20.7,VENISON,
U04900,A,2026-10-21 14:32:01,PET04900,dog,1,31.9,,HYPOALLERGENIC
U04901,B,2026-12-04 06:19:04,PET04901,cat,9,18.5,,
U04902,A,2026-12-06 01:57:05,PET04902,dog,3,24.1,,
U04903,B,2026-09-22 11:06:40,PET04903,cat,9,25.1,,
U04904,A,2026-09-18 04:08:55,PET04904,cat,1,6.6,,
U04905,A,2026-09-29 03:16:41,PET04905,dog,12,13.1,,
U04906,A,2026-11-23 21:10:57,PET04906,cat,5,5.3,FISH,
U04907,B,2026-10-19 01:40:54,PET04907,dog,7,16.3,,WEIGHT_CONTROL
U04908,A,2026-11-24 08:48:25,PET04908,cat,5,31.2,,
U04909,A,2026-11-05 21:31:35,PET04909,dog,6,17.6,,LIVER
U04910,A,2026-10-27 12:32:15,PET04910,cat,8,16.8,OAT,COGNITIVE
U04911,A,2026-10-03 04:39:01,PET04911,dog,10,8.5,,
U04912,A,2026-10-08 11:39:26,PET04912,dog,10,11.9,FISH,
U04913,B,2026-09-21 01:01:02,PET04913,dog,14,32.9,,
U04914,A,2026-10-24 13:13:23,PET04914,cat,3,11.7,,
U04915,A,2026-10-03 16:40:09,PET04915,dog,13,26.0,,
U04916,B,2026-10-04 15:59:12,PET04916,cat,9,2.9,BEEF,
U04917,A,2026-09-11 09:28:34,PET04917,dog,5,5.8,,
U04918,B,2026-11-18 09:28:51,PET04918,cat,13,11.9,,
U04919,B,2026-12-01 03:44:06,PET04919,dog,10,31.7,,
U04920,A,2026-10-22 13:07:35,PET04920,cat,3,8.8,,
U04921,B,2026-10-26 12:44:38,PET04921,cat,3,25.8,,
U04922,B,2026-11-30 18:42:57,PET04922,dog,10,7.1,RICE,
U04923,B,2026-10-24 21:33:59,PET04923,dog,11,22.0,INSECT,
U04924,A,2026-11-03 04:54:55,PET04924,cat,1,21.2,,
U04925,B,2026-10-16 12:59:33,PET04925,dog,9,22.3,POTATO,
U04926,B,2026-10-24 07:59:58,PET04926,dog,8,11.1,,
U04927,B,2026-10-24 11:17:07,PET04927,dog,14,6.9,,STRESS_CALMING
U04928,B,2026-11-10 18:25:13,PET04928,cat,11,31.2,,LIVER
U04929,B,2026-11-01 22:33:22,PET04929,cat,13,20.6,,
U04930,A,2026-10-23 00:20:30,PET04930,cat,1,8.6,,HEART
U04931,A,2026-09-14 06:23:20,PET04931,cat,11,15.3,,
U04932,B,2026-11-28 06:52:57,PET04932,dog,5,3.7,,COGNITIVE
U04933,A,2026-11-26 19:09:51,PET04933,dog,8,17.4,,EYE
U04934,A,2026-09-24 12:38:29,PET04934,dog,13,15.7,,
U04935,B,2026-10-04 14:23:51,PET04935,dog,13,5.9,,
U04936,B,2026-12-04 21:10:28,PET04936,dog,4,16.4,,
U04937,B,2026-10-06 00:31:34,PET04937,cat,4,22.9,,LIVER
U04938,B,2026-11-20 01:37:51,PET04938,dog,11,32.6,,HYPOALLERGENIC
U04939,B,2026-11-17 05:43:24,PET04939,dog,13,25.1,BEEF,RESPIRATORY
U04940,B,2026-11-24 17:44:06,PET04940,dog,9,18.3,VENISON,KIDNEY
U04941,B,2026-09-09 06:38:12,PET04941,dog,1,27.3,,IMMUNE
U04942,B,2026-10-21 22:41:54,PET04942,dog,3,10.9,WHEAT,
U04943,A,2026-10-28 09:35:17,PET04943,dog,11,23.9,,LIVER
U04944,A,2026-11-22 19:51:02,PET04944,dog,11,1.7,,
U04945,A,2026-09-28 17:52:46,PET04945,dog,13,3.9,PORK,
U04946,B,2026-10-05 03:47:35,PET04946,cat,8,22.4,,IMMUNE
U04947,A,2026-09-24 04:05:32,PET04947,cat,6,8.0,,
U04948,B,2026-11-15 10:49:56,PET04948,cat,2,24.6,,
U04949,B,2026-12-06 13:45:44,PET04949,cat,11,22.8,,
U04950,B,2026-09-20 00:37:43,PET04950,cat,14,3.6,,
U04951,B,2026-09-28 10:20:04,PET04951,dog,1,14.6,,
U04952,B,2026-10-05 07:31:14,PET04952,cat,7,22.0,CHICKEN,
U04953,A,2026-11-27 15:32:23,PET04953,dog,5,25.4,,
U04954,B,2026-10-18 17:28:48,PET04954,dog,11,28.8,,
U04955,B,2026-10-03 21:26:52,PET04955,dog,11,12.6,,
U04956,A,2026-10-07 16:46:29,PET04956,dog,4,29.5,DAIRY,
U04957,B,2026-10-31 02:11:52,PET04957,cat,14,13.4,,
U04958,A,2026-10-12 19:44:03,PET04958,dog,2,1.7,,
U04959,B,2026-09-20 01:10:03,PET04959,cat,11,21.9,,
U04960,A,2026-11-20 09:07:36,PET04960,cat,11,9.6,,
U04961,B,2026-10-16 09:05:29,PET04961,dog,3,5.7,,
U04962,A,2026-10-01 04:21:39,PET04962,dog,10,10.2,,
U04963,A,2026-11-12 15:11:25,PET04963,dog,4,29.2,,COGNITIVE
U04964,B,2026-11-14 21:26:44,PET04964,dog,4,32.1,,
U04965,B,2026-09-21 11:15:55,PET04965,cat,2,33.7,,URINARY
U04966,A,2026-09-14 04:52:37,PET04966,cat,11,11.6,,
U04967,A,2026-09-12 02:01:06,PET04967,cat,12,16.8,,
U04968,B,2026-11-15 20:10:31,PET04968,dog,8,28.4,TURKEY,
U04969,A,2026-11-03 23:32:40,PET04969,cat,11,12.1,,SKIN_COAT
U04970,B,2026-11-18 10:06:59,PET04970,cat,5,14.4,,
U04971,B,2026-11-03 15:17:50,PET04971,dog,8,9.4,,
U04972,B,2026-10-14 21:08:16,PET04972,dog,12,20.7,,
U04973,A,2026-10-31 09:55:22,PET04973,dog,7,23.6,CORN,STRESS_CALMING
U04974,A,2026-11-12 01:59:51,PET04974,dog,9,12.2,,
U04975,A,2026-10-13 16:55:04,PET04975,cat,3,2.3,,
U04976,A,2026-11-29 08:47:20,PET04976,cat,8,26.2,,JOINT
U04977,B,2026-11-27 12:37:11,PET04977,dog,12,22.2,,
U04978,B,2026-11-19 08:56:46,PET04978,cat,11,8.8,,URINARY
U04979,A,2026-12-06 04:19:38,PET04979,dog,5,12.0,POTATO,
U04980,A,2026-10-13 06:48:17,PET04980,dog,8,33.6,,
U04981,A,2026-09-18 03:39:23,PET04981,cat,9,22.6,,URINARY
U04982,A,2026-10-21 04:30:03,PET04982,cat,14,21.4,,HEART
U04983,B,2026-11-14 12:46:36,PET04983,cat,12,22.9,,
U04984,B,2026-11-17 19:09:40,PET04984,dog,12,33.5,WHEAT,SKIN_COAT
U04985,B,2026-10-12 00:53:53,PET04985,cat,11,12.9,,
U04986,B,2026-10-04 10:35:11,PET04986,cat,6,10.9,,
U04987,B,2026-10-18 01:36:44,PET04987,cat,6,14.1,,
U04988,A,2026-11-19 20:25:02,PET04988,dog,7,28.3,SOY,
U04989,B,2026-09-13 10:22:20,PET04989,dog,6,5.6,,
U04990,B,2026-10-07 23:03:48,PET04990,cat,14,8.4,,
U04991,A,2026-09-28 12:27:47,PET04991,cat,13,9.1,OAT,
U04992,B,2026-11-19 18:41:11,PET04992,cat,13,22.8,,
U04993,B,2026-10-20 13:13:36,PET04993,dog,9,23.0,RICE,
U04994,A,2026-09-15 05:44:44,PET04994,cat,3,14.0,,HEART
U04995,B,2026-10-01 19:26:38,PET04995,dog,3,10.8,,
U04996,B,2026-09-11 23:12:36,PET04996,dog,4,26.8,DAIRY,
U04997,B,2026-10-20 00:52:08,PET04997,dog,10,2.6,,
U04998,B,2026-12-06 14:14:43,PET04998,dog,6,26.2,BEEF,IMMUNE
U04999,B,2026-10-29 10:15:24,PET04999,cat,10,8.5,,
U05000,A,2026-11-25 19:12:47,PET05000,dog,13,31.7,,
