order_id,user_id,group,pet_id,is_valid,reaction_complete_ts
ORD000007,U00002,B,PET00002,True,2026-12-02 11:13:57.885021
ORD000013,U00004,A,PET00004,True,2026-11-11 06:30:45.974304
ORD000018,U00006,A,PET00006,False,2026-11-30 08:03:16.816977
ORD000019,U00006,A,PET00006,True,2026-12-03 08:29:01.341096
ORD000023,U00007,B,PET00007,True,2026-11-18 05:23:25.908851
ORD000033,U00011,B,PET00011,True,2026-11-04 14:28:47.251405
ORD000034,U00011,B,PET00011,True,2026-11-25 06:54:56.128785
ORD000037,U00011,B,PET00011,True,2026-12-07 19:32:51.392035
ORD000039,U00014,B,PET00014,False,2026-12-09 03:04:56.741508
ORD000043,U00015,A,PET00015,True,2026-12-05 00:54:01.659692
ORD000045,U00017,A,PET00017,True,2026-10-28 12:50:40.747494
ORD000047,U00017,A,PET00017,True,2026-10-30 15:18:36.372978
ORD000049,U00018,B,PET00018,True,2026-12-06 16:53:37.997665
ORD000051,U00018,B,PET00018,True,2026-11-11 18:53:02.802036
ORD000053,U00019,A,PET00019,True,2026-12-03 15:27:48.878335
ORD000054,U00020,B,PET00020,True,2026-11-11 09:38:45.743786
ORD000061,U00023,A,PET00023,True,2026-11-11 16:33:45.334023
ORD000062,U00023,A,PET00023,False,2026-11-03 08:34:11.215264
ORD000068,U00028,B,PET00028,True,2026-12-06 19:30:00.000000
ORD000077,U00031,A,PET00031,True,2026-11-25 17:44:33.208783
ORD000078,U00032,B,PET00032,True,2026-10-20 10:54:48.140076
ORD000079,U00032,B,PET00032,True,2026-11-02 16:25:41.956953
ORD000089,U00036,A,PET00036,True,2026-10-25 14:49:58.793606
ORD000096,U00040,B,PET00040,False,2026-11-28 05:34:04.470325
ORD000108,U00047,A,PET00047,True,2026-11-25 15:34:40.808184
ORD000112,U00050,B,PET00050,True,2026-11-28 06:13:48.556852
ORD000114,U00052,A,PET00052,True,2026-10-22 03:54:44.953067
ORD000116,U00052,A,PET00052,True,2026-10-24 00:43:03.075950
ORD000136,U00058,B,PET00058,True,2026-10-11 10:38:43.836769
ORD000138,U00058,B,PET00058,True,2026-11-10 06:45:59.559192
ORD000149,U00064,A,PET00064,True,2026-12-08 06:58:00.000000
ORD000150,U00064,A,PET00064,True,2026-12-10 12:58:28.098118
ORD000151,U00064,A,PET00064,True,2026-12-09 09:42:00.000000
ORD000156,U00066,A,PET00066,True,2026-11-03 12:28:11.908258
ORD000160,U00068,A,PET00068,True,2026-11-05 19:37:42.919704
ORD000162,U00069,A,PET00069,True,2026-12-08 21:06:58.512744
ORD000168,U00071,B,PET00071,True,2026-12-06 14:35:36.947814
ORD000178,U00073,B,PET00073,True,2026-11-29 03:42:46.242204
ORD000183,U00076,A,PET00076,False,2026-10-31 16:15:49.706808
ORD000184,U00076,A,PET00076,True,2026-11-15 06:45:05.411815
ORD000187,U00077,B,PET00077,True,2026-12-06 22:51:00.000000
ORD000189,U00077,B,PET00077,False,2026-11-07 10:04:54.321442
ORD000190,U00077,B,PET00077,True,2026-10-29 14:35:36.632607
ORD000201,U00082,A,PET00082,True,2026-11-03 00:34:58.060420
ORD000205,U00084,A,PET00084,True,2026-12-08 14:28:19.297991
ORD000208,U00085,B,PET00085,True,2026-11-30 02:26:35.087485
ORD000210,U00086,A,PET00086,True,2026-11-25 06:02:43.748627
ORD000214,U00087,B,PET00087,True,2026-10-14 17:12:19.063398
ORD000217,U00087,B,PET00087,False,2026-11-19 18:17:44.974725
ORD000219,U00088,B,PET00088,True,2026-10-29 07:10:06.663080
ORD000220,U00089,A,PET00089,True,2026-12-08 05:45:48.301964
ORD000221,U00089,A,PET00089,True,2026-11-28 10:34:49.616958
ORD000232,U00095,A,PET00095,True,2026-12-07 14:21:19.101967
ORD000233,U00096,A,PET00096,False,2026-10-18 13:25:54.345587
ORD000238,U00099,B,PET00099,True,2026-12-05 15:09:07.533062
ORD000239,U00099,B,PET00099,True,2026-12-07 07:17:00.000000
ORD000244,U00100,A,PET00100,True,2026-10-06 05:24:22.798684
ORD000245,U00100,A,PET00100,True,2026-11-11 10:14:01.731074
ORD000249,U00102,B,PET00102,True,2026-10-21 09:10:23.235610
ORD000250,U00102,B,PET00102,True,2026-10-03 12:52:18.168662
ORD000256,U00106,A,PET00106,True,2026-12-08 01:17:11.801420
ORD000257,U00106,A,PET00106,True,2026-12-02 06:43:14.194644
ORD000258,U00107,A,PET00107,True,2026-11-28 09:37:03.804181
ORD000261,U00108,B,PET00108,False,2026-11-18 05:02:40.170650
ORD000266,U00109,A,PET00109,True,2026-11-19 10:37:13.743242
ORD000268,U00111,A,PET00111,True,2026-11-12 21:23:20.702247
ORD000287,U00117,B,PET00117,True,2026-10-27 10:38:37.277429
ORD000289,U00118,B,PET00118,True,2026-11-14 04:22:03.000000
ORD000294,U00119,B,PET00119,True,2026-12-01 18:40:26.353382
ORD000302,U00123,A,PET00123,True,2026-11-15 01:24:06.601318
ORD000305,U00124,A,PET00124,True,2026-11-17 02:03:37.169146
ORD000310,U00126,A,PET00126,True,2026-12-07 07:52:21.591199
ORD000311,U00126,A,PET00126,True,2026-11-12 17:30:56.828434
ORD000316,U00128,B,PET00128,True,2026-12-07 10:21:00.000000
ORD000323,U00132,B,PET00132,True,2026-11-25 05:28:02.991620
ORD000332,U00134,B,PET00134,True,2026-11-13 20:43:49.578111
ORD000338,U00136,B,PET00136,True,2026-10-19 22:16:50.897155
ORD000343,U00136,B,PET00136,True,2026-10-27 09:30:27.420953
ORD000355,U00140,B,PET00140,True,2026-11-06 20:23:05.283032
ORD000357,U00140,B,PET00140,True,2026-12-08 13:32:00.000000
ORD000360,U00142,B,PET00142,True,2026-11-13 13:30:57.606414
ORD000361,U00142,B,PET00142,True,2026-10-16 02:45:08.515237
ORD000367,U00144,B,PET00144,False,2026-11-11 01:11:20.049018
ORD000368,U00144,B,PET00144,True,2026-10-31 12:48:09.330170
ORD000373,U00146,A,PET00146,True,2026-12-06 23:00:00.000000
ORD000397,U00155,A,PET00155,True,2026-12-09 09:21:00.000000
ORD000399,U00156,B,PET00156,True,2026-11-24 01:45:07.810301
ORD000403,U00157,B,PET00157,True,2026-11-06 09:05:31.722823
ORD000405,U00157,B,PET00157,True,2026-11-14 09:32:58.763256
ORD000407,U00159,A,PET00159,True,2026-11-28 12:00:33.737598
ORD000408,U00159,A,PET00159,True,2026-11-17 07:10:21.718876
ORD000411,U00159,A,PET00159,True,2026-11-29 03:50:35.421125
ORD000416,U00163,B,PET00163,True,2026-12-01 08:47:08.037352
ORD000419,U00164,B,PET00164,True,2026-11-17 16:04:38.702731
ORD000433,U00170,B,PET00170,True,2026-12-06 14:29:02.329813
ORD000442,U00173,A,PET00173,True,2026-12-02 14:22:49.614816
ORD000443,U00174,B,PET00174,True,2026-12-08 23:51:00.000000
ORD000446,U00175,A,PET00175,True,2026-11-28 09:59:27.516652
ORD000448,U00176,A,PET00176,True,2026-11-16 15:56:25.958398
ORD000450,U00177,A,PET00177,True,2026-11-19 02:42:17.986375
ORD000457,U00180,A,PET00180,True,2026-11-16 03:54:27.665072
ORD000459,U00180,A,PET00180,True,2026-12-06 12:40:40.375661
ORD000460,U00181,B,PET00181,False,2026-12-05 21:49:52.808214
ORD000487,U00192,B,PET00192,True,2026-11-10 00:27:19.258837
ORD000489,U00193,A,PET00193,True,2026-11-15 11:29:50.302537
ORD000491,U00194,B,PET00194,True,2026-11-25 01:35:26.892726
ORD000501,U00197,A,PET00197,True,2026-10-22 07:28:31.482199
ORD000518,U00203,A,PET00203,True,2026-11-10 15:55:38.245364
ORD000523,U00205,A,PET00205,True,2026-11-28 03:17:19.354427
ORD000537,U00214,A,PET00214,True,2026-11-03 06:37:06.584724
ORD000540,U00216,A,PET00216,False,2026-10-16 14:21:42.270273
ORD000543,U00216,A,PET00216,True,2026-10-20 05:44:36.892758
ORD000547,U00218,B,PET00218,True,2026-10-21 14:28:33.997451
ORD000554,U00222,A,PET00222,True,2026-11-23 23:17:50.720751
ORD000561,U00225,B,PET00225,True,2026-12-04 21:07:01.056640
ORD000566,U00226,A,PET00226,True,2026-11-13 07:16:00.248201
ORD000574,U00230,A,PET00230,False,2026-11-24 12:46:19.718327
ORD000578,U00231,B,PET00231,True,2026-11-07 01:39:01.983845
ORD000582,U00233,A,PET00233,True,2026-11-18 00:25:45.191601
ORD000593,U00238,A,PET00238,True,2026-10-31 20:49:58.560853
ORD000599,U00241,A,PET00241,False,2026-12-05 12:47:16.121605
ORD000603,U00243,A,PET00243,True,2026-10-19 13:55:43.443994
ORD000604,U00243,A,PET00243,True,2026-11-16 19:23:14.225745
ORD000606,U00244,A,PET00244,False,2026-11-23 05:29:14.721780
ORD000614,U00247,A,PET00247,False,2026-12-03 18:44:10.684013
ORD000615,U00247,A,PET00247,True,2026-11-22 19:11:10.505063
ORD000620,U00249,A,PET00249,False,2026-11-27 06:12:17.898322
ORD000621,U00250,A,PET00250,True,2026-10-30 14:19:39.495315
ORD000636,U00257,A,PET00257,True,2026-11-17 10:12:09.862589
ORD000640,U00258,B,PET00258,True,2026-11-04 15:10:56.037088
ORD000645,U00259,A,PET00259,True,2026-11-29 14:33:40.044051
ORD000651,U00261,A,PET00261,True,2026-11-25 12:37:53.575856
ORD000652,U00262,B,PET00262,False,2026-10-23 08:09:09.521917
ORD000655,U00263,A,PET00263,True,2026-10-29 18:09:35.353852
ORD000665,U00267,B,PET00267,True,2026-11-28 05:35:15.053859
ORD000671,U00269,A,PET00269,True,2026-12-08 12:58:30.369047
ORD000672,U00269,A,PET00269,True,2026-11-22 20:54:14.133163
ORD000674,U00270,B,PET00270,True,2026-11-25 07:56:33.834800
ORD000675,U00270,B,PET00270,True,2026-11-16 08:03:15.971397
ORD000694,U00276,A,PET00276,True,2026-11-20 19:59:33.882508
ORD000700,U00279,B,PET00279,False,2026-10-29 19:33:24.712408
ORD000701,U00279,B,PET00279,True,2026-10-14 06:47:48.286555
ORD000710,U00282,B,PET00282,True,2026-10-29 14:53:26.455485
ORD000715,U00286,A,PET00286,True,2026-12-09 22:00:10.049035
ORD000720,U00288,A,PET00288,False,2026-11-19 22:47:51.393152
ORD000725,U00291,A,PET00291,True,2026-12-01 05:50:31.333435
ORD000726,U00291,A,PET00291,True,2026-12-09 19:14:09.092633
ORD000727,U00292,A,PET00292,True,2026-10-15 02:03:32.253027
ORD000731,U00292,A,PET00292,True,2026-11-02 11:13:59.598390
ORD000740,U00296,A,PET00296,False,2026-11-21 05:51:47.982399
ORD000745,U00299,A,PET00299,True,2026-10-12 20:35:54.754534
ORD000747,U00300,B,PET00300,True,2026-10-25 02:25:56.411551
ORD000751,U00301,A,PET00301,True,2026-11-21 06:33:50.258978
ORD000754,U00301,A,PET00301,True,2026-11-08 21:35:04.561784
ORD000755,U00302,A,PET00302,True,2026-11-27 18:56:00.084719
ORD000757,U00303,B,PET00303,True,2026-11-10 02:40:05.433532
ORD000765,U00309,B,PET00309,True,2026-10-24 03:19:00.545133
ORD000773,U00313,A,PET00313,False,2026-11-29 05:14:54.477534
ORD000775,U00314,A,PET00314,False,2026-10-27 07:37:32.040342
ORD000777,U00314,A,PET00314,True,2026-12-08 23:11:00.000000
ORD000783,U00315,B,PET00315,True,2026-10-10 00:48:11.926056
ORD000794,U00322,B,PET00322,True,2026-11-17 15:49:31.109697
ORD000795,U00323,B,PET00323,True,2026-11-06 16:07:43.777562
ORD000797,U00326,B,PET00326,True,2026-12-08 16:13:18.339117
ORD000802,U00327,A,PET00327,True,2026-12-07 10:10:00.000000
ORD000803,U00327,A,PET00327,True,2026-11-11 06:47:07.595841
ORD000807,U00328,B,PET00328,True,2026-11-28 01:14:00.316105
ORD000814,U00329,A,PET00329,True,2026-12-02 18:53:04.564417
ORD000817,U00330,A,PET00330,True,2026-12-03 21:40:45.314095
ORD000820,U00331,A,PET00331,True,2026-11-28 02:27:12.265132
ORD000824,U00332,B,PET00332,True,2026-11-03 23:43:13.607181
ORD000828,U00335,B,PET00335,True,2026-12-05 02:38:54.847049
ORD000829,U00337,B,PET00337,False,2026-12-09 06:32:00.000000
ORD000833,U00339,A,PET00339,True,2026-12-02 14:47:03.371957
ORD000836,U00341,B,PET00341,True,2026-11-27 14:31:04.071296
ORD000838,U00342,B,PET00342,True,2026-12-03 09:56:20.256958
ORD000847,U00349,A,PET00349,True,2026-10-14 15:53:56.828312
ORD000848,U00349,A,PET00349,True,2026-10-19 11:47:21.000000
ORD000853,U00351,A,PET00351,True,2026-11-14 01:56:43.288977
ORD000854,U00351,A,PET00351,True,2026-12-02 00:14:17.722833
ORD000855,U00351,A,PET00351,True,2026-12-10 02:26:00.000000
ORD000859,U00353,A,PET00353,True,2026-11-29 22:21:11.474744
ORD000860,U00353,A,PET00353,True,2026-12-08 10:07:34.348887
ORD000864,U00353,A,PET00353,True,2026-11-28 03:56:39.142782
ORD000865,U00354,A,PET00354,True,2026-11-03 02:16:59.693865
ORD000868,U00357,A,PET00357,False,2026-11-20 06:24:40.034128
ORD000870,U00357,A,PET00357,True,2026-10-05 16:37:48.235304
ORD000873,U00357,A,PET00357,True,2026-10-24 12:18:26.916348
ORD000874,U00358,A,PET00358,True,2026-12-09 23:07:00.000000
ORD000885,U00365,A,PET00365,True,2026-11-12 23:37:29.557454
ORD000886,U00365,A,PET00365,True,2026-10-07 04:43:29.312888
ORD000889,U00368,A,PET00368,True,2026-11-29 06:30:34.361168
ORD000897,U00374,A,PET00374,False,2026-10-29 21:11:41.850334
ORD000911,U00380,A,PET00380,True,2026-10-18 22:55:42.922245
ORD000913,U00381,A,PET00381,True,2026-09-17 21:43:22.063257
ORD000917,U00383,A,PET00383,True,2026-12-09 00:27:55.000000
ORD000918,U00383,A,PET00383,True,2026-12-09 04:41:00.000000
ORD000925,U00384,B,PET00384,True,2026-11-06 01:16:46.635329
ORD000928,U00385,A,PET00385,True,2026-10-28 02:32:39.777973
ORD000930,U00385,A,PET00385,True,2026-10-25 20:56:20.128886
ORD000952,U00393,A,PET00393,True,2026-11-08 08:16:32.359799
ORD000956,U00396,A,PET00396,True,2026-12-06 11:46:16.407638
ORD000959,U00397,A,PET00397,True,2026-10-09 19:13:08.142728
ORD000961,U00398,A,PET00398,True,2026-11-04 19:23:54.740136
ORD000967,U00399,A,PET00399,True,2026-11-25 12:48:05.409734
ORD000972,U00402,A,PET00402,True,2026-11-29 06:26:39.762373
ORD000973,U00403,B,PET00403,True,2026-11-20 20:09:50.048050
ORD000978,U00406,A,PET00406,True,2026-12-09 20:57:13.237641
ORD000980,U00406,A,PET00406,True,2026-11-10 02:30:20.415943
ORD000981,U00407,A,PET00407,True,2026-10-28 06:46:29.120464
ORD000983,U00408,A,PET00408,True,2026-11-29 09:18:33.313649
ORD000989,U00410,A,PET00410,True,2026-12-04 02:00:39.298442
ORD000991,U00411,B,PET00411,True,2026-10-20 18:26:46.675499
ORD000993,U00411,B,PET00411,False,2026-12-09 17:15:00.000000
ORD000997,U00412,A,PET00412,True,2026-12-05 01:16:24.606474
ORD001006,U00415,B,PET00415,True,2026-11-11 13:57:55.386940
ORD001021,U00423,A,PET00423,True,2026-12-01 06:09:59.781711
ORD001027,U00426,B,PET00426,True,2026-10-08 05:07:38.285458
ORD001029,U00426,B,PET00426,True,2026-10-28 15:00:03.240305
ORD001058,U00436,A,PET00436,True,2026-10-23 08:20:25.599252
ORD001061,U00436,A,PET00436,True,2026-11-07 02:19:29.068267
ORD001063,U00437,B,PET00437,True,2026-11-10 17:15:55.173576
ORD001064,U00437,B,PET00437,True,2026-12-02 04:20:37.722367
ORD001068,U00439,A,PET00439,True,2026-10-22 06:17:24.902233
ORD001070,U00439,A,PET00439,True,2026-10-22 22:30:44.640206
ORD001071,U00439,A,PET00439,True,2026-10-05 21:28:33.853373
ORD001080,U00443,A,PET00443,True,2026-10-17 00:38:50.517999
ORD001081,U00445,B,PET00445,True,2026-11-07 10:01:25.117168
ORD001087,U00448,B,PET00448,True,2026-12-06 14:25:00.000000
ORD001093,U00453,A,PET00453,True,2026-11-02 19:36:00.599951
ORD001094,U00453,A,PET00453,True,2026-10-29 05:45:29.798458
ORD001099,U00455,B,PET00455,True,2026-11-06 01:54:21.127472
ORD001100,U00455,B,PET00455,True,2026-11-21 08:25:11.187104
ORD001101,U00455,B,PET00455,True,2026-11-10 14:28:08.902767
ORD001104,U00456,A,PET00456,True,2026-12-07 20:57:00.000000
ORD001120,U00461,B,PET00461,True,2026-12-02 03:51:27.132034
ORD001131,U00465,A,PET00465,True,2026-10-18 20:27:39.742027
ORD001135,U00465,A,PET00465,True,2026-09-23 13:02:43.686659
ORD001142,U00469,A,PET00469,True,2026-10-27 05:34:13.035498
ORD001147,U00471,A,PET00471,True,2026-12-02 20:29:19.627566
ORD001148,U00472,B,PET00472,True,2026-11-25 10:46:06.023850
ORD001162,U00477,A,PET00477,True,2026-12-04 23:22:41.000000
ORD001165,U00478,B,PET00478,True,2026-11-11 18:44:47.069510
ORD001173,U00480,B,PET00480,True,2026-11-08 12:01:33.898369
ORD001176,U00481,A,PET00481,True,2026-11-10 02:36:41.307013
ORD001177,U00481,A,PET00481,True,2026-10-14 09:57:12.752094
ORD001178,U00481,A,PET00481,True,2026-10-20 18:32:19.175804
ORD001179,U00481,A,PET00481,True,2026-10-30 04:06:12.752094
ORD001194,U00487,A,PET00487,True,2026-11-18 23:02:38.973757
ORD001201,U00490,B,PET00490,True,2026-11-16 21:16:06.494925
ORD001204,U00493,A,PET00493,True,2026-11-26 10:37:31.469545
ORD001205,U00493,A,PET00493,True,2026-11-27 03:47:25.447015
ORD001210,U00494,A,PET00494,True,2026-11-16 14:24:07.702453
ORD001212,U00495,B,PET00495,True,2026-10-30 01:16:26.670501
ORD001218,U00496,A,PET00496,True,2026-11-27 08:47:00.620599
ORD001226,U00500,B,PET00500,True,2026-12-08 05:55:00.000000
ORD001227,U00500,B,PET00500,True,2026-11-19 11:15:51.875725
ORD001228,U00501,A,PET00501,True,2026-10-26 10:19:14.109871
ORD001233,U00504,A,PET00504,True,2026-12-08 17:32:50.466929
ORD001240,U00508,A,PET00508,True,2026-10-12 02:26:13.446754
ORD001245,U00509,B,PET00509,False,2026-11-05 17:35:20.390229
ORD001247,U00510,B,PET00510,True,2026-10-05 23:07:25.477119
ORD001248,U00510,B,PET00510,True,2026-11-09 18:52:00.818649
ORD001249,U00512,A,PET00512,True,2026-12-06 05:45:13.864066
ORD001256,U00516,A,PET00516,True,2026-12-06 18:47:04.322501
ORD001257,U00516,A,PET00516,True,2026-11-19 06:54:21.408852
ORD001260,U00518,A,PET00518,True,2026-09-30 06:19:50.972285
ORD001268,U00521,A,PET00521,True,2026-11-08 12:18:30.397538
ORD001283,U00526,A,PET00526,True,2026-11-27 21:43:16.176436
ORD001287,U00529,B,PET00529,True,2026-12-06 08:33:43.707302
ORD001292,U00531,B,PET00531,True,2026-11-16 23:39:46.889480
ORD001301,U00536,A,PET00536,True,2026-10-15 03:56:17.970766
ORD001319,U00540,B,PET00540,True,2026-12-08 04:31:56.778861
ORD001324,U00541,A,PET00541,True,2026-11-20 06:37:03.498271
ORD001325,U00541,A,PET00541,True,2026-12-09 07:01:00.000000
ORD001326,U00542,A,PET00542,True,2026-10-01 03:29:53.827167
ORD001332,U00543,A,PET00543,True,2026-10-11 17:23:00.791167
ORD001334,U00544,B,PET00544,True,2026-11-04 19:18:14.295231
ORD001335,U00544,B,PET00544,True,2026-10-07 03:52:36.187385
ORD001336,U00545,B,PET00545,True,2026-11-29 20:35:08.949549
ORD001337,U00546,A,PET00546,True,2026-09-29 21:10:48.817996
ORD001350,U00552,A,PET00552,True,2026-11-04 07:50:52.622280
ORD001353,U00553,B,PET00553,True,2026-12-04 03:36:07.634587
ORD001356,U00554,A,PET00554,True,2026-10-22 15:35:38.760943
ORD001362,U00559,A,PET00559,True,2026-12-04 09:45:16.741850
ORD001363,U00560,A,PET00560,True,2026-12-07 22:37:00.000000
ORD001364,U00560,A,PET00560,True,2026-11-27 01:30:14.000000
ORD001370,U00563,B,PET00563,True,2026-11-04 12:01:23.936659
ORD001371,U00563,B,PET00563,False,2026-11-20 20:11:31.334712
ORD001375,U00563,B,PET00563,True,2026-11-25 15:45:23.936659
ORD001377,U00564,B,PET00564,True,2026-11-15 08:25:34.691024
ORD001378,U00564,B,PET00564,True,2026-11-28 18:24:14.646263
ORD001386,U00566,A,PET00566,False,2026-11-21 15:10:59.005420
ORD001387,U00566,A,PET00566,True,2026-11-18 00:22:53.520178
ORD001394,U00567,A,PET00567,True,2026-11-05 19:47:57.316902
ORD001399,U00568,A,PET00568,True,2026-10-25 10:08:17.382098
ORD001402,U00571,A,PET00571,True,2026-12-08 03:47:00.000000
ORD001406,U00573,B,PET00573,True,2026-11-21 15:49:27.000000
ORD001407,U00573,B,PET00573,True,2026-11-07 18:57:17.023164
ORD001420,U00578,A,PET00578,True,2026-11-29 05:33:08.050993
ORD001421,U00580,A,PET00580,True,2026-10-20 20:39:38.796764
ORD001423,U00581,A,PET00581,True,2026-10-04 02:27:47.304892
ORD001437,U00587,A,PET00587,True,2026-12-05 00:18:57.430314
ORD001441,U00588,A,PET00588,True,2026-11-05 00:18:25.694540
ORD001449,U00592,B,PET00592,False,2026-12-08 12:10:00.000000
ORD001452,U00593,A,PET00593,True,2026-10-28 23:08:30.116015
ORD001456,U00595,B,PET00595,True,2026-10-13 03:51:36.141863
ORD001468,U00601,A,PET00601,True,2026-11-30 14:48:09.970957
ORD001470,U00602,A,PET00602,True,2026-12-03 12:53:26.761586
ORD001473,U00603,B,PET00603,True,2026-12-05 07:05:48.234652
ORD001476,U00604,A,PET00604,True,2026-11-30 22:47:30.221317
ORD001477,U00606,B,PET00606,True,2026-11-23 00:57:37.937926
ORD001480,U00607,B,PET00607,True,2026-10-16 23:42:49.980357
ORD001492,U00614,A,PET00614,True,2026-10-28 21:04:17.687982
ORD001494,U00614,A,PET00614,True,2026-11-14 09:32:10.225963
ORD001502,U00617,A,PET00617,True,2026-11-13 16:24:31.094822
ORD001504,U00617,A,PET00617,True,2026-11-16 23:54:18.271171
ORD001510,U00619,B,PET00619,True,2026-09-23 00:30:39.032988
ORD001516,U00621,A,PET00621,True,2026-10-25 20:38:18.295579
ORD001517,U00621,A,PET00621,True,2026-11-03 11:19:24.665562
ORD001518,U00622,A,PET00622,True,2026-12-02 07:43:56.130898
ORD001519,U00623,A,PET00623,True,2026-12-02 00:36:20.106725
ORD001521,U00624,B,PET00624,True,2026-11-01 01:10:37.558211
ORD001522,U00624,B,PET00624,True,2026-11-25 03:48:09.040910
ORD001523,U00625,B,PET00625,True,2026-11-23 12:16:45.721673
ORD001533,U00627,A,PET00627,True,2026-12-06 01:23:48.907470
ORD001535,U00628,A,PET00628,True,2026-11-30 08:45:51.246934
ORD001538,U00628,A,PET00628,True,2026-11-12 17:22:53.824133
ORD001539,U00629,A,PET00629,True,2026-11-14 08:25:45.691286
ORD001541,U00631,A,PET00631,True,2026-11-27 08:16:41.595177
ORD001543,U00631,A,PET00631,True,2026-12-01 22:24:56.002628
ORD001556,U00637,A,PET00637,True,2026-11-18 20:37:32.577718
ORD001557,U00637,A,PET00637,True,2026-10-04 12:34:20.155160
ORD001560,U00638,B,PET00638,True,2026-11-11 17:28:44.204622
ORD001561,U00638,B,PET00638,True,2026-11-29 09:35:35.458894
ORD001563,U00638,B,PET00638,True,2026-11-15 14:35:20.665731
ORD001576,U00643,B,PET00643,True,2026-12-05 10:07:04.196962
ORD001584,U00647,A,PET00647,False,2026-12-10 03:02:00.000000
ORD001585,U00647,A,PET00647,True,2026-11-01 10:47:54.759562
ORD001586,U00648,A,PET00648,True,2026-11-26 05:01:28.433091
ORD001591,U00651,B,PET00651,False,2026-11-25 08:38:43.191709
ORD001593,U00652,B,PET00652,True,2026-11-18 19:14:18.982830
ORD001595,U00653,B,PET00653,True,2026-11-12 10:18:17.984520
ORD001604,U00658,A,PET00658,True,2026-11-12 07:07:10.779695
ORD001605,U00659,B,PET00659,True,2026-09-29 22:01:40.799265
ORD001607,U00659,B,PET00659,True,2026-11-11 05:12:52.978086
ORD001614,U00660,A,PET00660,False,2026-10-17 14:49:12.087659
ORD001617,U00660,A,PET00660,True,2026-12-04 11:41:28.427380
ORD001624,U00663,A,PET00663,True,2026-10-04 17:34:22.355877
ORD001628,U00664,A,PET00664,True,2026-10-29 14:27:15.656778
ORD001644,U00670,B,PET00670,True,2026-11-12 12:57:38.747644
ORD001650,U00672,B,PET00672,True,2026-12-07 18:44:45.454314
ORD001665,U00678,B,PET00678,True,2026-11-03 01:51:20.011015
ORD001671,U00682,B,PET00682,True,2026-10-16 16:44:34.877556
ORD001680,U00685,B,PET00685,False,2026-10-08 20:32:34.385098
ORD001684,U00687,A,PET00687,True,2026-11-09 03:13:27.835478
ORD001686,U00687,A,PET00687,True,2026-10-23 19:53:24.281297
ORD001687,U00687,A,PET00687,True,2026-11-10 22:57:57.212781
ORD001696,U00690,A,PET00690,True,2026-12-09 14:08:00.000000
ORD001704,U00695,A,PET00695,True,2026-10-19 21:06:36.550584
ORD001708,U00696,B,PET00696,True,2026-10-19 23:30:40.505310
ORD001713,U00698,B,PET00698,True,2026-11-29 23:11:00.463946
ORD001722,U00700,B,PET00700,True,2026-10-03 09:44:39.019920
ORD001730,U00701,A,PET00701,True,2026-11-04 15:40:18.221421
ORD001732,U00702,B,PET00702,True,2026-12-08 05:19:47.344608
ORD001734,U00702,B,PET00702,True,2026-12-06 13:45:07.347233
ORD001742,U00704,B,PET00704,True,2026-10-17 05:03:19.659124
ORD001744,U00705,A,PET00705,True,2026-11-13 06:23:48.799870
ORD001748,U00707,A,PET00707,True,2026-11-24 07:19:06.643709
ORD001752,U00709,A,PET00709,True,2026-11-11 21:21:09.561885
ORD001768,U00717,A,PET00717,True,2026-11-12 11:45:46.685646
ORD001778,U00724,A,PET00724,True,2026-11-18 04:07:13.135137
ORD001792,U00729,A,PET00729,True,2026-11-05 14:30:53.357265
ORD001793,U00729,A,PET00729,True,2026-11-15 13:42:21.038892
ORD001803,U00736,A,PET00736,True,2026-12-06 19:53:17.410645
ORD001807,U00738,A,PET00738,True,2026-11-01 22:11:37.532829
ORD001808,U00739,A,PET00739,False,2026-12-09 05:14:00.000000
ORD001809,U00739,A,PET00739,True,2026-11-22 18:48:55.405812
ORD001810,U00740,A,PET00740,True,2026-12-07 08:28:55.400217
ORD001814,U00742,A,PET00742,True,2026-11-29 01:51:56.766565
ORD001816,U00744,A,PET00744,True,2026-11-05 19:03:13.439544
ORD001817,U00744,A,PET00744,True,2026-11-18 15:22:43.510036
ORD001830,U00749,B,PET00749,True,2026-11-20 10:22:02.685503
ORD001834,U00751,A,PET00751,True,2026-12-09 12:06:00.000000
ORD001836,U00752,B,PET00752,False,2026-10-04 06:44:26.857335
ORD001840,U00752,B,PET00752,True,2026-10-04 08:37:04.992129
ORD001846,U00756,B,PET00756,True,2026-12-10 12:40:00.000000
ORD001852,U00757,A,PET00757,True,2026-11-20 11:52:12.008283
ORD001856,U00759,A,PET00759,True,2026-11-25 12:57:07.484480
ORD001857,U00759,A,PET00759,True,2026-10-23 11:04:12.931757
ORD001873,U00767,A,PET00767,True,2026-11-25 01:37:33.101280
ORD001878,U00769,A,PET00769,True,2026-11-01 06:12:43.850818
ORD001879,U00769,A,PET00769,True,2026-09-27 22:54:16.880942
ORD001885,U00773,B,PET00773,True,2026-12-06 13:35:19.925046
ORD001888,U00773,B,PET00773,True,2026-09-17 00:43:29.066266
ORD001892,U00774,B,PET00774,True,2026-11-28 03:27:25.290409
ORD001898,U00777,B,PET00777,True,2026-10-29 02:49:54.782736
ORD001910,U00779,B,PET00779,True,2026-12-06 01:28:58.040195
ORD001919,U00783,A,PET00783,True,2026-11-27 12:14:47.209368
ORD001926,U00785,A,PET00785,True,2026-12-06 15:40:26.363452
ORD001933,U00787,A,PET00787,True,2026-10-03 23:46:31.373381
ORD001936,U00789,A,PET00789,True,2026-11-05 23:15:34.154898
ORD001937,U00789,A,PET00789,True,2026-11-18 15:51:46.983454
ORD001942,U00791,B,PET00791,False,2026-10-14 14:14:23.529543
ORD001952,U00795,B,PET00795,True,2026-12-06 07:56:24.824711
ORD001963,U00799,A,PET00799,True,2026-11-26 04:05:54.970081
ORD001964,U00799,A,PET00799,True,2026-10-28 10:21:53.582500
ORD001977,U00806,A,PET00806,True,2026-11-29 00:52:32.052648
ORD001990,U00812,B,PET00812,True,2026-12-01 21:39:35.651392
ORD001999,U00816,B,PET00816,True,2026-12-09 00:51:17.709025
ORD002019,U00825,A,PET00825,True,2026-11-24 13:33:32.047639
ORD002031,U00831,B,PET00831,True,2026-10-06 16:46:20.662968
ORD002033,U00831,B,PET00831,True,2026-10-23 08:01:50.398604
ORD002038,U00832,A,PET00832,True,2026-10-09 13:12:00.875805
ORD002047,U00836,B,PET00836,False,2026-12-04 00:27:16.753760
ORD002052,U00838,B,PET00838,True,2026-11-19 05:02:19.426997
ORD002056,U00841,B,PET00841,True,2026-10-21 18:31:54.409831
ORD002061,U00845,A,PET00845,True,2026-10-26 19:10:11.668384
ORD002063,U00845,A,PET00845,True,2026-09-17 16:43:39.682247
ORD002064,U00845,A,PET00845,True,2026-09-20 10:04:15.796147
ORD002065,U00845,A,PET00845,True,2026-10-18 14:16:37.810684
ORD002069,U00846,B,PET00846,True,2026-11-13 00:41:01.252756
ORD002073,U00847,B,PET00847,True,2026-12-05 16:25:18.985297
ORD002079,U00847,B,PET00847,True,2026-11-04 09:24:59.582014
ORD002085,U00849,B,PET00849,False,2026-12-03 05:43:50.071509
ORD002090,U00854,B,PET00854,True,2026-10-07 14:38:04.000000
ORD002092,U00854,B,PET00854,True,2026-10-12 12:09:25.602944
ORD002095,U00855,A,PET00855,True,2026-10-12 02:00:14.550456
ORD002097,U00855,A,PET00855,True,2026-12-04 17:11:32.264678
ORD002098,U00855,A,PET00855,True,2026-12-02 02:29:25.318158
ORD002113,U00861,B,PET00861,True,2026-12-08 18:47:00.000000
ORD002114,U00862,A,PET00862,True,2026-12-10 00:08:00.000000
ORD002116,U00863,A,PET00863,True,2026-11-24 03:47:16.840940
ORD002117,U00863,A,PET00863,True,2026-10-01 19:43:55.117527
ORD002119,U00863,A,PET00863,True,2026-11-17 21:39:05.709930
ORD002126,U00866,B,PET00866,True,2026-12-04 18:20:22.226426
ORD002132,U00870,A,PET00870,True,2026-10-03 06:12:49.142648
ORD002133,U00870,A,PET00870,True,2026-11-18 07:01:49.142648
ORD002135,U00871,A,PET00871,True,2026-11-11 18:05:54.631689
ORD002139,U00872,A,PET00872,True,2026-10-17 05:34:10.614831
ORD002142,U00874,B,PET00874,True,2026-12-07 07:39:00.000000
ORD002149,U00876,A,PET00876,True,2026-11-20 00:55:44.950421
ORD002155,U00879,B,PET00879,True,2026-11-22 16:25:34.375910
ORD002157,U00880,B,PET00880,True,2026-12-09 00:12:00.000000
ORD002158,U00881,A,PET00881,True,2026-10-29 23:28:18.119874
ORD002169,U00886,B,PET00886,True,2026-12-03 23:50:33.885966
ORD002190,U00892,A,PET00892,True,2026-11-27 13:17:50.579503
ORD002194,U00895,A,PET00895,True,2026-12-05 18:29:49.230482
ORD002196,U00896,A,PET00896,True,2026-12-09 12:50:22.557005
ORD002200,U00898,B,PET00898,True,2026-10-24 20:12:42.381692
ORD002207,U00900,A,PET00900,True,2026-11-20 05:28:57.059666
ORD002211,U00901,A,PET00901,True,2026-11-05 19:52:11.948659
ORD002218,U00903,B,PET00903,False,2026-11-18 12:28:54.932007
ORD002224,U00906,A,PET00906,True,2026-11-24 03:17:11.604113
ORD002230,U00908,B,PET00908,True,2026-12-10 04:15:04.746419
ORD002235,U00909,B,PET00909,True,2026-12-01 14:36:46.496966
ORD002241,U00912,B,PET00912,True,2026-12-09 08:03:00.000000
ORD002242,U00912,B,PET00912,False,2026-10-19 17:49:28.029996
ORD002249,U00915,A,PET00915,True,2026-12-10 09:47:00.000000
ORD002252,U00916,B,PET00916,False,2026-12-07 21:18:06.623342
ORD002253,U00917,B,PET00917,True,2026-12-09 00:09:00.000000
ORD002257,U00918,A,PET00918,False,2026-12-08 15:19:25.550904
ORD002262,U00920,A,PET00920,True,2026-11-17 11:44:28.186901
ORD002270,U00924,A,PET00924,True,2026-11-30 01:41:13.577138
ORD002276,U00925,B,PET00925,True,2026-11-02 23:01:28.694259
ORD002277,U00926,B,PET00926,True,2026-12-07 11:09:00.000000
ORD002288,U00930,B,PET00930,False,2026-11-06 01:13:14.410887
ORD002289,U00932,A,PET00932,True,2026-12-05 21:38:14.099083
ORD002292,U00932,A,PET00932,True,2026-11-19 19:23:08.873289
ORD002294,U00933,A,PET00933,True,2026-10-24 21:18:22.745754
ORD002297,U00933,A,PET00933,True,2026-11-10 18:41:37.362000
ORD002299,U00935,A,PET00935,True,2026-11-19 03:15:08.577675
ORD002301,U00937,A,PET00937,True,2026-12-08 20:21:54.731915
ORD002304,U00938,B,PET00938,True,2026-11-23 00:59:31.070645
ORD002313,U00940,B,PET00940,True,2026-12-09 23:54:00.000000
ORD002320,U00945,A,PET00945,True,2026-10-31 05:00:00.760781
ORD002326,U00946,B,PET00946,True,2026-10-21 03:14:47.710501
ORD002336,U00950,A,PET00950,False,2026-11-06 17:10:36.788443
ORD002342,U00956,A,PET00956,True,2026-11-16 11:17:18.120265
ORD002344,U00957,A,PET00957,True,2026-10-26 19:52:52.339661
ORD002352,U00960,A,PET00960,True,2026-11-20 10:47:14.880409
ORD002358,U00962,A,PET00962,True,2026-11-13 22:39:59.259358
ORD002362,U00966,A,PET00966,True,2026-12-05 03:17:12.430617
ORD002365,U00968,A,PET00968,True,2026-11-09 03:29:29.551568
ORD002370,U00971,A,PET00971,True,2026-12-08 09:15:00.000000
ORD002388,U00980,A,PET00980,True,2026-11-27 15:14:13.615113
ORD002389,U00981,A,PET00981,True,2026-11-05 21:32:30.756713
ORD002391,U00982,A,PET00982,False,2026-11-24 03:31:16.605606
ORD002393,U00984,B,PET00984,True,2026-11-07 23:57:13.397251
ORD002400,U00987,B,PET00987,False,2026-11-30 02:03:22.178953
ORD002404,U00987,B,PET00987,True,2026-11-09 17:44:57.333311
ORD002413,U00989,A,PET00989,True,2026-10-20 21:29:37.926514
ORD002420,U00993,B,PET00993,True,2026-11-27 23:20:40.021726
ORD002427,U00996,B,PET00996,True,2026-11-14 03:21:47.363477
ORD002430,U00998,A,PET00998,True,2026-10-18 17:09:53.653159
ORD002431,U00998,A,PET00998,True,2026-10-17 18:49:59.387470
ORD002432,U00998,A,PET00998,True,2026-12-04 16:30:28.049645
ORD002438,U01003,B,PET01003,True,2026-11-11 15:24:41.030451
ORD002441,U01003,B,PET01003,False,2026-12-07 06:54:47.104002
ORD002450,U01007,A,PET01007,True,2026-12-03 04:42:15.336699
ORD002460,U01013,B,PET01013,True,2026-10-16 19:50:09.194578
ORD002461,U01014,A,PET01014,True,2026-10-25 08:30:09.624626
ORD002464,U01017,A,PET01017,True,2026-12-06 13:03:11.164236
ORD002466,U01019,B,PET01019,True,2026-10-27 05:12:06.741992
ORD002471,U01020,A,PET01020,True,2026-11-11 18:38:30.485241
ORD002474,U01021,A,PET01021,True,2026-10-21 02:15:55.440606
ORD002475,U01021,A,PET01021,True,2026-11-02 19:22:08.627589
ORD002493,U01029,B,PET01029,True,2026-11-26 03:45:26.318894
ORD002499,U01030,A,PET01030,True,2026-11-29 22:49:38.781796
ORD002509,U01034,A,PET01034,True,2026-11-11 23:11:50.158763
ORD002513,U01034,A,PET01034,True,2026-12-05 22:26:19.789553
ORD002522,U01038,A,PET01038,True,2026-10-06 19:36:26.985029
ORD002523,U01039,B,PET01039,True,2026-11-30 16:17:41.532860
ORD002526,U01040,B,PET01040,True,2026-11-29 02:24:58.607170
ORD002527,U01041,A,PET01041,False,2026-12-09 01:22:00.000000
ORD002528,U01041,A,PET01041,True,2026-12-01 23:46:46.244444
ORD002531,U01042,B,PET01042,True,2026-12-05 14:40:10.374695
ORD002536,U01043,A,PET01043,True,2026-11-04 17:00:01.943630
ORD002539,U01044,A,PET01044,True,2026-12-02 05:48:38.000000
ORD002542,U01047,A,PET01047,True,2026-12-03 04:29:10.135529
ORD002545,U01047,A,PET01047,True,2026-12-01 20:29:54.080608
ORD002549,U01048,A,PET01048,True,2026-11-23 18:44:11.430176
ORD002550,U01048,A,PET01048,True,2026-11-19 09:59:02.127403
ORD002558,U01050,B,PET01050,True,2026-11-13 17:16:10.043993
ORD002561,U01051,A,PET01051,True,2026-11-13 14:00:02.450283
ORD002581,U01060,B,PET01060,True,2026-10-31 18:41:11.651938
ORD002584,U01062,A,PET01062,True,2026-12-03 10:38:07.215485
ORD002587,U01063,B,PET01063,True,2026-11-28 07:46:23.731368
ORD002599,U01066,B,PET01066,True,2026-11-19 12:46:24.157083
ORD002615,U01072,A,PET01072,True,2026-10-29 21:37:36.765458
ORD002625,U01076,A,PET01076,True,2026-10-25 05:16:04.106563
ORD002634,U01080,A,PET01080,True,2026-12-03 10:23:07.151699
ORD002637,U01084,A,PET01084,True,2026-11-23 09:06:57.643431
ORD002651,U01094,A,PET01094,True,2026-12-06 20:24:41.548520
ORD002654,U01095,A,PET01095,True,2026-10-24 02:03:27.912687
ORD002664,U01098,A,PET01098,True,2026-11-29 07:36:08.463699
ORD002668,U01101,A,PET01101,True,2026-11-05 13:57:15.476909
ORD002669,U01101,A,PET01101,True,2026-11-28 21:59:26.722019
ORD002671,U01102,B,PET01102,True,2026-10-31 07:18:36.000000
ORD002677,U01103,B,PET01103,True,2026-12-07 22:42:57.796145
ORD002678,U01104,A,PET01104,True,2026-10-17 09:00:03.749536
ORD002680,U01104,A,PET01104,True,2026-10-23 17:10:42.146429
ORD002681,U01105,B,PET01105,True,2026-12-07 17:51:00.000000
ORD002684,U01106,A,PET01106,True,2026-11-16 02:28:31.379106
ORD002686,U01106,A,PET01106,True,2026-10-01 05:03:49.662857
ORD002689,U01107,B,PET01107,False,2026-11-24 03:50:20.050339
ORD002694,U01110,B,PET01110,True,2026-10-14 21:41:27.670450
ORD002703,U01113,A,PET01113,True,2026-10-22 14:01:53.404884
ORD002705,U01113,A,PET01113,True,2026-12-07 22:13:10.543801
ORD002706,U01113,A,PET01113,True,2026-10-06 22:12:45.397742
ORD002708,U01114,A,PET01114,True,2026-11-14 14:30:28.274706
ORD002720,U01118,B,PET01118,False,2026-11-18 01:34:24.574561
ORD002731,U01122,A,PET01122,True,2026-10-11 16:06:42.561871
ORD002733,U01122,A,PET01122,True,2026-10-09 20:33:19.508125
ORD002737,U01123,B,PET01123,True,2026-10-15 08:00:08.999222
ORD002739,U01123,B,PET01123,True,2026-10-15 14:43:44.467694
ORD002745,U01128,A,PET01128,True,2026-12-03 16:09:17.003858
ORD002751,U01130,B,PET01130,True,2026-11-13 03:23:24.045768
ORD002754,U01131,A,PET01131,True,2026-11-19 18:09:21.360253
ORD002756,U01131,A,PET01131,True,2026-11-27 23:56:18.742027
ORD002771,U01137,A,PET01137,True,2026-11-26 16:51:57.423056
ORD002773,U01138,B,PET01138,True,2026-11-12 22:36:07.515655
ORD002774,U01138,B,PET01138,True,2026-11-24 20:37:37.577546
ORD002775,U01139,A,PET01139,True,2026-12-06 12:43:00.138055
ORD002778,U01140,A,PET01140,True,2026-11-08 03:08:52.325689
ORD002779,U01140,A,PET01140,True,2026-11-27 07:54:11.150838
ORD002781,U01141,B,PET01141,True,2026-12-06 01:12:49.883871
ORD002785,U01142,A,PET01142,True,2026-11-04 00:05:38.235229
ORD002791,U01147,A,PET01147,True,2026-12-09 16:58:00.000000
ORD002792,U01147,A,PET01147,True,2026-11-18 03:33:29.165516
ORD002795,U01148,A,PET01148,True,2026-12-10 02:40:00.000000
ORD002796,U01148,A,PET01148,True,2026-12-08 16:38:37.029832
ORD002820,U01157,B,PET01157,True,2026-11-06 22:31:39.731498
ORD002823,U01160,B,PET01160,False,2026-12-09 09:03:00.000000
ORD002825,U01163,B,PET01163,False,2026-12-04 18:31:17.205080
ORD002829,U01164,A,PET01164,True,2026-11-04 16:06:13.629104
ORD002845,U01171,B,PET01171,True,2026-12-01 19:28:24.987447
ORD002849,U01171,B,PET01171,True,2026-12-06 15:02:04.883173
ORD002851,U01173,A,PET01173,True,2026-10-25 05:18:26.723805
ORD002852,U01174,A,PET01174,True,2026-12-08 10:32:05.197976
ORD002853,U01174,A,PET01174,True,2026-10-12 10:36:21.862443
ORD002858,U01176,B,PET01176,True,2026-11-18 15:10:49.416433
ORD002871,U01180,A,PET01180,True,2026-09-19 21:26:35.782985
ORD002878,U01183,A,PET01183,True,2026-12-09 05:34:00.000000
ORD002880,U01184,A,PET01184,True,2026-11-24 10:12:22.793119
ORD002881,U01184,A,PET01184,True,2026-11-25 11:35:22.439961
ORD002884,U01185,B,PET01185,True,2026-11-22 04:09:42.357296
ORD002887,U01186,A,PET01186,True,2026-10-25 13:33:08.600491
ORD002898,U01189,A,PET01189,True,2026-12-03 06:50:56.536352
ORD002900,U01190,B,PET01190,True,2026-10-14 02:33:26.363823
ORD002905,U01190,B,PET01190,False,2026-10-31 04:27:26.363823
ORD002906,U01191,A,PET01191,True,2026-10-25 10:42:50.881067
ORD002907,U01192,B,PET01192,True,2026-12-08 17:08:29.171331
ORD002909,U01193,B,PET01193,True,2026-10-30 22:52:33.140916
ORD002929,U01207,B,PET01207,True,2026-12-06 15:04:57.762576
ORD002948,U01216,A,PET01216,False,2026-11-02 14:00:41.362264
ORD002952,U01217,A,PET01217,True,2026-12-04 00:11:07.606325
ORD002956,U01217,A,PET01217,True,2026-11-17 06:36:18.821601
ORD002960,U01221,A,PET01221,True,2026-12-05 11:21:40.200719
ORD002963,U01222,B,PET01222,True,2026-12-07 13:27:40.209687
ORD002968,U01224,A,PET01224,False,2026-11-23 22:47:17.508868
ORD002970,U01224,A,PET01224,True,2026-11-21 06:28:32.401222
ORD002979,U01227,A,PET01227,True,2026-11-10 12:42:45.535297
ORD002984,U01229,A,PET01229,True,2026-09-27 21:39:10.375477
ORD002992,U01236,A,PET01236,True,2026-12-01 14:05:59.386571
ORD002993,U01236,A,PET01236,False,2026-11-18 03:00:12.338792
ORD002994,U01236,A,PET01236,True,2026-10-28 00:40:34.080471
ORD002999,U01239,A,PET01239,False,2026-10-20 05:39:20.764293
ORD003005,U01243,A,PET01243,True,2026-12-06 00:38:57.599210
ORD003011,U01248,A,PET01248,True,2026-10-29 05:28:44.646041
ORD003018,U01251,B,PET01251,True,2026-11-25 16:26:41.162244
ORD003019,U01252,A,PET01252,True,2026-11-18 10:23:37.041050
ORD003022,U01253,B,PET01253,True,2026-10-01 12:08:04.946890
ORD003035,U01257,B,PET01257,True,2026-11-08 00:21:58.723566
ORD003039,U01259,B,PET01259,True,2026-12-08 16:21:00.000000
ORD003066,U01268,B,PET01268,True,2026-11-01 12:55:03.891405
ORD003067,U01269,A,PET01269,True,2026-12-06 17:42:02.131057
ORD003071,U01270,B,PET01270,True,2026-09-19 10:24:22.122042
ORD003072,U01270,B,PET01270,True,2026-09-19 08:21:06.584471
ORD003073,U01270,B,PET01270,True,2026-11-25 04:17:54.980294
ORD003080,U01275,A,PET01275,True,2026-12-08 12:52:00.000000
ORD003102,U01286,A,PET01286,True,2026-11-02 20:18:24.562647
ORD003108,U01288,B,PET01288,False,2026-12-02 08:06:40.120449
ORD003119,U01289,B,PET01289,True,2026-11-05 11:07:03.533621
ORD003126,U01292,A,PET01292,True,2026-12-09 21:33:40.228553
ORD003128,U01292,A,PET01292,False,2026-12-08 05:08:00.000000
ORD003138,U01296,B,PET01296,True,2026-11-19 15:08:19.194383
ORD003139,U01296,B,PET01296,True,2026-12-08 10:30:58.866071
ORD003140,U01297,B,PET01297,False,2026-12-08 05:14:02.204165
ORD003143,U01297,B,PET01297,False,2026-10-25 19:56:14.633405
ORD003148,U01299,B,PET01299,True,2026-11-07 12:53:09.034650
ORD003160,U01302,B,PET01302,True,2026-12-03 07:39:37.045540
ORD003171,U01308,A,PET01308,True,2026-12-04 04:19:40.965291
ORD003175,U01310,A,PET01310,True,2026-12-06 15:32:28.850811
ORD003181,U01311,B,PET01311,True,2026-11-25 07:18:49.694102
ORD003185,U01312,A,PET01312,True,2026-10-14 01:19:39.308276
ORD003197,U01316,A,PET01316,True,2026-12-01 05:37:00.973285
ORD003206,U01321,A,PET01321,True,2026-11-30 17:33:33.495785
ORD003212,U01322,B,PET01322,True,2026-11-08 21:48:07.214191
ORD003216,U01323,A,PET01323,True,2026-11-13 05:21:40.351688
ORD003221,U01326,A,PET01326,True,2026-09-30 15:19:11.592166
ORD003224,U01326,A,PET01326,True,2026-10-07 09:17:00.442740
ORD003231,U01330,A,PET01330,True,2026-12-06 16:24:05.844877
ORD003232,U01330,A,PET01330,True,2026-10-21 11:25:12.857596
ORD003233,U01332,A,PET01332,True,2026-11-28 12:14:49.053297
ORD003236,U01333,A,PET01333,True,2026-11-01 01:33:26.801603
ORD003241,U01337,A,PET01337,True,2026-11-26 21:54:35.981245
ORD003243,U01338,A,PET01338,True,2026-10-27 23:43:22.192977
ORD003247,U01339,A,PET01339,True,2026-11-25 18:48:51.676897
ORD003252,U01342,B,PET01342,True,2026-12-07 00:35:48.321117
ORD003255,U01343,A,PET01343,True,2026-10-26 10:20:48.238160
ORD003265,U01349,A,PET01349,True,2026-12-08 12:40:00.000000
ORD003270,U01351,B,PET01351,True,2026-12-07 16:02:42.946069
ORD003273,U01352,B,PET01352,True,2026-10-20 12:14:42.730320
ORD003276,U01353,A,PET01353,True,2026-11-13 12:58:35.044641
ORD003294,U01361,A,PET01361,True,2026-11-28 22:53:55.673843
ORD003295,U01361,A,PET01361,False,2026-11-01 21:42:43.861065
ORD003296,U01361,A,PET01361,False,2026-12-02 12:44:34.931779
ORD003298,U01362,B,PET01362,True,2026-09-25 05:46:25.797508
ORD003299,U01362,B,PET01362,True,2026-09-20 06:48:02.980105
ORD003300,U01362,B,PET01362,True,2026-11-27 07:41:28.925521
ORD003307,U01364,A,PET01364,True,2026-11-03 20:09:03.116000
ORD003309,U01364,A,PET01364,True,2026-10-25 02:25:12.488652
ORD003313,U01365,B,PET01365,True,2026-12-01 13:43:13.270551
ORD003318,U01368,A,PET01368,True,2026-12-04 10:55:12.290184
ORD003322,U01368,A,PET01368,True,2026-12-08 11:33:00.000000
ORD003326,U01371,A,PET01371,True,2026-12-06 09:18:16.513995
ORD003330,U01372,B,PET01372,True,2026-10-30 21:09:20.958780
ORD003333,U01373,A,PET01373,True,2026-12-07 08:27:05.701781
ORD003339,U01379,A,PET01379,True,2026-12-01 15:15:13.877784
ORD003343,U01385,A,PET01385,True,2026-11-05 20:37:33.866675
ORD003345,U01385,A,PET01385,False,2026-12-03 20:40:12.229155
ORD003351,U01387,B,PET01387,True,2026-11-10 21:02:07.336030
ORD003354,U01388,A,PET01388,True,2026-12-08 14:02:48.481562
ORD003357,U01388,A,PET01388,True,2026-11-05 03:53:23.691012
ORD003359,U01388,A,PET01388,True,2026-11-24 16:42:44.405164
ORD003363,U01391,A,PET01391,True,2026-12-05 11:40:17.886748
ORD003377,U01397,B,PET01397,False,2026-12-08 08:51:14.907094
ORD003383,U01398,A,PET01398,True,2026-11-12 17:32:09.701932
ORD003384,U01398,A,PET01398,True,2026-11-22 03:51:30.262823
ORD003389,U01399,A,PET01399,True,2026-09-15 19:06:07.609462
ORD003392,U01400,B,PET01400,True,2026-11-16 19:36:31.495020
ORD003405,U01404,B,PET01404,True,2026-12-03 18:33:16.979150
ORD003413,U01406,A,PET01406,True,2026-09-29 23:40:45.780951
ORD003414,U01407,B,PET01407,True,2026-10-28 08:36:01.743103
ORD003417,U01409,B,PET01409,True,2026-12-02 22:46:02.400974
ORD003431,U01412,A,PET01412,True,2026-11-19 23:49:19.475373
ORD003444,U01420,A,PET01420,True,2026-10-25 23:32:12.303930
ORD003446,U01423,A,PET01423,True,2026-11-15 05:57:46.802816
ORD003448,U01425,A,PET01425,True,2026-10-21 11:47:46.860830
ORD003452,U01428,B,PET01428,True,2026-12-08 14:16:09.296248
ORD003461,U01431,A,PET01431,False,2026-11-23 17:54:05.170191
ORD003464,U01431,A,PET01431,True,2026-11-19 04:59:00.336838
ORD003466,U01432,B,PET01432,True,2026-11-10 02:19:45.477392
ORD003467,U01432,B,PET01432,False,2026-10-17 16:49:02.332975
ORD003479,U01437,A,PET01437,True,2026-12-07 11:44:00.000000
ORD003480,U01437,A,PET01437,True,2026-11-23 16:46:33.237264
ORD003481,U01437,A,PET01437,True,2026-10-24 01:30:08.952787
ORD003485,U01439,B,PET01439,True,2026-10-20 13:12:35.316056
ORD003486,U01439,B,PET01439,True,2026-10-31 01:23:49.385263
ORD003496,U01442,A,PET01442,True,2026-11-08 13:20:37.858789
ORD003500,U01445,B,PET01445,True,2026-10-03 15:24:11.427925
ORD003503,U01445,B,PET01445,True,2026-12-04 15:32:18.342165
ORD003509,U01449,A,PET01449,True,2026-11-26 12:52:33.846109
ORD003517,U01453,A,PET01453,True,2026-11-05 03:37:12.729580
ORD003522,U01455,A,PET01455,True,2026-11-05 19:24:24.919348
ORD003529,U01456,A,PET01456,True,2026-11-03 14:51:48.794247
ORD003533,U01458,A,PET01458,True,2026-11-11 01:19:28.491864
ORD003536,U01458,A,PET01458,True,2026-11-05 00:51:37.265495
ORD003539,U01459,B,PET01459,True,2026-11-11 19:30:29.688429
ORD003549,U01462,A,PET01462,True,2026-12-08 05:38:00.000000
ORD003552,U01462,A,PET01462,True,2026-10-21 05:00:56.419510
ORD003559,U01464,A,PET01464,True,2026-11-07 02:18:30.213265
ORD003562,U01467,B,PET01467,True,2026-11-20 23:42:01.218077
ORD003567,U01468,B,PET01468,True,2026-12-08 02:10:07.751958
ORD003568,U01468,B,PET01468,True,2026-10-26 00:02:16.981830
ORD003571,U01470,B,PET01470,True,2026-10-27 05:40:40.753899
ORD003577,U01470,B,PET01470,True,2026-09-26 21:56:16.767080
ORD003581,U01473,B,PET01473,False,2026-11-17 11:36:38.785385
ORD003588,U01477,A,PET01477,True,2026-10-29 08:31:09.533881
ORD003591,U01478,A,PET01478,True,2026-10-30 05:11:08.136440
ORD003593,U01478,A,PET01478,True,2026-11-24 11:04:29.175630
ORD003595,U01478,A,PET01478,True,2026-12-05 19:33:05.367774
ORD003599,U01480,A,PET01480,True,2026-11-12 17:27:32.141171
ORD003606,U01484,A,PET01484,True,2026-11-12 04:04:09.216416
ORD003607,U01484,A,PET01484,True,2026-10-03 07:46:24.163199
ORD003609,U01485,B,PET01485,True,2026-10-24 07:18:15.065000
ORD003622,U01488,A,PET01488,True,2026-10-11 19:48:56.872827
ORD003625,U01488,A,PET01488,True,2026-11-09 21:47:50.120812
ORD003630,U01491,A,PET01491,True,2026-10-11 19:48:59.248345
ORD003644,U01494,B,PET01494,True,2026-12-09 07:36:00.000000
ORD003645,U01495,B,PET01495,False,2026-11-11 12:11:31.347856
ORD003647,U01496,A,PET01496,True,2026-11-10 17:33:51.360180
ORD003650,U01496,A,PET01496,True,2026-11-21 19:32:05.694509
ORD003651,U01498,A,PET01498,True,2026-12-02 06:35:05.791877
ORD003652,U01499,B,PET01499,True,2026-11-15 09:18:05.091840
ORD003654,U01499,B,PET01499,True,2026-11-22 07:54:44.384695
ORD003662,U01502,A,PET01502,True,2026-12-10 10:51:02.361463
ORD003664,U01502,A,PET01502,True,2026-10-30 04:02:03.104815
ORD003672,U01506,A,PET01506,True,2026-12-02 20:48:20.119628
ORD003675,U01506,A,PET01506,False,2026-12-02 02:12:26.278649
ORD003691,U01512,B,PET01512,True,2026-10-26 11:06:09.239820
ORD003696,U01515,B,PET01515,True,2026-10-18 08:44:55.526693
ORD003698,U01515,B,PET01515,True,2026-10-07 11:45:57.094641
ORD003699,U01516,A,PET01516,True,2026-12-09 08:39:00.000000
ORD003705,U01520,A,PET01520,True,2026-11-09 09:08:01.798751
ORD003712,U01523,A,PET01523,True,2026-10-17 09:01:46.886271
ORD003716,U01525,A,PET01525,True,2026-12-01 21:57:07.201403
ORD003718,U01526,A,PET01526,True,2026-11-01 02:08:07.147559
ORD003719,U01526,A,PET01526,True,2026-11-20 03:55:39.931449
ORD003722,U01526,A,PET01526,True,2026-12-08 23:55:00.000000
ORD003723,U01526,A,PET01526,True,2026-11-11 14:17:54.984406
ORD003729,U01528,A,PET01528,True,2026-10-31 05:50:16.641107
ORD003733,U01530,B,PET01530,True,2026-12-04 13:53:53.883595
ORD003746,U01534,A,PET01534,True,2026-11-16 03:29:00.417762
ORD003747,U01534,A,PET01534,True,2026-11-28 05:34:37.102098
ORD003759,U01538,A,PET01538,True,2026-11-27 08:38:37.790583
ORD003760,U01539,A,PET01539,True,2026-12-07 02:24:54.815718
ORD003769,U01542,A,PET01542,False,2026-11-26 16:23:10.944462
ORD003771,U01542,A,PET01542,True,2026-10-26 19:24:12.258779
ORD003792,U01549,A,PET01549,True,2026-12-06 11:24:00.803330
ORD003799,U01551,A,PET01551,True,2026-12-02 05:12:25.244605
ORD003800,U01551,A,PET01551,True,2026-11-03 23:52:38.344167
ORD003805,U01554,B,PET01554,True,2026-11-14 13:40:12.647117
ORD003806,U01555,B,PET01555,True,2026-11-20 12:01:07.332982
ORD003814,U01557,B,PET01557,True,2026-12-07 02:32:00.000000
ORD003820,U01561,A,PET01561,True,2026-10-10 06:57:26.116033
ORD003824,U01562,A,PET01562,True,2026-10-29 03:13:02.894251
ORD003826,U01565,B,PET01565,True,2026-11-19 16:31:49.129644
ORD003836,U01571,B,PET01571,True,2026-10-24 07:35:52.084940
ORD003847,U01576,A,PET01576,True,2026-12-10 12:12:00.000000
ORD003848,U01576,A,PET01576,True,2026-10-31 23:10:20.562855
ORD003849,U01577,A,PET01577,True,2026-11-24 05:34:43.861775
ORD003852,U01580,B,PET01580,False,2026-11-19 09:51:00.755881
ORD003856,U01581,A,PET01581,True,2026-11-06 00:01:20.982707
ORD003857,U01581,A,PET01581,True,2026-10-22 12:22:10.618765
ORD003865,U01582,B,PET01582,True,2026-10-23 04:54:35.606308
ORD003877,U01588,B,PET01588,True,2026-10-27 22:37:04.554058
ORD003879,U01590,A,PET01590,True,2026-10-11 06:16:43.207773
ORD003887,U01594,B,PET01594,True,2026-10-23 01:46:54.060010
ORD003888,U01595,A,PET01595,True,2026-11-24 08:59:23.282018
ORD003890,U01595,A,PET01595,True,2026-12-05 21:02:53.202412
ORD003898,U01599,A,PET01599,True,2026-12-10 06:43:53.415466
ORD003899,U01601,A,PET01601,True,2026-10-12 06:15:41.291266
ORD003907,U01602,B,PET01602,True,2026-11-29 19:52:40.554693
ORD003910,U01603,B,PET01603,True,2026-12-07 12:51:00.000000
ORD003921,U01607,B,PET01607,True,2026-12-09 18:36:00.000000
ORD003925,U01607,B,PET01607,True,2026-10-11 20:19:53.452505
ORD003927,U01608,A,PET01608,True,2026-11-19 05:09:23.288717
ORD003939,U01611,B,PET01611,True,2026-12-03 03:05:56.238215
ORD003940,U01612,A,PET01612,True,2026-10-10 10:58:59.916592
ORD003942,U01612,A,PET01612,True,2026-11-23 18:41:29.804784
ORD003944,U01613,A,PET01613,True,2026-12-09 00:26:35.143696
ORD003947,U01614,B,PET01614,True,2026-11-30 17:57:05.572099
ORD003949,U01615,A,PET01615,True,2026-09-21 18:13:10.894816
ORD003964,U01619,B,PET01619,True,2026-10-19 16:39:55.760330
ORD003967,U01621,A,PET01621,True,2026-12-07 20:51:00.000000
ORD003973,U01621,A,PET01621,True,2026-11-30 03:57:43.316837
ORD003980,U01624,A,PET01624,True,2026-10-10 23:25:41.421012
ORD003982,U01625,A,PET01625,False,2026-11-02 10:44:39.539611
ORD003983,U01625,A,PET01625,True,2026-11-12 20:58:16.759683
ORD003991,U01630,A,PET01630,True,2026-10-04 19:52:43.087894
ORD003992,U01630,A,PET01630,True,2026-10-13 09:12:11.851390
ORD004012,U01638,B,PET01638,True,2026-11-08 22:16:35.301723
ORD004018,U01640,A,PET01640,True,2026-10-21 01:05:00.738750
ORD004028,U01643,B,PET01643,True,2026-10-27 09:52:05.010137
ORD004030,U01643,B,PET01643,True,2026-11-25 06:26:22.096123
ORD004035,U01645,A,PET01645,False,2026-11-23 23:39:36.556213
ORD004036,U01647,A,PET01647,True,2026-11-04 00:34:06.437212
ORD004037,U01647,A,PET01647,True,2026-12-01 18:25:49.999099
ORD004056,U01658,A,PET01658,True,2026-12-07 16:08:36.921815
ORD004057,U01659,A,PET01659,True,2026-12-09 14:45:00.000000
ORD004061,U01660,A,PET01660,True,2026-10-15 16:18:03.394938
ORD004078,U01668,B,PET01668,True,2026-11-18 06:13:45.043313
ORD004085,U01672,A,PET01672,True,2026-11-12 20:11:55.754347
ORD004088,U01673,A,PET01673,True,2026-11-22 18:02:27.325666
ORD004090,U01674,A,PET01674,True,2026-12-03 21:20:10.447479
ORD004095,U01677,A,PET01677,True,2026-11-06 17:19:53.823270
ORD004096,U01677,A,PET01677,True,2026-12-05 02:06:14.682408
ORD004102,U01681,A,PET01681,True,2026-12-07 08:24:57.249076
ORD004106,U01682,B,PET01682,True,2026-09-28 02:37:37.481713
ORD004107,U01682,B,PET01682,True,2026-10-18 03:32:37.481713
ORD004121,U01688,A,PET01688,True,2026-11-23 21:48:08.753131
ORD004123,U01690,A,PET01690,True,2026-10-05 13:19:56.950550
ORD004126,U01690,A,PET01690,True,2026-10-10 02:15:49.748973
ORD004129,U01692,B,PET01692,True,2026-12-08 16:48:00.000000
ORD004133,U01694,A,PET01694,True,2026-10-20 09:48:57.572296
ORD004134,U01694,A,PET01694,True,2026-11-11 06:44:47.112098
ORD004138,U01696,A,PET01696,True,2026-11-24 22:02:24.073033
ORD004142,U01698,A,PET01698,True,2026-10-12 15:07:21.842970
ORD004150,U01702,A,PET01702,True,2026-12-09 09:54:40.037565
ORD004152,U01702,A,PET01702,True,2026-12-05 06:42:03.943013
ORD004161,U01705,A,PET01705,True,2026-12-05 02:02:55.009064
ORD004162,U01706,B,PET01706,True,2026-12-09 18:20:40.830770
ORD004163,U01706,B,PET01706,True,2026-12-09 23:39:00.000000
ORD004164,U01709,A,PET01709,True,2026-10-17 00:14:26.992026
ORD004167,U01709,A,PET01709,True,2026-11-07 21:26:01.486758
ORD004169,U01710,B,PET01710,True,2026-11-12 04:42:58.109108
ORD004170,U01710,B,PET01710,True,2026-12-04 10:17:19.822801
ORD004178,U01713,B,PET01713,True,2026-12-05 18:10:25.812246
ORD004180,U01714,A,PET01714,True,2026-11-17 10:38:39.689898
ORD004182,U01714,A,PET01714,True,2026-12-07 19:42:53.435649
ORD004186,U01717,A,PET01717,True,2026-12-01 17:42:07.572654
ORD004190,U01718,A,PET01718,True,2026-11-08 07:39:58.556313
ORD004191,U01718,A,PET01718,True,2026-11-08 18:20:02.233558
ORD004192,U01718,A,PET01718,True,2026-12-05 17:48:11.436768
ORD004196,U01719,A,PET01719,True,2026-11-17 15:35:40.109706
ORD004204,U01722,A,PET01722,True,2026-11-20 10:36:38.000000
ORD004206,U01723,A,PET01723,True,2026-12-09 05:43:22.896276
ORD004212,U01724,A,PET01724,True,2026-12-08 22:40:59.363478
ORD004218,U01731,B,PET01731,True,2026-12-05 16:00:34.653617
ORD004226,U01735,A,PET01735,True,2026-12-08 05:07:33.731683
ORD004228,U01736,A,PET01736,True,2026-12-03 09:35:17.942414
ORD004243,U01741,B,PET01741,False,2026-11-28 08:34:55.810409
ORD004247,U01742,A,PET01742,True,2026-11-16 18:09:20.293058
ORD004248,U01743,A,PET01743,True,2026-12-07 06:23:55.418856
ORD004258,U01744,B,PET01744,True,2026-12-10 06:14:00.000000
ORD004275,U01754,A,PET01754,True,2026-11-08 00:11:34.080990
ORD004277,U01754,A,PET01754,True,2026-11-17 02:44:59.130455
ORD004290,U01759,A,PET01759,True,2026-11-05 02:31:38.789614
ORD004292,U01759,A,PET01759,True,2026-11-16 00:56:58.422349
ORD004293,U01761,A,PET01761,True,2026-11-27 16:15:11.850500
ORD004294,U01761,A,PET01761,True,2026-11-22 16:26:34.989729
ORD004295,U01761,A,PET01761,True,2026-11-13 03:09:41.362661
ORD004303,U01764,B,PET01764,False,2026-12-10 06:52:00.000000
ORD004311,U01769,A,PET01769,True,2026-10-31 13:16:09.790809
ORD004312,U01770,B,PET01770,True,2026-11-06 11:21:31.499479
ORD004315,U01771,A,PET01771,True,2026-10-30 01:17:19.033967
ORD004317,U01772,A,PET01772,True,2026-12-01 00:05:09.055072
ORD004319,U01772,A,PET01772,True,2026-12-09 06:07:00.000000
ORD004324,U01774,A,PET01774,True,2026-11-02 18:36:33.649292
ORD004327,U01774,A,PET01774,True,2026-11-05 10:58:31.512329
ORD004331,U01776,A,PET01776,True,2026-10-25 17:54:48.036872
ORD004334,U01776,A,PET01776,False,2026-10-20 07:37:50.269484
ORD004336,U01777,A,PET01777,True,2026-11-27 01:01:49.023886
ORD004341,U01778,A,PET01778,True,2026-10-03 21:02:37.184125
ORD004342,U01779,A,PET01779,True,2026-12-01 00:15:31.788159
ORD004355,U01786,A,PET01786,True,2026-10-21 03:19:59.261181
ORD004365,U01791,A,PET01791,True,2026-11-07 19:31:52.345713
ORD004367,U01791,A,PET01791,True,2026-11-29 14:01:52.345713
ORD004370,U01793,B,PET01793,True,2026-11-19 09:30:00.976666
ORD004377,U01796,B,PET01796,True,2026-10-11 08:12:58.375907
ORD004382,U01799,B,PET01799,True,2026-11-30 02:41:51.712556
ORD004391,U01803,B,PET01803,True,2026-12-04 22:33:30.445867
ORD004392,U01803,B,PET01803,False,2026-11-23 09:16:38.779794
ORD004398,U01805,A,PET01805,True,2026-10-03 13:28:28.986239
ORD004400,U01806,A,PET01806,True,2026-10-07 16:07:04.905772
ORD004402,U01806,A,PET01806,True,2026-12-09 04:39:00.000000
ORD004403,U01807,A,PET01807,True,2026-09-15 03:41:42.546446
ORD004404,U01807,A,PET01807,True,2026-09-17 16:18:33.738671
ORD004409,U01811,A,PET01811,True,2026-11-20 23:05:36.597593
ORD004414,U01813,B,PET01813,True,2026-11-22 02:51:03.583797
ORD004415,U01814,B,PET01814,True,2026-11-07 00:48:12.058603
ORD004418,U01817,A,PET01817,True,2026-10-25 03:42:11.752476
ORD004428,U01819,B,PET01819,True,2026-10-23 23:34:46.834574
ORD004436,U01821,A,PET01821,True,2026-10-21 22:55:06.511276
ORD004439,U01822,A,PET01822,True,2026-12-01 20:19:55.821964
ORD004443,U01823,A,PET01823,True,2026-11-02 13:48:50.907132
ORD004457,U01831,A,PET01831,True,2026-10-26 02:37:59.384193
ORD004458,U01832,A,PET01832,True,2026-12-06 11:37:17.580414
ORD004459,U01833,A,PET01833,False,2026-11-16 08:48:59.803504
ORD004460,U01833,A,PET01833,True,2026-11-28 05:31:14.613547
ORD004466,U01834,B,PET01834,True,2026-10-13 17:05:18.784569
ORD004471,U01835,A,PET01835,True,2026-10-25 23:31:54.092571
ORD004472,U01836,A,PET01836,True,2026-11-03 09:27:09.244140
ORD004474,U01837,A,PET01837,True,2026-12-07 06:11:58.902888
ORD004481,U01838,B,PET01838,True,2026-11-07 15:32:25.998180
ORD004484,U01839,B,PET01839,True,2026-10-28 03:33:56.460263
ORD004485,U01839,B,PET01839,True,2026-11-19 06:35:29.736658
ORD004491,U01844,B,PET01844,True,2026-12-01 08:34:22.227671
ORD004499,U01849,A,PET01849,True,2026-11-07 19:49:46.000000
ORD004500,U01849,A,PET01849,True,2026-11-25 18:32:57.818993
ORD004504,U01850,A,PET01850,True,2026-12-05 08:57:30.089615
ORD004509,U01851,A,PET01851,True,2026-11-15 12:46:07.768690
ORD004515,U01854,A,PET01854,True,2026-12-01 21:24:11.253107
ORD004518,U01855,B,PET01855,False,2026-10-29 17:42:10.886110
ORD004522,U01857,A,PET01857,True,2026-11-26 03:23:00.387794
ORD004523,U01857,A,PET01857,True,2026-10-30 08:30:47.769552
ORD004525,U01860,A,PET01860,True,2026-11-17 21:58:54.597495
ORD004536,U01867,B,PET01867,True,2026-10-24 04:32:43.746162
ORD004538,U01868,A,PET01868,True,2026-12-07 11:02:20.480552
ORD004541,U01869,A,PET01869,True,2026-11-25 14:28:35.325047
ORD004544,U01870,A,PET01870,True,2026-11-24 04:43:14.033655
ORD004549,U01871,B,PET01871,True,2026-10-08 17:53:01.239465
ORD004553,U01873,A,PET01873,True,2026-11-14 01:34:45.892003
ORD004566,U01876,B,PET01876,True,2026-12-09 07:33:00.000000
ORD004576,U01880,A,PET01880,True,2026-10-21 15:06:37.170001
ORD004577,U01880,A,PET01880,True,2026-10-30 14:16:58.382532
ORD004578,U01880,A,PET01880,True,2026-11-30 18:48:18.023883
ORD004579,U01880,A,PET01880,False,2026-11-14 19:23:14.761009
ORD004580,U01881,B,PET01881,False,2026-10-22 19:59:24.591922
ORD004588,U01882,B,PET01882,True,2026-10-31 04:37:29.061470
ORD004589,U01883,B,PET01883,False,2026-11-22 04:37:47.627477
ORD004590,U01883,B,PET01883,True,2026-11-09 04:31:28.073555
ORD004595,U01885,A,PET01885,True,2026-12-09 17:36:00.000000
ORD004597,U01885,A,PET01885,True,2026-11-30 11:03:06.093909
ORD004600,U01888,A,PET01888,True,2026-12-04 08:14:14.034586
ORD004603,U01889,B,PET01889,True,2026-10-30 09:43:52.152934
ORD004604,U01889,B,PET01889,True,2026-09-24 23:41:56.881311
ORD004605,U01889,B,PET01889,True,2026-11-15 01:23:59.813513
ORD004615,U01891,B,PET01891,True,2026-11-16 13:46:41.588921
ORD004617,U01892,A,PET01892,True,2026-10-19 11:15:50.975250
ORD004619,U01892,A,PET01892,True,2026-12-08 22:53:00.000000
ORD004622,U01894,A,PET01894,True,2026-12-04 22:24:23.320864
ORD004624,U01895,A,PET01895,True,2026-11-07 19:16:30.192866
ORD004625,U01895,A,PET01895,True,2026-10-25 06:11:41.215719
ORD004639,U01901,A,PET01901,True,2026-11-11 16:05:05.522368
ORD004646,U01904,A,PET01904,True,2026-11-06 05:46:05.440313
ORD004650,U01906,A,PET01906,True,2026-12-04 09:58:26.544624
ORD004656,U01906,A,PET01906,False,2026-10-30 02:11:17.041335
ORD004667,U01910,B,PET01910,True,2026-12-06 21:31:00.000000
ORD004672,U01911,A,PET01911,True,2026-10-22 22:33:41.173378
ORD004675,U01913,A,PET01913,True,2026-11-15 20:48:25.183095
ORD004676,U01913,A,PET01913,False,2026-11-07 12:18:18.804378
ORD004677,U01913,A,PET01913,True,2026-09-24 01:25:41.885035
ORD004682,U01915,B,PET01915,True,2026-12-07 15:11:11.061111
ORD004686,U01918,B,PET01918,True,2026-11-08 09:43:01.127479
ORD004699,U01925,B,PET01925,True,2026-12-04 02:27:12.463202
ORD004701,U01926,A,PET01926,True,2026-11-26 12:41:38.098118
ORD004707,U01928,A,PET01928,True,2026-11-15 21:17:30.498599
ORD004714,U01931,B,PET01931,True,2026-12-07 08:19:19.385954
ORD004716,U01931,B,PET01931,True,2026-10-19 01:16:30.872009
ORD004735,U01937,B,PET01937,False,2026-11-09 15:03:28.969274
ORD004744,U01939,A,PET01939,True,2026-12-09 14:45:00.000000
ORD004751,U01941,B,PET01941,False,2026-10-11 02:11:57.531965
ORD004754,U01942,A,PET01942,True,2026-10-21 14:27:33.331437
ORD004756,U01942,A,PET01942,True,2026-12-08 01:13:42.166310
ORD004769,U01945,B,PET01945,True,2026-10-28 10:39:02.815619
ORD004779,U01950,A,PET01950,True,2026-11-12 17:54:03.522189
ORD004780,U01950,A,PET01950,True,2026-12-04 13:22:21.083873
ORD004782,U01952,B,PET01952,True,2026-12-04 23:03:59.824753
ORD004786,U01953,B,PET01953,True,2026-10-21 06:45:15.925718
ORD004802,U01959,A,PET01959,True,2026-11-27 13:11:38.577431
ORD004803,U01959,A,PET01959,True,2026-12-03 06:55:57.675500
ORD004819,U01967,B,PET01967,True,2026-11-02 21:10:23.663029
ORD004826,U01968,B,PET01968,True,2026-12-08 03:32:50.999535
ORD004835,U01974,B,PET01974,True,2026-11-07 01:41:12.328702
ORD004836,U01974,B,PET01974,True,2026-12-03 17:25:18.753397
ORD004846,U01981,B,PET01981,True,2026-11-14 10:55:21.465266
ORD004854,U01982,B,PET01982,True,2026-11-26 06:31:19.333726
ORD004861,U01984,B,PET01984,True,2026-12-05 05:40:03.895767
ORD004863,U01985,A,PET01985,False,2026-11-16 21:25:58.130437
ORD004870,U01988,A,PET01988,False,2026-11-02 02:22:57.643254
ORD004874,U01990,B,PET01990,True,2026-12-07 11:59:44.896500
ORD004896,U01999,A,PET01999,True,2026-12-02 14:45:08.584390
ORD004903,U02002,A,PET02002,True,2026-10-18 14:41:17.426499
ORD004909,U02003,A,PET02003,True,2026-11-30 17:37:45.695024
ORD004912,U02005,B,PET02005,True,2026-11-29 21:16:58.656261
ORD004922,U02008,B,PET02008,True,2026-10-16 22:06:45.673649
ORD004937,U02013,A,PET02013,True,2026-11-30 21:19:58.736733
ORD004940,U02015,B,PET02015,True,2026-11-15 01:54:15.381260
ORD004943,U02017,B,PET02017,True,2026-11-09 18:40:22.625808
ORD004952,U02020,A,PET02020,True,2026-12-07 01:10:00.000000
ORD004976,U02029,B,PET02029,False,2026-12-08 21:20:00.000000
ORD004977,U02029,B,PET02029,True,2026-11-17 04:22:47.056898
ORD004980,U02030,B,PET02030,True,2026-11-29 22:53:00.780460
ORD004989,U02033,A,PET02033,True,2026-10-27 15:00:12.266826
ORD004997,U02038,A,PET02038,True,2026-11-25 08:12:21.209621
ORD005004,U02041,B,PET02041,False,2026-12-02 21:21:04.813537
ORD005005,U02043,B,PET02043,True,2026-11-22 10:40:17.055972
ORD005014,U02047,A,PET02047,False,2026-11-29 00:42:05.436950
ORD005018,U02048,A,PET02048,True,2026-12-01 17:05:32.408230
ORD005028,U02053,B,PET02053,True,2026-12-04 08:07:52.939760
ORD005047,U02065,A,PET02065,True,2026-11-15 04:45:36.320908
ORD005049,U02065,A,PET02065,True,2026-11-26 06:41:46.194563
ORD005050,U02066,A,PET02066,False,2026-11-01 17:14:49.072496
ORD005053,U02070,A,PET02070,True,2026-11-19 18:03:29.000000
ORD005057,U02071,A,PET02071,True,2026-12-08 05:53:56.741628
ORD005062,U02073,A,PET02073,True,2026-11-14 20:50:38.338381
ORD005063,U02073,A,PET02073,True,2026-12-08 22:50:00.000000
ORD005067,U02074,A,PET02074,True,2026-11-12 21:50:27.475524
ORD005068,U02075,A,PET02075,True,2026-12-07 16:03:00.907584
ORD005072,U02076,A,PET02076,True,2026-11-19 09:23:32.000000
ORD005075,U02077,B,PET02077,True,2026-12-03 13:45:53.783555
ORD005082,U02079,B,PET02079,True,2026-12-02 14:52:58.992344
ORD005083,U02080,B,PET02080,True,2026-10-08 05:11:24.078795
ORD005090,U02081,A,PET02081,True,2026-12-01 07:03:21.309870
ORD005092,U02082,B,PET02082,True,2026-10-18 03:29:26.931734
ORD005098,U02084,B,PET02084,True,2026-12-07 10:03:00.000000
ORD005101,U02084,B,PET02084,True,2026-11-15 03:22:45.221422
ORD005102,U02084,B,PET02084,False,2026-11-29 21:41:36.872004
ORD005110,U02087,B,PET02087,True,2026-11-19 23:44:58.817622
ORD005111,U02087,B,PET02087,True,2026-11-20 09:13:35.452144
ORD005112,U02087,B,PET02087,True,2026-11-16 07:17:26.506159
ORD005116,U02089,A,PET02089,True,2026-10-24 08:55:29.172219
ORD005126,U02094,B,PET02094,False,2026-10-15 06:15:10.497983
ORD005129,U02095,A,PET02095,True,2026-10-07 15:15:20.474794
ORD005130,U02095,A,PET02095,True,2026-10-24 06:48:02.753024
ORD005133,U02096,A,PET02096,True,2026-12-02 14:21:52.657169
ORD005138,U02098,A,PET02098,True,2026-12-09 17:59:41.681291
ORD005144,U02101,A,PET02101,True,2026-12-04 14:41:44.491168
ORD005165,U02112,B,PET02112,True,2026-12-01 22:53:14.847091
ORD005171,U02116,B,PET02116,True,2026-12-08 15:07:00.000000
ORD005173,U02116,B,PET02116,True,2026-11-04 16:56:03.634695
ORD005178,U02122,A,PET02122,True,2026-12-08 13:48:13.564273
ORD005179,U02123,B,PET02123,True,2026-11-20 07:55:52.212872
ORD005183,U02126,B,PET02126,True,2026-11-22 22:29:16.715340
ORD005189,U02127,A,PET02127,True,2026-11-30 22:36:25.221678
ORD005193,U02128,A,PET02128,True,2026-11-15 04:21:50.918022
ORD005205,U02135,A,PET02135,False,2026-12-07 15:16:00.000000
ORD005211,U02138,B,PET02138,True,2026-11-07 12:45:08.625202
ORD005212,U02139,A,PET02139,True,2026-11-11 13:17:48.401300
ORD005222,U02144,A,PET02144,True,2026-11-16 23:03:22.695886
ORD005223,U02145,B,PET02145,True,2026-11-19 00:06:58.452089
ORD005230,U02147,B,PET02147,True,2026-10-04 09:02:27.075788
ORD005241,U02154,B,PET02154,True,2026-12-04 01:05:30.046871
ORD005248,U02158,A,PET02158,True,2026-11-19 20:49:10.846827
ORD005259,U02162,B,PET02162,True,2026-12-07 04:28:00.000000
ORD005263,U02166,A,PET02166,True,2026-12-06 12:58:13.207467
ORD005266,U02167,B,PET02167,False,2026-12-09 22:17:00.000000
ORD005283,U02177,B,PET02177,True,2026-12-09 08:53:00.000000
ORD005288,U02179,A,PET02179,True,2026-11-14 20:33:10.001130
ORD005289,U02179,A,PET02179,True,2026-11-21 22:58:05.632814
ORD005298,U02182,A,PET02182,True,2026-10-04 23:40:04.464844
ORD005301,U02182,A,PET02182,True,2026-11-03 06:08:31.858117
ORD005309,U02185,B,PET02185,True,2026-11-10 11:39:20.256381
ORD005310,U02186,B,PET02186,True,2026-11-08 17:19:56.287699
ORD005316,U02188,B,PET02188,True,2026-10-28 03:55:59.004944
ORD005321,U02191,B,PET02191,True,2026-12-07 06:13:41.988223
ORD005327,U02192,B,PET02192,True,2026-12-08 10:07:23.642525
ORD005333,U02193,B,PET02193,True,2026-10-09 23:52:25.877037
ORD005339,U02195,A,PET02195,True,2026-11-21 12:47:36.063829
ORD005342,U02196,B,PET02196,True,2026-12-08 03:54:00.000000
ORD005345,U02197,A,PET02197,True,2026-11-09 10:00:03.090036
ORD005356,U02201,A,PET02201,True,2026-11-16 08:15:52.898829
ORD005357,U02202,A,PET02202,True,2026-10-28 20:26:30.819934
ORD005358,U02202,A,PET02202,False,2026-09-19 01:39:00.762021
ORD005359,U02202,A,PET02202,True,2026-12-03 22:57:59.494754
ORD005363,U02203,A,PET02203,True,2026-12-09 19:41:00.000000
ORD005370,U02204,A,PET02204,True,2026-12-03 20:52:41.573672
ORD005380,U02209,B,PET02209,True,2026-11-27 00:19:35.309664
ORD005382,U02209,B,PET02209,True,2026-11-11 17:07:25.386450
ORD005390,U02211,B,PET02211,True,2026-11-25 18:11:28.216827
ORD005391,U02212,A,PET02212,True,2026-11-25 16:21:01.912749
ORD005394,U02213,B,PET02213,True,2026-12-03 05:07:33.280993
ORD005405,U02216,A,PET02216,True,2026-11-16 20:27:10.229005
ORD005407,U02217,B,PET02217,False,2026-11-29 19:15:41.310598
ORD005412,U02219,B,PET02219,True,2026-12-06 09:11:50.923874
ORD005418,U02223,A,PET02223,True,2026-10-08 12:36:05.849722
ORD005421,U02224,A,PET02224,True,2026-11-19 22:16:53.707536
ORD005426,U02227,A,PET02227,True,2026-12-09 08:06:00.000000
ORD005434,U02232,A,PET02232,True,2026-12-02 17:34:48.016140
ORD005436,U02232,A,PET02232,True,2026-09-30 16:23:23.797333
ORD005439,U02235,A,PET02235,True,2026-12-03 22:36:33.090336
ORD005440,U02235,A,PET02235,True,2026-11-21 17:05:05.542996
ORD005443,U02237,B,PET02237,True,2026-11-15 23:54:26.776509
ORD005458,U02241,B,PET02241,False,2026-11-01 22:12:34.023922
ORD005460,U02242,B,PET02242,True,2026-11-29 03:05:55.972636
ORD005464,U02245,A,PET02245,True,2026-11-27 08:50:04.810421
ORD005476,U02249,A,PET02249,True,2026-10-05 17:07:18.129303
ORD005477,U02249,A,PET02249,True,2026-11-02 20:19:23.534328
ORD005480,U02250,A,PET02250,True,2026-11-09 23:26:41.659085
ORD005485,U02252,B,PET02252,True,2026-11-28 20:43:06.456880
ORD005491,U02254,A,PET02254,True,2026-11-17 21:47:08.810109
ORD005498,U02258,B,PET02258,True,2026-12-09 10:58:00.000000
ORD005507,U02263,A,PET02263,True,2026-10-20 11:24:37.983519
ORD005514,U02267,A,PET02267,True,2026-12-09 11:06:00.000000
ORD005517,U02268,B,PET02268,True,2026-12-02 14:17:57.790927
ORD005524,U02271,B,PET02271,True,2026-11-11 07:37:03.510552
ORD005532,U02274,B,PET02274,False,2026-10-30 22:47:51.456371
ORD005535,U02275,B,PET02275,False,2026-10-30 20:29:58.767460
ORD005539,U02277,A,PET02277,True,2026-09-29 18:01:24.699987
ORD005543,U02279,A,PET02279,True,2026-11-08 14:39:51.546219
ORD005557,U02285,B,PET02285,True,2026-11-26 06:54:31.885769
ORD005564,U02287,B,PET02287,True,2026-12-04 10:50:59.624227
ORD005567,U02289,A,PET02289,True,2026-12-07 13:03:31.734630
ORD005568,U02290,B,PET02290,True,2026-11-11 03:40:15.857431
ORD005573,U02290,B,PET02290,True,2026-11-09 07:20:05.021939
ORD005575,U02291,A,PET02291,True,2026-10-16 23:51:56.419525
ORD005583,U02293,B,PET02293,True,2026-10-21 10:53:15.970800
ORD005585,U02294,B,PET02294,True,2026-11-23 20:47:49.687513
ORD005592,U02297,A,PET02297,True,2026-10-25 19:26:24.870525
ORD005607,U02307,A,PET02307,True,2026-10-14 23:14:47.327171
ORD005612,U02308,A,PET02308,True,2026-11-16 01:57:48.707220
ORD005613,U02308,A,PET02308,True,2026-11-03 22:33:32.729229
ORD005620,U02310,B,PET02310,True,2026-12-04 13:37:52.831353
ORD005629,U02314,B,PET02314,False,2026-10-27 06:12:50.957100
ORD005630,U02314,B,PET02314,False,2026-10-03 11:21:57.183982
ORD005636,U02315,B,PET02315,True,2026-11-10 08:52:48.185196
ORD005637,U02316,A,PET02316,True,2026-11-16 21:29:02.505347
ORD005639,U02317,A,PET02317,True,2026-11-09 06:52:42.848808
ORD005642,U02317,A,PET02317,True,2026-10-21 17:49:07.052823
ORD005645,U02318,B,PET02318,True,2026-11-29 16:57:18.261110
ORD005650,U02322,A,PET02322,True,2026-12-02 06:23:25.708870
ORD005656,U02324,A,PET02324,True,2026-11-09 22:17:47.860025
ORD005673,U02329,A,PET02329,False,2026-11-22 23:40:09.810767
ORD005677,U02330,B,PET02330,True,2026-12-05 19:43:39.693781
ORD005681,U02331,B,PET02331,True,2026-11-07 13:45:35.047957
ORD005683,U02331,B,PET02331,True,2026-11-19 04:43:10.107553
ORD005684,U02332,B,PET02332,True,2026-12-06 22:31:00.000000
ORD005687,U02333,A,PET02333,False,2026-11-06 20:04:10.092786
ORD005697,U02334,A,PET02334,True,2026-12-01 07:14:20.135742
ORD005703,U02339,B,PET02339,True,2026-09-19 11:55:09.156420
ORD005724,U02351,A,PET02351,True,2026-11-23 04:53:49.815390
ORD005726,U02351,A,PET02351,True,2026-12-04 02:41:34.641081
ORD005727,U02351,A,PET02351,True,2026-11-03 20:31:48.951197
ORD005734,U02354,B,PET02354,True,2026-10-29 20:20:16.595923
ORD005740,U02355,A,PET02355,True,2026-10-31 02:50:46.337287
ORD005743,U02356,B,PET02356,True,2026-11-03 17:02:20.163773
ORD005751,U02358,B,PET02358,True,2026-12-08 18:00:33.714369
ORD005757,U02360,A,PET02360,True,2026-11-28 09:12:31.705848
ORD005764,U02364,A,PET02364,True,2026-10-24 09:39:16.249377
ORD005765,U02365,B,PET02365,True,2026-11-28 12:27:03.242269
ORD005769,U02367,A,PET02367,False,2026-11-15 02:57:02.907371
ORD005776,U02368,B,PET02368,True,2026-11-01 09:46:22.926100
ORD005778,U02368,B,PET02368,True,2026-10-29 18:59:32.410010
ORD005782,U02370,A,PET02370,True,2026-11-04 14:08:12.420759
ORD005796,U02381,A,PET02381,False,2026-12-09 12:34:00.000000
ORD005799,U02381,A,PET02381,True,2026-11-30 00:47:57.218378
ORD005801,U02382,A,PET02382,True,2026-11-05 15:24:24.417478
ORD005802,U02382,A,PET02382,True,2026-11-10 03:18:26.326614
ORD005803,U02382,A,PET02382,True,2026-11-13 11:54:50.643378
ORD005805,U02382,A,PET02382,True,2026-11-05 11:53:31.803539
ORD005811,U02385,B,PET02385,True,2026-10-13 13:07:12.161182
ORD005813,U02388,A,PET02388,True,2026-12-07 09:10:00.000000
ORD005817,U02391,A,PET02391,True,2026-11-08 19:08:00.643481
ORD005822,U02392,A,PET02392,True,2026-10-18 03:08:04.734924
ORD005829,U02394,A,PET02394,True,2026-10-24 00:18:50.085818
ORD005834,U02398,B,PET02398,True,2026-11-06 18:37:17.766423
ORD005835,U02398,B,PET02398,True,2026-12-08 08:15:00.000000
ORD005844,U02401,B,PET02401,True,2026-11-29 22:15:39.804981
ORD005846,U02402,A,PET02402,False,2026-11-26 04:16:11.834197
ORD005848,U02407,A,PET02407,True,2026-11-26 09:13:10.316113
ORD005851,U02409,A,PET02409,True,2026-11-06 17:16:41.119237
ORD005854,U02410,A,PET02410,True,2026-11-11 00:50:12.907609
ORD005860,U02412,A,PET02412,True,2026-10-28 21:05:11.571579
ORD005862,U02412,A,PET02412,True,2026-11-29 17:41:19.451047
ORD005876,U02416,A,PET02416,True,2026-10-28 08:20:48.158326
ORD005882,U02420,B,PET02420,True,2026-11-01 20:47:36.061843
ORD005896,U02426,A,PET02426,True,2026-11-03 06:55:03.810111
ORD005897,U02426,A,PET02426,True,2026-12-07 09:44:00.000000
ORD005898,U02426,A,PET02426,True,2026-11-15 21:26:03.810111
ORD005907,U02428,B,PET02428,True,2026-11-06 09:37:00.299246
ORD005909,U02430,A,PET02430,True,2026-11-25 03:54:59.404108
ORD005911,U02430,A,PET02430,False,2026-11-27 10:47:21.306020
ORD005913,U02431,B,PET02431,False,2026-11-12 14:23:47.223443
ORD005920,U02433,B,PET02433,False,2026-11-21 15:03:49.379781
ORD005921,U02433,B,PET02433,True,2026-11-14 14:51:24.205397
ORD005929,U02436,B,PET02436,True,2026-11-07 02:04:48.160340
ORD005932,U02436,B,PET02436,True,2026-11-09 14:18:24.836160
ORD005939,U02441,A,PET02441,True,2026-11-18 23:42:55.231273
ORD005944,U02442,A,PET02442,True,2026-11-02 06:56:15.306683
ORD005945,U02442,A,PET02442,True,2026-10-29 07:58:55.643086
ORD005950,U02443,B,PET02443,True,2026-10-01 02:24:53.916706
ORD005975,U02453,B,PET02453,True,2026-10-12 08:21:04.780500
ORD005978,U02454,A,PET02454,True,2026-10-27 20:37:56.915343
ORD005987,U02459,A,PET02459,True,2026-11-03 15:52:28.517998
ORD006000,U02463,B,PET02463,True,2026-11-20 02:09:17.191967
ORD006004,U02464,B,PET02464,True,2026-11-23 13:42:21.838922
ORD006009,U02466,B,PET02466,False,2026-10-05 19:40:03.788374
ORD006010,U02466,B,PET02466,True,2026-11-19 06:41:00.684013
ORD006017,U02469,A,PET02469,True,2026-11-06 23:44:25.680863
ORD006027,U02472,A,PET02472,True,2026-10-08 19:19:49.694778
ORD006040,U02477,A,PET02477,True,2026-12-01 05:41:47.550740
ORD006057,U02481,A,PET02481,True,2026-11-18 23:22:58.100673
ORD006067,U02485,A,PET02485,True,2026-11-18 20:20:31.702906
ORD006072,U02486,B,PET02486,True,2026-11-18 16:07:54.779098
ORD006083,U02488,B,PET02488,True,2026-11-27 01:25:54.790650
ORD006089,U02489,B,PET02489,False,2026-10-31 00:18:29.244984
ORD006090,U02489,B,PET02489,True,2026-11-08 11:18:15.182162
ORD006094,U02491,A,PET02491,True,2026-11-12 14:44:50.264575
ORD006117,U02496,A,PET02496,True,2026-10-07 19:08:07.125958
ORD006118,U02496,A,PET02496,True,2026-10-02 01:01:09.238945
ORD006122,U02498,B,PET02498,True,2026-12-01 08:56:57.951064
ORD006123,U02498,B,PET02498,True,2026-12-07 17:52:08.479135
ORD006134,U02504,A,PET02504,True,2026-11-14 04:50:25.665158
ORD006137,U02505,A,PET02505,True,2026-12-01 07:01:23.697709
ORD006140,U02506,A,PET02506,True,2026-11-13 16:59:34.972599
ORD006158,U02511,A,PET02511,True,2026-11-10 13:35:31.415796
ORD006161,U02512,B,PET02512,True,2026-12-02 19:52:28.539476
ORD006165,U02515,A,PET02515,True,2026-09-26 23:11:28.913193
ORD006166,U02515,A,PET02515,True,2026-10-22 08:25:36.319243
ORD006168,U02515,A,PET02515,True,2026-11-26 15:58:55.606956
ORD006185,U02522,B,PET02522,True,2026-11-19 22:54:59.049808
ORD006187,U02523,B,PET02523,True,2026-12-07 08:58:00.000000
ORD006189,U02523,B,PET02523,True,2026-11-27 18:21:55.337742
ORD006200,U02529,B,PET02529,True,2026-11-07 21:05:13.557202
ORD006204,U02534,A,PET02534,False,2026-11-08 07:50:37.628101
ORD006212,U02537,A,PET02537,True,2026-11-14 23:29:08.554935
ORD006214,U02537,A,PET02537,True,2026-11-19 09:23:39.082361
ORD006215,U02539,B,PET02539,True,2026-12-07 14:23:27.590547
ORD006218,U02540,B,PET02540,True,2026-11-12 15:49:15.380075
ORD006233,U02546,A,PET02546,True,2026-10-25 11:48:50.637798
ORD006238,U02549,B,PET02549,True,2026-11-22 12:14:25.661637
ORD006245,U02552,A,PET02552,True,2026-11-22 18:16:55.586012
ORD006275,U02564,B,PET02564,True,2026-10-31 16:51:59.259536
ORD006278,U02566,A,PET02566,False,2026-10-27 21:22:01.403906
ORD006285,U02571,A,PET02571,True,2026-11-25 10:24:11.093918
ORD006286,U02571,A,PET02571,True,2026-12-02 04:01:54.050872
ORD006287,U02571,A,PET02571,True,2026-11-30 04:15:49.606241
ORD006298,U02575,A,PET02575,True,2026-12-05 11:14:09.940577
ORD006303,U02577,A,PET02577,True,2026-12-07 12:52:00.029826
ORD006304,U02577,A,PET02577,True,2026-11-16 05:42:52.881862
ORD006306,U02577,A,PET02577,True,2026-10-19 19:35:31.280975
ORD006307,U02577,A,PET02577,True,2026-11-07 23:16:49.690979
ORD006308,U02578,A,PET02578,True,2026-11-19 20:36:46.579832
ORD006321,U02582,B,PET02582,True,2026-10-30 01:57:28.772572
ORD006332,U02587,B,PET02587,False,2026-11-15 04:44:39.383434
ORD006338,U02590,B,PET02590,True,2026-11-30 02:57:52.179518
ORD006345,U02592,A,PET02592,True,2026-12-07 22:15:37.527368
ORD006346,U02592,A,PET02592,True,2026-11-01 01:50:11.779278
ORD006347,U02592,A,PET02592,True,2026-12-06 09:19:15.162824
ORD006352,U02595,B,PET02595,False,2026-11-14 00:05:22.755785
ORD006356,U02596,B,PET02596,True,2026-11-20 19:19:42.367346
ORD006363,U02598,B,PET02598,True,2026-12-08 23:34:00.000000
ORD006368,U02603,A,PET02603,True,2026-12-02 11:05:34.742730
ORD006373,U02606,A,PET02606,True,2026-12-08 00:52:34.310797
ORD006376,U02609,B,PET02609,True,2026-12-04 13:15:00.367761
ORD006392,U02619,B,PET02619,False,2026-11-13 04:50:14.973228
ORD006395,U02622,A,PET02622,True,2026-11-10 04:37:34.856804
ORD006399,U02622,A,PET02622,True,2026-10-20 08:46:25.662678
ORD006406,U02626,B,PET02626,True,2026-11-06 22:05:02.293676
ORD006410,U02628,B,PET02628,True,2026-10-22 11:05:33.972846
ORD006422,U02636,A,PET02636,True,2026-11-09 22:31:09.607740
ORD006425,U02637,A,PET02637,True,2026-11-23 04:12:05.989841
ORD006433,U02640,A,PET02640,False,2026-11-29 04:40:39.604430
ORD006438,U02640,A,PET02640,True,2026-12-08 02:39:00.000000
ORD006441,U02641,A,PET02641,False,2026-11-23 13:37:31.942215
ORD006442,U02641,A,PET02641,True,2026-12-01 14:10:46.416653
ORD006444,U02642,A,PET02642,True,2026-12-08 14:57:00.000000
ORD006445,U02642,A,PET02642,False,2026-12-07 04:00:00.000000
ORD006446,U02643,A,PET02643,True,2026-10-09 08:47:53.256505
ORD006449,U02643,A,PET02643,True,2026-12-08 14:23:17.332154
ORD006450,U02643,A,PET02643,True,2026-11-01 00:59:43.202125
ORD006457,U02645,A,PET02645,True,2026-11-13 07:08:10.009567
ORD006460,U02646,A,PET02646,True,2026-11-18 14:22:26.036695
ORD006465,U02647,B,PET02647,False,2026-11-15 21:58:30.969025
ORD006466,U02649,A,PET02649,True,2026-12-08 04:36:00.000000
ORD006470,U02656,A,PET02656,True,2026-11-09 13:16:19.859366
ORD006482,U02661,A,PET02661,True,2026-11-27 23:43:24.265724
ORD006486,U02662,B,PET02662,True,2026-12-04 17:10:36.404931
ORD006492,U02664,A,PET02664,True,2026-12-04 09:58:18.766631
ORD006495,U02665,B,PET02665,True,2026-10-21 15:12:39.115182
ORD006497,U02665,B,PET02665,True,2026-12-09 10:28:00.000000
ORD006501,U02667,B,PET02667,True,2026-12-07 08:42:18.546744
ORD006510,U02670,A,PET02670,True,2026-12-07 14:45:00.000000
ORD006513,U02673,A,PET02673,True,2026-12-09 23:25:00.000000
ORD006516,U02674,B,PET02674,True,2026-10-11 16:41:34.477938
ORD006517,U02674,B,PET02674,True,2026-12-08 11:00:17.780554
ORD006526,U02676,A,PET02676,True,2026-11-06 23:44:48.103204
ORD006530,U02676,A,PET02676,True,2026-12-10 10:35:00.000000
ORD006541,U02681,A,PET02681,True,2026-10-11 08:32:25.379121
ORD006543,U02682,B,PET02682,True,2026-10-09 07:55:24.105857
ORD006544,U02682,B,PET02682,True,2026-12-09 14:24:00.000000
ORD006554,U02683,A,PET02683,True,2026-10-27 23:25:14.024511
ORD006557,U02685,A,PET02685,True,2026-11-18 06:02:31.242677
ORD006572,U02689,B,PET02689,True,2026-11-12 05:31:27.051296
ORD006576,U02692,A,PET02692,True,2026-11-16 21:21:43.761164
ORD006581,U02696,A,PET02696,True,2026-11-13 02:26:07.434479
ORD006586,U02697,A,PET02697,True,2026-10-19 19:48:31.727526
ORD006587,U02697,A,PET02697,True,2026-09-29 19:13:04.145854
ORD006601,U02700,B,PET02700,True,2026-10-26 19:20:33.251923
ORD006603,U02700,B,PET02700,True,2026-11-19 07:57:58.337235
ORD006608,U02702,A,PET02702,True,2026-11-29 13:17:05.420338
ORD006614,U02704,B,PET02704,True,2026-12-07 20:58:54.269585
ORD006616,U02705,A,PET02705,True,2026-09-29 03:19:17.252904
ORD006617,U02705,A,PET02705,True,2026-11-08 14:42:00.280076
ORD006620,U02706,A,PET02706,True,2026-11-12 08:54:46.875043
ORD006622,U02706,A,PET02706,True,2026-10-25 15:34:44.370544
ORD006626,U02708,A,PET02708,True,2026-11-30 20:34:55.000000
ORD006627,U02708,A,PET02708,True,2026-11-03 14:58:51.512425
ORD006629,U02710,B,PET02710,True,2026-12-05 04:21:29.098462
ORD006633,U02711,B,PET02711,True,2026-11-11 22:14:36.947452
ORD006638,U02712,A,PET02712,True,2026-10-26 13:27:10.049760
ORD006639,U02712,A,PET02712,True,2026-11-24 11:02:45.183319
ORD006641,U02712,A,PET02712,True,2026-11-05 23:06:29.148567
ORD006646,U02715,A,PET02715,True,2026-11-03 09:22:20.466248
ORD006649,U02717,A,PET02717,True,2026-11-15 16:39:11.546116
ORD006650,U02717,A,PET02717,True,2026-11-03 11:32:13.836317
ORD006651,U02717,A,PET02717,True,2026-10-27 02:25:46.012128
ORD006659,U02720,A,PET02720,True,2026-10-11 11:37:09.259967
ORD006660,U02720,A,PET02720,True,2026-11-09 11:45:59.104257
ORD006661,U02720,A,PET02720,True,2026-10-18 09:50:36.181671
ORD006662,U02720,A,PET02720,False,2026-12-06 10:47:51.733982
ORD006665,U02721,A,PET02721,True,2026-12-09 23:46:00.000000
ORD006670,U02726,B,PET02726,True,2026-11-10 21:26:57.250499
ORD006671,U02726,B,PET02726,True,2026-11-25 04:59:55.915371
ORD006673,U02726,B,PET02726,True,2026-11-19 21:12:15.524688
ORD006679,U02728,A,PET02728,True,2026-10-29 09:38:06.147365
ORD006680,U02728,A,PET02728,True,2026-10-15 16:10:10.396095
ORD006692,U02734,A,PET02734,True,2026-11-28 08:42:08.341019
ORD006696,U02735,A,PET02735,True,2026-11-24 10:16:25.771622
ORD006706,U02737,A,PET02737,True,2026-11-25 09:27:14.591629
ORD006711,U02739,B,PET02739,True,2026-12-07 14:01:31.133604
ORD006719,U02742,B,PET02742,True,2026-11-27 18:18:00.635726
ORD006729,U02746,A,PET02746,True,2026-12-03 01:51:26.212284
ORD006731,U02746,A,PET02746,True,2026-10-21 17:25:55.844715
ORD006732,U02746,A,PET02746,True,2026-11-12 23:06:11.310403
ORD006740,U02749,A,PET02749,True,2026-11-22 18:19:54.338763
ORD006741,U02751,A,PET02751,True,2026-11-28 19:18:59.346992
ORD006742,U02752,A,PET02752,True,2026-10-07 11:16:22.260891
ORD006747,U02754,A,PET02754,True,2026-11-27 04:50:53.024312
ORD006748,U02754,A,PET02754,True,2026-11-29 10:57:24.193589
ORD006756,U02761,B,PET02761,True,2026-10-16 16:13:19.590783
ORD006771,U02765,A,PET02765,True,2026-11-19 07:14:43.032589
ORD006778,U02767,B,PET02767,True,2026-10-20 03:33:12.017022
ORD006781,U02767,B,PET02767,True,2026-11-12 17:40:47.167344
ORD006783,U02769,B,PET02769,True,2026-11-05 16:49:44.960090
ORD006789,U02773,B,PET02773,True,2026-11-14 15:35:30.770357
ORD006794,U02774,A,PET02774,False,2026-11-16 09:27:12.022291
ORD006795,U02774,A,PET02774,True,2026-12-03 14:53:24.652715
ORD006798,U02776,A,PET02776,True,2026-11-03 21:06:02.238949
ORD006799,U02776,A,PET02776,True,2026-11-05 17:53:46.902983
ORD006803,U02780,A,PET02780,True,2026-10-17 19:54:59.854956
ORD006810,U02784,A,PET02784,True,2026-12-10 15:37:00.000000
ORD006812,U02785,B,PET02785,True,2026-12-06 17:22:01.662828
ORD006815,U02786,B,PET02786,True,2026-11-26 03:09:33.820939
ORD006821,U02792,A,PET02792,True,2026-10-27 20:49:15.804499
ORD006823,U02792,A,PET02792,True,2026-10-03 20:47:27.504865
ORD006834,U02798,B,PET02798,True,2026-11-27 07:12:46.980894
ORD006836,U02799,B,PET02799,True,2026-11-30 23:21:17.029631
ORD006852,U02807,A,PET02807,True,2026-10-24 06:13:40.951797
ORD006855,U02809,B,PET02809,True,2026-12-08 20:16:06.161817
ORD006859,U02812,B,PET02812,True,2026-12-09 16:22:02.308534
ORD006862,U02812,B,PET02812,True,2026-11-14 00:22:26.898670
ORD006867,U02816,B,PET02816,False,2026-12-08 02:19:05.202269
ORD006871,U02817,B,PET02817,True,2026-12-02 11:01:25.527780
ORD006874,U02819,B,PET02819,True,2026-11-03 11:46:57.564561
ORD006877,U02820,A,PET02820,False,2026-11-21 02:44:51.265792
ORD006889,U02825,A,PET02825,True,2026-12-01 17:45:24.569934
ORD006891,U02825,A,PET02825,True,2026-11-30 22:48:19.444066
ORD006892,U02827,A,PET02827,True,2026-11-18 05:02:53.587293
ORD006900,U02829,A,PET02829,True,2026-11-23 15:24:44.173932
ORD006906,U02830,A,PET02830,True,2026-11-14 22:24:40.486311
ORD006909,U02833,B,PET02833,True,2026-11-14 05:12:40.450485
ORD006911,U02834,A,PET02834,True,2026-11-15 20:59:30.725187
ORD006917,U02841,A,PET02841,True,2026-11-13 14:43:44.947209
ORD006918,U02842,B,PET02842,True,2026-11-28 19:08:04.994717
ORD006919,U02842,B,PET02842,False,2026-12-08 16:48:00.000000
ORD006922,U02844,B,PET02844,True,2026-11-11 21:39:31.610644
ORD006928,U02846,A,PET02846,True,2026-11-13 19:51:07.350221
ORD006929,U02846,A,PET02846,True,2026-11-22 20:20:54.708508
ORD006938,U02849,A,PET02849,False,2026-11-18 16:14:34.537465
ORD006948,U02851,B,PET02851,True,2026-12-02 23:17:24.302296
ORD006951,U02853,A,PET02853,True,2026-11-23 15:27:37.616456
ORD006953,U02853,A,PET02853,True,2026-10-13 09:03:36.818928
ORD006954,U02854,B,PET02854,True,2026-12-07 07:56:48.016406
ORD006959,U02856,B,PET02856,True,2026-12-08 00:39:56.109468
ORD006969,U02860,B,PET02860,True,2026-11-23 16:28:19.052315
ORD006971,U02861,A,PET02861,True,2026-11-11 16:16:44.921700
ORD006986,U02866,B,PET02866,True,2026-10-21 06:38:36.216544
ORD006990,U02867,B,PET02867,False,2026-11-15 19:51:03.945440
ORD006994,U02870,B,PET02870,True,2026-10-07 05:04:41.902657
ORD006996,U02871,A,PET02871,True,2026-10-31 04:00:41.935385
ORD006997,U02871,A,PET02871,True,2026-10-15 12:42:42.310526
ORD007001,U02874,A,PET02874,True,2026-11-29 08:52:55.836060
ORD007016,U02885,B,PET02885,True,2026-11-17 12:37:49.748317
ORD007019,U02886,A,PET02886,True,2026-11-14 10:19:22.470243
ORD007020,U02886,A,PET02886,True,2026-10-28 13:04:23.176921
ORD007021,U02887,A,PET02887,True,2026-12-08 05:26:26.410410
ORD007025,U02888,B,PET02888,True,2026-12-10 02:47:00.000000
ORD007027,U02890,A,PET02890,True,2026-10-19 01:49:58.139200
ORD007028,U02890,A,PET02890,True,2026-11-05 19:27:56.014844
ORD007034,U02893,B,PET02893,True,2026-12-03 01:44:52.130937
ORD007035,U02893,B,PET02893,True,2026-12-02 12:24:30.393360
ORD007043,U02897,B,PET02897,True,2026-12-07 20:11:54.417777
ORD007045,U02897,B,PET02897,True,2026-11-27 17:46:35.694396
ORD007046,U02897,B,PET02897,True,2026-11-23 02:13:19.737571
ORD007059,U02906,B,PET02906,True,2026-12-09 13:26:00.000000
ORD007060,U02907,A,PET02907,True,2026-12-07 13:36:00.000000
ORD007065,U02909,A,PET02909,True,2026-10-09 11:34:03.993823
ORD007069,U02910,B,PET02910,True,2026-12-08 05:10:00.000000
ORD007076,U02912,A,PET02912,True,2026-10-05 15:35:45.389726
ORD007077,U02913,B,PET02913,True,2026-11-02 00:45:34.344007
ORD007092,U02920,A,PET02920,False,2026-11-29 20:40:42.501654
ORD007093,U02920,A,PET02920,True,2026-10-29 20:56:03.848006
ORD007094,U02920,A,PET02920,True,2026-11-13 13:29:21.262991
ORD007098,U02921,B,PET02921,True,2026-10-25 22:45:29.711697
ORD007099,U02921,B,PET02921,True,2026-12-06 00:49:54.207561
ORD007108,U02926,B,PET02926,True,2026-12-03 04:13:00.551683
ORD007110,U02927,B,PET02927,True,2026-12-02 20:36:20.076032
ORD007113,U02927,B,PET02927,True,2026-11-25 16:57:19.609494
ORD007138,U02934,A,PET02934,True,2026-10-30 07:34:11.236572
ORD007140,U02935,A,PET02935,True,2026-11-30 02:19:06.570962
ORD007141,U02935,A,PET02935,True,2026-11-25 15:33:30.116147
ORD007152,U02940,A,PET02940,True,2026-10-22 16:44:51.699772
ORD007153,U02940,A,PET02940,True,2026-11-01 14:25:22.575683
ORD007159,U02945,A,PET02945,True,2026-12-07 16:56:09.274971
ORD007167,U02948,B,PET02948,True,2026-11-24 12:02:14.991787
ORD007173,U02951,A,PET02951,True,2026-10-31 01:50:38.938916
ORD007174,U02951,A,PET02951,True,2026-12-02 23:53:59.404553
ORD007175,U02951,A,PET02951,True,2026-09-30 10:26:14.440106
ORD007184,U02958,B,PET02958,True,2026-11-27 17:17:48.169997
ORD007192,U02962,A,PET02962,True,2026-11-07 17:59:44.153889
ORD007200,U02964,A,PET02964,True,2026-10-03 20:36:38.934494
ORD007205,U02967,A,PET02967,True,2026-11-18 04:38:22.060403
ORD007206,U02967,A,PET02967,True,2026-10-30 10:49:08.901430
ORD007208,U02968,B,PET02968,True,2026-10-20 05:10:12.507600
ORD007213,U02971,A,PET02971,True,2026-12-01 20:26:10.156345
ORD007214,U02971,A,PET02971,True,2026-11-12 00:05:26.000000
ORD007215,U02971,A,PET02971,True,2026-11-28 13:20:29.324298
ORD007216,U02972,B,PET02972,False,2026-09-23 01:00:57.716568
ORD007217,U02972,B,PET02972,False,2026-12-01 23:33:19.597322
ORD007218,U02972,B,PET02972,True,2026-11-13 09:47:41.974074
ORD007221,U02972,B,PET02972,True,2026-11-18 03:16:10.936053
ORD007222,U02973,A,PET02973,True,2026-11-15 14:20:06.211112
ORD007223,U02973,A,PET02973,True,2026-11-11 13:03:18.561060
ORD007224,U02975,A,PET02975,True,2026-11-23 17:51:26.078858
ORD007230,U02975,A,PET02975,True,2026-10-12 01:24:08.563752
ORD007236,U02977,B,PET02977,False,2026-12-01 19:50:42.952144
ORD007238,U02979,A,PET02979,True,2026-10-13 21:17:41.803534
ORD007242,U02979,A,PET02979,True,2026-10-14 10:13:50.867915
ORD007247,U02981,A,PET02981,True,2026-12-09 11:48:00.000000
ORD007249,U02982,A,PET02982,True,2026-11-20 08:23:01.697744
ORD007256,U02986,A,PET02986,True,2026-11-10 09:13:48.118373
ORD007265,U02988,B,PET02988,True,2026-11-24 16:22:14.846913
ORD007266,U02990,B,PET02990,True,2026-12-08 01:00:00.000000
ORD007275,U02994,B,PET02994,True,2026-12-05 11:18:07.060350
ORD007292,U03001,B,PET03001,True,2026-12-07 12:02:33.145949
ORD007296,U03004,A,PET03004,True,2026-12-07 01:04:00.000000
ORD007299,U03006,A,PET03006,True,2026-12-06 22:49:00.000000
ORD007314,U03009,A,PET03009,False,2026-12-03 10:18:50.020576
ORD007319,U03012,A,PET03012,True,2026-12-06 09:18:03.134057
ORD007339,U03022,A,PET03022,True,2026-10-21 15:58:06.931008
ORD007360,U03027,B,PET03027,False,2026-12-02 23:18:13.366526
ORD007362,U03027,B,PET03027,True,2026-10-17 03:41:44.266149
ORD007373,U03033,B,PET03033,True,2026-11-17 07:42:52.110490
ORD007375,U03035,B,PET03035,True,2026-10-02 09:42:52.798321
ORD007390,U03041,B,PET03041,False,2026-11-18 05:04:23.239254
ORD007392,U03041,B,PET03041,True,2026-10-17 02:13:44.569363
ORD007394,U03042,B,PET03042,True,2026-10-11 18:52:15.319597
ORD007397,U03042,B,PET03042,True,2026-11-20 01:42:59.261048
ORD007401,U03045,B,PET03045,True,2026-11-29 15:35:03.312952
ORD007420,U03054,A,PET03054,True,2026-12-02 12:42:52.599252
ORD007422,U03054,A,PET03054,True,2026-11-06 09:00:26.006973
ORD007423,U03055,A,PET03055,True,2026-12-04 19:40:23.854367
ORD007432,U03059,A,PET03059,True,2026-10-21 09:25:36.408081
ORD007439,U03061,A,PET03061,True,2026-10-17 02:51:46.593678
ORD007443,U03062,A,PET03062,True,2026-10-30 04:22:30.810936
ORD007451,U03066,A,PET03066,True,2026-12-06 13:17:57.504791
ORD007453,U03068,A,PET03068,True,2026-11-29 05:41:04.533327
ORD007471,U03075,B,PET03075,True,2026-12-01 07:21:02.466422
ORD007475,U03076,B,PET03076,False,2026-11-19 08:39:00.738225
ORD007477,U03077,A,PET03077,False,2026-10-16 18:59:26.220850
ORD007480,U03077,A,PET03077,True,2026-11-30 17:46:17.277470
ORD007482,U03077,A,PET03077,True,2026-11-07 04:52:42.245855
ORD007484,U03078,A,PET03078,True,2026-12-06 23:39:00.624573
ORD007489,U03080,B,PET03080,True,2026-11-18 21:50:16.409674
ORD007495,U03083,A,PET03083,True,2026-11-24 10:10:55.688490
ORD007496,U03083,A,PET03083,True,2026-10-29 09:19:49.324264
ORD007506,U03085,B,PET03085,True,2026-11-22 02:49:27.524526
ORD007511,U03088,B,PET03088,True,2026-10-02 21:17:53.371162
ORD007515,U03089,A,PET03089,True,2026-12-02 18:26:05.960269
ORD007518,U03090,A,PET03090,True,2026-12-03 02:17:31.843565
ORD007519,U03090,A,PET03090,True,2026-11-27 19:00:01.748434
ORD007521,U03090,A,PET03090,True,2026-11-12 21:00:41.551858
ORD007543,U03098,B,PET03098,True,2026-11-09 12:45:46.510406
ORD007548,U03099,B,PET03099,True,2026-10-30 10:57:07.115628
ORD007549,U03099,B,PET03099,True,2026-11-24 05:41:08.295575
ORD007554,U03101,A,PET03101,True,2026-11-02 21:43:28.416270
ORD007558,U03102,A,PET03102,True,2026-10-11 20:46:16.461716
ORD007560,U03102,A,PET03102,True,2026-10-24 18:48:13.489022
ORD007562,U03103,A,PET03103,True,2026-10-31 08:15:04.288983
ORD007565,U03104,B,PET03104,True,2026-11-02 22:04:52.184314
ORD007567,U03105,A,PET03105,True,2026-11-25 11:14:15.246804
ORD007573,U03107,B,PET03107,True,2026-12-01 05:03:54.066763
ORD007583,U03116,A,PET03116,True,2026-12-09 03:29:53.827657
ORD007584,U03116,A,PET03116,True,2026-11-18 15:10:55.353958
ORD007586,U03116,A,PET03116,True,2026-12-09 06:50:00.000000
ORD007587,U03116,A,PET03116,True,2026-11-01 15:14:59.893725
ORD007599,U03121,A,PET03121,True,2026-11-11 01:27:57.919759
ORD007604,U03123,A,PET03123,True,2026-11-17 01:09:12.696894
ORD007605,U03124,B,PET03124,True,2026-12-08 00:32:00.000000
ORD007621,U03131,A,PET03131,True,2026-12-05 11:36:39.278891
ORD007635,U03137,A,PET03137,True,2026-11-25 01:07:26.442788
ORD007639,U03137,A,PET03137,True,2026-12-03 11:07:15.338651
ORD007643,U03139,A,PET03139,True,2026-11-11 18:52:35.924221
ORD007649,U03140,B,PET03140,True,2026-12-09 05:17:00.000000
ORD007652,U03141,B,PET03141,True,2026-11-23 08:09:21.362527
ORD007661,U03143,A,PET03143,True,2026-12-06 15:58:25.057927
ORD007663,U03144,A,PET03144,True,2026-11-07 14:36:59.056427
ORD007664,U03145,A,PET03145,True,2026-11-30 08:59:53.221203
ORD007665,U03146,A,PET03146,True,2026-11-17 02:25:43.328195
ORD007666,U03146,A,PET03146,True,2026-11-12 03:17:23.853666
ORD007670,U03150,A,PET03150,True,2026-10-17 15:52:34.873756
ORD007673,U03151,B,PET03151,False,2026-11-24 15:15:04.068447
ORD007683,U03153,B,PET03153,False,2026-12-07 09:38:44.840622
ORD007698,U03161,A,PET03161,True,2026-10-29 04:15:16.369808
ORD007702,U03163,A,PET03163,True,2026-10-22 06:00:18.129109
ORD007711,U03165,B,PET03165,True,2026-10-30 18:14:41.173969
ORD007719,U03166,B,PET03166,False,2026-11-15 13:58:14.774822
ORD007734,U03173,A,PET03173,True,2026-10-23 21:53:43.294072
ORD007743,U03177,A,PET03177,True,2026-11-13 02:11:35.696779
ORD007745,U03178,B,PET03178,True,2026-10-25 20:35:57.933530
ORD007746,U03178,B,PET03178,True,2026-11-10 16:38:59.682891
ORD007750,U03180,A,PET03180,True,2026-11-16 03:29:40.785773
ORD007751,U03180,A,PET03180,True,2026-09-29 20:42:06.660548
ORD007754,U03181,B,PET03181,True,2026-10-16 04:05:00.941218
ORD007759,U03182,A,PET03182,True,2026-12-07 23:46:47.122934
ORD007764,U03184,B,PET03184,True,2026-10-14 22:33:47.938242
ORD007766,U03185,B,PET03185,True,2026-11-18 14:01:21.582175
ORD007769,U03185,B,PET03185,False,2026-11-20 00:52:49.721733
ORD007773,U03187,A,PET03187,True,2026-12-02 15:02:11.075024
ORD007775,U03187,A,PET03187,True,2026-11-25 15:06:42.832095
ORD007777,U03189,A,PET03189,True,2026-11-23 21:47:17.243381
ORD007783,U03191,A,PET03191,True,2026-12-06 06:07:07.852098
ORD007784,U03192,A,PET03192,True,2026-12-04 17:11:33.627903
ORD007785,U03193,A,PET03193,True,2026-11-11 17:15:00.257651
ORD007787,U03194,A,PET03194,True,2026-11-19 18:48:50.384373
ORD007790,U03195,A,PET03195,True,2026-12-08 21:36:18.302589
ORD007791,U03196,A,PET03196,True,2026-10-11 10:17:00.412818
ORD007794,U03197,B,PET03197,True,2026-11-02 01:26:36.214398
ORD007805,U03201,A,PET03201,True,2026-12-10 06:38:00.000000
ORD007807,U03204,B,PET03204,False,2026-09-29 10:33:11.039625
ORD007823,U03210,A,PET03210,True,2026-11-25 07:44:23.980217
ORD007828,U03210,A,PET03210,True,2026-11-06 05:35:28.578043
ORD007839,U03214,B,PET03214,False,2026-12-10 08:26:00.000000
ORD007841,U03215,A,PET03215,False,2026-12-08 01:03:00.000000
ORD007842,U03215,A,PET03215,True,2026-12-03 16:44:10.970227
ORD007843,U03216,A,PET03216,True,2026-11-04 15:48:04.300756
ORD007852,U03218,B,PET03218,True,2026-12-05 09:19:02.283464
ORD007861,U03222,A,PET03222,True,2026-10-14 04:13:23.270007
ORD007862,U03222,A,PET03222,True,2026-11-26 08:58:14.420533
ORD007866,U03222,A,PET03222,True,2026-10-15 16:41:56.117659
ORD007867,U03222,A,PET03222,True,2026-11-15 00:07:12.460911
ORD007868,U03224,A,PET03224,True,2026-11-19 09:04:51.631470
ORD007870,U03224,A,PET03224,True,2026-12-03 13:15:30.790398
ORD007880,U03232,A,PET03232,True,2026-11-06 07:28:31.916219
ORD007882,U03232,A,PET03232,True,2026-12-09 17:38:00.000000
ORD007884,U03232,A,PET03232,True,2026-11-10 22:54:34.256665
ORD007894,U03239,A,PET03239,True,2026-12-03 07:42:06.955163
ORD007905,U03242,A,PET03242,True,2026-11-10 14:02:59.342062
ORD007913,U03246,B,PET03246,True,2026-12-01 04:46:49.598984
ORD007917,U03249,B,PET03249,True,2026-11-17 11:44:56.206882
ORD007918,U03250,B,PET03250,False,2026-11-10 13:07:20.934358
ORD007926,U03253,B,PET03253,True,2026-12-09 14:02:00.000000
ORD007928,U03254,A,PET03254,True,2026-11-18 22:50:42.304764
ORD007931,U03254,A,PET03254,True,2026-11-26 09:29:11.823534
ORD007933,U03254,A,PET03254,True,2026-11-12 06:10:30.499859
ORD007934,U03254,A,PET03254,True,2026-10-23 13:25:21.309580
ORD007952,U03258,B,PET03258,True,2026-11-20 12:56:39.829692
ORD007964,U03261,A,PET03261,True,2026-12-03 12:18:15.451146
ORD007965,U03261,A,PET03261,True,2026-10-26 13:50:16.916397
ORD007973,U03265,A,PET03265,True,2026-12-08 02:17:00.000000
ORD007980,U03267,A,PET03267,True,2026-11-23 18:16:43.636684
ORD007999,U03274,B,PET03274,True,2026-10-26 01:32:45.197498
ORD008006,U03277,A,PET03277,True,2026-11-08 03:41:30.425091
ORD008009,U03280,A,PET03280,True,2026-12-06 06:09:18.532797
ORD008015,U03282,B,PET03282,False,2026-11-22 13:19:28.803882
ORD008024,U03284,B,PET03284,True,2026-10-17 18:13:16.333630
ORD008031,U03286,A,PET03286,True,2026-10-27 16:02:54.040776
ORD008038,U03290,B,PET03290,True,2026-10-02 09:01:10.361634
ORD008044,U03292,B,PET03292,True,2026-11-16 15:39:25.203047
ORD008050,U03294,A,PET03294,True,2026-10-16 08:39:06.257572
ORD008051,U03294,A,PET03294,True,2026-10-31 01:55:15.208196
ORD008052,U03294,A,PET03294,True,2026-11-22 17:20:44.709276
ORD008063,U03300,A,PET03300,True,2026-11-26 12:49:30.076087
ORD008067,U03303,A,PET03303,True,2026-12-08 02:30:00.000000
ORD008069,U03304,A,PET03304,True,2026-11-22 23:28:39.059664
ORD008071,U03304,A,PET03304,True,2026-11-11 10:20:21.710939
ORD008080,U03306,A,PET03306,True,2026-12-06 02:54:13.150781
ORD008090,U03309,A,PET03309,True,2026-11-10 10:15:24.340797
ORD008092,U03309,A,PET03309,True,2026-09-27 01:28:48.872797
ORD008094,U03312,A,PET03312,True,2026-10-27 23:31:28.888899
ORD008095,U03312,A,PET03312,True,2026-12-01 17:28:55.022588
ORD008103,U03318,A,PET03318,True,2026-11-22 10:45:34.869918
ORD008109,U03319,A,PET03319,True,2026-10-17 11:15:18.764427
ORD008112,U03320,B,PET03320,True,2026-11-10 08:51:32.849169
ORD008120,U03321,A,PET03321,True,2026-10-05 23:12:04.163130
ORD008135,U03326,B,PET03326,True,2026-11-21 22:36:05.990871
ORD008142,U03328,A,PET03328,True,2026-11-05 19:59:37.369466
ORD008148,U03331,B,PET03331,True,2026-12-09 05:08:00.000000
ORD008156,U03335,A,PET03335,False,2026-11-11 20:40:32.042819
ORD008161,U03336,A,PET03336,True,2026-11-12 13:13:47.062376
ORD008171,U03343,A,PET03343,True,2026-10-28 02:46:20.777530
ORD008172,U03343,A,PET03343,True,2026-10-01 05:00:59.464495
ORD008175,U03344,B,PET03344,True,2026-11-28 23:44:38.741629
ORD008178,U03347,A,PET03347,True,2026-11-05 23:01:38.375648
ORD008186,U03348,B,PET03348,True,2026-11-13 19:55:35.207440
ORD008194,U03351,B,PET03351,True,2026-10-25 01:46:33.228147
ORD008202,U03357,A,PET03357,True,2026-09-23 03:56:48.690685
ORD008209,U03359,B,PET03359,True,2026-11-19 06:10:32.289381
ORD008210,U03359,B,PET03359,True,2026-09-26 06:56:57.439735
ORD008214,U03360,A,PET03360,True,2026-11-28 16:14:36.904126
ORD008215,U03363,A,PET03363,True,2026-10-03 23:49:47.949550
ORD008216,U03364,A,PET03364,True,2026-12-09 03:57:35.371067
ORD008232,U03370,A,PET03370,True,2026-10-06 14:28:59.441154
ORD008239,U03373,B,PET03373,True,2026-11-27 17:57:46.668587
ORD008241,U03374,A,PET03374,True,2026-11-22 06:50:27.564447
ORD008251,U03380,B,PET03380,True,2026-11-04 12:56:12.105020
ORD008252,U03380,B,PET03380,True,2026-10-19 09:01:59.062846
ORD008255,U03381,B,PET03381,False,2026-12-02 14:20:46.595211
ORD008259,U03382,B,PET03382,True,2026-12-06 02:57:55.974250
ORD008267,U03386,B,PET03386,True,2026-10-18 19:10:15.544891
ORD008281,U03394,A,PET03394,True,2026-09-28 01:47:25.672577
ORD008282,U03394,A,PET03394,True,2026-11-13 04:07:33.254760
ORD008292,U03397,B,PET03397,True,2026-11-30 06:49:42.544697
ORD008293,U03399,B,PET03399,True,2026-11-20 12:39:20.830885
ORD008294,U03399,B,PET03399,True,2026-10-28 20:40:18.782738
ORD008300,U03401,A,PET03401,True,2026-12-01 21:50:23.634420
ORD008312,U03406,B,PET03406,True,2026-10-28 06:20:44.206679
ORD008316,U03407,A,PET03407,True,2026-10-15 22:15:28.481764
ORD008317,U03407,A,PET03407,True,2026-11-23 02:18:34.052928
ORD008320,U03408,A,PET03408,True,2026-11-20 16:35:20.823612
ORD008322,U03413,B,PET03413,True,2026-10-21 22:32:02.685391
ORD008329,U03417,A,PET03417,True,2026-11-20 15:33:28.031052
ORD008339,U03421,A,PET03421,True,2026-11-05 20:45:30.347344
ORD008346,U03424,A,PET03424,True,2026-12-06 19:37:45.339683
ORD008347,U03424,A,PET03424,True,2026-11-20 03:37:12.272353
ORD008348,U03427,A,PET03427,True,2026-11-16 15:49:10.625538
ORD008350,U03428,A,PET03428,True,2026-12-09 12:11:00.000000
ORD008351,U03428,A,PET03428,True,2026-12-08 20:11:24.358785
ORD008356,U03431,A,PET03431,True,2026-12-10 16:25:13.969818
ORD008367,U03434,A,PET03434,True,2026-12-09 12:27:00.000000
ORD008378,U03437,B,PET03437,True,2026-10-21 16:23:15.260561
ORD008379,U03437,B,PET03437,True,2026-11-12 00:35:40.781393
ORD008386,U03443,B,PET03443,True,2026-10-26 23:40:54.968459
ORD008396,U03447,B,PET03447,True,2026-10-20 08:02:39.876882
ORD008413,U03452,B,PET03452,True,2026-12-07 08:28:05.670268
ORD008418,U03456,A,PET03456,True,2026-12-05 00:54:32.455119
ORD008422,U03458,B,PET03458,True,2026-09-28 05:07:36.016089
ORD008424,U03458,B,PET03458,True,2026-09-25 06:58:51.196853
ORD008428,U03460,B,PET03460,True,2026-10-28 09:35:57.136438
ORD008431,U03461,A,PET03461,True,2026-11-19 20:09:12.618188
ORD008432,U03461,A,PET03461,True,2026-12-06 16:49:00.000000
ORD008434,U03461,A,PET03461,True,2026-11-23 17:28:59.096166
ORD008435,U03461,A,PET03461,True,2026-11-06 06:53:44.326445
ORD008437,U03462,A,PET03462,True,2026-12-07 13:19:00.000000
ORD008446,U03465,A,PET03465,True,2026-11-29 03:55:00.063389
ORD008452,U03468,B,PET03468,True,2026-12-04 21:21:53.685405
ORD008462,U03475,B,PET03475,True,2026-11-16 22:58:16.479509
ORD008463,U03475,B,PET03475,True,2026-12-05 18:38:42.308669
ORD008465,U03475,B,PET03475,True,2026-10-22 04:07:24.930992
ORD008466,U03476,A,PET03476,True,2026-11-22 16:16:25.560456
ORD008468,U03477,B,PET03477,True,2026-11-09 23:47:26.793058
ORD008469,U03477,B,PET03477,False,2026-11-30 11:05:59.242862
ORD008470,U03477,B,PET03477,True,2026-11-30 21:08:00.248917
ORD008474,U03479,B,PET03479,True,2026-12-07 16:09:57.067255
ORD008476,U03480,B,PET03480,True,2026-11-29 04:35:06.563520
ORD008483,U03485,A,PET03485,True,2026-12-10 01:11:11.886396
ORD008486,U03486,A,PET03486,True,2026-11-23 22:43:24.629749
ORD008488,U03487,A,PET03487,True,2026-12-02 18:30:22.073181
ORD008491,U03487,A,PET03487,True,2026-11-13 15:41:27.488424
ORD008494,U03488,A,PET03488,True,2026-12-10 12:28:00.000000
ORD008496,U03489,B,PET03489,True,2026-11-13 15:51:57.586289
ORD008506,U03491,B,PET03491,True,2026-12-02 17:57:22.157743
ORD008546,U03509,B,PET03509,False,2026-11-25 18:35:43.611711
ORD008557,U03513,A,PET03513,True,2026-11-17 20:37:42.876946
ORD008566,U03517,A,PET03517,False,2026-10-21 09:36:36.334824
ORD008574,U03522,B,PET03522,True,2026-12-09 12:03:15.759137
ORD008576,U03522,B,PET03522,True,2026-10-15 19:14:12.427065
ORD008579,U03523,A,PET03523,True,2026-12-02 16:58:55.039379
ORD008594,U03528,A,PET03528,False,2026-11-27 06:52:21.210640
ORD008596,U03528,A,PET03528,True,2026-09-23 01:57:47.990394
ORD008621,U03536,B,PET03536,True,2026-09-25 23:35:26.205288
ORD008625,U03537,A,PET03537,True,2026-10-27 07:12:38.056714
ORD008627,U03537,A,PET03537,True,2026-11-07 12:16:24.969950
ORD008628,U03538,A,PET03538,True,2026-11-24 01:42:08.850913
ORD008629,U03538,A,PET03538,True,2026-10-04 10:27:42.435037
ORD008633,U03538,A,PET03538,True,2026-11-02 02:48:50.799956
ORD008635,U03541,A,PET03541,True,2026-12-03 02:08:46.912517
ORD008637,U03543,A,PET03543,True,2026-11-14 17:11:03.482230
ORD008640,U03544,A,PET03544,True,2026-11-22 08:31:17.414477
ORD008643,U03545,B,PET03545,True,2026-12-01 16:05:42.621262
ORD008651,U03549,A,PET03549,True,2026-10-09 20:28:33.932071
ORD008658,U03553,B,PET03553,True,2026-12-09 03:33:22.822014
ORD008659,U03553,B,PET03553,True,2026-12-08 17:47:00.000000
ORD008673,U03558,A,PET03558,True,2026-10-19 10:35:14.265597
ORD008674,U03558,A,PET03558,True,2026-11-29 09:51:21.162754
ORD008675,U03558,A,PET03558,True,2026-10-31 21:22:40.091530
ORD008691,U03562,B,PET03562,False,2026-10-04 00:26:35.577647
ORD008700,U03566,B,PET03566,True,2026-11-17 05:36:49.838035
ORD008701,U03568,A,PET03568,True,2026-10-30 18:29:04.795862
ORD008702,U03568,A,PET03568,True,2026-10-01 11:28:17.043695
ORD008707,U03570,A,PET03570,True,2026-10-08 12:29:41.553586
ORD008712,U03574,A,PET03574,True,2026-10-23 16:23:04.884840
ORD008731,U03586,A,PET03586,True,2026-11-09 16:25:39.000000
ORD008733,U03586,A,PET03586,True,2026-10-22 11:31:04.344230
ORD008739,U03588,A,PET03588,True,2026-11-16 00:29:47.887113
ORD008740,U03591,A,PET03591,True,2026-12-06 11:55:36.916000
ORD008741,U03591,A,PET03591,True,2026-09-24 09:20:10.846006
ORD008742,U03591,A,PET03591,True,2026-11-17 16:29:40.659414
ORD008745,U03591,A,PET03591,True,2026-11-14 11:40:16.208116
ORD008747,U03592,B,PET03592,True,2026-12-02 16:35:21.865311
ORD008765,U03600,A,PET03600,True,2026-11-28 03:21:57.188881
ORD008768,U03602,A,PET03602,False,2026-11-05 17:29:50.220937
ORD008790,U03612,B,PET03612,True,2026-11-22 10:17:58.712051
ORD008792,U03613,B,PET03613,False,2026-11-09 15:43:10.532942
ORD008793,U03613,B,PET03613,True,2026-12-03 06:29:21.645267
ORD008798,U03617,A,PET03617,True,2026-11-27 11:43:57.000000
ORD008799,U03618,A,PET03618,True,2026-11-01 10:13:20.644212
ORD008801,U03618,A,PET03618,True,2026-10-28 20:07:41.336130
ORD008809,U03620,A,PET03620,True,2026-09-22 14:33:34.911841
ORD008815,U03623,A,PET03623,True,2026-12-05 17:10:52.635192
ORD008822,U03629,B,PET03629,True,2026-12-08 13:01:00.000000
ORD008825,U03632,B,PET03632,True,2026-11-28 07:53:32.563476
ORD008826,U03632,B,PET03632,True,2026-12-09 09:39:00.000000
ORD008828,U03634,B,PET03634,True,2026-11-21 18:50:06.235937
ORD008830,U03635,A,PET03635,True,2026-12-09 11:02:00.000000
ORD008831,U03636,A,PET03636,True,2026-12-07 00:45:58.297380
ORD008835,U03638,A,PET03638,False,2026-11-22 09:47:39.407071
ORD008838,U03639,A,PET03639,True,2026-10-23 17:28:28.939928
ORD008840,U03640,A,PET03640,True,2026-12-06 06:02:28.077960
ORD008842,U03641,B,PET03641,True,2026-12-02 21:46:45.274752
ORD008843,U03641,B,PET03641,True,2026-11-29 19:54:10.729417
ORD008849,U03646,B,PET03646,True,2026-11-24 08:48:23.036158
ORD008851,U03646,B,PET03646,True,2026-11-18 11:40:45.303638
ORD008854,U03648,B,PET03648,True,2026-12-01 01:28:10.535028
ORD008860,U03651,A,PET03651,True,2026-11-16 00:55:24.397932
ORD008861,U03652,B,PET03652,True,2026-11-25 07:42:59.865207
ORD008865,U03654,A,PET03654,True,2026-11-29 03:26:09.866850
ORD008872,U03656,A,PET03656,True,2026-10-28 13:29:02.972339
ORD008877,U03660,B,PET03660,True,2026-12-09 13:25:00.000000
ORD008884,U03666,B,PET03666,True,2026-11-16 00:37:12.178316
ORD008892,U03668,A,PET03668,False,2026-10-04 20:13:36.952470
ORD008897,U03670,B,PET03670,True,2026-11-22 15:57:14.495641
ORD008911,U03672,B,PET03672,True,2026-10-15 05:57:20.048284
ORD008916,U03676,A,PET03676,True,2026-11-04 08:34:59.500433
ORD008917,U03676,A,PET03676,True,2026-11-11 06:06:30.892000
ORD008919,U03677,B,PET03677,True,2026-10-29 17:37:08.573390
ORD008922,U03678,A,PET03678,False,2026-11-28 05:34:43.702328
ORD008924,U03680,A,PET03680,True,2026-12-03 03:50:09.022977
ORD008929,U03682,A,PET03682,True,2026-10-15 21:38:57.471799
ORD008939,U03683,A,PET03683,True,2026-10-29 01:40:49.843618
ORD008940,U03684,B,PET03684,True,2026-11-14 00:30:29.316642
ORD008945,U03686,A,PET03686,True,2026-12-03 00:14:09.282554
ORD008948,U03689,A,PET03689,True,2026-12-08 17:45:00.000000
ORD008950,U03691,A,PET03691,False,2026-10-22 17:09:56.008959
ORD008953,U03691,A,PET03691,True,2026-12-02 08:46:55.309307
ORD008954,U03691,A,PET03691,True,2026-11-10 20:03:24.285237
ORD008955,U03692,A,PET03692,True,2026-11-27 01:04:27.730536
ORD008956,U03692,A,PET03692,True,2026-11-13 15:14:05.791695
ORD008957,U03693,B,PET03693,True,2026-12-03 04:39:03.576576
ORD008963,U03694,B,PET03694,True,2026-11-29 16:15:26.678710
ORD008968,U03697,A,PET03697,True,2026-10-10 21:47:58.963706
ORD008972,U03699,B,PET03699,True,2026-11-25 18:17:47.253766
ORD008973,U03699,B,PET03699,True,2026-10-14 11:34:41.300537
ORD008978,U03701,A,PET03701,True,2026-11-27 06:33:24.370131
ORD008981,U03702,B,PET03702,True,2026-12-07 16:01:31.012447
ORD008984,U03702,B,PET03702,True,2026-12-07 19:03:40.476980
ORD008991,U03704,B,PET03704,True,2026-12-08 17:37:00.000000
ORD008993,U03705,B,PET03705,True,2026-12-09 14:17:13.747666
ORD008995,U03705,B,PET03705,True,2026-12-07 15:05:16.927350
ORD008998,U03707,A,PET03707,True,2026-11-09 16:45:15.516575
ORD008999,U03707,A,PET03707,True,2026-11-29 07:09:44.139185
ORD009004,U03709,A,PET03709,True,2026-11-16 14:44:09.457938
ORD009008,U03711,B,PET03711,True,2026-11-12 06:15:04.960901
ORD009012,U03713,A,PET03713,True,2026-12-07 06:37:36.214887
ORD009021,U03716,B,PET03716,False,2026-11-12 01:22:20.205003
ORD009025,U03716,B,PET03716,True,2026-11-18 04:03:18.614137
ORD009026,U03716,B,PET03716,True,2026-12-04 13:53:28.335691
ORD009027,U03717,B,PET03717,True,2026-11-09 00:10:43.327939
ORD009037,U03720,A,PET03720,True,2026-11-02 12:02:52.059140
ORD009046,U03725,A,PET03725,True,2026-10-21 05:28:20.758341
ORD009047,U03725,A,PET03725,False,2026-11-20 06:57:01.018685
ORD009049,U03725,A,PET03725,False,2026-10-04 10:33:52.701847
ORD009050,U03727,B,PET03727,True,2026-11-30 22:08:08.717548
ORD009055,U03728,A,PET03728,False,2026-11-21 10:00:21.560020
ORD009056,U03728,A,PET03728,True,2026-11-23 15:00:47.584340
ORD009064,U03733,A,PET03733,True,2026-10-31 21:11:48.341830
ORD009069,U03735,B,PET03735,True,2026-11-14 00:45:39.044225
ORD009076,U03737,A,PET03737,False,2026-12-01 00:44:52.000000
ORD009084,U03739,A,PET03739,True,2026-11-23 04:30:01.026247
ORD009085,U03739,A,PET03739,True,2026-12-02 21:06:16.477803
ORD009087,U03740,A,PET03740,True,2026-11-25 03:04:31.784090
ORD009103,U03747,B,PET03747,True,2026-10-28 05:33:36.627407
ORD009105,U03750,A,PET03750,True,2026-12-03 15:40:11.290123
ORD009119,U03755,B,PET03755,True,2026-11-05 01:18:19.263003
ORD009126,U03757,A,PET03757,True,2026-11-23 01:09:44.323954
ORD009133,U03759,B,PET03759,True,2026-12-05 08:18:36.019243
ORD009142,U03761,A,PET03761,True,2026-10-23 08:43:26.166338
ORD009147,U03764,A,PET03764,True,2026-12-07 20:11:33.902600
ORD009151,U03765,A,PET03765,True,2026-12-02 19:00:42.351266
ORD009153,U03765,A,PET03765,True,2026-11-15 23:54:48.189491
ORD009156,U03766,A,PET03766,True,2026-10-23 09:01:31.116440
ORD009173,U03772,B,PET03772,True,2026-11-24 15:55:43.898003
ORD009174,U03774,A,PET03774,True,2026-10-09 22:25:18.334286
ORD009176,U03775,A,PET03775,True,2026-11-20 14:12:50.351211
ORD009177,U03775,A,PET03775,True,2026-12-09 01:38:19.472214
ORD009183,U03777,B,PET03777,False,2026-10-31 04:57:42.910996
ORD009186,U03780,B,PET03780,True,2026-12-05 23:36:33.643616
ORD009187,U03780,B,PET03780,True,2026-11-08 18:43:38.034636
ORD009189,U03780,B,PET03780,False,2026-11-23 23:35:56.667451
ORD009192,U03781,A,PET03781,False,2026-11-25 15:23:50.631940
ORD009195,U03782,A,PET03782,True,2026-10-20 14:09:01.707333
ORD009196,U03783,B,PET03783,True,2026-12-03 00:03:19.838123
ORD009200,U03784,B,PET03784,True,2026-11-28 08:06:40.370879
ORD009208,U03790,A,PET03790,True,2026-10-26 17:40:28.114985
ORD009214,U03791,B,PET03791,False,2026-09-30 21:37:42.276194
ORD009223,U03794,B,PET03794,True,2026-11-14 05:55:53.707417
ORD009227,U03795,A,PET03795,True,2026-12-09 07:44:00.000000
ORD009238,U03799,A,PET03799,True,2026-10-30 20:05:48.452698
ORD009244,U03801,A,PET03801,True,2026-12-06 08:15:59.724292
ORD009250,U03804,A,PET03804,True,2026-10-11 23:54:30.576965
ORD009258,U03808,A,PET03808,True,2026-12-02 18:29:42.704507
ORD009264,U03810,B,PET03810,True,2026-11-24 13:06:59.858498
ORD009265,U03810,B,PET03810,True,2026-12-08 23:00:00.000000
ORD009274,U03814,B,PET03814,True,2026-11-05 10:22:54.302149
ORD009280,U03815,B,PET03815,False,2026-11-04 22:42:08.200014
ORD009289,U03819,B,PET03819,True,2026-11-24 01:45:09.109954
ORD009291,U03820,B,PET03820,True,2026-12-06 05:31:17.863551
ORD009292,U03820,B,PET03820,True,2026-12-07 03:06:54.771621
ORD009294,U03821,A,PET03821,True,2026-11-18 06:45:54.411565
ORD009300,U03825,A,PET03825,True,2026-11-06 22:14:46.953419
ORD009301,U03825,A,PET03825,True,2026-11-30 08:49:51.085482
ORD009304,U03825,A,PET03825,True,2026-11-29 14:24:42.991292
ORD009313,U03828,A,PET03828,True,2026-11-16 22:21:06.514584
ORD009321,U03831,A,PET03831,True,2026-12-08 06:46:22.323614
ORD009324,U03832,B,PET03832,True,2026-10-04 06:55:27.314606
ORD009326,U03832,B,PET03832,True,2026-12-02 01:38:50.263449
ORD009330,U03834,A,PET03834,True,2026-11-15 18:05:17.116241
ORD009357,U03844,A,PET03844,True,2026-10-20 09:59:01.055768
ORD009360,U03846,B,PET03846,True,2026-11-11 15:05:15.453950
ORD009368,U03849,A,PET03849,True,2026-12-10 10:53:00.000000
ORD009370,U03850,B,PET03850,True,2026-10-10 02:31:17.193324
ORD009393,U03857,A,PET03857,True,2026-11-17 20:42:55.619035
ORD009400,U03858,A,PET03858,True,2026-10-29 03:46:02.792126
ORD009405,U03860,A,PET03860,False,2026-11-15 02:21:14.790266
ORD009407,U03860,A,PET03860,True,2026-11-28 22:31:19.087175
ORD009408,U03860,A,PET03860,True,2026-10-24 02:55:46.701766
ORD009411,U03861,A,PET03861,True,2026-11-03 12:06:33.322193
ORD009412,U03861,A,PET03861,False,2026-11-01 17:36:36.523324
ORD009425,U03867,A,PET03867,True,2026-12-06 04:01:22.593484
ORD009430,U03869,B,PET03869,True,2026-11-27 22:48:36.122053
ORD009438,U03870,B,PET03870,True,2026-11-30 15:47:48.482758
ORD009442,U03871,B,PET03871,True,2026-11-15 16:53:07.857357
ORD009443,U03871,B,PET03871,True,2026-10-01 02:04:14.875669
ORD009445,U03871,B,PET03871,True,2026-10-23 14:37:01.279474
ORD009447,U03872,B,PET03872,True,2026-10-07 10:30:09.487747
ORD009457,U03874,A,PET03874,True,2026-11-16 22:38:20.491301
ORD009461,U03877,B,PET03877,True,2026-12-10 17:20:00.000000
ORD009465,U03878,B,PET03878,True,2026-10-10 05:48:56.439713
ORD009467,U03879,A,PET03879,True,2026-10-19 11:10:13.107470
ORD009468,U03879,A,PET03879,True,2026-11-27 18:50:12.211502
ORD009469,U03879,A,PET03879,False,2026-10-12 09:11:55.115621
ORD009479,U03882,B,PET03882,True,2026-11-29 23:41:49.179310
ORD009483,U03884,A,PET03884,True,2026-10-26 17:26:48.799977
ORD009486,U03884,A,PET03884,False,2026-11-20 01:03:55.956161
ORD009493,U03887,B,PET03887,True,2026-11-09 22:12:50.780552
ORD009504,U03889,A,PET03889,True,2026-10-09 15:17:40.923395
ORD009505,U03889,A,PET03889,True,2026-12-08 09:54:00.000000
ORD009513,U03892,B,PET03892,True,2026-12-06 02:48:22.708931
ORD009524,U03894,B,PET03894,True,2026-10-21 19:13:18.980168
ORD009533,U03897,A,PET03897,True,2026-11-09 15:35:36.161442
ORD009535,U03897,A,PET03897,True,2026-11-09 20:36:13.679188
ORD009541,U03899,A,PET03899,True,2026-10-25 16:52:17.934383
ORD009542,U03899,A,PET03899,True,2026-11-24 00:43:02.267389
ORD009547,U03902,A,PET03902,True,2026-12-07 22:38:00.000000
ORD009566,U03912,A,PET03912,True,2026-12-06 23:34:00.000000
ORD009579,U03916,A,PET03916,True,2026-12-03 10:36:39.032462
ORD009581,U03916,A,PET03916,True,2026-12-06 05:50:25.300565
ORD009592,U03919,B,PET03919,True,2026-10-30 10:47:48.906829
ORD009598,U03922,A,PET03922,True,2026-12-09 11:10:00.000000
ORD009600,U03923,A,PET03923,True,2026-10-25 21:48:06.767254
ORD009601,U03923,A,PET03923,True,2026-10-30 13:38:41.954945
ORD009605,U03926,A,PET03926,True,2026-12-06 06:46:44.695840
ORD009606,U03926,A,PET03926,True,2026-11-12 23:35:21.417474
ORD009629,U03937,A,PET03937,True,2026-11-03 13:16:58.220476
ORD009634,U03938,B,PET03938,True,2026-12-03 07:09:01.808133
ORD009641,U03940,A,PET03940,True,2026-12-10 21:44:00.000000
ORD009642,U03940,A,PET03940,True,2026-12-02 20:41:25.833464
ORD009647,U03942,A,PET03942,True,2026-12-07 15:29:00.000000
ORD009653,U03946,B,PET03946,True,2026-12-08 14:29:00.000000
ORD009663,U03951,B,PET03951,True,2026-10-19 19:55:39.970556
ORD009673,U03954,B,PET03954,True,2026-10-28 08:12:51.380650
ORD009683,U03957,A,PET03957,True,2026-11-25 17:03:20.570421
ORD009688,U03957,A,PET03957,False,2026-11-19 09:51:27.338270
ORD009695,U03959,A,PET03959,True,2026-10-13 21:33:12.312618
ORD009706,U03965,A,PET03965,True,2026-10-19 12:40:50.525869
ORD009707,U03966,B,PET03966,False,2026-12-03 11:03:14.573626
ORD009708,U03966,B,PET03966,True,2026-12-08 08:58:47.175492
ORD009712,U03968,A,PET03968,True,2026-12-04 09:06:12.542946
ORD009725,U03973,B,PET03973,False,2026-10-28 15:32:34.759635
ORD009730,U03974,B,PET03974,True,2026-11-19 05:09:25.278484
ORD009731,U03975,A,PET03975,True,2026-11-10 22:53:55.338641
ORD009733,U03975,A,PET03975,True,2026-10-04 16:27:04.639583
ORD009735,U03976,A,PET03976,True,2026-11-19 08:45:37.328633
ORD009740,U03979,A,PET03979,True,2026-11-02 14:11:54.659079
ORD009743,U03979,A,PET03979,True,2026-11-25 06:12:37.192245
ORD009744,U03980,B,PET03980,False,2026-11-15 09:33:54.211044
ORD009750,U03982,B,PET03982,True,2026-12-07 15:38:00.000000
ORD009756,U03985,B,PET03985,True,2026-12-08 22:23:00.000000
ORD009767,U03990,A,PET03990,True,2026-11-15 06:56:04.805660
ORD009777,U03995,A,PET03995,True,2026-12-01 07:02:31.515933
ORD009778,U03995,A,PET03995,True,2026-12-06 18:27:31.755273
ORD009783,U03997,B,PET03997,False,2026-10-19 05:10:53.595807
ORD009784,U03997,B,PET03997,False,2026-09-29 05:33:48.385184
ORD009817,U04009,A,PET04009,True,2026-11-27 23:22:37.223961
ORD009822,U04009,A,PET04009,True,2026-10-15 02:16:25.114428
ORD009825,U04010,B,PET04010,True,2026-10-06 13:26:20.714012
ORD009830,U04012,A,PET04012,True,2026-12-08 03:03:00.000000
ORD009834,U04014,B,PET04014,True,2026-11-18 21:37:33.588941
ORD009835,U04014,B,PET04014,True,2026-12-07 17:12:00.000000
ORD009837,U04016,A,PET04016,True,2026-11-10 18:22:02.526363
ORD009838,U04017,A,PET04017,True,2026-10-28 08:57:15.292407
ORD009839,U04017,A,PET04017,True,2026-10-27 20:14:06.901514
ORD009840,U04017,A,PET04017,True,2026-10-30 20:55:06.901514
ORD009842,U04018,B,PET04018,True,2026-10-16 08:43:36.126076
ORD009844,U04019,B,PET04019,False,2026-11-22 04:14:23.244785
ORD009846,U04019,B,PET04019,True,2026-10-11 11:07:00.390826
ORD009871,U04029,A,PET04029,False,2026-11-28 00:03:20.418073
ORD009872,U04029,A,PET04029,True,2026-11-22 03:16:04.531605
ORD009874,U04032,A,PET04032,True,2026-12-03 10:03:01.494892
ORD009890,U04038,B,PET04038,True,2026-11-28 18:10:24.238719
ORD009894,U04040,B,PET04040,True,2026-11-27 04:35:37.230522
ORD009900,U04041,B,PET04041,False,2026-11-30 01:58:23.689753
ORD009908,U04044,A,PET04044,True,2026-11-17 01:16:45.498689
ORD009909,U04044,A,PET04044,True,2026-09-26 23:33:38.940522
ORD009910,U04044,A,PET04044,True,2026-11-16 18:51:19.133542
ORD009921,U04046,A,PET04046,True,2026-11-22 07:30:49.990452
ORD009925,U04047,A,PET04047,True,2026-12-06 15:38:16.504818
ORD009927,U04048,A,PET04048,True,2026-12-03 07:37:11.375251
ORD009929,U04049,A,PET04049,True,2026-10-17 09:44:02.131965
ORD009934,U04051,B,PET04051,True,2026-11-14 03:48:25.784067
ORD009938,U04052,B,PET04052,True,2026-12-07 18:59:05.699470
ORD009940,U04052,B,PET04052,True,2026-11-08 21:19:41.974001
ORD009947,U04055,A,PET04055,True,2026-11-15 21:00:16.792321
ORD009955,U04058,B,PET04058,True,2026-11-09 08:41:12.716847
ORD009958,U04058,B,PET04058,True,2026-12-02 09:08:58.753009
ORD009974,U04064,A,PET04064,True,2026-11-26 02:45:58.572426
ORD010009,U04080,A,PET04080,True,2026-11-27 12:03:51.104050
ORD010026,U04092,B,PET04092,False,2026-10-22 10:17:38.775563
ORD010030,U04093,B,PET04093,True,2026-12-10 07:40:00.000000
ORD010033,U04094,A,PET04094,True,2026-10-31 17:49:35.384360
ORD010042,U04104,A,PET04104,True,2026-11-06 21:57:22.008807
ORD010044,U04105,A,PET04105,True,2026-09-25 18:44:08.693965
ORD010047,U04106,A,PET04106,True,2026-11-21 01:55:48.465991
ORD010050,U04108,A,PET04108,True,2026-12-04 13:57:23.942162
ORD010052,U04109,B,PET04109,True,2026-11-06 00:36:13.958567
ORD010056,U04110,B,PET04110,True,2026-11-29 01:15:42.268086
ORD010088,U04125,A,PET04125,True,2026-11-28 03:36:26.659972
ORD010089,U04126,A,PET04126,True,2026-11-22 18:25:12.167099
ORD010091,U04127,A,PET04127,True,2026-10-23 13:19:35.178957
ORD010095,U04128,B,PET04128,True,2026-11-15 09:17:20.496363
ORD010099,U04129,A,PET04129,True,2026-12-02 08:43:11.747089
ORD010100,U04130,B,PET04130,True,2026-11-02 00:25:24.620749
ORD010102,U04130,B,PET04130,True,2026-11-24 10:42:58.205229
ORD010106,U04132,B,PET04132,True,2026-12-08 13:39:00.000000
ORD010122,U04142,A,PET04142,True,2026-12-02 19:02:59.079328
ORD010128,U04143,B,PET04143,True,2026-10-27 23:27:20.963800
ORD010129,U04143,B,PET04143,True,2026-12-09 06:01:33.773610
ORD010138,U04146,A,PET04146,True,2026-11-05 09:55:28.560215
ORD010145,U04147,A,PET04147,True,2026-10-28 03:07:43.253123
ORD010146,U04147,A,PET04147,True,2026-11-13 09:04:48.708015
ORD010147,U04147,A,PET04147,True,2026-11-22 20:02:11.988096
ORD010157,U04152,B,PET04152,False,2026-11-01 06:48:45.420400
ORD010168,U04158,B,PET04158,True,2026-10-14 23:08:15.759549
ORD010169,U04159,A,PET04159,True,2026-10-03 11:18:37.202684
ORD010176,U04162,A,PET04162,True,2026-10-21 09:15:08.594322
ORD010182,U04164,B,PET04164,True,2026-09-30 18:21:01.154423
ORD010190,U04169,A,PET04169,True,2026-11-19 11:09:43.921695
ORD010191,U04170,B,PET04170,True,2026-11-20 07:00:52.974442
ORD010193,U04170,B,PET04170,True,2026-12-02 15:31:02.934608
ORD010200,U04172,A,PET04172,True,2026-12-10 00:46:00.000000
ORD010206,U04176,A,PET04176,True,2026-11-20 00:54:56.591252
ORD010213,U04179,A,PET04179,True,2026-11-02 11:45:34.301923
ORD010220,U04180,A,PET04180,False,2026-11-16 00:50:23.695754
ORD010229,U04183,A,PET04183,True,2026-12-07 01:04:42.360328
ORD010247,U04191,A,PET04191,True,2026-11-22 06:25:53.062493
ORD010250,U04193,B,PET04193,True,2026-11-30 06:57:01.135056
ORD010258,U04195,A,PET04195,True,2026-11-20 12:07:13.820628
ORD010266,U04198,B,PET04198,True,2026-12-02 19:18:35.330075
ORD010267,U04199,A,PET04199,True,2026-12-09 00:46:00.000000
ORD010272,U04201,A,PET04201,True,2026-12-03 12:15:27.613275
ORD010274,U04201,A,PET04201,True,2026-11-19 20:00:27.328184
ORD010278,U04203,A,PET04203,True,2026-11-13 13:54:03.322428
ORD010279,U04204,A,PET04204,True,2026-11-07 12:42:19.234126
ORD010281,U04204,A,PET04204,True,2026-11-20 18:11:28.555950
ORD010287,U04206,B,PET04206,True,2026-12-09 04:49:13.562475
ORD010294,U04209,B,PET04209,True,2026-11-27 00:01:29.884795
ORD010309,U04215,A,PET04215,True,2026-11-26 08:34:48.376557
ORD010312,U04217,A,PET04217,True,2026-11-02 20:51:18.752085
ORD010316,U04219,A,PET04219,True,2026-11-23 19:05:44.482476
ORD010318,U04220,A,PET04220,True,2026-12-08 17:19:00.000000
ORD010319,U04220,A,PET04220,True,2026-10-06 06:00:21.416518
ORD010322,U04221,A,PET04221,True,2026-10-30 13:38:06.373002
ORD010330,U04224,A,PET04224,True,2026-11-11 08:24:43.772384
ORD010339,U04227,A,PET04227,False,2026-12-07 16:51:55.313016
ORD010340,U04228,A,PET04228,True,2026-12-03 04:54:16.753323
ORD010343,U04229,B,PET04229,False,2026-10-23 23:59:17.091342
ORD010351,U04231,A,PET04231,True,2026-11-24 17:26:36.228878
ORD010358,U04234,A,PET04234,True,2026-11-28 20:26:44.524978
ORD010360,U04234,A,PET04234,True,2026-11-02 12:51:16.694706
ORD010364,U04235,A,PET04235,True,2026-10-18 10:15:35.525474
ORD010365,U04235,A,PET04235,True,2026-10-16 01:49:51.285902
ORD010366,U04235,A,PET04235,True,2026-12-06 21:55:08.478656
ORD010367,U04235,A,PET04235,True,2026-10-26 03:02:10.722504
ORD010368,U04235,A,PET04235,True,2026-10-28 13:54:40.979127
ORD010373,U04236,B,PET04236,True,2026-12-09 20:06:47.724495
ORD010375,U04238,B,PET04238,True,2026-11-11 15:20:54.937927
ORD010379,U04240,A,PET04240,True,2026-11-08 16:33:05.338944
ORD010386,U04244,B,PET04244,True,2026-10-21 17:19:22.083846
ORD010389,U04245,B,PET04245,True,2026-11-03 08:11:21.547497
ORD010393,U04247,A,PET04247,True,2026-11-07 18:50:15.545022
ORD010395,U04248,A,PET04248,True,2026-11-17 13:06:52.467623
ORD010397,U04249,B,PET04249,True,2026-12-10 03:26:00.000000
ORD010400,U04250,B,PET04250,True,2026-11-11 07:54:27.683523
ORD010407,U04252,A,PET04252,True,2026-11-16 03:14:39.151143
ORD010420,U04257,B,PET04257,True,2026-11-30 17:54:03.749631
ORD010424,U04258,A,PET04258,True,2026-10-11 11:34:07.880885
ORD010430,U04261,A,PET04261,True,2026-12-08 03:03:00.000000
ORD010436,U04262,A,PET04262,True,2026-12-05 09:27:04.406306
ORD010439,U04265,A,PET04265,True,2026-11-27 20:40:06.937286
ORD010440,U04265,A,PET04265,True,2026-11-20 17:02:34.128116
ORD010453,U04270,B,PET04270,True,2026-10-29 01:52:03.127606
ORD010454,U04270,B,PET04270,True,2026-11-27 12:48:11.774752
ORD010456,U04272,A,PET04272,True,2026-11-26 08:17:22.963904
ORD010457,U04272,A,PET04272,True,2026-11-11 16:11:27.209148
ORD010471,U04277,A,PET04277,True,2026-11-09 00:16:32.896173
ORD010472,U04277,A,PET04277,True,2026-10-24 18:14:52.228224
ORD010474,U04278,A,PET04278,True,2026-12-02 11:59:54.966450
ORD010477,U04280,B,PET04280,True,2026-12-07 06:30:05.563844
ORD010484,U04282,B,PET04282,False,2026-12-08 12:23:00.000000
ORD010485,U04283,A,PET04283,True,2026-10-15 06:49:52.763597
ORD010486,U04284,A,PET04284,True,2026-11-29 02:20:11.508093
ORD010487,U04284,A,PET04284,True,2026-11-16 12:52:13.475043
ORD010488,U04285,A,PET04285,True,2026-09-30 23:50:45.738244
ORD010489,U04285,A,PET04285,True,2026-10-26 02:04:20.238888
ORD010490,U04285,A,PET04285,True,2026-10-09 02:40:03.205659
ORD010499,U04290,B,PET04290,True,2026-12-06 23:48:21.807998
ORD010509,U04293,B,PET04293,True,2026-11-02 07:30:17.058536
ORD010516,U04297,B,PET04297,True,2026-11-09 17:57:51.944726
ORD010518,U04298,A,PET04298,True,2026-12-03 22:54:47.405518
ORD010521,U04300,B,PET04300,True,2026-11-21 05:59:12.538727
ORD010528,U04301,A,PET04301,False,2026-12-07 19:02:00.000000
ORD010529,U04303,A,PET04303,True,2026-11-01 06:09:28.444906
ORD010531,U04303,A,PET04303,True,2026-10-31 22:06:29.422892
ORD010535,U04304,B,PET04304,False,2026-09-27 15:07:53.827282
ORD010544,U04310,A,PET04310,True,2026-11-27 08:11:20.344782
ORD010552,U04316,B,PET04316,True,2026-12-08 15:08:02.150447
ORD010558,U04319,A,PET04319,False,2026-11-29 01:47:14.139098
ORD010560,U04320,A,PET04320,True,2026-10-08 18:22:04.126035
ORD010568,U04322,B,PET04322,True,2026-12-01 14:03:17.046614
ORD010574,U04324,A,PET04324,True,2026-12-07 03:34:51.424837
ORD010582,U04328,A,PET04328,True,2026-11-09 08:56:50.944850
ORD010583,U04328,A,PET04328,True,2026-11-18 20:41:21.017531
ORD010591,U04331,B,PET04331,True,2026-11-10 01:24:18.795039
ORD010606,U04340,B,PET04340,True,2026-12-08 11:58:00.000000
ORD010610,U04341,B,PET04341,False,2026-11-16 10:52:46.934626
ORD010616,U04343,A,PET04343,True,2026-11-22 05:27:47.195929
ORD010618,U04344,A,PET04344,True,2026-12-07 03:41:14.182445
ORD010621,U04344,A,PET04344,True,2026-10-09 03:19:44.902064
ORD010630,U04347,A,PET04347,True,2026-11-03 07:41:14.701262
ORD010632,U04347,A,PET04347,True,2026-10-27 14:33:26.078190
ORD010636,U04348,B,PET04348,True,2026-11-16 01:04:21.402433
ORD010639,U04352,B,PET04352,True,2026-11-09 10:55:25.909247
ORD010643,U04354,B,PET04354,True,2026-11-27 19:58:27.099371
ORD010651,U04357,A,PET04357,True,2026-12-08 11:43:00.000000
ORD010652,U04357,A,PET04357,True,2026-12-08 11:38:00.000000
ORD010656,U04359,B,PET04359,True,2026-11-18 10:16:36.000000
ORD010657,U04359,B,PET04359,True,2026-11-23 17:33:22.418312
ORD010661,U04359,B,PET04359,True,2026-11-22 01:13:22.492195
ORD010663,U04361,B,PET04361,True,2026-11-10 10:43:31.037472
ORD010665,U04361,B,PET04361,True,2026-10-20 20:32:58.215080
ORD010670,U04367,A,PET04367,True,2026-09-30 05:16:15.242169
ORD010671,U04367,A,PET04367,True,2026-10-08 00:54:41.147968
ORD010678,U04368,B,PET04368,True,2026-11-21 00:11:39.679121
ORD010680,U04370,A,PET04370,True,2026-11-11 08:04:51.922092
ORD010687,U04374,B,PET04374,True,2026-12-07 16:15:38.167320
ORD010692,U04377,A,PET04377,True,2026-10-17 12:21:56.303600
ORD010700,U04378,B,PET04378,True,2026-11-03 20:07:46.897037
ORD010706,U04383,A,PET04383,True,2026-11-18 11:12:36.052581
ORD010707,U04383,A,PET04383,True,2026-10-20 00:31:41.973567
ORD010711,U04385,A,PET04385,True,2026-10-26 16:09:48.914633
ORD010714,U04385,A,PET04385,True,2026-10-30 14:07:57.918229
ORD010725,U04390,B,PET04390,True,2026-12-01 07:56:12.080517
ORD010735,U04394,A,PET04394,True,2026-09-25 17:04:36.453062
ORD010736,U04395,B,PET04395,True,2026-11-26 02:31:44.131070
ORD010740,U04397,A,PET04397,True,2026-11-02 02:34:39.159763
ORD010744,U04398,B,PET04398,True,2026-10-14 20:19:31.700899
ORD010747,U04399,A,PET04399,True,2026-10-04 12:06:42.620543
ORD010751,U04399,A,PET04399,True,2026-10-02 22:27:55.291349
ORD010754,U04401,A,PET04401,True,2026-10-28 19:41:20.812188
ORD010756,U04402,A,PET04402,True,2026-12-05 20:51:57.933248
ORD010772,U04410,A,PET04410,False,2026-10-13 17:06:15.986322
ORD010775,U04410,A,PET04410,True,2026-10-18 19:02:59.625583
ORD010776,U04410,A,PET04410,True,2026-10-31 10:06:15.986322
ORD010778,U04412,A,PET04412,True,2026-11-10 07:20:03.596430
ORD010783,U04414,A,PET04414,True,2026-12-09 23:12:00.000000
ORD010786,U04415,A,PET04415,True,2026-11-26 22:24:54.125347
ORD010788,U04416,B,PET04416,False,2026-11-09 15:30:44.543645
ORD010802,U04424,A,PET04424,True,2026-11-30 08:18:48.866940
ORD010809,U04427,A,PET04427,True,2026-11-17 15:20:33.392863
ORD010812,U04428,B,PET04428,True,2026-11-11 06:11:24.197541
ORD010821,U04432,A,PET04432,True,2026-10-30 02:44:41.202083
ORD010837,U04440,B,PET04440,True,2026-11-27 17:37:04.328922
ORD010842,U04440,B,PET04440,True,2026-11-06 07:20:41.278877
ORD010845,U04442,A,PET04442,True,2026-10-18 23:00:31.034401
ORD010852,U04446,A,PET04446,False,2026-12-02 20:59:25.395588
ORD010855,U04446,A,PET04446,True,2026-10-28 03:41:03.078918
ORD010860,U04449,A,PET04449,True,2026-11-26 08:42:55.381375
ORD010873,U04456,B,PET04456,False,2026-10-17 05:44:33.520817
ORD010880,U04458,A,PET04458,True,2026-11-04 20:22:10.428353
ORD010885,U04459,B,PET04459,True,2026-11-30 13:21:23.053608
ORD010895,U04461,A,PET04461,True,2026-11-28 21:28:11.918054
ORD010896,U04461,A,PET04461,True,2026-11-30 20:28:14.942508
ORD010899,U04462,A,PET04462,True,2026-12-08 11:54:00.000000
ORD010902,U04463,A,PET04463,True,2026-11-14 04:52:53.825044
ORD010906,U04466,B,PET04466,True,2026-11-03 09:33:29.697140
ORD010912,U04470,A,PET04470,False,2026-12-10 06:12:00.000000
ORD010919,U04473,A,PET04473,True,2026-10-27 22:58:31.234900
ORD010926,U04476,A,PET04476,True,2026-10-14 01:26:40.637430
ORD010936,U04481,A,PET04481,True,2026-12-07 15:16:52.829781
ORD010940,U04482,B,PET04482,True,2026-12-05 10:32:09.723376
ORD010944,U04482,B,PET04482,False,2026-10-26 15:15:43.601129
ORD010955,U04486,A,PET04486,True,2026-11-04 15:19:44.408500
ORD010956,U04487,B,PET04487,True,2026-12-09 02:45:00.000000
ORD010962,U04489,A,PET04489,True,2026-12-07 08:48:14.611610
ORD010963,U04490,A,PET04490,True,2026-11-10 02:19:16.701168
ORD010969,U04491,B,PET04491,False,2026-11-22 09:21:04.136660
ORD010977,U04494,A,PET04494,True,2026-10-08 07:21:35.918315
ORD010980,U04495,A,PET04495,True,2026-10-31 10:53:28.410495
ORD010983,U04496,A,PET04496,False,2026-12-03 17:36:49.094914
ORD010994,U04500,B,PET04500,True,2026-12-07 19:09:46.328687
ORD010999,U04504,B,PET04504,True,2026-11-30 08:57:19.258889
ORD011001,U04505,B,PET04505,True,2026-11-14 00:19:33.398018
ORD011009,U04507,A,PET04507,True,2026-12-09 03:00:00.000000
ORD011016,U04510,B,PET04510,True,2026-12-09 06:05:44.302177
ORD011018,U04511,B,PET04511,True,2026-11-25 04:44:46.678489
ORD011021,U04512,A,PET04512,True,2026-12-10 18:13:08.294045
ORD011029,U04514,A,PET04514,True,2026-12-04 21:51:13.242488
ORD011041,U04522,B,PET04522,True,2026-11-16 03:11:01.906588
ORD011044,U04526,A,PET04526,True,2026-11-18 12:45:22.814514
ORD011050,U04527,B,PET04527,True,2026-11-24 01:56:02.329323
ORD011054,U04527,B,PET04527,True,2026-10-25 21:21:55.782619
ORD011060,U04529,A,PET04529,True,2026-11-07 12:05:45.948649
ORD011063,U04529,A,PET04529,True,2026-12-02 22:58:45.107156
ORD011070,U04532,B,PET04532,True,2026-11-28 15:46:33.430680
ORD011077,U04535,A,PET04535,True,2026-12-06 03:06:01.793746
ORD011078,U04535,A,PET04535,False,2026-12-06 04:20:42.908051
ORD011087,U04539,B,PET04539,True,2026-12-03 09:14:32.281638
ORD011093,U04541,B,PET04541,True,2026-11-05 02:32:47.360041
ORD011095,U04542,B,PET04542,True,2026-11-19 23:58:19.121806
ORD011098,U04545,A,PET04545,True,2026-10-29 17:28:32.195455
ORD011100,U04546,B,PET04546,True,2026-12-07 12:51:38.439864
ORD011114,U04552,B,PET04552,True,2026-10-04 01:09:10.250439
ORD011116,U04552,B,PET04552,True,2026-09-19 11:09:24.611694
ORD011130,U04556,A,PET04556,True,2026-11-21 15:32:25.647446
ORD011131,U04556,A,PET04556,True,2026-11-26 03:00:33.312511
ORD011133,U04556,A,PET04556,True,2026-12-09 19:06:00.000000
ORD011138,U04558,B,PET04558,True,2026-12-07 08:51:00.000000
ORD011141,U04559,A,PET04559,True,2026-11-24 06:32:51.464189
ORD011148,U04563,B,PET04563,True,2026-11-20 22:23:56.791486
ORD011150,U04563,B,PET04563,True,2026-10-30 19:18:03.756681
ORD011155,U04564,A,PET04564,True,2026-10-05 07:34:17.861777
ORD011170,U04571,A,PET04571,True,2026-11-27 12:58:10.376584
ORD011172,U04572,B,PET04572,True,2026-09-28 05:54:47.319194
ORD011177,U04573,A,PET04573,True,2026-11-04 21:55:24.634544
ORD011182,U04577,A,PET04577,True,2026-11-30 17:56:00.325216
ORD011185,U04577,A,PET04577,True,2026-10-30 00:14:49.027429
ORD011189,U04578,A,PET04578,True,2026-10-29 21:46:02.300377
ORD011191,U04578,A,PET04578,True,2026-10-13 12:45:36.846885
ORD011197,U04581,A,PET04581,True,2026-12-09 17:09:00.000000
ORD011201,U04583,A,PET04583,True,2026-10-05 19:23:42.114361
ORD011225,U04591,A,PET04591,True,2026-11-30 08:46:14.929204
ORD011233,U04593,A,PET04593,True,2026-11-11 15:11:41.777908
ORD011234,U04594,A,PET04594,True,2026-11-23 08:04:16.378871
ORD011237,U04596,A,PET04596,True,2026-10-22 21:23:02.019713
ORD011239,U04596,A,PET04596,True,2026-11-13 07:41:08.279429
ORD011244,U04598,A,PET04598,False,2026-11-05 12:36:05.642660
ORD011248,U04602,A,PET04602,True,2026-12-09 02:34:37.152195
ORD011254,U04605,A,PET04605,True,2026-10-23 20:25:23.905759
ORD011255,U04605,A,PET04605,True,2026-12-10 13:19:00.000000
ORD011258,U04605,A,PET04605,False,2026-11-16 21:56:30.914220
ORD011261,U04605,A,PET04605,True,2026-11-26 16:53:08.021057
ORD011268,U04608,A,PET04608,False,2026-11-04 04:41:17.475966
ORD011283,U04612,A,PET04612,True,2026-11-03 23:11:48.175422
ORD011285,U04613,A,PET04613,True,2026-12-07 19:50:28.517433
ORD011293,U04616,B,PET04616,True,2026-11-05 03:14:23.385654
ORD011294,U04617,B,PET04617,True,2026-11-25 11:58:52.999698
ORD011298,U04620,A,PET04620,True,2026-12-07 09:25:06.265555
ORD011308,U04625,A,PET04625,True,2026-10-17 07:28:17.473701
ORD011319,U04628,A,PET04628,True,2026-11-25 07:38:40.780431
ORD011322,U04628,A,PET04628,True,2026-12-08 12:38:00.000000
ORD011325,U04628,A,PET04628,True,2026-11-08 19:39:46.484160
ORD011328,U04631,A,PET04631,True,2026-11-19 05:08:58.349550
ORD011332,U04631,A,PET04631,True,2026-11-07 11:40:31.707099
ORD011337,U04633,B,PET04633,True,2026-11-17 00:08:49.291569
ORD011350,U04637,A,PET04637,True,2026-11-26 18:06:51.698750
ORD011354,U04639,B,PET04639,True,2026-11-25 13:33:44.586701
ORD011361,U04642,B,PET04642,True,2026-11-04 22:08:15.198876
ORD011362,U04642,B,PET04642,True,2026-11-14 15:29:33.869832
ORD011364,U04644,A,PET04644,True,2026-10-13 17:21:17.502563
ORD011374,U04649,A,PET04649,True,2026-12-09 02:04:58.079397
ORD011385,U04653,B,PET04653,True,2026-11-26 23:11:54.234148
ORD011392,U04654,A,PET04654,True,2026-10-25 15:45:01.421948
ORD011394,U04655,A,PET04655,True,2026-10-26 22:18:20.761901
ORD011395,U04656,B,PET04656,True,2026-12-04 11:00:48.960903
ORD011411,U04662,B,PET04662,True,2026-12-07 21:22:09.467608
ORD011419,U04664,A,PET04664,True,2026-10-27 06:32:52.552411
ORD011422,U04665,A,PET04665,True,2026-10-10 12:33:20.988266
ORD011437,U04672,A,PET04672,True,2026-11-29 09:54:48.469687
ORD011443,U04673,B,PET04673,True,2026-10-05 21:13:02.295379
ORD011447,U04676,B,PET04676,True,2026-12-07 15:21:18.207709
ORD011448,U04676,B,PET04676,False,2026-11-15 02:11:19.497233
ORD011457,U04680,A,PET04680,True,2026-10-09 05:11:12.101439
ORD011458,U04680,A,PET04680,True,2026-10-16 17:24:22.457630
ORD011476,U04684,A,PET04684,False,2026-10-04 05:56:49.228032
ORD011482,U04685,B,PET04685,True,2026-11-17 16:36:56.524696
ORD011484,U04686,B,PET04686,False,2026-12-05 07:51:35.274808
ORD011485,U04688,A,PET04688,False,2026-11-15 19:12:59.801904
ORD011486,U04688,A,PET04688,True,2026-11-01 02:30:46.504694
ORD011491,U04689,B,PET04689,True,2026-11-01 06:02:58.408486
ORD011498,U04691,B,PET04691,True,2026-11-16 22:51:56.193850
ORD011505,U04695,A,PET04695,True,2026-11-24 14:59:12.376710
ORD011509,U04698,A,PET04698,True,2026-11-10 11:41:09.849231
ORD011512,U04698,A,PET04698,True,2026-11-30 20:24:48.250328
ORD011519,U04700,A,PET04700,True,2026-10-19 18:18:50.946718
ORD011528,U04706,A,PET04706,True,2026-10-08 14:10:39.185305
ORD011529,U04706,A,PET04706,True,2026-10-21 20:53:01.579672
ORD011538,U04711,A,PET04711,True,2026-11-04 02:03:33.621250
ORD011547,U04714,B,PET04714,True,2026-11-09 08:24:44.835067
ORD011553,U04715,A,PET04715,True,2026-11-15 04:38:30.615271
ORD011563,U04719,B,PET04719,True,2026-11-12 00:09:24.963533
ORD011576,U04726,B,PET04726,False,2026-11-12 04:22:38.140517
ORD011585,U04731,A,PET04731,True,2026-12-08 04:13:21.965802
ORD011587,U04732,A,PET04732,True,2026-11-21 10:32:35.094273
ORD011588,U04734,A,PET04734,True,2026-10-11 02:20:41.206087
ORD011600,U04737,B,PET04737,False,2026-10-01 19:08:57.296885
ORD011617,U04743,B,PET04743,True,2026-12-06 20:14:16.718502
ORD011619,U04744,A,PET04744,True,2026-11-07 12:52:43.748391
ORD011628,U04747,A,PET04747,False,2026-12-06 04:50:25.365755
ORD011629,U04747,A,PET04747,True,2026-12-07 21:53:00.000000
ORD011647,U04751,A,PET04751,True,2026-11-16 08:16:42.080741
ORD011653,U04755,A,PET04755,True,2026-10-23 05:17:25.855760
ORD011654,U04755,A,PET04755,True,2026-10-14 03:51:44.450118
ORD011659,U04758,A,PET04758,True,2026-09-30 04:23:18.854350
ORD011660,U04759,B,PET04759,True,2026-11-06 00:44:19.004731
ORD011664,U04759,B,PET04759,False,2026-11-26 07:36:51.155222
ORD011665,U04760,A,PET04760,True,2026-12-07 02:20:52.924286
ORD011671,U04763,B,PET04763,True,2026-12-05 20:05:26.523578
ORD011677,U04765,B,PET04765,True,2026-10-23 19:54:54.307016
ORD011684,U04767,B,PET04767,True,2026-11-25 10:07:50.043345
ORD011706,U04772,A,PET04772,False,2026-12-06 09:01:55.869131
ORD011723,U04778,B,PET04778,True,2026-11-22 17:52:30.399499
ORD011734,U04780,A,PET04780,True,2026-11-28 09:18:02.194239
ORD011739,U04783,A,PET04783,True,2026-10-29 09:10:56.454635
ORD011744,U04786,A,PET04786,True,2026-11-18 20:08:16.480503
ORD011745,U04786,A,PET04786,True,2026-11-15 10:44:50.430318
ORD011746,U04787,A,PET04787,True,2026-11-18 06:29:41.213312
ORD011752,U04788,A,PET04788,True,2026-12-09 03:41:45.077281
ORD011754,U04789,A,PET04789,True,2026-11-20 16:52:25.977047
ORD011780,U04798,B,PET04798,True,2026-11-20 18:17:08.729550
ORD011785,U04799,B,PET04799,True,2026-10-29 05:48:42.772609
ORD011788,U04800,A,PET04800,True,2026-12-08 16:01:00.000000
ORD011791,U04801,B,PET04801,True,2026-11-28 11:35:25.759773
ORD011798,U04803,A,PET04803,True,2026-10-30 06:57:20.360269
ORD011812,U04811,B,PET04811,True,2026-10-06 15:11:32.542408
ORD011820,U04813,A,PET04813,True,2026-11-15 14:13:03.318780
ORD011826,U04815,B,PET04815,True,2026-11-24 04:00:38.409036
ORD011832,U04818,B,PET04818,True,2026-10-27 05:12:53.655985
ORD011837,U04820,A,PET04820,False,2026-12-08 21:38:45.132353
ORD011838,U04821,B,PET04821,True,2026-11-21 11:30:27.244164
ORD011840,U04823,A,PET04823,True,2026-12-05 17:04:07.720050
ORD011846,U04826,B,PET04826,True,2026-11-07 05:11:22.974999
ORD011850,U04827,B,PET04827,True,2026-10-06 04:12:04.012089
ORD011859,U04830,A,PET04830,True,2026-11-05 07:28:32.116944
ORD011860,U04830,A,PET04830,True,2026-11-08 01:12:59.461200
ORD011861,U04830,A,PET04830,True,2026-12-04 09:54:22.964445
ORD011865,U04832,B,PET04832,True,2026-11-19 03:14:23.883045
ORD011871,U04835,A,PET04835,True,2026-12-09 00:22:00.000000
ORD011873,U04835,A,PET04835,True,2026-12-07 22:16:00.000000
ORD011874,U04837,B,PET04837,True,2026-10-01 07:35:20.722391
ORD011884,U04839,B,PET04839,False,2026-12-08 17:47:00.000000
ORD011886,U04841,A,PET04841,True,2026-12-10 11:49:00.000000
ORD011897,U04844,A,PET04844,True,2026-10-31 04:39:57.497442
ORD011898,U04844,A,PET04844,True,2026-10-30 09:40:15.160201
ORD011903,U04848,A,PET04848,True,2026-11-12 08:32:29.774897
ORD011904,U04848,A,PET04848,True,2026-11-11 13:05:47.875126
ORD011905,U04848,A,PET04848,True,2026-11-05 23:49:46.373075
ORD011906,U04848,A,PET04848,True,2026-10-31 04:04:59.402795
ORD011909,U04849,B,PET04849,True,2026-10-10 14:11:11.851163
ORD011916,U04855,A,PET04855,True,2026-10-30 03:44:15.979847
ORD011917,U04856,A,PET04856,True,2026-11-22 23:11:35.372180
ORD011919,U04857,B,PET04857,True,2026-12-08 09:17:28.532674
ORD011931,U04866,A,PET04866,True,2026-11-13 19:36:11.278644
ORD011933,U04867,A,PET04867,False,2026-10-30 19:23:17.381405
ORD011934,U04868,B,PET04868,True,2026-12-09 03:22:00.000000
ORD011940,U04871,B,PET04871,True,2026-10-31 04:47:30.607723
ORD011946,U04874,B,PET04874,True,2026-12-07 08:17:07.959674
ORD011952,U04875,B,PET04875,True,2026-12-07 21:54:56.322165
ORD011962,U04878,A,PET04878,True,2026-11-17 15:32:03.155738
ORD011963,U04878,A,PET04878,False,2026-11-27 17:12:09.021758
ORD011966,U04879,A,PET04879,True,2026-12-02 01:27:04.449234
ORD011982,U04886,A,PET04886,True,2026-11-20 17:01:39.462546
ORD011991,U04890,A,PET04890,True,2026-11-29 10:00:07.344826
ORD011993,U04891,A,PET04891,True,2026-12-05 08:24:51.744740
ORD012001,U04895,A,PET04895,True,2026-11-13 11:52:27.677485
ORD012009,U04897,B,PET04897,True,2026-12-06 01:40:16.957756
ORD012010,U04898,B,PET04898,True,2026-12-08 00:16:00.000000
ORD012018,U04902,A,PET04902,True,2026-12-06 16:11:56.675736
ORD012023,U04904,A,PET04904,True,2026-12-04 08:03:14.620729
ORD012025,U04904,A,PET04904,True,2026-12-04 18:25:58.610550
ORD012028,U04905,B,PET04905,True,2026-10-20 18:42:53.630069
ORD012029,U04905,B,PET04905,True,2026-09-29 16:34:58.241936
ORD012034,U04907,A,PET04907,True,2026-10-31 15:34:23.735045
ORD012037,U04908,A,PET04908,True,2026-11-27 08:31:46.277849
ORD012043,U04911,B,PET04911,True,2026-12-07 20:55:20.724463
ORD012045,U04912,B,PET04912,True,2026-10-30 08:07:17.170152
ORD012051,U04914,A,PET04914,True,2026-11-14 02:54:14.620588
ORD012071,U04926,B,PET04926,True,2026-10-20 05:01:32.912232
ORD012078,U04927,B,PET04927,True,2026-11-13 08:18:14.797253
ORD012087,U04930,A,PET04930,True,2026-10-07 13:46:51.258944
ORD012088,U04930,A,PET04930,True,2026-10-30 22:34:19.231615
ORD012089,U04930,A,PET04930,True,2026-10-15 23:37:12.030486
ORD012091,U04930,A,PET04930,True,2026-11-24 09:11:03.049651
ORD012093,U04931,B,PET04931,True,2026-10-20 09:20:37.720745
ORD012100,U04933,A,PET04933,True,2026-12-08 13:55:15.007778
ORD012101,U04933,A,PET04933,True,2026-12-06 02:00:58.491578
ORD012104,U04935,A,PET04935,True,2026-10-26 15:09:21.210478
ORD012111,U04938,B,PET04938,True,2026-12-02 00:32:50.622362
ORD012115,U04939,A,PET04939,True,2026-11-05 10:03:01.508558
ORD012123,U04942,A,PET04942,True,2026-12-09 19:42:37.322527
ORD012126,U04945,A,PET04945,True,2026-12-09 04:09:00.000000
ORD012127,U04945,A,PET04945,True,2026-10-26 22:41:44.220531
ORD012130,U04947,A,PET04947,True,2026-11-19 11:58:39.713879
ORD012136,U04950,A,PET04950,True,2026-11-13 13:17:06.183181
ORD012144,U04951,B,PET04951,False,2026-12-10 00:39:00.000000
ORD012150,U04954,A,PET04954,True,2026-12-06 19:50:27.913166
ORD012151,U04954,A,PET04954,True,2026-12-09 14:31:10.936332
ORD012166,U04958,A,PET04958,True,2026-12-04 08:08:12.996794
ORD012167,U04958,A,PET04958,True,2026-11-25 20:19:36.687256
ORD012170,U04958,A,PET04958,True,2026-12-08 05:00:15.879446
ORD012171,U04959,B,PET04959,True,2026-12-06 07:29:18.503949
ORD012176,U04961,B,PET04961,True,2026-11-24 12:21:38.919048
ORD012186,U04966,A,PET04966,True,2026-12-07 17:44:11.538315
ORD012189,U04967,A,PET04967,True,2026-11-27 06:33:59.941830
ORD012190,U04967,A,PET04967,True,2026-11-11 00:16:26.843425
ORD012191,U04967,A,PET04967,True,2026-12-05 22:22:04.808423
ORD012196,U04968,B,PET04968,True,2026-11-23 18:08:42.705004
ORD012197,U04968,B,PET04968,True,2026-10-23 22:56:45.848064
ORD012201,U04970,B,PET04970,True,2026-11-29 05:21:06.225370
ORD012206,U04972,B,PET04972,True,2026-10-30 06:32:45.832088
ORD012227,U04984,B,PET04984,True,2026-11-24 14:18:23.399164
ORD012235,U04986,B,PET04986,False,2026-10-19 02:01:31.474775
ORD012248,U04991,B,PET04991,True,2026-11-22 23:26:36.823088
ORD012254,U04997,B,PET04997,True,2026-11-24 23:51:21.000093
ORD012259,U05000,A,PET05000,False,2026-12-06 23:59:48.775476
