user_id,group,signup_date,pet_id,pet_species,pet_age,pet_weight_kg,pet_has_allergy
U00001,A,2026-09-16 18:35:14,PET00001,dog,3,31.4,True
U00002,B,2026-11-16 07:48:35,PET00002,dog,2,16.8,False
U00003,B,2026-11-05 20:11:38,PET00003,dog,14,7.0,False
U00004,A,2026-10-17 04:01:32,PET00004,cat,12,30.1,False
U00005,A,2026-10-16 03:56:52,PET00005,cat,14,33.1,False
U00006,A,2026-11-24 09:45:43,PET00006,dog,4,4.8,True
U00007,B,2026-09-15 10:03:17,PET00007,dog,5,26.7,False
U00008,A,2026-11-09 17:13:20,PET00008,dog,4,8.7,False
U00009,A,2026-09-26 15:32:19,PET00009,cat,8,1.7,False
U00010,B,2026-09-16 23:50:31,PET00010,dog,3,10.2,False
U00011,B,2026-10-25 16:15:13,PET00011,dog,4,30.1,False
U00012,B,2026-12-04 04:50:59,PET00012,dog,14,6.2,False
U00013,B,2026-11-13 02:07:32,PET00013,dog,5,5.9,True
U00014,B,2026-11-15 06:23:00,PET00014,dog,11,26.3,True
U00015,A,2026-11-11 23:36:15,PET00015,dog,4,15.1,False
U00016,B,2026-11-17 18:26:59,PET00016,cat,14,6.5,False
U00017,A,2026-10-24 17:47:04,PET00017,cat,10,9.2,False
U00018,B,2026-09-19 06:31:45,PET00018,cat,13,28.1,False
U00019,A,2026-11-22 11:15:02,PET00019,cat,8,22.4,False
U00020,B,2026-10-18 16:53:23,PET00020,dog,13,27.0,False
U00021,B,2026-10-23 22:43:39,PET00021,cat,6,4.8,True
U00022,A,2026-10-11 14:00:13,PET00022,cat,7,16.8,True
U00023,A,2026-09-24 00:30:40,PET00023,cat,1,28.2,False
U00024,B,2026-11-30 20:31:02,PET00024,cat,3,10.4,False
U00025,A,2026-11-17 22:24:38,PET00025,dog,11,7.2,False
U00026,B,2026-11-04 00:48:00,PET00026,dog,5,14.3,False
U00027,A,2026-10-14 09:24:49,PET00027,dog,2,12.7,False
U00028,B,2026-11-21 23:30:50,PET00028,dog,5,7.7,False
U00029,A,2026-10-27 22:53:10,PET00029,dog,5,33.5,False
U00030,A,2026-10-17 23:08:31,PET00030,dog,11,17.7,True
U00031,A,2026-10-18 23:24:47,PET00031,dog,2,21.9,False
U00032,B,2026-09-28 00:32:14,PET00032,cat,1,5.6,False
U00033,B,2026-09-16 03:37:29,PET00033,cat,11,21.9,False
U00034,A,2026-10-27 11:59:17,PET00034,cat,2,20.1,True
U00035,B,2026-11-26 14:28:43,PET00035,dog,6,32.7,False
U00036,A,2026-09-13 09:38:03,PET00036,cat,10,15.3,False
U00037,B,2026-11-24 06:26:03,PET00037,cat,8,27.7,False
U00038,A,2026-11-21 06:05:59,PET00038,cat,2,11.7,False
U00039,B,2026-10-02 14:28:47,PET00039,cat,11,20.9,False
U00040,B,2026-11-03 23:28:04,PET00040,dog,1,32.6,False
U00041,B,2026-09-22 19:49:49,PET00041,dog,4,22.4,False
U00042,A,2026-11-15 04:11:25,PET00042,cat,2,25.3,False
U00043,A,2026-11-10 03:33:13,PET00043,cat,8,30.8,False
U00044,B,2026-10-09 06:19:31,PET00044,dog,10,32.5,False
U00045,B,2026-09-14 17:35:47,PET00045,dog,10,8.5,False
U00046,A,2026-12-04 00:11:50,PET00046,dog,2,8.1,False
U00047,A,2026-10-18 16:54:19,PET00047,dog,5,19.9,False
U00048,A,2026-11-27 13:55:31,PET00048,cat,3,34.8,True
U00049,A,2026-11-08 15:50:16,PET00049,cat,5,17.9,False
U00050,B,2026-11-17 20:39:33,PET00050,dog,4,12.6,True
U00051,A,2026-11-15 14:11:06,PET00051,dog,11,19.5,False
U00052,A,2026-09-25 14:55:33,PET00052,dog,11,3.7,False
U00053,A,2026-10-10 11:31:27,PET00053,dog,12,7.4,False
U00054,B,2026-10-20 15:38:18,PET00054,dog,3,6.5,False
U00055,A,2026-10-22 09:07:38,PET00055,cat,1,2.4,True
U00056,B,2026-09-11 01:35:30,PET00056,cat,1,25.7,False
U00057,A,2026-10-27 00:36:22,PET00057,dog,12,12.4,False
U00058,B,2026-09-21 17:09:19,PET00058,cat,13,7.1,False
U00059,B,2026-11-13 15:17:52,PET00059,cat,3,18.7,True
U00060,A,2026-11-08 09:48:57,PET00060,dog,13,12.3,False
U00061,B,2026-11-30 17:54:38,PET00061,cat,8,14.7,False
U00062,B,2026-11-14 11:22:08,PET00062,cat,3,12.1,True
U00063,B,2026-10-10 06:06:59,PET00063,cat,5,1.6,False
U00064,A,2026-12-04 14:02:25,PET00064,dog,4,24.6,False
U00065,B,2026-10-14 09:04:16,PET00065,dog,11,5.2,False
U00066,A,2026-10-07 23:24:31,PET00066,dog,3,8.8,False
U00067,A,2026-11-28 17:18:33,PET00067,dog,3,7.9,False
U00068,A,2026-10-11 17:57:23,PET00068,dog,11,12.6,False
U00069,A,2026-09-14 16:30:34,PET00069,cat,5,6.9,False
U00070,B,2026-10-20 16:24:51,PET00070,dog,4,13.1,False
U00071,B,2026-11-18 18:33:17,PET00071,dog,12,9.6,False
U00072,A,2026-09-25 10:21:55,PET00072,cat,14,3.6,False
U00073,B,2026-10-19 19:43:19,PET00073,dog,8,30.7,False
U00074,A,2026-09-19 00:49:36,PET00074,dog,12,11.7,False
U00075,B,2026-11-08 15:59:31,PET00075,cat,12,4.7,False
U00076,A,2026-10-20 12:55:42,PET00076,dog,9,19.0,False
U00077,B,2026-10-07 00:11:57,PET00077,dog,12,5.6,True
U00078,A,2026-09-28 15:51:40,PET00078,cat,1,27.4,False
U00079,A,2026-10-28 00:03:21,PET00079,dog,1,3.6,False
U00080,B,2026-11-07 16:54:01,PET00080,dog,13,17.1,False
U00081,A,2026-12-01 12:34:54,PET00081,dog,2,33.1,False
U00082,A,2026-10-17 14:35:20,PET00082,cat,11,6.8,False
U00083,A,2026-09-22 14:38:16,PET00083,dog,6,8.2,False
U00084,A,2026-11-21 07:12:31,PET00084,cat,12,21.6,False
U00085,B,2026-11-03 14:56:18,PET00085,dog,10,34.3,True
U00086,A,2026-11-10 05:18:17,PET00086,cat,2,14.4,False
U00087,B,2026-09-16 18:12:35,PET00087,dog,5,23.2,False
U00088,B,2026-10-06 02:09:44,PET00088,dog,10,6.6,False
U00089,A,2026-11-16 03:24:07,PET00089,dog,13,23.0,False
U00090,A,2026-11-21 16:52:04,PET00090,cat,12,10.0,True
U00091,B,2026-10-17 01:23:00,PET00091,dog,13,22.0,True
U00092,A,2026-11-19 23:17:55,PET00092,dog,14,4.5,True
U00093,B,2026-11-22 00:44:31,PET00093,dog,13,19.1,False
U00094,B,2026-10-12 12:36:01,PET00094,dog,9,9.5,False
U00095,A,2026-11-27 23:37:10,PET00095,cat,5,24.3,False
U00096,A,2026-10-03 16:09:22,PET00096,dog,8,26.5,False
U00097,A,2026-09-29 15:10:41,PET00097,dog,12,29.9,True
U00098,A,2026-11-08 16:37:20,PET00098,dog,6,34.7,False
U00099,B,2026-11-04 16:56:59,PET00099,dog,12,16.9,False
U00100,A,2026-09-20 03:52:28,PET00100,dog,10,24.0,False
U00101,B,2026-11-21 07:24:35,PET00101,dog,3,2.1,False
U00102,B,2026-09-25 04:36:11,PET00102,dog,13,31.8,False
U00103,A,2026-11-19 05:05:03,PET00103,cat,12,22.1,False
U00104,B,2026-09-08 04:59:46,PET00104,dog,9,15.6,True
U00105,A,2026-11-18 15:18:30,PET00105,cat,3,16.0,False
U00106,A,2026-11-17 22:23:17,PET00106,dog,4,26.9,False
U00107,A,2026-11-17 13:24:58,PET00107,dog,12,29.4,False
U00108,B,2026-11-06 00:22:26,PET00108,dog,1,28.6,True
U00109,A,2026-10-20 16:36:54,PET00109,dog,7,18.6,False
U00110,B,2026-11-10 12:59:16,PET00110,cat,9,13.9,False
U00111,A,2026-10-02 18:39:10,PET00111,cat,4,33.2,False
U00112,B,2026-11-17 09:03:08,PET00112,cat,13,22.7,True
U00113,B,2026-10-28 10:17:14,PET00113,cat,8,19.7,False
U00114,B,2026-10-19 15:49:27,PET00114,dog,1,21.5,True
U00115,B,2026-10-23 16:58:59,PET00115,dog,5,22.6,False
U00116,A,2026-10-29 05:17:30,PET00116,cat,6,25.4,False
U00117,B,2026-09-11 14:04:40,PET00117,dog,4,20.0,False
U00118,B,2026-09-20 23:04:05,PET00118,dog,14,30.8,False
U00119,B,2026-09-30 01:32:59,PET00119,cat,6,30.3,False
U00120,B,2026-09-18 07:56:57,PET00120,cat,8,16.3,False
U00121,A,2026-10-17 12:48:32,PET00121,cat,8,7.1,True
U00122,B,2026-11-07 22:13:20,PET00122,dog,4,20.8,False
U00123,A,2026-11-05 23:14:10,PET00123,cat,8,22.3,False
U00124,A,2026-10-20 14:08:26,PET00124,dog,5,19.0,False
U00125,A,2026-11-23 13:07:26,PET00125,dog,1,31.3,False
U00126,A,2026-10-28 09:56:49,PET00126,dog,6,4.6,True
U00127,A,2026-09-15 10:41:23,PET00127,cat,9,11.1,True
U00128,B,2026-11-15 17:36:47,PET00128,cat,2,30.5,False
U00129,B,2026-10-29 13:03:52,PET00129,cat,11,33.0,False
U00130,B,2026-11-04 13:16:24,PET00130,dog,10,15.8,False
U00131,A,2026-10-28 20:15:12,PET00131,dog,5,8.0,False
U00132,B,2026-10-27 03:19:33,PET00132,dog,9,15.6,False
U00133,B,2026-09-16 22:58:57,PET00133,cat,5,16.8,False
U00134,B,2026-10-28 16:54:27,PET00134,dog,10,18.9,True
U00135,A,2026-11-18 14:04:48,PET00135,dog,3,10.7,False
U00136,B,2026-10-05 13:54:28,PET00136,cat,9,12.0,False
U00137,A,2026-11-01 13:50:26,PET00137,dog,1,23.5,False
U00138,B,2026-09-10 13:34:31,PET00138,cat,1,22.3,False
U00139,B,2026-10-09 08:24:53,PET00139,dog,4,23.7,True
U00140,B,2026-10-17 17:42:55,PET00140,cat,3,14.1,False
U00141,A,2026-12-05 06:03:50,PET00141,dog,7,12.8,False
U00142,B,2026-09-27 15:41:00,PET00142,dog,3,13.3,False
U00143,B,2026-10-02 12:38:06,PET00143,dog,4,33.4,False
U00144,B,2026-10-14 08:47:23,PET00144,dog,2,14.7,False
U00145,A,2026-12-06 19:17:37,PET00145,cat,13,21.8,False
U00146,A,2026-11-23 07:38:37,PET00146,dog,11,19.0,False
U00147,B,2026-09-11 15:49:45,PET00147,dog,4,30.9,False
U00148,A,2026-09-29 06:01:10,PET00148,cat,2,13.9,False
U00149,A,2026-11-20 04:48:45,PET00149,dog,12,16.0,True
U00150,B,2026-09-13 13:48:12,PET00150,cat,10,29.7,False
U00151,A,2026-11-24 23:25:03,PET00151,cat,13,6.9,True
U00152,B,2026-10-03 07:11:50,PET00152,dog,3,21.4,False
U00153,B,2026-11-29 02:44:49,PET00153,cat,6,14.9,False
U00154,B,2026-10-04 02:53:24,PET00154,dog,2,34.5,False
U00155,A,2026-10-17 11:48:12,PET00155,dog,6,25.7,True
U00156,B,2026-11-06 18:47:05,PET00156,dog,3,1.9,True
U00157,B,2026-09-19 17:05:38,PET00157,cat,1,29.6,False
U00158,A,2026-10-28 05:01:09,PET00158,cat,8,25.1,True
U00159,A,2026-10-23 20:02:18,PET00159,dog,14,20.3,False
U00160,B,2026-11-17 03:57:25,PET00160,cat,10,9.4,True
U00161,A,2026-12-06 13:25:17,PET00161,dog,11,6.5,False
U00162,A,2026-11-06 20:22:33,PET00162,cat,12,22.6,False
U00163,B,2026-10-14 19:23:19,PET00163,cat,14,16.2,False
U00164,B,2026-10-14 16:51:03,PET00164,cat,2,30.4,False
U00165,A,2026-10-15 07:56:41,PET00165,cat,4,10.3,False
U00166,A,2026-11-20 18:23:15,PET00166,cat,9,22.9,False
U00167,A,2026-10-06 09:16:46,PET00167,dog,12,9.8,False
U00168,A,2026-09-23 08:24:31,PET00168,cat,11,22.8,False
U00169,B,2026-10-08 12:47:05,PET00169,cat,11,3.1,True
U00170,B,2026-09-10 14:49:06,PET00170,cat,5,14.6,False
U00171,B,2026-09-17 05:01:09,PET00171,dog,6,7.3,False
U00172,A,2026-09-16 22:22:21,PET00172,cat,2,21.8,False
U00173,A,2026-11-16 20:48:25,PET00173,dog,5,12.1,True
U00174,B,2026-11-12 06:47:05,PET00174,dog,3,27.3,True
U00175,A,2026-11-09 05:48:05,PET00175,dog,14,5.3,True
U00176,A,2026-10-19 01:39:18,PET00176,dog,2,20.1,False
U00177,A,2026-11-11 09:44:48,PET00177,cat,6,21.4,False
U00178,B,2026-09-22 04:06:03,PET00178,dog,13,2.2,False
U00179,B,2026-11-28 22:19:48,PET00179,cat,14,2.7,False
U00180,A,2026-10-23 21:32:21,PET00180,cat,6,11.8,True
U00181,B,2026-12-01 19:53:11,PET00181,dog,7,21.9,False
U00182,B,2026-09-21 06:45:24,PET00182,cat,8,33.7,False
U00183,B,2026-10-22 16:33:39,PET00183,dog,12,4.5,False
U00184,B,2026-11-09 11:47:24,PET00184,cat,11,25.1,False
U00185,B,2026-10-22 06:33:34,PET00185,cat,8,24.7,False
U00186,A,2026-10-18 12:49:46,PET00186,dog,6,23.9,True
U00187,B,2026-09-22 03:58:03,PET00187,cat,6,18.8,False
U00188,A,2026-10-12 23:02:25,PET00188,dog,10,33.9,False
U00189,A,2026-09-29 03:55:55,PET00189,dog,12,18.3,False
U00190,B,2026-10-05 07:14:07,PET00190,cat,2,29.6,True
U00191,A,2026-11-08 05:18:50,PET00191,dog,11,10.3,False
U00192,B,2026-11-03 12:30:48,PET00192,cat,7,28.5,False
U00193,A,2026-11-01 16:07:45,PET00193,dog,3,34.9,False
U00194,B,2026-10-10 22:59:41,PET00194,dog,2,32.0,False
U00195,B,2026-12-03 09:19:39,PET00195,cat,5,11.7,False
U00196,A,2026-09-15 04:49:56,PET00196,dog,4,29.8,False
U00197,A,2026-10-08 00:31:10,PET00197,cat,2,4.7,True
U00198,B,2026-09-18 14:20:57,PET00198,dog,5,24.2,False
U00199,B,2026-10-08 23:29:50,PET00199,cat,12,13.0,False
U00200,A,2026-12-03 01:31:35,PET00200,cat,11,23.6,False
U00201,A,2026-10-10 23:54:28,PET00201,dog,3,15.3,False
U00202,B,2026-11-28 06:18:41,PET00202,dog,10,1.8,False
U00203,A,2026-10-22 21:48:05,PET00203,dog,7,9.2,False
U00204,A,2026-11-09 01:39:40,PET00204,cat,11,2.9,False
U00205,A,2026-10-19 21:24:06,PET00205,dog,4,15.8,False
U00206,B,2026-10-01 07:55:25,PET00206,dog,1,29.6,False
U00207,B,2026-11-15 06:35:45,PET00207,cat,5,26.2,True
U00208,A,2026-12-04 04:57:15,PET00208,dog,14,27.9,False
U00209,A,2026-10-01 03:12:26,PET00209,dog,8,28.5,True
U00210,B,2026-11-17 19:09:43,PET00210,dog,1,14.0,False
U00211,B,2026-10-01 01:39:52,PET00211,dog,14,18.5,True
U00212,A,2026-11-11 11:07:17,PET00212,cat,12,18.5,False
U00213,B,2026-11-18 22:45:58,PET00213,cat,8,5.3,False
U00214,A,2026-10-18 09:43:12,PET00214,cat,11,21.5,False
U00215,B,2026-11-13 19:50:59,PET00215,cat,3,25.6,False
U00216,A,2026-10-02 16:36:56,PET00216,dog,9,22.0,True
U00217,B,2026-09-15 19:05:17,PET00217,dog,13,26.5,False
U00218,B,2026-09-16 22:43:58,PET00218,cat,7,5.5,False
U00219,B,2026-10-18 02:20:55,PET00219,cat,1,27.0,False
U00220,A,2026-11-28 07:14:13,PET00220,cat,11,8.5,False
U00221,A,2026-09-19 07:42:53,PET00221,dog,11,30.9,False
U00222,A,2026-10-19 01:36:07,PET00222,cat,11,9.7,True
U00223,B,2026-11-10 02:32:57,PET00223,cat,10,18.0,False
U00224,B,2026-09-26 02:38:05,PET00224,cat,2,17.8,False
U00225,B,2026-11-11 22:47:30,PET00225,cat,2,10.5,False
U00226,A,2026-10-05 20:34:23,PET00226,dog,12,13.6,False
U00227,B,2026-11-19 14:07:20,PET00227,dog,12,7.7,False
U00228,B,2026-10-30 20:18:01,PET00228,dog,2,20.6,False
U00229,A,2026-10-27 08:15:09,PET00229,dog,9,32.1,False
U00230,A,2026-09-23 11:24:31,PET00230,cat,8,12.1,False
U00231,B,2026-10-19 21:12:16,PET00231,dog,5,18.5,False
U00232,A,2026-11-24 03:32:36,PET00232,dog,10,30.4,False
U00233,A,2026-09-09 03:30:36,PET00233,dog,13,16.7,False
U00234,B,2026-11-15 12:38:08,PET00234,cat,12,29.3,True
U00235,A,2026-10-22 06:03:54,PET00235,dog,3,16.5,False
U00236,A,2026-11-11 16:02:31,PET00236,dog,7,16.2,False
U00237,A,2026-11-06 15:15:42,PET00237,cat,14,6.8,False
U00238,A,2026-10-16 07:58:25,PET00238,dog,4,5.7,True
U00239,A,2026-10-05 02:46:48,PET00239,dog,12,22.0,True
U00240,B,2026-11-03 01:58:49,PET00240,dog,7,29.2,False
U00241,A,2026-09-20 10:37:48,PET00241,cat,8,6.0,True
U00242,B,2026-10-30 07:43:35,PET00242,cat,4,32.0,True
U00243,A,2026-09-16 00:48:49,PET00243,cat,13,13.5,False
U00244,A,2026-11-05 16:34:25,PET00244,dog,8,15.7,True
U00245,A,2026-11-03 22:58:24,PET00245,cat,9,31.5,False
U00246,A,2026-09-15 23:28:50,PET00246,cat,7,31.5,False
U00247,A,2026-11-15 02:49:36,PET00247,dog,2,19.1,True
U00248,A,2026-10-15 04:33:43,PET00248,dog,11,10.8,False
U00249,A,2026-11-17 10:22:04,PET00249,dog,5,7.3,True
U00250,A,2026-09-11 21:56:57,PET00250,cat,4,10.6,True
U00251,B,2026-09-24 13:47:22,PET00251,dog,11,27.7,False
U00252,A,2026-10-22 10:57:32,PET00252,dog,3,12.4,False
U00253,B,2026-09-24 22:13:02,PET00253,cat,10,24.8,False
U00254,A,2026-10-07 15:55:02,PET00254,cat,7,8.0,False
U00255,A,2026-11-06 23:38:12,PET00255,cat,12,17.5,False
U00256,A,2026-09-21 20:43:43,PET00256,cat,1,13.3,False
U00257,A,2026-11-07 23:57:32,PET00257,dog,11,18.4,False
U00258,B,2026-09-17 13:22:44,PET00258,cat,4,20.6,False
U00259,A,2026-09-23 08:59:19,PET00259,dog,13,34.7,False
U00260,B,2026-10-30 01:28:30,PET00260,dog,5,31.6,True
U00261,A,2026-11-18 17:31:02,PET00261,cat,1,24.8,False
U00262,B,2026-09-23 06:22:43,PET00262,dog,7,6.7,False
U00263,A,2026-10-04 00:15:48,PET00263,dog,1,32.3,True
U00264,A,2026-11-30 19:16:11,PET00264,cat,4,31.4,False
U00265,B,2026-12-06 10:10:43,PET00265,dog,11,31.2,False
U00266,B,2026-10-30 13:16:09,PET00266,dog,8,17.5,True
U00267,B,2026-10-18 18:48:57,PET00267,cat,10,7.2,False
U00268,B,2026-10-09 07:53:52,PET00268,cat,13,26.8,False
U00269,A,2026-11-02 19:36:07,PET00269,cat,7,14.5,False
U00270,B,2026-10-31 13:59:57,PET00270,dog,8,13.0,False
U00271,B,2026-10-04 13:37:21,PET00271,cat,1,14.6,False
U00272,A,2026-09-10 06:26:44,PET00272,cat,5,20.2,False
U00273,A,2026-09-21 18:55:52,PET00273,dog,11,12.7,False
U00274,B,2026-12-03 05:47:03,PET00274,dog,1,24.6,False
U00275,A,2026-10-15 14:51:31,PET00275,dog,6,23.2,False
U00276,A,2026-10-21 19:52:53,PET00276,dog,2,18.5,False
U00277,B,2026-10-20 02:47:42,PET00277,dog,13,3.3,False
U00278,A,2026-11-17 09:36:05,PET00278,cat,8,32.9,False
U00279,B,2026-09-13 16:15:42,PET00279,cat,10,15.3,True
U00280,A,2026-09-15 06:34:32,PET00280,dog,10,16.6,True
U00281,A,2026-10-02 00:40:12,PET00281,cat,4,16.8,True
U00282,B,2026-10-21 09:49:12,PET00282,dog,1,13.7,False
U00283,B,2026-11-07 11:55:19,PET00283,dog,6,24.1,True
U00284,A,2026-10-22 22:05:42,PET00284,cat,3,2.0,False
U00285,B,2026-10-17 19:22:26,PET00285,dog,5,30.8,False
U00286,A,2026-12-01 04:20:20,PET00286,cat,5,4.9,False
U00287,A,2026-09-22 06:38:59,PET00287,dog,11,35.0,False
U00288,A,2026-10-29 04:26:43,PET00288,dog,5,22.5,True
U00289,B,2026-10-26 21:51:31,PET00289,dog,3,3.7,False
U00290,B,2026-10-20 08:29:25,PET00290,dog,14,20.3,False
U00291,A,2026-11-19 21:23:17,PET00291,cat,1,12.6,True
U00292,A,2026-10-02 01:27:01,PET00292,cat,3,33.4,False
U00293,B,2026-12-02 13:24:44,PET00293,dog,5,26.8,False
U00294,A,2026-10-07 01:47:53,PET00294,dog,1,18.5,True
U00295,A,2026-10-27 13:18:35,PET00295,cat,13,15.9,False
U00296,A,2026-10-24 00:15:48,PET00296,cat,5,34.9,True
U00297,B,2026-11-23 03:45:04,PET00297,dog,11,23.9,True
U00298,A,2026-10-17 03:30:30,PET00298,dog,2,18.7,True
U00299,A,2026-10-03 17:01:03,PET00299,dog,8,14.8,False
U00300,B,2026-09-09 15:22:09,PET00300,dog,2,12.4,False
U00301,A,2026-10-10 13:24:03,PET00301,dog,4,25.1,False
U00302,A,2026-11-21 04:42:51,PET00302,dog,6,21.2,False
U00303,B,2026-09-08 06:22:45,PET00303,dog,13,29.9,False
U00304,B,2026-11-27 09:04:01,PET00304,dog,5,20.0,False
U00305,A,2026-10-26 23:29:30,PET00305,dog,11,21.0,False
U00306,B,2026-09-20 16:56:02,PET00306,cat,2,17.5,False
U00307,A,2026-10-05 00:45:29,PET00307,cat,4,27.0,False
U00308,B,2026-10-27 00:45:49,PET00308,dog,9,15.4,False
U00309,B,2026-10-06 08:20:39,PET00309,dog,7,30.0,True
U00310,B,2026-09-17 05:01:02,PET00310,dog,8,12.5,False
U00311,B,2026-11-06 09:46:08,PET00311,cat,10,24.7,False
U00312,B,2026-11-07 23:54:04,PET00312,cat,2,31.4,False
U00313,A,2026-09-18 04:41:49,PET00313,dog,10,27.3,False
U00314,A,2026-10-03 14:19:37,PET00314,cat,13,13.0,True
U00315,B,2026-09-29 11:34:58,PET00315,cat,11,25.2,False
U00316,A,2026-11-06 15:50:22,PET00316,cat,4,8.4,False
U00317,A,2026-11-12 13:07:16,PET00317,dog,5,3.4,False
U00318,A,2026-11-12 12:23:06,PET00318,dog,14,28.0,False
U00319,A,2026-12-01 06:37:29,PET00319,cat,12,28.6,False
U00320,B,2026-11-16 23:10:53,PET00320,dog,14,2.3,True
U00321,B,2026-10-06 06:25:06,PET00321,cat,13,33.3,False
U00322,B,2026-09-17 03:27:47,PET00322,cat,7,16.4,False
U00323,B,2026-11-02 02:18:14,PET00323,dog,2,31.8,False
U00324,B,2026-11-29 01:37:01,PET00324,dog,4,27.9,False
U00325,A,2026-12-04 08:28:25,PET00325,dog,5,31.7,False
U00326,B,2026-09-28 19:35:16,PET00326,dog,12,29.4,True
U00327,A,2026-09-29 03:42:37,PET00327,cat,4,34.1,False
U00328,B,2026-09-11 00:05:53,PET00328,cat,6,22.6,False
U00329,A,2026-09-20 12:43:07,PET00329,dog,12,9.1,False
U00330,A,2026-10-27 13:28:38,PET00330,cat,3,14.6,True
U00331,A,2026-10-27 13:31:14,PET00331,dog,10,26.7,False
U00332,B,2026-10-11 00:02:02,PET00332,cat,8,6.8,False
U00333,B,2026-10-05 04:52:28,PET00333,dog,14,32.6,True
U00334,A,2026-11-21 08:21:28,PET00334,cat,7,8.4,True
U00335,B,2026-10-19 17:45:09,PET00335,cat,8,30.8,False
U00336,A,2026-11-19 15:37:16,PET00336,dog,12,17.7,True
U00337,B,2026-12-03 19:32:58,PET00337,cat,14,29.7,False
U00338,B,2026-10-06 13:08:08,PET00338,cat,11,33.6,False
U00339,A,2026-09-26 09:41:01,PET00339,dog,10,15.6,False
U00340,B,2026-12-02 13:26:12,PET00340,cat,13,24.8,False
U00341,B,2026-11-04 09:14:12,PET00341,cat,14,9.1,False
U00342,B,2026-10-04 03:46:34,PET00342,cat,11,28.3,True
U00343,B,2026-11-02 13:49:11,PET00343,dog,5,29.0,False
U00344,B,2026-10-24 07:04:24,PET00344,cat,9,11.4,True
U00345,B,2026-11-28 06:20:44,PET00345,cat,4,2.3,True
U00346,A,2026-10-01 17:02:26,PET00346,cat,8,15.9,True
U00347,B,2026-12-06 01:35:09,PET00347,dog,7,7.2,False
U00348,A,2026-12-01 00:33:32,PET00348,dog,14,28.9,True
U00349,A,2026-09-24 08:32:48,PET00349,cat,8,10.2,True
U00350,B,2026-09-22 14:17:12,PET00350,dog,14,33.1,False
U00351,A,2026-10-25 20:09:20,PET00351,dog,12,34.1,True
U00352,A,2026-09-12 12:24:34,PET00352,dog,12,31.9,False
U00353,A,2026-10-04 06:12:28,PET00353,cat,3,21.6,False
U00354,A,2026-10-17 08:15:17,PET00354,dog,11,10.5,False
U00355,B,2026-12-04 09:05:02,PET00355,cat,4,28.5,True
U00356,A,2026-12-06 08:02:04,PET00356,cat,9,25.0,True
U00357,A,2026-09-21 16:02:58,PET00357,cat,7,34.2,False
U00358,A,2026-11-27 19:10:29,PET00358,cat,4,14.1,False
U00359,B,2026-09-16 17:00:41,PET00359,dog,14,3.5,True
U00360,B,2026-11-14 09:10:04,PET00360,cat,13,34.9,False
U00361,A,2026-11-23 06:54:01,PET00361,dog,9,29.6,False
U00362,A,2026-11-27 01:54:59,PET00362,cat,1,8.9,True
U00363,B,2026-09-28 19:09:00,PET00363,dog,3,25.8,False
U00364,B,2026-11-27 23:05:20,PET00364,cat,4,1.5,False
U00365,A,2026-09-18 01:18:55,PET00365,cat,14,20.2,False
U00366,A,2026-10-24 03:07:43,PET00366,dog,6,13.7,False
U00367,A,2026-10-20 05:08:55,PET00367,cat,1,14.3,False
U00368,A,2026-10-06 19:08:20,PET00368,dog,9,9.7,False
U00369,B,2026-09-09 05:11:31,PET00369,dog,14,10.7,False
U00370,A,2026-11-16 00:20:04,PET00370,dog,8,16.7,False
U00371,B,2026-10-08 08:03:40,PET00371,dog,7,9.8,False
U00372,A,2026-11-06 08:44:44,PET00372,cat,3,17.1,False
U00373,A,2026-10-14 09:29:09,PET00373,cat,13,20.8,True
U00374,A,2026-10-11 12:21:51,PET00374,dog,2,25.3,False
U00375,B,2026-11-26 05:48:19,PET00375,cat,14,24.2,False
U00376,A,2026-09-16 00:42:53,PET00376,cat,4,9.6,False
U00377,B,2026-11-13 02:34:31,PET00377,cat,2,2.8,False
U00378,B,2026-11-14 17:37:05,PET00378,dog,5,29.4,False
U00379,A,2026-10-12 15:50:01,PET00379,cat,1,30.7,False
U00380,A,2026-10-01 06:15:14,PET00380,dog,1,34.3,False
U00381,A,2026-09-08 22:34:43,PET00381,cat,3,33.7,True
U00382,A,2026-12-01 12:59:16,PET00382,cat,10,22.7,False
U00383,A,2026-12-02 19:07:36,PET00383,cat,12,31.5,True
U00384,B,2026-09-29 19:00:57,PET00384,dog,4,16.5,False
U00385,A,2026-09-10 07:12:12,PET00385,dog,10,27.9,False
U00386,B,2026-09-19 14:11:12,PET00386,cat,5,33.5,False
U00387,B,2026-09-14 14:14:02,PET00387,dog,7,28.2,True
U00388,A,2026-11-21 10:56:04,PET00388,dog,5,15.4,False
U00389,A,2026-11-27 15:14:52,PET00389,cat,13,14.2,False
U00390,B,2026-09-21 08:04:00,PET00390,cat,8,11.3,False
U00391,B,2026-11-14 02:21:15,PET00391,dog,8,13.8,True
U00392,B,2026-09-24 01:04:57,PET00392,dog,13,29.0,False
U00393,A,2026-10-11 10:43:30,PET00393,cat,10,25.0,False
U00394,A,2026-10-31 21:54:45,PET00394,dog,3,9.9,False
U00395,B,2026-11-11 05:08:39,PET00395,dog,3,25.3,False
U00396,A,2026-11-25 14:12:22,PET00396,dog,5,14.2,False
U00397,A,2026-09-12 03:56:18,PET00397,dog,2,20.2,False
U00398,A,2026-09-25 15:09:24,PET00398,cat,10,13.9,False
U00399,A,2026-10-03 04:25:03,PET00399,dog,7,19.0,True
U00400,A,2026-10-05 10:34:20,PET00400,dog,1,25.9,True
U00401,A,2026-12-06 19:23:55,PET00401,dog,6,26.0,True
U00402,A,2026-11-16 08:56:42,PET00402,dog,12,26.7,False
U00403,B,2026-10-06 22:25:12,PET00403,dog,13,14.6,False
U00404,A,2026-12-04 01:07:10,PET00404,cat,14,24.6,False
U00405,A,2026-10-22 02:00:49,PET00405,cat,13,9.5,False
U00406,A,2026-10-23 04:03:20,PET00406,dog,9,17.5,False
U00407,A,2026-10-17 05:51:05,PET00407,dog,13,21.0,False
U00408,A,2026-09-20 10:12:47,PET00408,dog,14,24.5,False
U00409,B,2026-12-01 21:55:59,PET00409,dog,9,32.1,False
U00410,A,2026-09-09 05:48:03,PET00410,cat,6,11.7,True
U00411,B,2026-09-23 08:34:00,PET00411,dog,14,29.8,False
U00412,A,2026-09-28 01:03:59,PET00412,cat,6,11.9,False
U00413,A,2026-10-03 17:08:57,PET00413,cat,3,20.0,False
U00414,A,2026-09-19 13:06:15,PET00414,dog,2,29.2,False
U00415,B,2026-09-09 01:04:53,PET00415,cat,8,25.7,False
U00416,B,2026-11-07 11:08:19,PET00416,dog,1,30.4,False
U00417,B,2026-12-04 05:14:36,PET00417,dog,2,28.8,False
U00418,A,2026-09-18 10:06:46,PET00418,cat,4,10.8,False
U00419,B,2026-10-04 06:49:15,PET00419,dog,8,34.8,False
U00420,B,2026-10-23 18:49:17,PET00420,cat,7,32.9,False
U00421,B,2026-11-30 01:22:44,PET00421,cat,8,15.9,False
U00422,B,2026-11-09 14:23:19,PET00422,dog,8,3.1,False
U00423,A,2026-11-15 19:02:08,PET00423,cat,14,11.7,False
U00424,A,2026-10-30 00:02:02,PET00424,dog,4,29.5,True
U00425,B,2026-10-15 21:42:23,PET00425,cat,7,33.4,False
U00426,B,2026-09-25 18:17:09,PET00426,dog,9,29.4,False
U00427,A,2026-11-24 06:42:11,PET00427,dog,4,14.8,True
U00428,B,2026-11-19 11:34:55,PET00428,dog,3,3.4,False
U00429,A,2026-09-10 16:20:32,PET00429,cat,1,18.8,False
U00430,B,2026-11-11 12:24:12,PET00430,dog,5,14.1,False
U00431,B,2026-09-15 18:09:21,PET00431,cat,4,5.6,False
U00432,A,2026-11-13 21:20:59,PET00432,dog,3,5.0,False
U00433,B,2026-11-21 08:35:33,PET00433,dog,4,6.6,False
U00434,B,2026-09-19 02:37:16,PET00434,dog,10,8.4,False
U00435,A,2026-10-17 10:21:15,PET00435,dog,12,26.8,False
U00436,A,2026-09-19 14:23:08,PET00436,cat,8,14.3,False
U00437,B,2026-10-29 18:36:03,PET00437,dog,1,16.1,False
U00438,B,2026-11-30 06:46:18,PET00438,cat,11,21.5,False
U00439,A,2026-09-15 22:16:35,PET00439,cat,3,33.7,False
U00440,B,2026-10-13 00:52:51,PET00440,dog,1,26.8,False
U00441,B,2026-12-04 13:56:02,PET00441,cat,8,23.1,False
U00442,B,2026-10-05 10:29:49,PET00442,cat,6,26.4,False
U00443,A,2026-09-19 16:40:34,PET00443,cat,5,25.6,False
U00444,B,2026-10-21 06:48:24,PET00444,dog,14,24.6,False
U00445,B,2026-10-23 22:22:00,PET00445,cat,2,18.1,False
U00446,A,2026-11-06 00:02:08,PET00446,cat,1,20.5,False
U00447,A,2026-10-06 19:34:34,PET00447,dog,9,17.0,True
U00448,B,2026-12-03 11:49:50,PET00448,cat,6,14.7,True
U00449,B,2026-10-24 12:22:55,PET00449,dog,12,10.6,False
U00450,A,2026-10-03 07:28:01,PET00450,cat,1,13.4,False
U00451,B,2026-12-03 09:24:07,PET00451,cat,6,15.9,True
U00452,B,2026-11-30 10:25:08,PET00452,cat,3,20.9,False
U00453,A,2026-10-22 07:27:57,PET00453,cat,1,18.2,False
U00454,A,2026-09-10 00:16:53,PET00454,cat,7,5.1,True
U00455,B,2026-10-31 09:36:42,PET00455,cat,11,12.9,False
U00456,A,2026-10-27 09:38:33,PET00456,dog,3,14.1,False
U00457,B,2026-09-21 17:19:34,PET00457,dog,12,25.2,False
U00458,B,2026-11-04 11:17:22,PET00458,dog,8,12.7,False
U00459,B,2026-11-22 13:11:18,PET00459,dog,7,1.8,False
U00460,A,2026-09-17 11:11:04,PET00460,cat,13,4.3,False
U00461,B,2026-11-12 10:10:35,PET00461,cat,5,18.1,False
U00462,B,2026-09-20 17:12:22,PET00462,dog,3,7.8,False
U00463,A,2026-11-14 16:12:53,PET00463,dog,12,18.1,False
U00464,B,2026-10-15 23:47:27,PET00464,cat,2,20.7,False
U00465,A,2026-09-08 11:55:24,PET00465,dog,13,32.8,True
U00466,A,2026-12-03 00:40:07,PET00466,cat,12,23.5,False
U00467,A,2026-09-22 14:02:49,PET00467,cat,14,2.5,True
U00468,B,2026-10-31 09:30:16,PET00468,dog,7,14.3,False
U00469,A,2026-09-24 02:17:57,PET00469,dog,9,28.1,False
U00470,B,2026-11-30 20:33:40,PET00470,dog,13,10.2,False
U00471,A,2026-11-13 15:11:26,PET00471,dog,2,32.5,True
U00472,B,2026-11-19 15:01:00,PET00472,dog,5,19.2,False
U00473,B,2026-10-16 15:16:24,PET00473,dog,7,4.6,True
U00474,A,2026-10-20 23:36:23,PET00474,dog,9,9.6,False
U00475,B,2026-11-04 16:30:50,PET00475,dog,10,31.9,False
U00476,A,2026-11-17 17:07:19,PET00476,dog,13,34.7,False
U00477,A,2026-11-23 18:01:28,PET00477,cat,7,30.4,True
U00478,B,2026-09-09 17:22:54,PET00478,dog,3,12.2,True
U00479,B,2026-11-06 16:53:51,PET00479,cat,3,27.3,False
U00480,B,2026-09-17 01:49:33,PET00480,dog,12,8.9,False
U00481,A,2026-10-03 09:39:28,PET00481,dog,7,14.4,False
U00482,A,2026-11-21 06:36:22,PET00482,dog,9,24.9,True
U00483,A,2026-09-30 21:22:35,PET00483,cat,8,34.0,True
U00484,B,2026-11-18 14:00:41,PET00484,dog,12,16.2,False
U00485,B,2026-10-19 12:22:42,PET00485,dog,4,18.1,False
U00486,B,2026-09-28 12:32:14,PET00486,dog,3,8.9,False
U00487,A,2026-10-08 16:22:28,PET00487,cat,11,15.0,True
U00488,A,2026-10-25 18:18:07,PET00488,dog,7,3.6,True
U00489,B,2026-11-15 04:50:18,PET00489,dog,12,30.3,False
U00490,B,2026-11-01 23:50:52,PET00490,cat,2,2.3,False
U00491,A,2026-11-30 18:17:08,PET00491,dog,4,24.4,False
U00492,A,2026-11-25 04:57:47,PET00492,dog,14,10.7,False
U00493,A,2026-11-14 14:32:27,PET00493,cat,12,17.4,False
U00494,A,2026-11-01 10:16:53,PET00494,dog,1,10.9,True
U00495,B,2026-10-04 09:02:24,PET00495,dog,12,14.9,False
U00496,A,2026-10-15 20:48:14,PET00496,dog,1,19.8,True
U00497,B,2026-09-18 06:51:18,PET00497,dog,2,23.0,True
U00498,B,2026-10-11 20:06:56,PET00498,cat,13,33.0,False
U00499,A,2026-11-30 15:17:01,PET00499,cat,2,12.6,True
U00500,B,2026-10-16 19:36:45,PET00500,cat,5,21.1,False
U00501,A,2026-09-18 17:53:12,PET00501,dog,2,31.7,False
U00502,B,2026-11-05 14:53:22,PET00502,cat,9,11.2,False
U00503,B,2026-12-03 04:34:15,PET00503,cat,1,30.5,False
U00504,A,2026-11-25 23:50:11,PET00504,dog,5,33.6,False
U00505,B,2026-10-02 15:25:06,PET00505,cat,5,29.9,False
U00506,A,2026-10-18 08:35:22,PET00506,cat,10,20.6,False
U00507,A,2026-10-25 06:09:03,PET00507,cat,7,25.7,False
U00508,A,2026-09-30 02:47:27,PET00508,dog,3,17.6,False
U00509,B,2026-10-02 07:34:38,PET00509,dog,7,21.5,False
U00510,B,2026-09-29 03:10:53,PET00510,cat,7,34.1,False
U00511,B,2026-12-06 21:18:37,PET00511,cat,5,9.9,True
U00512,A,2026-11-14 10:27:23,PET00512,dog,8,28.1,False
U00513,A,2026-11-22 15:01:29,PET00513,dog,5,18.5,False
U00514,A,2026-11-20 19:19:07,PET00514,cat,5,7.4,False
U00515,B,2026-12-03 23:04:28,PET00515,dog,11,23.1,False
U00516,A,2026-09-17 10:52:05,PET00516,dog,4,28.0,False
U00517,B,2026-11-26 01:15:15,PET00517,cat,5,20.6,False
U00518,A,2026-09-13 14:40:23,PET00518,dog,2,29.6,False
U00519,A,2026-10-20 22:43:30,PET00519,dog,10,13.8,False
U00520,A,2026-10-31 08:35:33,PET00520,dog,10,32.1,False
U00521,A,2026-10-10 02:27:19,PET00521,cat,10,23.2,False
U00522,B,2026-09-21 17:09:21,PET00522,dog,3,28.4,True
U00523,B,2026-09-25 14:53:46,PET00523,cat,7,10.6,False
U00524,A,2026-11-21 03:40:31,PET00524,cat,5,16.4,False
U00525,B,2026-10-06 00:05:11,PET00525,cat,11,32.0,True
U00526,A,2026-10-05 12:28:57,PET00526,dog,5,3.2,False
U00527,B,2026-11-30 03:33:55,PET00527,dog,6,15.0,False
U00528,B,2026-09-20 04:26:35,PET00528,dog,7,27.6,False
U00529,B,2026-11-29 07:24:56,PET00529,cat,11,26.4,False
U00530,A,2026-11-29 11:14:46,PET00530,cat,10,30.0,False
U00531,B,2026-10-31 19:37:57,PET00531,cat,12,26.3,True
U00532,A,2026-09-22 10:19:54,PET00532,dog,6,33.2,False
U00533,B,2026-09-22 20:04:13,PET00533,dog,12,18.2,False
U00534,A,2026-10-03 14:30:34,PET00534,cat,13,22.4,False
U00535,B,2026-10-29 09:25:33,PET00535,dog,8,29.9,False
U00536,A,2026-09-21 12:13:44,PET00536,cat,10,25.0,True
U00537,B,2026-10-19 03:23:22,PET00537,dog,13,4.9,False
U00538,B,2026-09-18 23:25:04,PET00538,cat,12,13.8,False
U00539,B,2026-10-26 07:14:44,PET00539,cat,4,20.0,False
U00540,B,2026-09-09 21:36:26,PET00540,dog,11,26.8,False
U00541,A,2026-11-10 15:28:57,PET00541,dog,7,19.7,False
U00542,A,2026-09-12 07:03:28,PET00542,cat,3,27.5,False
U00543,A,2026-09-25 11:40:50,PET00543,dog,6,29.6,False
U00544,B,2026-09-23 02:54:29,PET00544,dog,14,10.4,False
U00545,B,2026-11-21 14:46:29,PET00545,dog,14,22.1,False
U00546,A,2026-09-12 01:33:14,PET00546,dog,12,20.2,False
U00547,A,2026-10-16 15:20:16,PET00547,cat,14,9.1,False
U00548,A,2026-10-31 04:45:06,PET00548,dog,9,17.9,False
U00549,A,2026-10-24 03:05:08,PET00549,dog,11,19.9,False
U00550,A,2026-11-08 05:19:50,PET00550,cat,3,28.9,True
U00551,B,2026-11-19 02:08:37,PET00551,dog,5,16.9,False
U00552,A,2026-10-13 21:19:42,PET00552,dog,3,4.2,False
U00553,B,2026-11-21 22:27:47,PET00553,cat,14,17.8,False
U00554,A,2026-10-06 22:11:46,PET00554,cat,9,29.6,False
U00555,A,2026-12-05 17:14:16,PET00555,cat,14,20.6,True
U00556,A,2026-10-23 05:31:52,PET00556,cat,6,12.2,False
U00557,A,2026-11-13 18:12:47,PET00557,dog,6,32.4,False
U00558,A,2026-11-25 18:12:34,PET00558,dog,10,6.7,False
U00559,A,2026-11-18 05:40:37,PET00559,cat,8,12.5,False
U00560,A,2026-11-23 20:03:30,PET00560,cat,6,16.1,False
U00561,B,2026-10-26 23:55:34,PET00561,cat,5,26.2,False
U00562,B,2026-09-11 09:03:36,PET00562,dog,8,29.5,False
U00563,B,2026-10-22 14:07:10,PET00563,dog,2,3.5,False
U00564,B,2026-09-24 20:55:05,PET00564,dog,3,28.0,False
U00565,A,2026-11-27 06:17:53,PET00565,cat,1,25.6,False
U00566,A,2026-09-29 23:43:39,PET00566,cat,3,31.5,False
U00567,A,2026-09-28 07:16:38,PET00567,dog,3,31.7,False
U00568,A,2026-09-30 23:13:37,PET00568,dog,2,27.5,False
U00569,A,2026-11-04 05:36:53,PET00569,dog,1,7.9,True
U00570,B,2026-10-29 17:48:20,PET00570,dog,12,12.0,False
U00571,A,2026-12-02 12:36:27,PET00571,cat,3,32.9,False
U00572,A,2026-10-15 08:55:11,PET00572,cat,8,21.5,False
U00573,B,2026-10-03 10:32:18,PET00573,dog,2,19.5,False
U00574,B,2026-09-12 05:26:53,PET00574,cat,14,32.2,False
U00575,B,2026-09-08 16:07:45,PET00575,cat,4,30.8,False
U00576,B,2026-10-11 23:49:43,PET00576,dog,11,25.9,False
U00577,B,2026-11-30 14:03:30,PET00577,dog,9,31.1,False
U00578,A,2026-10-25 06:37:41,PET00578,dog,11,5.3,False
U00579,B,2026-11-27 16:04:37,PET00579,dog,9,26.9,True
U00580,A,2026-09-17 10:31:16,PET00580,dog,8,33.8,False
U00581,A,2026-09-16 22:06:26,PET00581,cat,11,3.1,False
U00582,B,2026-11-22 06:20:20,PET00582,dog,12,9.0,False
U00583,B,2026-09-17 12:26:16,PET00583,dog,6,28.1,False
U00584,B,2026-09-12 11:54:24,PET00584,cat,14,18.9,False
U00585,A,2026-10-14 21:15:28,PET00585,dog,14,4.4,False
U00586,A,2026-11-30 02:38:56,PET00586,cat,11,10.5,False
U00587,A,2026-11-09 14:49:33,PET00587,cat,14,12.4,False
U00588,A,2026-09-16 19:25:02,PET00588,cat,2,12.3,False
U00589,A,2026-11-22 08:40:32,PET00589,cat,8,30.9,False
U00590,B,2026-11-22 12:07:21,PET00590,cat,10,23.7,False
U00591,A,2026-11-19 07:04:11,PET00591,cat,13,26.1,False
U00592,B,2026-11-28 10:04:05,PET00592,dog,2,2.0,False
U00593,A,2026-09-29 22:48:06,PET00593,dog,12,15.8,False
U00594,A,2026-12-05 08:42:55,PET00594,dog,2,12.1,True
U00595,B,2026-10-06 04:50:39,PET00595,dog,6,30.0,False
U00596,A,2026-11-19 13:54:53,PET00596,dog,10,33.5,False
U00597,B,2026-10-30 11:16:42,PET00597,dog,5,15.7,False
U00598,A,2026-11-17 18:43:02,PET00598,dog,12,34.1,False
U00599,A,2026-11-03 00:52:27,PET00599,dog,14,2.0,True
U00600,A,2026-11-04 21:39:41,PET00600,dog,3,12.4,False
U00601,A,2026-11-02 16:50:41,PET00601,cat,4,27.5,False
U00602,A,2026-11-17 20:11:47,PET00602,cat,2,13.6,True
U00603,B,2026-11-13 09:46:45,PET00603,cat,10,32.4,False
U00604,A,2026-09-20 10:41:32,PET00604,dog,13,8.8,False
U00605,A,2026-11-21 08:01:39,PET00605,cat,9,28.2,False
U00606,B,2026-10-26 20:00:56,PET00606,cat,2,8.3,False
U00607,B,2026-10-07 01:42:23,PET00607,dog,3,8.1,False
U00608,B,2026-10-24 12:41:12,PET00608,cat,1,16.4,True
U00609,B,2026-12-04 06:14:10,PET00609,dog,7,33.2,False
U00610,B,2026-11-24 15:18:58,PET00610,cat,11,21.1,False
U00611,A,2026-11-22 23:08:01,PET00611,cat,3,22.8,False
U00612,A,2026-10-19 16:11:22,PET00612,dog,12,1.8,False
U00613,B,2026-11-17 01:03:46,PET00613,cat,4,3.4,False
U00614,A,2026-10-12 09:35:32,PET00614,dog,8,3.7,False
U00615,B,2026-11-08 00:45:06,PET00615,dog,10,29.0,False
U00616,B,2026-11-04 11:39:54,PET00616,dog,8,9.4,False
U00617,A,2026-09-30 04:10:31,PET00617,dog,7,12.5,False
U00618,B,2026-10-01 16:37:19,PET00618,dog,5,21.9,True
U00619,B,2026-09-13 12:48:21,PET00619,cat,7,21.1,True
U00620,A,2026-09-20 07:23:25,PET00620,dog,4,15.3,False
U00621,A,2026-10-17 20:34:36,PET00621,dog,5,1.6,False
U00622,A,2026-10-21 17:55:33,PET00622,cat,11,16.6,True
U00623,A,2026-09-22 15:03:01,PET00623,dog,13,26.3,False
U00624,B,2026-10-15 08:29:54,PET00624,dog,12,9.4,False
U00625,B,2026-11-01 06:32:03,PET00625,cat,5,25.2,False
U00626,A,2026-09-28 14:03:06,PET00626,cat,5,2.0,False
U00627,A,2026-10-08 18:57:38,PET00627,dog,1,31.9,True
U00628,A,2026-10-11 20:06:10,PET00628,dog,4,33.3,True
U00629,A,2026-10-23 18:39:24,PET00629,cat,9,1.6,False
U00630,A,2026-10-10 00:33:24,PET00630,cat,4,16.8,False
U00631,A,2026-11-13 23:38:02,PET00631,dog,11,15.4,False
U00632,A,2026-10-07 05:46:05,PET00632,dog,1,29.7,False
U00633,B,2026-10-17 00:14:30,PET00633,dog,6,19.6,False
U00634,B,2026-10-12 13:28:04,PET00634,cat,4,22.0,False
U00635,B,2026-09-24 10:55:38,PET00635,cat,7,8.3,False
U00636,B,2026-11-08 02:32:47,PET00636,cat,1,4.1,False
U00637,A,2026-09-29 05:08:41,PET00637,dog,6,24.7,True
U00638,B,2026-10-04 04:56:03,PET00638,cat,12,22.3,False
U00639,A,2026-11-18 10:33:18,PET00639,cat,12,29.4,False
U00640,B,2026-12-02 17:58:41,PET00640,dog,4,29.8,False
U00641,A,2026-11-07 16:22:05,PET00641,cat,7,22.6,False
U00642,B,2026-11-29 00:37:11,PET00642,dog,10,19.5,True
U00643,B,2026-11-23 04:10:10,PET00643,dog,7,32.1,True
U00644,B,2026-10-21 14:38:27,PET00644,cat,8,28.3,True
U00645,A,2026-11-16 19:16:05,PET00645,dog,5,31.1,False
U00646,A,2026-10-07 00:49:11,PET00646,cat,12,34.9,False
U00647,A,2026-10-19 08:03:29,PET00647,dog,9,15.0,True
U00648,A,2026-10-26 02:46:55,PET00648,dog,14,25.5,True
U00649,A,2026-12-03 11:39:16,PET00649,dog,11,24.6,True
U00650,B,2026-11-23 09:22:05,PET00650,dog,6,7.3,False
U00651,B,2026-10-22 04:10:32,PET00651,dog,5,22.8,False
U00652,B,2026-11-05 23:09:16,PET00652,cat,2,15.8,False
U00653,B,2026-09-26 18:18:12,PET00653,dog,9,16.6,False
U00654,B,2026-11-19 13:06:01,PET00654,dog,11,7.5,False
U00655,B,2026-10-27 18:22:17,PET00655,cat,5,26.4,False
U00656,A,2026-10-25 07:29:36,PET00656,dog,1,24.9,False
U00657,B,2026-11-15 22:26:26,PET00657,cat,12,19.3,False
U00658,A,2026-11-03 09:52:18,PET00658,dog,4,6.8,False
U00659,B,2026-09-14 09:15:52,PET00659,dog,9,20.2,False
U00660,A,2026-10-03 13:39:01,PET00660,cat,1,4.9,False
U00661,B,2026-09-23 13:52:42,PET00661,cat,1,12.9,False
U00662,A,2026-11-13 14:51:57,PET00662,cat,13,14.0,True
U00663,A,2026-09-11 19:58:46,PET00663,dog,10,31.1,True
U00664,A,2026-09-26 06:25:46,PET00664,dog,1,15.4,False
U00665,A,2026-10-31 16:58:09,PET00665,cat,2,21.5,False
U00666,A,2026-11-09 04:44:06,PET00666,cat,7,30.8,True
U00667,B,2026-10-23 05:46:02,PET00667,cat,10,15.8,True
U00668,A,2026-11-24 11:53:14,PET00668,cat,6,31.1,False
U00669,B,2026-11-29 12:35:11,PET00669,cat,13,6.1,False
U00670,B,2026-09-19 15:28:35,PET00670,dog,10,13.7,False
U00671,A,2026-12-02 03:20:33,PET00671,cat,9,4.7,False
U00672,B,2026-11-02 19:35:52,PET00672,dog,5,20.3,False
U00673,B,2026-11-04 13:22:13,PET00673,dog,10,33.6,False
U00674,B,2026-09-16 14:13:37,PET00674,cat,13,23.5,False
U00675,B,2026-11-02 17:55:54,PET00675,dog,1,22.5,False
U00676,B,2026-11-12 16:37:06,PET00676,dog,11,10.8,False
U00677,A,2026-10-30 10:17:35,PET00677,cat,13,32.7,False
U00678,B,2026-09-15 11:36:55,PET00678,cat,7,17.3,False
U00679,A,2026-10-25 05:35:18,PET00679,dog,11,10.4,True
U00680,B,2026-12-01 13:36:04,PET00680,cat,6,34.6,True
U00681,A,2026-11-12 04:52:13,PET00681,dog,3,15.7,False
U00682,B,2026-09-20 15:15:02,PET00682,cat,12,13.9,False
U00683,A,2026-12-03 10:01:38,PET00683,dog,5,2.7,True
U00684,B,2026-12-03 05:40:19,PET00684,dog,11,7.5,False
U00685,B,2026-09-23 11:25:20,PET00685,dog,5,28.6,False
U00686,A,2026-11-19 22:25:04,PET00686,dog,6,17.7,False
U00687,A,2026-10-14 13:29:32,PET00687,dog,10,33.5,False
U00688,B,2026-10-31 08:17:17,PET00688,dog,5,4.3,True
U00689,A,2026-10-18 10:48:08,PET00689,cat,12,22.1,False
U00690,A,2026-11-17 14:30:45,PET00690,dog,1,25.6,True
U00691,B,2026-12-06 03:41:08,PET00691,dog,1,22.3,False
U00692,B,2026-11-18 13:27:46,PET00692,cat,2,19.3,False
U00693,A,2026-11-30 00:48:28,PET00693,cat,4,20.9,False
U00694,A,2026-12-02 20:28:49,PET00694,cat,1,24.6,False
U00695,A,2026-09-16 14:37:47,PET00695,dog,6,30.4,False
U00696,B,2026-09-30 02:43:35,PET00696,dog,1,12.8,False
U00697,B,2026-11-11 11:11:01,PET00697,cat,11,16.9,False
U00698,B,2026-10-31 21:13:17,PET00698,cat,3,22.8,True
U00699,B,2026-09-12 23:09:23,PET00699,dog,14,12.0,False
U00700,B,2026-09-16 03:17:18,PET00700,cat,12,7.5,True
U00701,A,2026-10-24 06:29:27,PET00701,cat,10,33.9,True
U00702,B,2026-11-02 03:28:07,PET00702,cat,12,8.0,False
U00703,B,2026-09-23 08:51:06,PET00703,dog,11,9.3,False
U00704,B,2026-09-23 20:41:38,PET00704,cat,12,22.2,False
U00705,A,2026-09-19 16:57:22,PET00705,dog,8,4.1,False
U00706,A,2026-10-28 06:10:13,PET00706,cat,9,2.6,False
U00707,A,2026-09-08 07:48:27,PET00707,dog,7,3.6,False
U00708,B,2026-10-29 14:40:58,PET00708,dog,9,5.6,True
U00709,A,2026-10-20 14:19:35,PET00709,dog,6,15.9,False
U00710,B,2026-10-19 11:07:35,PET00710,cat,2,29.3,False
U00711,B,2026-11-08 10:06:34,PET00711,cat,14,13.0,False
U00712,B,2026-10-25 22:25:20,PET00712,cat,10,15.8,False
U00713,B,2026-11-12 12:04:54,PET00713,cat,10,21.6,False
U00714,A,2026-11-15 18:46:12,PET00714,cat,4,11.6,False
U00715,B,2026-11-29 23:02:12,PET00715,cat,11,16.0,False
U00716,B,2026-11-18 08:02:23,PET00716,dog,8,14.4,False
U00717,A,2026-10-24 18:41:31,PET00717,cat,2,13.0,False
U00718,A,2026-10-22 19:31:21,PET00718,dog,14,14.5,False
U00719,A,2026-09-29 05:15:48,PET00719,dog,14,1.9,False
U00720,B,2026-10-31 05:25:08,PET00720,dog,13,31.2,True
U00721,A,2026-09-20 03:52:44,PET00721,dog,7,34.2,False
U00722,B,2026-11-30 14:46:25,PET00722,cat,4,30.4,False
U00723,A,2026-11-23 18:16:35,PET00723,cat,1,1.7,False
U00724,A,2026-09-18 18:02:16,PET00724,dog,11,26.7,True
U00725,A,2026-11-17 09:18:14,PET00725,cat,13,20.7,False
U00726,B,2026-09-18 16:52:32,PET00726,dog,2,4.7,True
U00727,A,2026-11-11 00:42:56,PET00727,dog,10,32.8,False
U00728,B,2026-09-15 15:45:37,PET00728,dog,1,27.5,True
U00729,A,2026-10-21 11:22:39,PET00729,dog,11,6.4,False
U00730,A,2026-11-06 19:55:09,PET00730,dog,1,33.8,True
U00731,A,2026-11-12 23:13:26,PET00731,dog,14,5.7,False
U00732,B,2026-10-15 13:20:56,PET00732,dog,3,16.7,False
U00733,A,2026-11-29 14:55:26,PET00733,dog,6,6.8,False
U00734,B,2026-11-16 22:16:49,PET00734,cat,10,6.5,False
U00735,B,2026-09-26 08:14:25,PET00735,dog,12,33.9,False
U00736,A,2026-11-07 03:28:31,PET00736,dog,6,20.7,False
U00737,A,2026-11-12 12:09:15,PET00737,dog,14,10.2,True
U00738,A,2026-10-08 08:32:13,PET00738,dog,1,27.5,False
U00739,A,2026-11-13 15:14:03,PET00739,dog,7,30.8,False
U00740,A,2026-11-27 18:47:30,PET00740,dog,14,32.2,False
U00741,A,2026-11-20 12:05:47,PET00741,cat,4,32.8,False
U00742,A,2026-11-15 07:23:36,PET00742,cat,8,31.8,False
U00743,B,2026-11-04 13:33:24,PET00743,cat,7,22.9,False
U00744,A,2026-10-02 10:37:50,PET00744,cat,6,13.0,False
U00745,B,2026-11-18 04:27:21,PET00745,dog,11,32.5,False
U00746,B,2026-10-10 18:32:56,PET00746,dog,8,5.6,False
U00747,A,2026-10-25 07:58:27,PET00747,dog,10,7.2,False
U00748,B,2026-10-06 12:55:32,PET00748,dog,8,16.0,False
U00749,B,2026-10-06 21:48:25,PET00749,dog,14,11.0,False
U00750,A,2026-09-22 04:30:10,PET00750,dog,7,22.1,False
U00751,A,2026-12-03 10:15:12,PET00751,cat,12,31.8,False
U00752,B,2026-09-21 04:11:46,PET00752,dog,9,17.9,False
U00753,A,2026-09-15 10:29:03,PET00753,dog,12,20.1,True
U00754,A,2026-12-01 07:13:46,PET00754,cat,13,15.7,False
U00755,B,2026-10-27 21:58:17,PET00755,dog,4,25.2,False
U00756,B,2026-10-17 07:16:20,PET00756,cat,5,4.9,False
U00757,A,2026-11-13 14:44:19,PET00757,cat,5,3.1,True
U00758,B,2026-10-12 03:16:48,PET00758,cat,7,23.0,False
U00759,A,2026-09-19 10:56:42,PET00759,dog,7,19.4,False
U00760,B,2026-11-12 20:01:54,PET00760,dog,1,15.1,False
U00761,A,2026-09-23 16:07:44,PET00761,cat,13,12.7,False
U00762,B,2026-10-27 06:46:58,PET00762,cat,13,3.2,False
U00763,A,2026-12-02 23:19:28,PET00763,cat,9,24.3,False
U00764,B,2026-12-01 19:15:14,PET00764,dog,5,15.6,True
U00765,B,2026-10-10 09:39:26,PET00765,dog,12,16.4,False
U00766,B,2026-11-17 23:21:46,PET00766,dog,4,31.4,False
U00767,A,2026-11-02 04:29:45,PET00767,dog,5,26.2,False
U00768,B,2026-10-21 07:58:01,PET00768,dog,14,8.9,False
U00769,A,2026-09-20 22:20:00,PET00769,cat,13,23.5,False
U00770,B,2026-10-11 23:17:07,PET00770,dog,9,5.9,True
U00771,B,2026-11-05 19:45:18,PET00771,cat,3,8.0,False
U00772,A,2026-12-05 04:35:19,PET00772,cat,2,25.4,False
U00773,B,2026-09-08 05:14:40,PET00773,dog,14,5.7,False
U00774,B,2026-11-11 15:32:19,PET00774,dog,4,10.9,False
U00775,B,2026-11-23 01:20:33,PET00775,cat,10,31.6,False
U00776,A,2026-12-02 23:47:17,PET00776,dog,5,26.2,False
U00777,B,2026-10-16 22:35:38,PET00777,dog,7,32.6,False
U00778,A,2026-09-18 19:24:03,PET00778,cat,14,31.0,False
U00779,B,2026-10-02 23:14:09,PET00779,cat,9,12.0,False
U00780,B,2026-11-23 05:30:46,PET00780,cat,7,22.7,True
U00781,B,2026-11-26 21:09:01,PET00781,cat,6,14.2,False
U00782,B,2026-11-04 06:10:33,PET00782,dog,4,24.9,False
U00783,A,2026-09-19 02:54:31,PET00783,cat,8,13.2,False
U00784,B,2026-09-18 06:17:54,PET00784,cat,8,1.5,True
U00785,A,2026-10-21 18:35:39,PET00785,cat,2,4.6,False
U00786,B,2026-10-30 22:37:54,PET00786,cat,6,27.3,False
U00787,A,2026-09-10 14:41:11,PET00787,cat,10,4.3,False
U00788,B,2026-11-08 05:53:23,PET00788,cat,1,21.6,False
U00789,A,2026-10-27 14:25:14,PET00789,dog,14,30.2,False
U00790,A,2026-09-09 12:13:50,PET00790,cat,13,26.3,False
U00791,B,2026-09-16 12:25:50,PET00791,dog,9,15.4,False
U00792,B,2026-10-18 08:23:50,PET00792,cat,1,8.5,False
U00793,B,2026-11-12 03:19:42,PET00793,cat,8,32.4,False
U00794,A,2026-11-21 08:40:13,PET00794,cat,13,20.5,False
U00795,B,2026-10-16 21:22:08,PET00795,dog,1,15.1,False
U00796,A,2026-10-04 09:47:50,PET00796,dog,12,33.1,False
U00797,B,2026-12-04 00:29:51,PET00797,dog,12,8.7,False
U00798,B,2026-10-19 08:16:51,PET00798,dog,2,16.3,True
U00799,A,2026-10-06 11:03:49,PET00799,dog,4,5.1,False
U00800,A,2026-10-17 14:23:53,PET00800,cat,11,5.7,False
U00801,B,2026-09-09 15:23:56,PET00801,dog,13,14.9,False
U00802,B,2026-10-05 10:12:40,PET00802,cat,11,24.9,False
U00803,A,2026-10-24 03:26:11,PET00803,dog,8,12.9,False
U00804,A,2026-11-29 10:35:03,PET00804,cat,9,24.6,False
U00805,B,2026-11-13 00:04:45,PET00805,cat,8,28.5,False
U00806,A,2026-11-17 12:08:37,PET00806,cat,9,30.9,True
U00807,B,2026-10-27 10:41:05,PET00807,cat,11,3.0,False
U00808,B,2026-09-17 08:32:53,PET00808,cat,1,27.4,False
U00809,B,2026-10-13 15:53:03,PET00809,cat,3,6.4,False
U00810,A,2026-12-06 18:06:33,PET00810,cat,1,24.9,False
U00811,B,2026-09-11 06:19:55,PET00811,dog,12,14.0,True
U00812,B,2026-11-26 12:05:00,PET00812,dog,11,25.2,True
U00813,A,2026-11-08 12:14:00,PET00813,cat,1,8.7,True
U00814,A,2026-10-03 12:13:15,PET00814,dog,2,23.1,True
U00815,B,2026-11-17 09:40:44,PET00815,dog,4,5.7,False
U00816,B,2026-11-22 05:02:10,PET00816,cat,4,7.2,False
U00817,A,2026-09-11 04:06:55,PET00817,dog,8,22.1,True
U00818,A,2026-09-17 00:44:24,PET00818,cat,7,12.8,False
U00819,B,2026-11-06 01:15:05,PET00819,cat,6,25.1,False
U00820,A,2026-12-06 19:25:21,PET00820,cat,3,24.5,False
U00821,B,2026-09-10 01:40:47,PET00821,cat,10,22.3,False
U00822,A,2026-11-06 20:31:53,PET00822,cat,12,26.0,False
U00823,B,2026-09-20 21:30:58,PET00823,cat,9,28.1,False
U00824,A,2026-11-05 05:47:23,PET00824,cat,12,32.0,True
U00825,A,2026-11-03 10:37:51,PET00825,dog,13,4.2,False
U00826,A,2026-09-16 08:38:26,PET00826,cat,12,20.6,True
U00827,A,2026-11-08 09:27:09,PET00827,cat,10,26.6,False
U00828,A,2026-11-27 08:35:32,PET00828,dog,1,8.8,False
U00829,B,2026-11-24 08:13:06,PET00829,dog,5,10.3,False
U00830,B,2026-09-10 16:25:15,PET00830,cat,6,10.4,False
U00831,B,2026-09-30 09:54:15,PET00831,dog,10,20.7,False
U00832,A,2026-09-29 04:29:37,PET00832,cat,12,13.8,False
U00833,A,2026-10-18 09:05:30,PET00833,dog,9,23.8,True
U00834,B,2026-09-20 23:29:20,PET00834,dog,6,21.9,False
U00835,B,2026-11-23 23:42:27,PET00835,cat,12,23.5,False
U00836,B,2026-11-16 01:29:04,PET00836,dog,10,10.0,True
U00837,A,2026-11-19 13:49:07,PET00837,dog,12,27.2,True
U00838,B,2026-09-25 23:22:13,PET00838,cat,9,23.7,False
U00839,B,2026-09-09 04:39:11,PET00839,dog,10,5.9,False
U00840,B,2026-11-28 01:39:02,PET00840,dog,5,8.2,False
U00841,B,2026-10-04 05:05:15,PET00841,cat,6,11.6,False
U00842,A,2026-11-06 07:37:13,PET00842,cat,4,32.9,False
U00843,A,2026-11-28 22:25:55,PET00843,cat,4,12.4,False
U00844,A,2026-09-11 06:00:59,PET00844,dog,10,2.2,False
U00845,A,2026-09-08 07:58:03,PET00845,dog,6,6.2,False
U00846,B,2026-09-08 06:13:52,PET00846,cat,2,2.6,True
U00847,B,2026-09-22 09:23:49,PET00847,cat,1,15.0,False
U00848,B,2026-09-12 23:52:19,PET00848,dog,13,28.2,False
U00849,B,2026-11-20 02:00:40,PET00849,cat,7,16.6,False
U00850,A,2026-11-01 11:00:01,PET00850,dog,9,29.6,False
U00851,B,2026-12-05 14:44:01,PET00851,cat,13,3.1,False
U00852,A,2026-11-19 02:52:05,PET00852,cat,2,17.2,False
U00853,A,2026-12-03 01:03:59,PET00853,cat,14,27.9,False
U00854,B,2026-09-29 23:34:28,PET00854,cat,10,24.1,True
U00855,A,2026-10-03 06:27:38,PET00855,dog,9,30.1,False
U00856,B,2026-11-23 05:49:26,PET00856,cat,7,10.7,False
U00857,B,2026-09-30 08:22:03,PET00857,dog,10,18.3,False
U00858,A,2026-09-13 01:44:28,PET00858,cat,3,24.2,False
U00859,B,2026-11-07 03:31:36,PET00859,cat,5,7.1,False
U00860,A,2026-11-19 00:34:49,PET00860,dog,14,28.8,False
U00861,B,2026-12-04 12:50:11,PET00861,dog,4,11.9,True
U00862,A,2026-11-30 11:07:03,PET00862,dog,11,4.6,False
U00863,A,2026-09-18 06:34:40,PET00863,dog,14,27.2,False
U00864,A,2026-11-16 22:02:23,PET00864,dog,9,25.1,False
U00865,B,2026-11-23 07:19:36,PET00865,cat,5,31.1,False
U00866,B,2026-11-09 00:24:25,PET00866,dog,12,31.4,False
U00867,A,2026-11-20 02:23:30,PET00867,cat,12,10.8,False
U00868,A,2026-11-22 17:24:15,PET00868,cat,8,23.0,False
U00869,B,2026-10-18 12:47:52,PET00869,cat,2,35.0,True
U00870,A,2026-09-11 06:15:00,PET00870,dog,7,9.7,False
U00871,A,2026-10-19 05:56:17,PET00871,cat,7,17.3,False
U00872,A,2026-09-26 05:15:26,PET00872,cat,3,32.0,False
U00873,B,2026-09-18 10:07:30,PET00873,cat,6,5.0,False
U00874,B,2026-09-19 16:53:27,PET00874,cat,3,32.6,True
U00875,A,2026-11-09 15:18:52,PET00875,cat,10,17.9,False
U00876,A,2026-10-23 17:56:56,PET00876,dog,7,31.4,False
U00877,B,2026-10-26 00:59:23,PET00877,cat,11,22.3,False
U00878,A,2026-11-14 13:24:58,PET00878,dog,7,24.0,False
U00879,B,2026-10-27 18:20:48,PET00879,cat,10,27.4,False
U00880,B,2026-11-03 04:51:14,PET00880,dog,11,3.7,False
U00881,A,2026-09-15 13:59:12,PET00881,dog,3,22.5,True
U00882,A,2026-11-23 00:09:05,PET00882,dog,7,32.5,False
U00883,A,2026-10-18 21:50:10,PET00883,dog,11,33.5,False
U00884,B,2026-09-21 17:41:40,PET00884,cat,9,33.9,False
U00885,B,2026-11-20 14:57:07,PET00885,dog,4,23.1,False
U00886,B,2026-11-13 14:23:26,PET00886,cat,12,22.7,False
U00887,A,2026-09-12 16:04:45,PET00887,dog,3,20.0,False
U00888,A,2026-09-25 10:08:27,PET00888,cat,14,21.9,False
U00889,B,2026-09-09 23:12:19,PET00889,dog,10,22.0,True
U00890,A,2026-10-02 05:07:33,PET00890,dog,5,2.9,True
U00891,B,2026-09-16 19:27:15,PET00891,dog,3,4.5,False
U00892,A,2026-11-10 18:17:11,PET00892,cat,13,22.3,False
U00893,B,2026-10-25 20:06:05,PET00893,cat,8,12.0,True
U00894,B,2026-12-05 01:42:05,PET00894,cat,12,11.6,False
U00895,A,2026-11-14 10:40:58,PET00895,dog,12,8.0,True
U00896,A,2026-11-02 15:25:29,PET00896,dog,1,28.3,False
U00897,A,2026-10-23 14:51:13,PET00897,dog,10,33.8,False
U00898,B,2026-09-12 16:31:17,PET00898,dog,5,22.5,False
U00899,B,2026-09-14 15:13:20,PET00899,cat,13,33.2,True
U00900,A,2026-11-02 05:21:29,PET00900,dog,4,31.1,False
U00901,A,2026-09-08 19:52:10,PET00901,cat,1,8.8,False
U00902,B,2026-09-11 11:35:59,PET00902,cat,10,6.6,False
U00903,B,2026-09-27 23:17:48,PET00903,dog,8,8.6,False
U00904,B,2026-11-26 12:29:05,PET00904,dog,8,4.7,False
U00905,B,2026-10-19 12:54:00,PET00905,dog,4,21.0,False
U00906,A,2026-11-10 14:11:26,PET00906,dog,7,11.0,False
U00907,B,2026-10-15 20:54:22,PET00907,dog,14,32.1,False
U00908,B,2026-09-23 21:37:42,PET00908,cat,11,22.0,False
U00909,B,2026-10-11 14:01:59,PET00909,dog,14,13.5,False
U00910,A,2026-09-16 13:06:50,PET00910,cat,5,34.5,False
U00911,A,2026-11-16 01:18:28,PET00911,cat,13,33.4,True
U00912,B,2026-09-24 01:36:56,PET00912,cat,6,27.6,False
U00913,B,2026-10-11 17:40:35,PET00913,cat,14,28.0,True
U00914,A,2026-12-05 08:16:45,PET00914,dog,13,34.2,False
U00915,A,2026-10-31 10:28:52,PET00915,dog,3,21.6,False
U00916,B,2026-10-19 15:04:47,PET00916,dog,14,31.0,False
U00917,B,2026-10-26 05:19:28,PET00917,cat,9,3.7,True
U00918,A,2026-11-17 07:59:43,PET00918,cat,11,20.1,False
U00919,B,2026-09-30 01:01:49,PET00919,dog,9,18.3,False
U00920,A,2026-11-04 18:25:50,PET00920,dog,4,2.8,False
U00921,A,2026-11-25 12:12:15,PET00921,dog,14,4.4,False
U00922,A,2026-10-29 04:33:27,PET00922,dog,2,2.2,True
U00923,B,2026-10-18 14:18:22,PET00923,cat,12,11.3,False
U00924,A,2026-09-21 03:25:55,PET00924,dog,3,3.3,True
U00925,B,2026-09-30 18:44:11,PET00925,dog,11,15.7,False
U00926,B,2026-12-02 05:32:41,PET00926,dog,6,28.7,True
U00927,B,2026-10-26 06:29:16,PET00927,dog,4,22.1,True
U00928,A,2026-10-05 21:01:33,PET00928,dog,4,24.1,False
U00929,A,2026-10-15 17:49:56,PET00929,cat,5,2.6,True
U00930,B,2026-10-30 16:20:32,PET00930,dog,13,29.6,False
U00931,B,2026-10-26 14:26:39,PET00931,cat,11,6.4,False
U00932,A,2026-11-09 12:28:52,PET00932,dog,10,11.6,True
U00933,A,2026-10-01 04:36:30,PET00933,dog,9,18.8,True
U00934,A,2026-11-05 07:12:29,PET00934,dog,6,32.7,False
U00935,A,2026-10-17 23:06:15,PET00935,dog,13,34.9,True
U00936,B,2026-12-01 22:02:46,PET00936,dog,4,27.7,False
U00937,A,2026-09-22 17:26:00,PET00937,dog,14,25.9,True
U00938,B,2026-09-21 21:19:50,PET00938,cat,6,19.2,False
U00939,A,2026-10-19 19:18:00,PET00939,cat,5,23.8,False
U00940,B,2026-10-23 09:35:08,PET00940,cat,7,6.3,True
U00941,A,2026-11-09 17:10:20,PET00941,dog,11,10.5,False
U00942,B,2026-10-14 18:03:55,PET00942,cat,10,34.5,False
U00943,B,2026-11-29 03:19:14,PET00943,cat,11,34.3,False
U00944,A,2026-10-20 21:55:31,PET00944,dog,2,12.3,False
U00945,A,2026-09-19 11:49:58,PET00945,dog,3,9.6,False
U00946,B,2026-09-18 07:31:13,PET00946,dog,12,9.2,False
U00947,B,2026-12-04 11:22:42,PET00947,cat,14,17.7,False
U00948,B,2026-09-20 07:53:21,PET00948,dog,2,9.0,True
U00949,A,2026-12-02 07:58:48,PET00949,dog,13,23.2,False
U00950,A,2026-10-03 13:05:57,PET00950,cat,4,4.0,False
U00951,B,2026-09-16 23:56:35,PET00951,dog,14,5.0,True
U00952,B,2026-10-05 09:48:02,PET00952,cat,14,10.8,False
U00953,B,2026-11-02 05:09:09,PET00953,cat,9,27.5,True
U00954,B,2026-10-16 18:16:31,PET00954,cat,3,12.3,False
U00955,B,2026-11-17 07:04:45,PET00955,cat,12,17.3,True
U00956,A,2026-11-01 12:53:10,PET00956,dog,2,23.5,False
U00957,A,2026-10-14 06:05:01,PET00957,cat,5,27.9,False
U00958,B,2026-11-04 05:05:04,PET00958,cat,9,11.8,False
U00959,B,2026-12-04 06:02:52,PET00959,cat,1,26.0,True
U00960,A,2026-10-15 08:33:11,PET00960,dog,6,11.1,False
U00961,B,2026-09-21 22:56:00,PET00961,dog,12,23.1,False
U00962,A,2026-10-14 16:06:35,PET00962,dog,2,16.6,False
U00963,B,2026-11-22 16:41:48,PET00963,dog,6,32.5,True
U00964,B,2026-09-27 01:16:56,PET00964,cat,1,34.4,False
U00965,A,2026-12-02 00:15:40,PET00965,cat,10,27.4,False
U00966,A,2026-10-30 08:12:43,PET00966,cat,2,32.2,False
U00967,B,2026-11-01 21:18:11,PET00967,cat,4,6.1,False
U00968,A,2026-10-06 00:23:10,PET00968,dog,8,23.4,False
U00969,B,2026-11-29 18:23:13,PET00969,dog,4,8.1,False
U00970,B,2026-09-11 19:42:02,PET00970,dog,4,10.8,False
U00971,A,2026-10-04 06:40:09,PET00971,dog,12,19.0,False
U00972,A,2026-10-15 02:48:45,PET00972,dog,11,26.4,False
U00973,B,2026-10-20 03:40:59,PET00973,dog,2,25.7,False
U00974,B,2026-10-20 01:51:10,PET00974,dog,13,30.6,False
U00975,B,2026-09-21 20:14:50,PET00975,cat,7,20.2,False
U00976,B,2026-09-28 18:52:41,PET00976,dog,3,32.5,False
U00977,A,2026-09-16 16:08:46,PET00977,dog,13,31.2,True
U00978,B,2026-10-29 02:08:53,PET00978,dog,5,29.9,False
U00979,B,2026-10-09 22:48:15,PET00979,cat,5,9.2,False
U00980,A,2026-10-28 16:25:20,PET00980,cat,3,19.3,False
U00981,A,2026-10-31 19:52:18,PET00981,dog,13,26.2,True
U00982,A,2026-11-10 09:07:00,PET00982,dog,5,34.2,True
U00983,B,2026-10-27 04:44:45,PET00983,cat,9,1.9,True
U00984,B,2026-11-05 19:43:14,PET00984,cat,4,12.5,False
U00985,A,2026-10-30 01:14:00,PET00985,cat,13,13.0,False
U00986,B,2026-11-05 04:23:18,PET00986,dog,12,11.2,False
U00987,B,2026-11-02 03:41:16,PET00987,cat,8,28.9,False
U00988,B,2026-10-06 02:01:33,PET00988,cat,5,3.0,False
U00989,A,2026-09-30 13:13:40,PET00989,dog,10,13.5,False
U00990,A,2026-11-17 05:28:54,PET00990,cat,7,25.3,False
U00991,B,2026-10-08 23:11:11,PET00991,dog,14,15.1,False
U00992,A,2026-10-27 22:22:16,PET00992,cat,10,6.3,False
U00993,B,2026-09-25 04:02:32,PET00993,dog,1,22.0,False
U00994,A,2026-10-16 19:53:56,PET00994,dog,12,19.0,False
U00995,A,2026-10-25 00:56:17,PET00995,cat,3,34.4,False
U00996,B,2026-11-03 06:51:32,PET00996,cat,5,26.6,True
U00997,A,2026-10-25 15:50:13,PET00997,dog,7,34.5,True
U00998,A,2026-10-10 04:56:48,PET00998,cat,3,7.7,True
U00999,B,2026-12-03 01:52:19,PET00999,dog,14,27.0,False
U01000,B,2026-10-24 03:45:51,PET01000,dog,14,20.0,False
U01001,B,2026-11-19 15:48:25,PET01001,cat,3,25.4,False
U01002,B,2026-11-13 05:18:31,PET01002,dog,5,17.2,False
U01003,B,2026-10-28 05:54:09,PET01003,dog,6,8.6,False
U01004,B,2026-11-26 04:55:15,PET01004,cat,10,3.0,False
U01005,A,2026-09-19 21:09:52,PET01005,dog,9,29.6,False
U01006,B,2026-11-29 21:18:59,PET01006,dog,10,28.8,True
U01007,A,2026-11-23 19:19:07,PET01007,dog,1,6.9,False
U01008,B,2026-10-23 00:28:46,PET01008,cat,8,23.1,False
U01009,A,2026-11-13 06:00:46,PET01009,dog,3,26.2,False
U01010,A,2026-10-24 21:07:22,PET01010,dog,4,20.2,False
U01011,B,2026-10-02 13:17:44,PET01011,cat,11,12.1,False
U01012,A,2026-11-18 00:59:39,PET01012,dog,2,31.0,False
U01013,B,2026-09-30 05:58:41,PET01013,dog,1,23.0,False
U01014,A,2026-10-06 19:50:38,PET01014,cat,7,25.6,False
U01015,A,2026-10-24 21:05:44,PET01015,cat,11,23.3,False
U01016,B,2026-11-22 10:13:04,PET01016,dog,8,25.7,True
U01017,A,2026-10-12 03:38:17,PET01017,cat,3,6.4,True
U01018,A,2026-10-22 01:51:10,PET01018,cat,11,32.4,False
U01019,B,2026-09-11 05:24:28,PET01019,dog,6,11.1,False
U01020,A,2026-09-18 19:10:34,PET01020,cat,10,29.5,False
U01021,A,2026-09-13 19:50:16,PET01021,cat,3,31.4,False
U01022,B,2026-09-14 06:09:16,PET01022,cat,13,23.3,True
U01023,A,2026-11-25 23:27:21,PET01023,cat,4,21.5,False
U01024,A,2026-11-22 21:04:21,PET01024,cat,14,5.2,False
U01025,B,2026-11-20 23:42:01,PET01025,cat,6,16.1,False
U01026,B,2026-09-13 18:03:15,PET01026,cat,11,22.0,False
U01027,A,2026-09-14 13:45:06,PET01027,cat,8,4.2,False
U01028,B,2026-10-03 23:33:44,PET01028,cat,2,5.2,False
U01029,B,2026-10-28 16:31:44,PET01029,cat,2,34.8,False
U01030,A,2026-10-08 19:57:53,PET01030,cat,6,12.6,True
U01031,A,2026-10-21 09:40:06,PET01031,dog,3,13.2,False
U01032,B,2026-09-23 05:46:59,PET01032,dog,9,9.9,True
U01033,B,2026-11-12 13:45:47,PET01033,cat,2,23.1,False
U01034,A,2026-10-06 09:49:16,PET01034,dog,9,17.3,False
U01035,A,2026-09-13 08:25:32,PET01035,cat,3,28.0,False
U01036,B,2026-11-13 16:43:08,PET01036,cat,3,18.7,False
U01037,A,2026-11-28 14:39:24,PET01037,cat,6,2.0,True
U01038,A,2026-09-09 07:35:08,PET01038,dog,9,17.7,False
U01039,B,2026-10-17 05:47:53,PET01039,cat,6,3.3,False
U01040,B,2026-11-21 13:06:57,PET01040,dog,5,29.2,False
U01041,A,2026-11-10 07:51:07,PET01041,dog,5,5.3,False
U01042,B,2026-11-24 05:42:12,PET01042,dog,5,8.8,True
U01043,A,2026-10-15 05:19:49,PET01043,dog,6,16.9,True
U01044,A,2026-10-11 15:54:38,PET01044,dog,12,8.0,False
U01045,A,2026-11-10 09:58:03,PET01045,cat,9,19.6,False
U01046,B,2026-09-21 08:12:40,PET01046,cat,6,16.9,True
U01047,A,2026-09-29 02:45:52,PET01047,dog,11,33.4,False
U01048,A,2026-11-01 01:19:27,PET01048,dog,8,4.5,True
U01049,B,2026-11-07 16:40:40,PET01049,dog,14,20.8,False
U01050,B,2026-09-18 23:13:35,PET01050,cat,8,25.6,False
U01051,A,2026-10-23 07:47:39,PET01051,cat,4,5.8,False
U01052,A,2026-10-10 20:15:13,PET01052,dog,8,22.8,False
U01053,A,2026-10-23 14:26:12,PET01053,dog,11,30.5,True
U01054,A,2026-12-03 07:17:21,PET01054,dog,3,27.9,False
U01055,A,2026-09-14 13:36:08,PET01055,cat,3,32.8,False
U01056,A,2026-12-06 03:06:39,PET01056,dog,9,25.6,True
U01057,B,2026-10-18 08:06:21,PET01057,dog,13,14.7,False
U01058,B,2026-11-16 17:38:43,PET01058,dog,5,32.3,True
U01059,B,2026-10-16 20:25:41,PET01059,dog,8,9.0,False
U01060,B,2026-10-05 05:17:46,PET01060,dog,10,21.1,False
U01061,A,2026-11-16 21:51:28,PET01061,dog,10,27.1,True
U01062,A,2026-11-08 14:31:51,PET01062,cat,3,30.7,False
U01063,B,2026-09-20 05:30:08,PET01063,dog,6,32.2,False
U01064,A,2026-11-10 18:41:52,PET01064,dog,14,4.3,False
U01065,B,2026-11-14 21:08:41,PET01065,cat,13,25.8,False
U01066,B,2026-10-12 06:32:17,PET01066,dog,11,8.3,False
U01067,B,2026-11-30 02:32:16,PET01067,cat,1,27.6,False
U01068,B,2026-11-04 06:49:52,PET01068,cat,6,25.0,False
U01069,B,2026-10-08 18:09:25,PET01069,dog,1,7.6,False
U01070,B,2026-09-08 01:28:43,PET01070,cat,5,29.4,True
U01071,B,2026-11-07 06:56:24,PET01071,cat,13,17.0,True
U01072,A,2026-09-26 07:40:34,PET01072,cat,6,19.7,False
U01073,B,2026-11-15 00:24:02,PET01073,dog,3,34.0,True
U01074,A,2026-10-25 14:20:19,PET01074,dog,11,23.5,False
U01075,B,2026-10-20 19:20:41,PET01075,dog,11,21.2,False
U01076,A,2026-09-22 03:44:20,PET01076,cat,10,2.1,True
U01077,A,2026-11-11 21:16:42,PET01077,cat,12,8.2,False
U01078,B,2026-09-22 22:52:26,PET01078,dog,10,2.4,False
U01079,A,2026-10-15 20:53:45,PET01079,dog,9,12.7,False
U01080,A,2026-11-22 17:20:16,PET01080,dog,13,13.0,False
U01081,A,2026-11-29 10:45:10,PET01081,dog,5,19.3,False
U01082,B,2026-12-06 04:53:37,PET01082,cat,7,24.6,False
U01083,A,2026-12-03 21:54:42,PET01083,dog,8,7.5,False
U01084,A,2026-10-28 12:44:05,PET01084,cat,10,21.7,True
U01085,A,2026-09-26 10:50:53,PET01085,cat,7,32.2,False
U01086,A,2026-11-22 09:23:40,PET01086,cat,7,7.7,False
U01087,B,2026-11-19 05:14:13,PET01087,cat,3,23.6,True
U01088,B,2026-12-06 09:10:35,PET01088,dog,9,3.0,False
U01089,A,2026-11-05 19:09:26,PET01089,cat,2,19.3,False
U01090,A,2026-09-20 13:26:22,PET01090,cat,7,26.3,False
U01091,A,2026-10-23 09:29:33,PET01091,dog,6,2.6,False
U01092,B,2026-10-18 02:35:44,PET01092,dog,11,12.7,False
U01093,B,2026-11-22 09:57:32,PET01093,dog,7,30.9,False
U01094,A,2026-10-13 05:10:03,PET01094,dog,1,9.1,False
U01095,A,2026-10-07 09:32:42,PET01095,dog,8,25.7,False
U01096,A,2026-09-15 03:35:32,PET01096,dog,4,22.0,False
U01097,B,2026-11-22 22:44:49,PET01097,cat,6,7.0,False
U01098,A,2026-11-14 04:10:31,PET01098,dog,5,26.3,False
U01099,A,2026-09-11 02:58:47,PET01099,dog,3,19.3,False
U01100,B,2026-10-17 15:43:30,PET01100,dog,14,5.3,False
U01101,A,2026-10-21 08:15:04,PET01101,dog,4,33.3,True
U01102,B,2026-10-20 23:54:28,PET01102,cat,8,18.0,False
U01103,B,2026-11-29 09:41:53,PET01103,dog,12,26.5,False
U01104,A,2026-09-21 15:37:35,PET01104,dog,6,8.8,True
U01105,B,2026-10-05 20:01:11,PET01105,dog,14,6.1,False
U01106,A,2026-09-24 23:38:00,PET01106,dog,6,26.3,False
U01107,B,2026-09-29 19:25:50,PET01107,cat,14,24.1,False
U01108,A,2026-11-28 13:50:53,PET01108,cat,7,10.7,False
U01109,B,2026-12-01 19:32:45,PET01109,dog,1,26.5,False
U01110,B,2026-09-12 06:47:57,PET01110,cat,13,18.4,False
U01111,A,2026-11-03 20:53:03,PET01111,dog,13,13.2,False
U01112,A,2026-09-28 20:56:07,PET01112,cat,14,27.9,False
U01113,A,2026-09-25 09:12:43,PET01113,cat,2,22.2,False
U01114,A,2026-10-04 01:36:45,PET01114,dog,12,18.5,False
U01115,B,2026-09-25 16:25:54,PET01115,cat,5,27.4,True
U01116,A,2026-10-22 02:27:29,PET01116,cat,12,19.8,True
U01117,B,2026-12-06 00:25:03,PET01117,dog,14,32.9,False
U01118,B,2026-10-30 22:44:34,PET01118,cat,3,28.9,False
U01119,B,2026-11-12 13:37:23,PET01119,cat,6,13.5,False
U01120,A,2026-10-22 15:36:16,PET01120,dog,4,17.1,False
U01121,A,2026-09-09 21:07:54,PET01121,cat,5,33.6,False
U01122,A,2026-09-15 22:17:42,PET01122,cat,9,31.5,False
U01123,B,2026-10-02 22:57:23,PET01123,dog,6,7.9,True
U01124,A,2026-09-29 03:11:21,PET01124,dog,10,10.7,False
U01125,B,2026-11-22 07:46:27,PET01125,cat,10,13.7,True
U01126,B,2026-11-22 18:26:17,PET01126,cat,3,31.0,False
U01127,B,2026-11-23 00:41:26,PET01127,dog,1,32.6,False
U01128,A,2026-11-04 05:38:07,PET01128,dog,11,28.4,False
U01129,B,2026-10-28 12:21:17,PET01129,dog,3,10.7,True
U01130,B,2026-11-05 08:14:25,PET01130,cat,3,31.2,False
U01131,A,2026-10-14 04:08:49,PET01131,cat,9,2.6,False
U01132,B,2026-11-07 21:34:32,PET01132,dog,4,15.7,False
U01133,A,2026-11-18 10:45:01,PET01133,cat,3,14.2,False
U01134,B,2026-11-15 09:52:12,PET01134,cat,5,19.4,False
U01135,A,2026-11-02 15:46:43,PET01135,dog,8,20.3,False
U01136,A,2026-09-13 16:05:34,PET01136,dog,12,9.1,False
U01137,A,2026-11-12 11:49:24,PET01137,cat,14,8.4,False
U01138,B,2026-10-10 21:17:40,PET01138,dog,11,28.4,False
U01139,A,2026-11-13 07:06:13,PET01139,dog,13,4.1,False
U01140,A,2026-10-26 20:54:03,PET01140,cat,8,18.0,False
U01141,B,2026-11-26 20:50:22,PET01141,cat,6,7.9,False
U01142,A,2026-10-08 00:12:49,PET01142,dog,12,12.2,True
U01143,A,2026-11-30 18:06:46,PET01143,cat,5,10.8,True
U01144,B,2026-11-23 03:47:49,PET01144,cat,12,25.2,True
U01145,B,2026-10-07 11:39:15,PET01145,dog,14,16.8,False
U01146,A,2026-10-21 22:02:48,PET01146,dog,6,11.5,False
U01147,A,2026-10-25 04:41:35,PET01147,cat,9,29.4,True
U01148,A,2026-11-16 13:29:52,PET01148,cat,11,4.4,True
U01149,B,2026-11-09 18:39:49,PET01149,dog,11,27.2,False
U01150,B,2026-11-23 11:31:29,PET01150,cat,3,9.8,False
U01151,B,2026-10-11 01:52:31,PET01151,cat,14,32.3,True
U01152,A,2026-10-23 01:33:58,PET01152,cat,8,1.7,True
U01153,B,2026-10-16 12:25:43,PET01153,cat,1,20.1,False
U01154,A,2026-11-28 00:36:04,PET01154,dog,2,22.3,False
U01155,B,2026-10-05 00:22:16,PET01155,dog,11,20.8,False
U01156,B,2026-10-30 22:52:55,PET01156,dog,6,28.8,False
U01157,B,2026-09-18 12:47:24,PET01157,cat,2,5.3,True
U01158,B,2026-11-23 11:22:20,PET01158,cat,8,15.4,False
U01159,A,2026-10-12 02:24:34,PET01159,cat,9,30.4,False
U01160,B,2026-10-08 18:52:26,PET01160,dog,2,31.3,False
U01161,B,2026-10-30 12:15:00,PET01161,cat,5,18.2,False
U01162,A,2026-10-22 05:16:48,PET01162,dog,7,20.2,False
U01163,B,2026-11-23 18:04:09,PET01163,dog,11,27.1,True
U01164,A,2026-10-25 05:41:23,PET01164,dog,10,27.6,False
U01165,A,2026-10-24 12:04:29,PET01165,cat,2,31.3,False
U01166,B,2026-09-17 13:26:46,PET01166,dog,9,29.8,True
U01167,A,2026-09-09 06:41:46,PET01167,cat,13,15.4,False
U01168,A,2026-10-13 21:01:28,PET01168,cat,1,23.3,True
U01169,A,2026-12-06 16:53:04,PET01169,cat,14,17.7,False
U01170,A,2026-11-29 06:55:33,PET01170,dog,2,5.5,True
U01171,B,2026-11-03 03:45:28,PET01171,cat,9,29.0,False
U01172,A,2026-11-03 07:53:28,PET01172,cat,5,21.7,False
U01173,A,2026-10-13 11:10:07,PET01173,dog,11,3.4,False
U01174,A,2026-09-23 13:12:54,PET01174,cat,12,24.2,False
U01175,A,2026-09-08 09:36:15,PET01175,cat,12,11.0,False
U01176,B,2026-10-08 00:57:36,PET01176,dog,13,3.8,False
U01177,A,2026-10-06 16:13:39,PET01177,dog,12,21.8,True
U01178,A,2026-09-25 09:05:25,PET01178,dog,5,26.0,False
U01179,A,2026-10-01 08:03:03,PET01179,dog,7,18.8,True
U01180,A,2026-09-10 13:21:02,PET01180,cat,11,1.7,False
U01181,B,2026-11-01 20:02:45,PET01181,dog,3,20.8,True
U01182,A,2026-11-30 00:06:57,PET01182,dog,9,1.7,False
U01183,A,2026-11-09 23:03:30,PET01183,dog,8,32.5,False
U01184,A,2026-10-18 15:18:43,PET01184,dog,14,10.5,False
U01185,B,2026-10-15 13:07:22,PET01185,dog,1,30.7,False
U01186,A,2026-10-05 01:13:23,PET01186,cat,2,1.9,True
U01187,A,2026-09-20 17:04:09,PET01187,dog,1,4.8,False
U01188,B,2026-10-31 17:16:44,PET01188,dog,8,16.6,True
U01189,A,2026-10-28 13:27:00,PET01189,cat,8,26.9,False
U01190,B,2026-09-08 19:14:25,PET01190,cat,9,33.1,False
U01191,A,2026-10-15 20:07:42,PET01191,dog,4,19.0,False
U01192,B,2026-10-03 20:07:51,PET01192,dog,5,13.4,False
U01193,B,2026-09-23 07:50:33,PET01193,dog,6,3.0,False
U01194,A,2026-11-10 16:09:40,PET01194,dog,1,21.1,True
U01195,B,2026-10-25 01:22:32,PET01195,dog,11,14.2,True
U01196,A,2026-11-04 13:28:39,PET01196,cat,1,32.0,False
U01197,B,2026-11-11 03:30:11,PET01197,cat,10,17.6,False
U01198,A,2026-12-05 07:22:53,PET01198,dog,7,27.1,False
U01199,A,2026-11-19 16:14:24,PET01199,cat,14,29.9,False
U01200,B,2026-11-02 10:11:26,PET01200,dog,10,4.8,True
U01201,B,2026-11-26 20:43:19,PET01201,dog,7,16.3,False
U01202,B,2026-10-20 02:05:21,PET01202,dog,10,31.4,False
U01203,A,2026-12-05 23:19:35,PET01203,dog,2,15.7,False
U01204,B,2026-11-15 16:58:13,PET01204,cat,3,20.4,False
U01205,B,2026-11-05 10:19:56,PET01205,dog,7,30.7,False
U01206,A,2026-11-28 00:35:32,PET01206,cat,13,9.3,False
U01207,B,2026-10-24 01:00:09,PET01207,dog,12,31.5,False
U01208,B,2026-11-11 09:55:20,PET01208,cat,6,14.8,False
U01209,A,2026-10-03 13:44:19,PET01209,cat,4,21.4,False
U01210,A,2026-12-03 12:08:56,PET01210,dog,14,12.5,False
U01211,A,2026-11-03 07:08:05,PET01211,dog,8,19.2,False
U01212,A,2026-11-17 15:36:07,PET01212,cat,2,3.2,False
U01213,B,2026-10-19 14:44:33,PET01213,dog,4,3.7,False
U01214,B,2026-11-25 08:14:12,PET01214,dog,12,15.4,False
U01215,A,2026-09-14 07:48:49,PET01215,cat,13,12.7,False
U01216,A,2026-09-18 10:37:36,PET01216,dog,13,22.1,False
U01217,A,2026-10-23 17:50:14,PET01217,dog,1,2.8,False
U01218,B,2026-11-12 14:05:49,PET01218,dog,12,7.1,False
U01219,B,2026-11-19 03:03:03,PET01219,dog,2,8.5,False
U01220,A,2026-10-17 22:09:22,PET01220,dog,12,16.3,False
U01221,A,2026-11-05 04:51:05,PET01221,dog,13,9.8,False
U01222,B,2026-10-27 16:07:38,PET01222,dog,6,6.1,False
U01223,A,2026-12-03 00:24:09,PET01223,dog,3,21.5,False
U01224,A,2026-11-05 06:06:23,PET01224,dog,10,26.4,False
U01225,B,2026-10-15 13:33:12,PET01225,cat,1,24.5,False
U01226,A,2026-12-04 20:20:03,PET01226,cat,9,10.8,False
U01227,A,2026-09-17 13:30:22,PET01227,dog,5,30.1,True
U01228,B,2026-12-05 01:19:17,PET01228,dog,6,22.0,True
U01229,A,2026-09-21 22:56:06,PET01229,cat,12,22.1,False
U01230,B,2026-10-03 06:32:06,PET01230,dog,14,8.6,False
U01231,B,2026-11-20 08:45:05,PET01231,dog,6,9.6,False
U01232,A,2026-11-13 02:35:44,PET01232,cat,5,17.4,False
U01233,A,2026-12-04 16:42:37,PET01233,dog,12,9.5,True
U01234,A,2026-11-14 10:43:44,PET01234,cat,6,24.6,False
U01235,B,2026-11-04 05:16:10,PET01235,cat,3,11.8,False
U01236,A,2026-10-09 15:17:10,PET01236,cat,13,6.6,False
U01237,B,2026-09-08 04:42:13,PET01237,dog,14,6.6,False
U01238,A,2026-09-19 12:44:37,PET01238,dog,5,5.8,False
U01239,A,2026-10-04 15:55:37,PET01239,dog,3,16.2,False
U01240,A,2026-09-11 19:28:13,PET01240,cat,3,1.6,True
U01241,B,2026-10-23 16:40:31,PET01241,cat,9,19.7,False
U01242,B,2026-11-16 13:37:10,PET01242,cat,5,11.5,False
U01243,A,2026-12-03 00:48:56,PET01243,dog,9,20.0,False
U01244,A,2026-10-22 05:35:02,PET01244,cat,11,32.8,False
U01245,A,2026-11-25 13:52:06,PET01245,dog,1,30.6,False
U01246,B,2026-12-05 12:52:26,PET01246,cat,13,20.8,False
U01247,A,2026-11-24 12:48:24,PET01247,dog,1,15.5,True
U01248,A,2026-10-19 17:39:06,PET01248,dog,2,24.9,False
U01249,A,2026-10-07 21:43:02,PET01249,dog,11,32.4,False
U01250,B,2026-12-05 12:04:15,PET01250,cat,9,17.9,False
U01251,B,2026-09-29 03:13:45,PET01251,dog,14,4.8,True
U01252,A,2026-10-15 10:36:26,PET01252,dog,8,27.2,False
U01253,B,2026-09-14 06:04:04,PET01253,dog,6,1.9,True
U01254,A,2026-11-18 12:41:54,PET01254,dog,10,27.1,False
U01255,B,2026-11-05 14:09:13,PET01255,cat,11,4.3,True
U01256,B,2026-09-15 13:09:12,PET01256,dog,10,5.1,False
U01257,B,2026-09-27 13:57:40,PET01257,dog,6,27.7,False
U01258,B,2026-10-27 07:27:12,PET01258,cat,14,24.6,True
U01259,B,2026-10-26 04:14:45,PET01259,dog,5,20.3,False
U01260,A,2026-11-19 20:30:05,PET01260,dog,5,29.0,False
U01261,A,2026-10-01 09:38:10,PET01261,dog,4,30.0,False
U01262,B,2026-11-30 04:59:03,PET01262,dog,5,16.8,True
U01263,A,2026-10-18 23:53:21,PET01263,dog,3,34.9,False
U01264,B,2026-11-21 00:47:16,PET01264,dog,9,13.5,False
U01265,A,2026-09-29 08:18:47,PET01265,dog,11,7.2,False
U01266,B,2026-09-11 17:47:44,PET01266,cat,7,29.8,False
U01267,B,2026-09-12 09:51:39,PET01267,cat,13,15.4,False
U01268,B,2026-10-11 20:12:55,PET01268,cat,7,30.8,False
U01269,A,2026-12-02 08:36:48,PET01269,dog,7,3.5,False
U01270,B,2026-09-12 15:25:32,PET01270,dog,1,5.2,False
U01271,B,2026-10-11 10:15:37,PET01271,cat,13,2.8,True
U01272,B,2026-09-17 11:15:16,PET01272,cat,3,21.7,False
U01273,B,2026-11-30 11:57:01,PET01273,dog,3,29.4,False
U01274,B,2026-11-07 23:24:17,PET01274,dog,14,15.0,False
U01275,A,2026-11-15 18:14:15,PET01275,dog,8,4.5,False
U01276,B,2026-11-11 08:53:53,PET01276,dog,1,14.0,True
U01277,B,2026-11-06 09:59:56,PET01277,dog,7,13.2,False
U01278,A,2026-11-16 09:44:29,PET01278,dog,9,23.1,False
U01279,A,2026-09-08 17:40:01,PET01279,cat,1,23.3,False
U01280,B,2026-11-24 14:11:12,PET01280,cat,11,5.0,True
U01281,A,2026-11-13 12:49:34,PET01281,cat,10,15.6,False
U01282,B,2026-11-13 10:19:48,PET01282,dog,1,23.0,False
U01283,B,2026-10-13 09:33:45,PET01283,cat,9,10.2,True
U01284,A,2026-11-19 13:19:37,PET01284,cat,4,15.1,False
U01285,A,2026-10-12 19:56:54,PET01285,dog,11,22.1,False
U01286,A,2026-09-12 23:11:51,PET01286,cat,6,15.0,False
U01287,A,2026-11-28 01:27:46,PET01287,cat,3,2.5,True
U01288,B,2026-09-29 05:41:59,PET01288,cat,8,9.0,False
U01289,B,2026-09-17 16:26:40,PET01289,dog,7,27.5,True
U01290,B,2026-11-02 03:33:55,PET01290,cat,5,9.8,False
U01291,A,2026-09-29 14:39:06,PET01291,dog,13,28.9,True
U01292,A,2026-11-24 10:09:54,PET01292,dog,10,17.1,False
U01293,B,2026-10-17 04:34:44,PET01293,dog,7,17.3,True
U01294,B,2026-09-08 12:05:45,PET01294,dog,4,27.3,False
U01295,A,2026-12-02 12:13:02,PET01295,dog,8,14.3,False
U01296,B,2026-10-24 17:07:00,PET01296,dog,1,9.5,False
U01297,B,2026-10-01 19:49:18,PET01297,cat,13,5.0,True
U01298,A,2026-11-07 22:55:26,PET01298,dog,1,24.0,False
U01299,B,2026-10-25 10:32:17,PET01299,cat,10,17.2,False
U01300,B,2026-09-10 16:31:41,PET01300,dog,5,28.6,False
U01301,B,2026-11-15 18:53:35,PET01301,cat,11,16.8,False
U01302,B,2026-10-14 23:41:31,PET01302,cat,6,15.4,False
U01303,A,2026-11-09 15:36:21,PET01303,cat,1,11.5,False
U01304,B,2026-11-27 05:54:43,PET01304,cat,14,8.2,False
U01305,A,2026-11-01 08:12:28,PET01305,cat,11,29.3,True
U01306,A,2026-11-07 05:00:48,PET01306,dog,1,4.7,True
U01307,B,2026-09-30 04:44:45,PET01307,dog,1,31.7,False
U01308,A,2026-09-29 07:21:24,PET01308,dog,8,2.4,False
U01309,B,2026-10-15 11:57:36,PET01309,dog,14,19.0,False
U01310,A,2026-11-23 18:53:27,PET01310,dog,9,3.5,True
U01311,B,2026-10-25 06:59:16,PET01311,dog,1,27.6,False
U01312,A,2026-10-09 04:28:34,PET01312,cat,10,8.6,False
U01313,A,2026-11-17 03:02:12,PET01313,cat,6,20.5,False
U01314,B,2026-11-23 04:42:30,PET01314,cat,9,32.2,False
U01315,A,2026-11-28 10:23:13,PET01315,cat,5,23.3,True
U01316,A,2026-10-04 09:52:53,PET01316,dog,1,7.5,False
U01317,A,2026-11-10 09:34:20,PET01317,dog,1,28.2,True
U01318,A,2026-10-31 07:37:15,PET01318,cat,9,16.3,False
U01319,B,2026-10-18 10:52:39,PET01319,cat,9,1.9,False
U01320,A,2026-10-13 15:30:55,PET01320,dog,5,17.8,True
U01321,A,2026-09-18 01:04:06,PET01321,dog,2,28.7,False
U01322,B,2026-10-02 21:21:50,PET01322,dog,11,15.9,False
U01323,A,2026-10-27 07:20:05,PET01323,dog,3,26.9,False
U01324,A,2026-11-26 03:19:40,PET01324,dog,3,25.1,False
U01325,B,2026-11-24 04:11:33,PET01325,dog,7,16.8,False
U01326,A,2026-09-24 13:07:19,PET01326,cat,11,12.3,False
U01327,B,2026-11-08 12:29:52,PET01327,cat,14,25.8,False
U01328,A,2026-09-15 02:07:17,PET01328,dog,9,13.9,False
U01329,B,2026-11-07 11:58:52,PET01329,cat,14,7.2,True
U01330,A,2026-10-08 05:18:57,PET01330,cat,10,12.2,True
U01331,B,2026-10-18 21:52:00,PET01331,dog,12,30.9,True
U01332,A,2026-11-11 07:25:06,PET01332,cat,3,11.0,False
U01333,A,2026-10-16 23:59:14,PET01333,dog,1,9.4,False
U01334,B,2026-11-19 13:53:54,PET01334,cat,10,6.0,True
U01335,A,2026-10-26 23:08:43,PET01335,dog,14,3.3,False
U01336,B,2026-12-06 13:19:01,PET01336,cat,11,34.2,False
U01337,A,2026-11-04 03:01:25,PET01337,cat,5,19.5,False
U01338,A,2026-10-04 15:26:00,PET01338,dog,7,25.9,False
U01339,A,2026-11-16 11:27:50,PET01339,dog,2,27.4,False
U01340,B,2026-10-14 19:39:13,PET01340,dog,5,13.3,True
U01341,B,2026-10-26 09:23:35,PET01341,cat,10,28.3,False
U01342,B,2026-09-20 04:29:36,PET01342,cat,3,33.7,False
U01343,A,2026-09-18 02:43:36,PET01343,dog,7,26.3,False
U01344,B,2026-10-29 17:50:28,PET01344,cat,5,25.3,False
U01345,B,2026-09-24 05:35:19,PET01345,dog,7,16.0,False
U01346,B,2026-12-06 16:00:30,PET01346,dog,11,29.7,False
U01347,A,2026-11-24 03:13:38,PET01347,dog,13,4.5,True
U01348,A,2026-11-10 01:54:47,PET01348,dog,6,26.6,False
U01349,A,2026-11-13 17:03:05,PET01349,dog,12,13.6,False
U01350,B,2026-10-31 08:16:21,PET01350,dog,10,20.5,False
U01351,B,2026-09-13 13:36:53,PET01351,dog,13,31.4,False
U01352,B,2026-10-13 00:39:53,PET01352,cat,11,21.8,False
U01353,A,2026-10-22 04:30:49,PET01353,dog,8,2.4,True
U01354,B,2026-11-29 02:09:51,PET01354,cat,10,25.7,False
U01355,B,2026-09-27 06:42:58,PET01355,cat,5,32.6,False
U01356,A,2026-10-22 06:48:39,PET01356,cat,10,23.0,False
U01357,A,2026-10-08 08:59:16,PET01357,dog,10,30.4,False
U01358,A,2026-09-20 05:50:05,PET01358,cat,9,29.1,False
U01359,B,2026-09-17 10:57:35,PET01359,dog,2,30.4,False
U01360,A,2026-10-10 21:36:15,PET01360,dog,8,13.0,False
U01361,A,2026-09-15 02:04:00,PET01361,dog,10,17.4,False
U01362,B,2026-09-14 21:27:03,PET01362,dog,3,29.9,False
U01363,B,2026-10-09 09:54:05,PET01363,cat,12,32.0,False
U01364,A,2026-09-26 13:52:07,PET01364,cat,12,6.4,True
U01365,B,2026-10-27 16:07:31,PET01365,cat,8,7.6,False
U01366,B,2026-09-09 17:38:27,PET01366,dog,14,13.1,True
U01367,B,2026-10-05 22:39:06,PET01367,cat,13,27.3,False
U01368,A,2026-10-18 23:59:25,PET01368,cat,7,30.8,False
U01369,A,2026-12-03 02:21:41,PET01369,dog,13,20.9,False
U01370,B,2026-11-04 09:50:40,PET01370,dog,14,5.3,False
U01371,A,2026-11-26 12:56:13,PET01371,cat,2,11.7,False
U01372,B,2026-10-08 12:32:17,PET01372,dog,14,30.2,True
U01373,A,2026-10-18 23:47:31,PET01373,dog,1,13.1,False
U01374,A,2026-10-15 15:37:39,PET01374,cat,7,4.9,False
U01375,A,2026-11-26 09:39:32,PET01375,dog,14,11.6,True
U01376,A,2026-12-03 22:05:36,PET01376,dog,11,28.5,False
U01377,B,2026-12-03 17:32:27,PET01377,dog,4,18.0,False
U01378,A,2026-11-14 19:07:42,PET01378,cat,10,7.2,False
U01379,A,2026-10-23 15:03:38,PET01379,cat,4,12.0,False
U01380,B,2026-10-26 01:32:46,PET01380,cat,4,33.4,False
U01381,A,2026-12-05 23:17:39,PET01381,cat,13,16.0,False
U01382,B,2026-10-03 17:06:38,PET01382,cat,1,16.3,True
U01383,A,2026-10-09 03:34:55,PET01383,cat,14,6.6,False
U01384,A,2026-11-27 06:02:47,PET01384,dog,7,11.7,False
U01385,A,2026-10-12 08:10:51,PET01385,dog,1,28.8,False
U01386,B,2026-09-29 06:07:03,PET01386,cat,12,27.8,False
U01387,B,2026-10-28 14:54:05,PET01387,cat,1,16.1,True
U01388,A,2026-10-07 13:08:01,PET01388,dog,5,31.4,False
U01389,A,2026-11-27 05:05:42,PET01389,cat,4,14.2,False
U01390,A,2026-11-28 16:42:40,PET01390,cat,11,30.5,False
U01391,A,2026-10-05 06:53:04,PET01391,dog,6,2.6,False
U01392,B,2026-10-25 03:49:17,PET01392,dog,10,13.1,False
U01393,A,2026-12-05 22:57:33,PET01393,dog,2,30.1,False
U01394,A,2026-11-13 07:32:53,PET01394,dog,10,31.7,False
U01395,A,2026-09-27 05:35:02,PET01395,dog,10,26.8,False
U01396,A,2026-10-31 17:11:12,PET01396,dog,5,23.9,True
U01397,B,2026-11-02 18:19:26,PET01397,dog,13,28.8,False
U01398,A,2026-11-05 03:38:52,PET01398,dog,7,25.2,False
U01399,A,2026-09-10 01:20:25,PET01399,cat,10,10.0,False
U01400,B,2026-10-04 20:23:34,PET01400,cat,3,17.1,True
U01401,B,2026-11-23 12:05:52,PET01401,dog,14,23.6,False
U01402,B,2026-09-29 10:56:42,PET01402,dog,4,21.2,False
U01403,B,2026-10-04 10:05:24,PET01403,dog,9,31.2,True
U01404,B,2026-10-07 14:03:49,PET01404,dog,2,17.4,False
U01405,A,2026-09-23 16:09:52,PET01405,dog,1,7.5,False
U01406,A,2026-09-21 01:55:46,PET01406,dog,2,8.7,False
U01407,B,2026-10-09 06:22:14,PET01407,dog,14,29.8,False
U01408,A,2026-11-25 22:54:28,PET01408,cat,3,1.8,False
U01409,B,2026-09-08 04:00:25,PET01409,dog,13,30.6,False
U01410,A,2026-10-03 21:46:50,PET01410,cat,9,3.4,False
U01411,A,2026-09-13 09:37:55,PET01411,dog,2,14.6,True
U01412,A,2026-10-28 04:33:42,PET01412,dog,7,28.3,False
U01413,B,2026-09-30 14:16:27,PET01413,cat,7,15.2,False
U01414,B,2026-11-18 15:54:52,PET01414,dog,4,29.0,True
U01415,B,2026-10-30 08:23:43,PET01415,cat,9,4.9,False
U01416,B,2026-11-17 19:02:05,PET01416,cat,13,18.6,True
U01417,B,2026-11-04 01:31:55,PET01417,cat,13,21.0,False
U01418,A,2026-10-17 02:55:37,PET01418,dog,8,31.3,False
U01419,A,2026-11-24 14:55:04,PET01419,dog,13,4.6,False
U01420,A,2026-10-20 13:51:31,PET01420,dog,13,12.8,True
U01421,B,2026-12-02 16:46:41,PET01421,dog,2,23.6,True
U01422,B,2026-12-06 20:24:39,PET01422,dog,9,34.3,False
U01423,A,2026-10-31 22:19:14,PET01423,cat,11,29.9,False
U01424,B,2026-11-07 12:09:40,PET01424,cat,1,29.9,False
U01425,A,2026-10-01 12:01:52,PET01425,dog,9,18.8,False
U01426,A,2026-11-20 22:10:15,PET01426,dog,13,20.4,True
U01427,A,2026-11-07 23:03:32,PET01427,cat,4,30.3,False
U01428,B,2026-11-28 01:08:50,PET01428,cat,13,30.6,True
U01429,B,2026-10-02 12:08:17,PET01429,dog,14,28.4,False
U01430,A,2026-11-17 22:03:39,PET01430,dog,9,28.9,False
U01431,A,2026-10-20 01:13:35,PET01431,cat,9,31.0,False
U01432,B,2026-09-24 23:27:11,PET01432,cat,8,5.3,False
U01433,B,2026-09-23 17:58:39,PET01433,cat,6,11.3,False
U01434,B,2026-10-28 03:44:33,PET01434,dog,7,34.2,True
U01435,B,2026-10-06 15:22:46,PET01435,dog,8,19.8,True
U01436,B,2026-09-17 10:20:34,PET01436,dog,7,7.4,True
U01437,A,2026-10-16 08:01:31,PET01437,dog,12,18.4,False
U01438,B,2026-11-05 14:53:54,PET01438,cat,11,23.1,False
U01439,B,2026-10-06 17:38:41,PET01439,dog,5,29.2,False
U01440,A,2026-12-02 21:26:15,PET01440,cat,8,28.7,False
U01441,B,2026-11-17 10:01:09,PET01441,cat,4,3.1,False
U01442,A,2026-10-24 03:49:43,PET01442,cat,3,16.7,True
U01443,B,2026-12-01 20:43:50,PET01443,cat,6,2.2,False
U01444,B,2026-10-16 08:01:00,PET01444,cat,1,31.3,False
U01445,B,2026-09-20 18:13:25,PET01445,dog,12,7.3,False
U01446,A,2026-09-11 19:09:01,PET01446,dog,2,22.4,False
U01447,A,2026-12-01 01:24:10,PET01447,dog,5,20.6,True
U01448,A,2026-12-03 09:50:24,PET01448,cat,4,22.5,False
U01449,A,2026-11-13 02:02:08,PET01449,cat,3,20.4,False
U01450,B,2026-09-17 14:31:07,PET01450,dog,6,25.5,False
U01451,A,2026-10-04 19:04:41,PET01451,dog,11,22.5,True
U01452,B,2026-09-11 13:26:24,PET01452,dog,13,4.5,True
U01453,A,2026-09-12 07:46:20,PET01453,dog,3,13.8,False
U01454,B,2026-09-30 23:21:22,PET01454,cat,4,19.8,False
U01455,A,2026-10-29 02:03:14,PET01455,dog,7,12.4,False
U01456,A,2026-09-13 03:23:48,PET01456,cat,5,27.0,False
U01457,A,2026-12-05 08:47:16,PET01457,cat,12,12.1,False
U01458,A,2026-10-18 22:45:45,PET01458,dog,4,29.3,False
U01459,B,2026-10-01 21:27:59,PET01459,dog,6,6.4,False
U01460,A,2026-10-24 13:32:22,PET01460,cat,8,27.3,True
U01461,B,2026-11-18 22:51:08,PET01461,cat,6,7.6,False
U01462,A,2026-10-06 21:41:58,PET01462,dog,9,19.2,False
U01463,B,2026-09-12 14:05:14,PET01463,dog,12,12.2,False
U01464,A,2026-09-12 02:49:50,PET01464,cat,8,22.9,False
U01465,B,2026-11-23 21:35:21,PET01465,cat,7,8.6,False
U01466,A,2026-09-18 15:23:45,PET01466,cat,14,28.1,True
U01467,B,2026-11-04 03:23:18,PET01467,cat,14,20.7,True
U01468,B,2026-10-12 20:09:45,PET01468,cat,14,33.6,True
U01469,B,2026-11-16 09:34:15,PET01469,dog,1,25.3,False
U01470,B,2026-09-13 18:53:06,PET01470,cat,12,21.8,False
U01471,A,2026-11-27 06:16:49,PET01471,dog,13,29.3,True
U01472,B,2026-11-09 00:14:18,PET01472,cat,12,8.9,False
U01473,B,2026-10-18 10:53:31,PET01473,cat,11,22.7,True
U01474,A,2026-09-26 10:51:10,PET01474,cat,6,14.6,False
U01475,B,2026-12-04 20:43:39,PET01475,dog,11,26.4,False
U01476,A,2026-10-05 02:46:05,PET01476,cat,9,2.3,False
U01477,A,2026-10-22 21:54:48,PET01477,cat,12,15.8,False
U01478,A,2026-10-13 03:40:04,PET01478,cat,5,23.3,False
U01479,B,2026-09-28 22:25:39,PET01479,cat,11,16.9,False
U01480,A,2026-10-15 16:57:03,PET01480,dog,11,9.5,False
U01481,B,2026-09-21 08:38:20,PET01481,dog,12,17.1,False
U01482,B,2026-09-08 22:57:28,PET01482,cat,3,30.0,True
U01483,A,2026-10-04 08:37:09,PET01483,cat,13,8.4,False
U01484,A,2026-09-18 15:13:06,PET01484,cat,4,13.8,False
U01485,B,2026-10-15 00:23:18,PET01485,cat,14,34.7,False
U01486,A,2026-11-24 02:27:25,PET01486,dog,1,32.1,False
U01487,B,2026-09-22 08:28:50,PET01487,dog,4,2.6,False
U01488,A,2026-09-08 05:51:21,PET01488,cat,9,19.3,False
U01489,B,2026-09-17 05:27:29,PET01489,dog,8,3.7,False
U01490,B,2026-10-23 09:05:34,PET01490,cat,10,32.5,True
U01491,A,2026-10-02 14:36:24,PET01491,cat,6,16.3,False
U01492,B,2026-10-22 03:00:30,PET01492,cat,1,15.5,True
U01493,A,2026-09-10 18:02:58,PET01493,dog,9,10.6,False
U01494,B,2026-10-07 20:21:04,PET01494,cat,8,20.6,False
U01495,B,2026-10-14 20:03:25,PET01495,dog,8,6.4,False
U01496,A,2026-10-16 04:40:05,PET01496,dog,6,28.3,False
U01497,A,2026-10-27 21:07:55,PET01497,dog,13,18.0,False
U01498,A,2026-11-17 03:06:33,PET01498,dog,12,20.5,False
U01499,B,2026-10-20 02:34:02,PET01499,cat,3,29.7,False
U01500,A,2026-11-22 17:24:59,PET01500,cat,1,7.7,False
U01501,B,2026-10-25 18:14:59,PET01501,dog,3,7.4,True
U01502,A,2026-10-01 03:02:38,PET01502,cat,1,15.6,True
U01503,A,2026-09-28 09:58:33,PET01503,dog,10,27.8,False
U01504,A,2026-10-07 09:50:51,PET01504,cat,9,3.5,False
U01505,B,2026-10-31 17:20:39,PET01505,cat,7,28.1,False
U01506,A,2026-09-29 12:22:19,PET01506,cat,9,18.3,False
U01507,B,2026-11-29 14:25:05,PET01507,dog,12,20.3,False
U01508,B,2026-10-21 01:55:31,PET01508,dog,12,20.4,False
U01509,B,2026-11-24 23:26:44,PET01509,dog,7,3.4,True
U01510,A,2026-11-08 13:20:20,PET01510,cat,9,9.9,True
U01511,A,2026-10-08 16:02:48,PET01511,cat,9,26.8,False
U01512,B,2026-09-28 11:31:26,PET01512,dog,14,15.3,False
U01513,B,2026-11-13 05:54:39,PET01513,dog,11,20.3,False
U01514,B,2026-10-07 16:02:31,PET01514,cat,5,33.2,True
U01515,B,2026-09-30 06:55:18,PET01515,dog,13,3.1,False
U01516,A,2026-11-30 05:15:34,PET01516,cat,6,16.6,False
U01517,A,2026-10-21 13:15:27,PET01517,cat,11,13.6,True
U01518,B,2026-09-12 08:33:32,PET01518,dog,14,5.1,False
U01519,B,2026-10-22 21:27:56,PET01519,dog,12,33.4,False
U01520,A,2026-10-19 15:49:54,PET01520,dog,2,33.7,False
U01521,A,2026-11-24 08:57:44,PET01521,dog,3,11.9,True
U01522,B,2026-11-11 00:51:15,PET01522,cat,12,33.2,False
U01523,A,2026-09-25 08:11:06,PET01523,cat,2,2.7,False
U01524,A,2026-09-21 02:46:44,PET01524,dog,1,34.4,False
U01525,A,2026-11-01 05:15:38,PET01525,dog,4,29.5,False
U01526,A,2026-09-12 06:48:18,PET01526,dog,7,8.7,False
U01527,B,2026-10-06 15:39:37,PET01527,dog,2,21.6,False
U01528,A,2026-09-20 02:33:09,PET01528,cat,3,28.2,False
U01529,A,2026-09-09 03:53:17,PET01529,cat,5,12.2,True
U01530,B,2026-11-29 00:56:53,PET01530,cat,9,13.4,False
U01531,A,2026-09-16 22:00:33,PET01531,dog,8,22.6,False
U01532,B,2026-09-08 23:41:49,PET01532,cat,12,6.4,False
U01533,B,2026-11-30 07:09:20,PET01533,dog,14,5.5,False
U01534,A,2026-09-24 10:56:17,PET01534,cat,1,9.9,True
U01535,A,2026-11-20 07:13:41,PET01535,cat,10,26.3,False
U01536,B,2026-09-10 12:48:30,PET01536,cat,3,13.8,False
U01537,A,2026-09-21 13:13:41,PET01537,dog,6,18.5,False
U01538,A,2026-09-17 06:07:03,PET01538,dog,5,8.0,False
U01539,A,2026-11-10 15:28:39,PET01539,cat,10,8.0,True
U01540,A,2026-11-02 00:11:04,PET01540,dog,4,23.3,True
U01541,B,2026-10-20 15:27:55,PET01541,cat,13,5.1,False
U01542,A,2026-09-29 18:01:02,PET01542,dog,6,23.9,False
U01543,B,2026-09-15 01:16:13,PET01543,cat,12,14.9,False
U01544,B,2026-10-29 17:22:12,PET01544,dog,14,24.0,False
U01545,B,2026-09-28 17:42:00,PET01545,cat,8,14.3,False
U01546,A,2026-10-31 23:20:27,PET01546,dog,2,29.8,False
U01547,A,2026-11-08 19:20:52,PET01547,dog,10,3.4,False
U01548,B,2026-11-23 00:30:23,PET01548,dog,6,31.4,False
U01549,A,2026-10-22 01:57:42,PET01549,dog,5,10.5,False
U01550,B,2026-09-08 03:17:18,PET01550,cat,7,2.9,False
U01551,A,2026-10-03 13:57:40,PET01551,cat,5,20.3,False
U01552,A,2026-11-23 17:05:28,PET01552,cat,4,9.0,False
U01553,B,2026-10-25 15:47:34,PET01553,cat,14,16.9,True
U01554,B,2026-11-02 07:55:18,PET01554,cat,4,28.4,False
U01555,B,2026-10-19 04:49:13,PET01555,dog,7,28.0,False
U01556,B,2026-09-22 01:31:49,PET01556,cat,11,21.6,False
U01557,B,2026-11-27 08:58:34,PET01557,dog,4,34.3,True
U01558,A,2026-11-16 07:13:22,PET01558,cat,9,17.0,False
U01559,A,2026-12-06 07:17:19,PET01559,dog,13,2.8,True
U01560,B,2026-11-23 02:06:18,PET01560,cat,12,29.0,False
U01561,A,2026-10-04 06:59:20,PET01561,dog,1,8.9,False
U01562,A,2026-09-30 20:06:09,PET01562,dog,6,7.4,False
U01563,B,2026-09-30 05:46:48,PET01563,dog,1,3.8,False
U01564,A,2026-11-29 21:02:47,PET01564,dog,9,12.5,False
U01565,B,2026-10-28 02:04:31,PET01565,dog,5,12.4,False
U01566,B,2026-10-18 15:17:07,PET01566,dog,13,11.6,False
U01567,A,2026-12-04 02:35:18,PET01567,dog,3,21.4,False
U01568,A,2026-11-01 09:15:15,PET01568,cat,12,26.7,False
U01569,A,2026-11-28 22:53:24,PET01569,dog,5,32.9,False
U01570,B,2026-12-05 18:27:03,PET01570,cat,13,4.7,True
U01571,B,2026-09-15 12:19:37,PET01571,dog,3,6.5,False
U01572,A,2026-10-10 15:09:29,PET01572,cat,4,21.3,False
U01573,B,2026-11-13 15:50:56,PET01573,dog,5,4.8,False
U01574,B,2026-11-20 19:00:27,PET01574,dog,14,13.9,True
U01575,B,2026-09-21 14:13:46,PET01575,cat,11,22.4,False
U01576,A,2026-10-06 12:15:42,PET01576,cat,12,27.6,False
U01577,A,2026-10-27 01:49:03,PET01577,dog,8,8.8,False
U01578,A,2026-11-18 23:00:00,PET01578,dog,12,23.9,False
U01579,A,2026-09-18 13:35:14,PET01579,dog,9,23.1,False
U01580,B,2026-11-01 06:57:38,PET01580,dog,10,30.3,False
U01581,A,2026-10-04 03:14:11,PET01581,dog,12,12.0,False
U01582,B,2026-09-27 14:30:01,PET01582,cat,14,26.6,False
U01583,B,2026-10-24 18:46:44,PET01583,dog,9,26.7,False
U01584,B,2026-10-15 19:23:35,PET01584,cat,7,9.5,False
U01585,B,2026-11-04 21:15:41,PET01585,dog,10,22.3,True
U01586,B,2026-10-06 21:27:10,PET01586,dog,11,24.1,False
U01587,B,2026-11-21 14:57:08,PET01587,dog,14,10.7,False
U01588,B,2026-09-15 22:43:19,PET01588,dog,10,16.6,False
U01589,A,2026-11-24 01:46:45,PET01589,dog,14,16.1,False
U01590,A,2026-09-10 09:28:48,PET01590,cat,11,27.4,False
U01591,A,2026-11-13 11:36:43,PET01591,cat,14,1.5,False
U01592,A,2026-10-09 16:47:03,PET01592,dog,11,18.3,False
U01593,A,2026-10-12 07:10:47,PET01593,dog,13,7.7,True
U01594,B,2026-09-09 06:57:53,PET01594,cat,3,23.2,False
U01595,A,2026-11-10 21:40:43,PET01595,dog,14,24.3,False
U01596,A,2026-09-22 15:35:06,PET01596,dog,5,18.3,False
U01597,A,2026-11-06 15:14:28,PET01597,cat,12,19.7,False
U01598,A,2026-11-12 04:25:17,PET01598,dog,6,12.1,False
U01599,A,2026-11-23 12:00:29,PET01599,dog,7,12.0,False
U01600,B,2026-11-10 10:06:53,PET01600,dog,11,26.5,False
U01601,A,2026-10-05 14:53:31,PET01601,cat,8,5.9,False
U01602,B,2026-11-13 22:05:08,PET01602,dog,11,27.3,False
U01603,B,2026-11-21 06:40:58,PET01603,cat,2,23.4,True
U01604,A,2026-10-06 19:27:42,PET01604,dog,12,31.1,False
U01605,B,2026-09-19 15:12:28,PET01605,dog,6,10.2,False
U01606,B,2026-11-27 11:54:58,PET01606,dog,12,18.5,False
U01607,B,2026-09-21 22:48:05,PET01607,cat,4,2.8,False
U01608,A,2026-10-31 03:31:27,PET01608,dog,9,32.1,False
U01609,B,2026-09-29 16:16:47,PET01609,cat,9,24.1,False
U01610,B,2026-09-19 09:33:56,PET01610,dog,2,22.4,False
U01611,B,2026-11-16 16:22:05,PET01611,dog,7,26.0,False
U01612,A,2026-09-20 03:19:41,PET01612,dog,9,11.0,False
U01613,A,2026-11-07 17:40:15,PET01613,dog,12,21.7,False
U01614,B,2026-11-09 01:38:40,PET01614,dog,13,28.3,True
U01615,A,2026-09-13 08:22:20,PET01615,cat,6,4.5,True
U01616,A,2026-09-23 21:45:22,PET01616,cat,10,33.6,False
U01617,B,2026-11-18 15:11:05,PET01617,cat,3,31.4,False
U01618,B,2026-10-23 11:47:39,PET01618,cat,13,33.8,True
U01619,B,2026-09-18 07:56:40,PET01619,dog,13,28.6,True
U01620,A,2026-12-06 02:08:43,PET01620,cat,14,11.4,False
U01621,A,2026-10-01 02:40:02,PET01621,dog,7,21.0,True
U01622,B,2026-09-08 17:12:00,PET01622,cat,6,5.5,False
U01623,B,2026-11-30 06:34:48,PET01623,cat,11,26.8,False
U01624,A,2026-09-09 01:46:49,PET01624,dog,11,6.6,False
U01625,A,2026-10-27 10:31:02,PET01625,cat,3,30.5,False
U01626,B,2026-12-06 09:30:28,PET01626,cat,8,9.6,True
U01627,B,2026-10-30 22:59:25,PET01627,dog,10,6.9,True
U01628,B,2026-10-30 05:31:37,PET01628,cat,7,3.9,True
U01629,B,2026-10-12 06:25:16,PET01629,dog,6,25.3,False
U01630,A,2026-09-19 03:57:04,PET01630,dog,4,7.7,False
U01631,B,2026-10-29 04:31:00,PET01631,dog,6,8.1,True
U01632,A,2026-11-27 12:48:18,PET01632,cat,4,7.2,False
U01633,A,2026-09-16 05:20:59,PET01633,dog,5,11.7,False
U01634,A,2026-11-26 17:16:21,PET01634,cat,3,33.0,True
U01635,B,2026-10-15 19:37:13,PET01635,dog,6,17.8,False
U01636,B,2026-10-26 11:41:33,PET01636,dog,9,10.2,False
U01637,B,2026-09-22 05:44:48,PET01637,cat,6,7.2,False
U01638,B,2026-11-02 19:41:57,PET01638,dog,2,2.1,False
U01639,A,2026-09-24 23:11:33,PET01639,cat,12,13.7,True
U01640,A,2026-10-02 22:01:02,PET01640,dog,7,5.2,False
U01641,B,2026-11-11 22:04:51,PET01641,cat,9,2.4,True
U01642,B,2026-09-12 19:22:20,PET01642,cat,8,4.9,False
U01643,B,2026-10-18 17:43:09,PET01643,dog,8,12.2,False
U01644,B,2026-10-31 22:57:20,PET01644,dog,7,26.7,False
U01645,A,2026-09-19 08:08:47,PET01645,dog,11,3.7,True
U01646,B,2026-10-04 22:17:48,PET01646,cat,12,24.2,True
U01647,A,2026-10-08 00:29:36,PET01647,cat,13,22.3,False
U01648,A,2026-11-06 19:58:49,PET01648,dog,7,31.0,True
U01649,A,2026-12-04 08:01:02,PET01649,dog,5,7.7,False
U01650,B,2026-11-22 07:01:23,PET01650,cat,2,28.1,True
U01651,B,2026-09-25 16:12:29,PET01651,dog,7,30.5,True
U01652,A,2026-09-09 04:11:02,PET01652,cat,14,34.2,False
U01653,B,2026-09-12 23:51:05,PET01653,cat,4,28.6,True
U01654,B,2026-10-31 17:26:53,PET01654,dog,12,5.6,False
U01655,B,2026-09-22 00:27:37,PET01655,dog,11,33.2,False
U01656,A,2026-09-28 20:17:33,PET01656,dog,10,28.8,True
U01657,B,2026-11-23 02:35:23,PET01657,dog,8,8.6,False
U01658,A,2026-11-25 19:45:17,PET01658,cat,11,7.0,False
U01659,A,2026-11-22 19:30:31,PET01659,cat,2,32.9,False
U01660,A,2026-09-30 15:26:48,PET01660,cat,2,6.7,False
U01661,B,2026-11-02 14:24:36,PET01661,dog,3,27.5,False
U01662,B,2026-11-01 19:55:00,PET01662,dog,11,15.1,False
U01663,B,2026-09-24 20:24:38,PET01663,cat,7,25.7,False
U01664,B,2026-10-27 16:58:19,PET01664,dog,3,4.6,False
U01665,A,2026-10-25 04:06:05,PET01665,dog,1,25.8,False
U01666,A,2026-10-13 15:58:07,PET01666,dog,7,18.6,True
U01667,A,2026-11-14 04:50:05,PET01667,cat,6,31.7,True
U01668,B,2026-11-07 01:07:04,PET01668,cat,3,7.8,False
U01669,B,2026-10-25 03:38:33,PET01669,dog,1,5.2,False
U01670,B,2026-11-12 11:03:04,PET01670,cat,11,8.1,False
U01671,A,2026-11-15 23:07:45,PET01671,dog,11,4.1,False
U01672,A,2026-10-29 00:48:44,PET01672,dog,4,34.3,True
U01673,A,2026-10-02 01:46:48,PET01673,dog,7,5.6,False
U01674,A,2026-11-15 02:13:00,PET01674,cat,4,8.2,False
U01675,A,2026-11-11 04:34:19,PET01675,dog,6,28.6,False
U01676,B,2026-12-05 12:59:02,PET01676,dog,2,9.8,False
U01677,A,2026-09-21 19:42:47,PET01677,dog,14,8.9,False
U01678,A,2026-10-15 01:08:22,PET01678,cat,11,24.0,False
U01679,B,2026-11-30 19:18:22,PET01679,cat,13,14.9,True
U01680,B,2026-10-24 21:55:02,PET01680,dog,5,29.5,False
U01681,A,2026-12-01 01:54:16,PET01681,cat,13,22.9,False
U01682,B,2026-09-09 10:48:29,PET01682,dog,8,11.2,True
U01683,B,2026-09-11 19:33:08,PET01683,dog,3,21.5,True
U01684,B,2026-11-18 16:47:57,PET01684,cat,5,30.5,False
U01685,A,2026-10-10 04:26:34,PET01685,cat,12,13.7,False
U01686,B,2026-10-24 03:32:49,PET01686,dog,11,26.2,False
U01687,A,2026-10-16 10:41:52,PET01687,cat,11,15.4,False
U01688,A,2026-10-14 20:20:32,PET01688,dog,4,19.7,False
U01689,B,2026-12-01 22:46:01,PET01689,cat,10,26.1,False
U01690,A,2026-09-16 11:28:24,PET01690,cat,14,3.5,False
U01691,A,2026-11-16 12:42:35,PET01691,cat,1,16.7,False
U01692,B,2026-11-27 13:24:38,PET01692,dog,5,4.7,True
U01693,A,2026-11-06 11:45:47,PET01693,cat,2,25.8,False
U01694,A,2026-10-13 15:33:49,PET01694,cat,2,21.9,False
U01695,B,2026-09-22 06:34:11,PET01695,dog,14,12.5,False
U01696,A,2026-11-08 12:57:27,PET01696,dog,4,4.1,False
U01697,A,2026-10-20 14:42:35,PET01697,cat,3,32.5,False
U01698,A,2026-09-21 13:30:59,PET01698,dog,2,12.1,False
U01699,B,2026-10-10 23:23:51,PET01699,cat,14,10.7,True
U01700,A,2026-12-03 17:52:06,PET01700,dog,7,4.9,False
U01701,A,2026-10-01 17:37:17,PET01701,cat,12,20.8,False
U01702,A,2026-09-24 19:21:19,PET01702,dog,4,10.4,False
U01703,A,2026-11-08 12:39:51,PET01703,cat,9,29.7,True
U01704,A,2026-09-25 07:20:52,PET01704,cat,13,24.4,False
U01705,A,2026-11-29 12:51:30,PET01705,dog,10,1.6,False
U01706,B,2026-11-24 22:07:45,PET01706,cat,8,20.5,False
U01707,B,2026-12-05 21:06:08,PET01707,cat,3,9.3,True
U01708,B,2026-11-29 08:29:36,PET01708,dog,4,2.0,False
U01709,A,2026-09-29 11:35:40,PET01709,dog,9,22.2,False
U01710,B,2026-09-27 06:32:08,PET01710,cat,7,8.4,True
U01711,B,2026-10-08 00:17:32,PET01711,cat,1,31.6,False
U01712,B,2026-10-20 07:28:27,PET01712,dog,3,20.7,True
U01713,B,2026-11-26 02:25:27,PET01713,cat,7,8.5,False
U01714,A,2026-11-13 08:36:15,PET01714,dog,3,34.3,False
U01715,B,2026-11-04 01:17:19,PET01715,dog,8,19.8,False
U01716,A,2026-11-26 07:36:22,PET01716,cat,5,7.0,False
U01717,A,2026-11-05 17:08:45,PET01717,dog,5,18.8,False
U01718,A,2026-10-12 20:15:00,PET01718,dog,2,33.6,False
U01719,A,2026-10-15 21:17:57,PET01719,dog,8,15.7,False
U01720,A,2026-10-24 13:28:03,PET01720,dog,3,15.7,False
U01721,B,2026-09-15 13:06:46,PET01721,dog,9,16.9,False
U01722,A,2026-11-13 23:13:24,PET01722,cat,14,10.9,True
U01723,A,2026-11-05 13:20:04,PET01723,dog,13,6.9,False
U01724,A,2026-11-12 02:00:53,PET01724,cat,10,20.9,False
U01725,B,2026-10-26 22:27:43,PET01725,cat,12,31.5,False
U01726,A,2026-11-17 14:44:07,PET01726,dog,13,26.1,True
U01727,B,2026-12-02 15:59:58,PET01727,dog,10,4.7,True
U01728,A,2026-10-29 02:18:16,PET01728,cat,4,14.9,True
U01729,B,2026-10-17 11:16:22,PET01729,dog,8,1.7,True
U01730,B,2026-09-17 11:00:44,PET01730,dog,12,11.8,False
U01731,B,2026-11-17 19:33:12,PET01731,cat,10,23.9,False
U01732,A,2026-11-28 09:11:08,PET01732,cat,6,11.2,False
U01733,B,2026-11-09 08:14:01,PET01733,cat,3,29.7,True
U01734,B,2026-11-24 16:20:18,PET01734,dog,3,17.5,False
U01735,A,2026-11-24 00:22:24,PET01735,dog,6,23.9,False
U01736,A,2026-11-18 17:53:26,PET01736,dog,12,31.1,True
U01737,B,2026-10-23 00:10:37,PET01737,cat,8,24.4,False
U01738,B,2026-09-16 05:42:51,PET01738,dog,1,31.6,False
U01739,B,2026-09-08 11:56:21,PET01739,dog,13,28.6,True
U01740,B,2026-09-26 04:38:56,PET01740,dog,6,20.5,True
U01741,B,2026-10-16 00:50:53,PET01741,cat,6,11.5,False
U01742,A,2026-11-13 10:04:05,PET01742,cat,12,11.5,False
U01743,A,2026-10-19 16:58:19,PET01743,dog,6,30.8,False
U01744,B,2026-09-10 05:48:27,PET01744,dog,9,3.3,True
U01745,A,2026-09-26 06:34:41,PET01745,dog,13,33.0,False
U01746,B,2026-12-05 16:14:20,PET01746,dog,8,12.5,False
U01747,B,2026-12-05 22:44:34,PET01747,dog,9,26.3,False
U01748,B,2026-10-11 12:25:29,PET01748,dog,5,12.6,False
U01749,B,2026-11-19 13:24:54,PET01749,cat,13,33.4,False
U01750,B,2026-11-11 19:50:50,PET01750,cat,2,2.7,False
U01751,B,2026-11-30 01:35:05,PET01751,cat,4,13.3,False
U01752,B,2026-11-26 23:33:01,PET01752,cat,14,30.6,False
U01753,B,2026-11-03 11:25:12,PET01753,dog,7,10.7,False
U01754,A,2026-10-13 09:04:28,PET01754,dog,3,10.7,False
U01755,A,2026-11-03 14:49:52,PET01755,dog,6,31.6,True
U01756,B,2026-10-06 21:53:16,PET01756,cat,4,29.3,False
U01757,B,2026-10-09 22:29:19,PET01757,dog,8,5.0,False
U01758,B,2026-11-01 18:39:07,PET01758,dog,4,20.9,False
U01759,A,2026-10-29 11:36:23,PET01759,dog,6,9.0,False
U01760,B,2026-10-30 03:34:44,PET01760,dog,13,8.7,True
U01761,A,2026-10-12 04:34:02,PET01761,cat,2,22.1,False
U01762,A,2026-10-14 20:03:44,PET01762,cat,11,5.6,False
U01763,A,2026-09-08 03:00:09,PET01763,dog,2,17.2,False
U01764,B,2026-11-01 11:33:22,PET01764,cat,7,10.1,False
U01765,B,2026-10-29 09:47:04,PET01765,dog,10,30.1,True
U01766,B,2026-12-01 17:01:11,PET01766,dog,14,20.1,False
U01767,B,2026-10-23 08:14:12,PET01767,dog,4,8.7,False
U01768,B,2026-10-20 16:51:45,PET01768,cat,1,32.5,False
U01769,A,2026-09-14 12:11:44,PET01769,cat,11,29.1,True
U01770,B,2026-09-25 21:15:47,PET01770,dog,13,10.4,False
U01771,A,2026-10-08 04:29:01,PET01771,cat,8,33.7,True
U01772,A,2026-10-11 18:16:04,PET01772,dog,1,10.5,False
U01773,A,2026-10-10 17:19:07,PET01773,dog,8,11.3,False
U01774,A,2026-10-13 19:47:27,PET01774,cat,6,14.4,False
U01775,A,2026-11-16 11:45:57,PET01775,cat,7,7.0,True
U01776,A,2026-09-19 07:42:06,PET01776,cat,1,24.5,False
U01777,A,2026-10-07 12:24:39,PET01777,cat,5,20.2,False
U01778,A,2026-09-22 23:21:19,PET01778,dog,14,31.5,False
U01779,A,2026-10-05 04:40:45,PET01779,cat,1,9.6,False
U01780,B,2026-11-08 15:52:41,PET01780,cat,13,7.2,False
U01781,A,2026-09-12 05:23:02,PET01781,dog,8,13.5,False
U01782,A,2026-10-08 18:34:06,PET01782,dog,9,6.4,False
U01783,B,2026-09-10 10:09:52,PET01783,cat,14,33.2,True
U01784,B,2026-12-02 20:36:47,PET01784,dog,4,25.5,True
U01785,A,2026-11-12 03:55:18,PET01785,dog,14,28.2,False
U01786,A,2026-09-29 02:58:14,PET01786,cat,4,26.6,False
U01787,B,2026-09-25 22:49:03,PET01787,cat,5,9.6,False
U01788,B,2026-09-16 08:04:25,PET01788,cat,7,6.2,False
U01789,B,2026-10-20 02:02:10,PET01789,cat,9,15.9,False
U01790,B,2026-11-14 20:03:44,PET01790,dog,5,29.3,False
U01791,A,2026-10-30 09:56:11,PET01791,cat,12,12.6,False
U01792,B,2026-11-26 22:07:39,PET01792,dog,1,1.8,False
U01793,B,2026-10-08 10:30:27,PET01793,cat,10,23.6,False
U01794,A,2026-10-03 18:08:46,PET01794,dog,10,8.2,False
U01795,A,2026-10-21 13:53:26,PET01795,cat,8,19.7,False
U01796,B,2026-09-26 11:34:31,PET01796,cat,9,2.0,False
U01797,B,2026-12-04 11:39:49,PET01797,cat,11,18.5,False
U01798,A,2026-09-24 06:01:36,PET01798,dog,13,14.7,False
U01799,B,2026-10-21 17:40:43,PET01799,dog,4,31.0,False
U01800,A,2026-10-24 12:36:02,PET01800,dog,7,25.7,False
U01801,A,2026-09-13 00:02:11,PET01801,dog,8,2.7,False
U01802,A,2026-10-20 09:32:06,PET01802,cat,5,27.9,True
U01803,B,2026-10-18 09:44:35,PET01803,dog,14,28.0,False
U01804,A,2026-10-01 21:15:18,PET01804,cat,8,23.7,False
U01805,A,2026-09-19 10:14:44,PET01805,dog,9,32.6,False
U01806,A,2026-09-12 13:36:51,PET01806,dog,3,28.4,False
U01807,A,2026-09-08 01:59:19,PET01807,cat,6,8.8,False
U01808,B,2026-10-21 09:24:34,PET01808,dog,9,14.3,False
U01809,A,2026-09-16 06:49:03,PET01809,dog,6,13.2,False
U01810,B,2026-12-03 11:57:48,PET01810,dog,11,18.4,False
U01811,A,2026-09-30 21:33:54,PET01811,dog,2,33.4,False
U01812,B,2026-11-05 22:24:20,PET01812,cat,3,22.1,True
U01813,B,2026-11-07 06:53:16,PET01813,dog,5,12.0,False
U01814,B,2026-10-22 14:43:05,PET01814,dog,5,33.0,False
U01815,A,2026-11-26 22:54:15,PET01815,cat,12,25.0,False
U01816,B,2026-09-17 05:29:43,PET01816,dog,13,10.4,False
U01817,A,2026-09-29 10:31:04,PET01817,cat,7,31.9,True
U01818,B,2026-09-30 12:00:06,PET01818,dog,8,13.0,False
U01819,B,2026-09-20 00:04:46,PET01819,cat,5,18.8,True
U01820,A,2026-10-04 11:10:32,PET01820,dog,8,17.6,True
U01821,A,2026-10-06 02:54:43,PET01821,dog,10,32.4,False
U01822,A,2026-11-15 07:26:58,PET01822,cat,11,10.4,False
U01823,A,2026-10-05 02:46:16,PET01823,cat,14,12.7,False
U01824,B,2026-11-25 17:40:16,PET01824,cat,9,23.6,False
U01825,A,2026-11-16 20:02:03,PET01825,cat,5,31.2,True
U01826,B,2026-11-28 06:26:19,PET01826,dog,1,5.3,False
U01827,A,2026-09-17 00:58:05,PET01827,cat,10,8.5,True
U01828,A,2026-12-05 11:49:16,PET01828,cat,12,33.3,False
U01829,A,2026-11-02 02:45:13,PET01829,dog,8,27.5,False
U01830,A,2026-12-05 10:35:06,PET01830,dog,13,13.1,False
U01831,A,2026-10-09 13:03:18,PET01831,dog,5,13.5,False
U01832,A,2026-12-02 11:12:16,PET01832,cat,1,17.2,False
U01833,A,2026-10-30 12:31:43,PET01833,dog,9,24.1,False
U01834,B,2026-09-14 13:36:09,PET01834,dog,2,20.3,False
U01835,A,2026-10-14 03:55:34,PET01835,cat,2,27.5,False
U01836,A,2026-09-20 16:23:56,PET01836,cat,10,3.3,False
U01837,A,2026-12-01 16:02:35,PET01837,dog,7,28.9,True
U01838,B,2026-10-05 03:25:55,PET01838,cat,9,3.4,False
U01839,B,2026-09-28 10:24:42,PET01839,dog,11,31.0,False
U01840,A,2026-10-27 06:55:11,PET01840,cat,6,2.9,False
U01841,B,2026-10-16 09:32:10,PET01841,dog,9,5.8,False
U01842,A,2026-09-16 18:32:53,PET01842,dog,8,7.5,True
U01843,A,2026-11-20 14:18:59,PET01843,cat,9,9.0,False
U01844,B,2026-11-23 21:47:09,PET01844,dog,10,15.0,False
U01845,A,2026-11-13 13:39:29,PET01845,dog,6,23.5,False
U01846,B,2026-11-02 01:04:18,PET01846,dog,8,31.4,False
U01847,B,2026-10-14 17:04:12,PET01847,cat,9,19.1,False
U01848,A,2026-10-26 01:45:38,PET01848,cat,2,19.3,False
U01849,A,2026-10-24 08:12:21,PET01849,cat,3,12.2,False
U01850,A,2026-09-22 22:24:42,PET01850,cat,2,28.3,False
U01851,A,2026-09-15 23:45:12,PET01851,cat,3,5.2,False
U01852,A,2026-09-30 03:33:02,PET01852,dog,7,11.6,False
U01853,B,2026-10-18 23:38:37,PET01853,dog,14,4.7,False
U01854,A,2026-09-22 23:30:10,PET01854,cat,13,8.7,False
U01855,B,2026-09-17 21:04:48,PET01855,cat,11,21.2,True
U01856,B,2026-11-23 19:52:38,PET01856,cat,8,5.7,False
U01857,A,2026-10-11 01:48:10,PET01857,cat,3,4.9,False
U01858,B,2026-10-30 02:53:48,PET01858,dog,6,29.2,False
U01859,B,2026-10-25 14:43:45,PET01859,cat,11,5.5,False
U01860,A,2026-11-13 02:27:38,PET01860,cat,13,21.9,True
U01861,A,2026-11-13 06:01:12,PET01861,cat,14,13.3,False
U01862,B,2026-10-04 23:27:18,PET01862,cat,6,31.5,False
U01863,B,2026-11-23 21:51:07,PET01863,cat,7,25.2,True
U01864,A,2026-10-11 06:06:56,PET01864,cat,8,3.5,False
U01865,A,2026-11-22 12:55:45,PET01865,dog,1,31.5,False
U01866,A,2026-10-14 12:55:40,PET01866,cat,2,15.4,False
U01867,B,2026-09-17 06:18:17,PET01867,dog,1,11.5,False
U01868,A,2026-11-15 05:40:10,PET01868,dog,11,24.0,False
U01869,A,2026-09-10 10:29:28,PET01869,dog,4,25.6,False
U01870,A,2026-11-16 14:24:58,PET01870,dog,10,11.7,False
U01871,B,2026-09-11 19:18:14,PET01871,dog,6,13.3,True
U01872,B,2026-09-26 20:09:38,PET01872,cat,12,6.7,False
U01873,A,2026-11-01 00:29:24,PET01873,cat,2,21.4,False
U01874,B,2026-12-01 15:45:56,PET01874,cat,5,33.6,True
U01875,A,2026-10-14 14:47:04,PET01875,dog,3,15.5,True
U01876,B,2026-09-18 01:07:07,PET01876,dog,7,34.9,False
U01877,B,2026-09-28 20:01:54,PET01877,cat,8,7.4,False
U01878,B,2026-11-27 14:17:04,PET01878,cat,3,28.2,False
U01879,A,2026-11-12 17:15:07,PET01879,dog,10,32.6,True
U01880,A,2026-09-17 15:51:51,PET01880,cat,14,24.5,False
U01881,B,2026-10-12 08:01:22,PET01881,cat,1,5.2,False
U01882,B,2026-10-01 04:49:17,PET01882,cat,2,12.4,False
U01883,B,2026-09-24 09:04:09,PET01883,cat,14,4.4,True
U01884,B,2026-11-23 18:17:26,PET01884,cat,10,21.7,True
U01885,A,2026-11-02 15:16:57,PET01885,cat,13,34.9,False
U01886,A,2026-09-24 15:02:43,PET01886,dog,10,14.1,False
U01887,B,2026-11-05 03:07:45,PET01887,dog,11,7.0,False
U01888,A,2026-10-15 00:13:44,PET01888,dog,3,10.5,False
U01889,B,2026-09-13 16:01:38,PET01889,cat,8,20.6,True
U01890,B,2026-10-18 22:48:47,PET01890,cat,6,20.6,False
U01891,B,2026-09-24 08:36:23,PET01891,dog,12,9.2,False
U01892,A,2026-09-30 10:41:38,PET01892,cat,1,26.6,False
U01893,B,2026-11-26 22:59:20,PET01893,dog,1,4.4,False
U01894,A,2026-11-10 05:34:37,PET01894,dog,8,22.4,True
U01895,A,2026-09-20 12:31:32,PET01895,cat,14,15.8,False
U01896,A,2026-11-23 02:04:07,PET01896,dog,14,5.8,True
U01897,B,2026-10-29 06:19:38,PET01897,dog,9,22.8,False
U01898,B,2026-11-25 08:59:10,PET01898,dog,7,24.0,False
U01899,A,2026-11-14 16:27:06,PET01899,dog,4,16.2,False
U01900,A,2026-10-08 07:23:11,PET01900,cat,14,28.2,True
U01901,A,2026-10-26 11:03:11,PET01901,cat,3,18.6,False
U01902,A,2026-10-25 07:09:03,PET01902,cat,2,11.1,False
U01903,A,2026-11-11 03:23:12,PET01903,cat,8,33.4,False
U01904,A,2026-09-30 19:02:12,PET01904,dog,6,33.1,False
U01905,A,2026-10-07 16:09:00,PET01905,cat,7,4.7,False
U01906,A,2026-09-30 15:30:07,PET01906,dog,13,33.2,False
U01907,B,2026-10-04 13:59:30,PET01907,dog,4,27.5,False
U01908,B,2026-09-22 03:11:35,PET01908,cat,13,5.1,False
U01909,B,2026-09-11 12:21:54,PET01909,dog,3,18.9,False
U01910,B,2026-12-01 16:59:37,PET01910,dog,5,2.7,False
U01911,A,2026-09-14 11:51:58,PET01911,dog,1,21.2,False
U01912,A,2026-11-26 17:21:48,PET01912,cat,10,32.8,True
U01913,A,2026-09-08 07:53:53,PET01913,dog,13,13.8,True
U01914,A,2026-11-16 12:20:32,PET01914,dog,13,18.5,False
U01915,B,2026-10-07 09:08:15,PET01915,cat,3,9.1,False
U01916,B,2026-10-24 23:53:54,PET01916,dog,11,19.6,False
U01917,A,2026-10-03 04:17:50,PET01917,cat,2,28.4,True
U01918,B,2026-10-22 06:48:12,PET01918,dog,9,8.7,False
U01919,B,2026-10-18 16:20:43,PET01919,cat,10,20.0,False
U01920,A,2026-10-25 01:24:10,PET01920,cat,3,13.4,False
U01921,B,2026-10-13 12:18:22,PET01921,dog,2,26.6,False
U01922,A,2026-10-26 00:41:28,PET01922,cat,2,25.0,False
U01923,A,2026-11-21 12:40:05,PET01923,dog,10,24.9,True
U01924,A,2026-10-17 07:41:35,PET01924,cat,9,14.2,False
U01925,B,2026-10-10 04:33:29,PET01925,cat,2,21.6,False
U01926,A,2026-09-19 11:57:00,PET01926,cat,8,23.3,False
U01927,B,2026-10-10 07:56:44,PET01927,cat,12,24.3,True
U01928,A,2026-09-19 01:52:39,PET01928,cat,4,20.8,False
U01929,A,2026-09-24 12:47:02,PET01929,cat,9,30.5,True
U01930,B,2026-12-02 13:34:44,PET01930,dog,5,9.8,False
U01931,B,2026-09-16 15:53:06,PET01931,cat,4,3.4,False
U01932,B,2026-10-21 21:37:15,PET01932,cat,6,33.7,False
U01933,A,2026-11-22 16:51:35,PET01933,cat,5,3.5,False
U01934,B,2026-12-02 19:07:28,PET01934,dog,7,31.7,False
U01935,B,2026-09-21 15:33:13,PET01935,dog,3,22.0,False
U01936,B,2026-09-22 16:08:21,PET01936,cat,6,32.3,False
U01937,B,2026-10-11 19:02:23,PET01937,cat,9,20.4,False
U01938,B,2026-10-27 15:52:53,PET01938,dog,6,29.0,True
U01939,A,2026-12-03 12:03:15,PET01939,dog,10,25.7,False
U01940,A,2026-09-26 17:31:37,PET01940,dog,2,19.1,False
U01941,B,2026-09-22 23:10:04,PET01941,dog,2,13.7,False
U01942,A,2026-09-30 11:51:39,PET01942,cat,13,1.6,False
U01943,A,2026-11-25 05:25:26,PET01943,dog,7,9.9,False
U01944,A,2026-09-10 09:38:35,PET01944,dog,9,33.4,True
U01945,B,2026-10-12 00:20:27,PET01945,dog,11,10.7,False
U01946,A,2026-09-18 07:21:35,PET01946,dog,3,26.7,False
U01947,B,2026-09-22 21:17:22,PET01947,cat,14,18.5,False
U01948,B,2026-11-29 02:23:27,PET01948,dog,6,11.8,True
U01949,B,2026-09-08 21:18:46,PET01949,dog,13,34.7,False
U01950,A,2026-10-06 13:29:30,PET01950,dog,6,3.1,False
U01951,B,2026-11-29 07:38:34,PET01951,cat,6,21.0,True
U01952,B,2026-11-01 11:20:25,PET01952,cat,9,17.0,False
U01953,B,2026-09-14 21:05:10,PET01953,dog,3,4.1,True
U01954,B,2026-10-19 02:51:13,PET01954,cat,9,8.7,False
U01955,B,2026-12-04 13:34:40,PET01955,dog,14,24.8,True
U01956,A,2026-10-14 06:26:18,PET01956,cat,10,5.1,True
U01957,B,2026-10-25 12:59:13,PET01957,dog,1,28.3,False
U01958,B,2026-10-25 18:53:34,PET01958,cat,10,22.4,True
U01959,A,2026-11-06 22:06:43,PET01959,cat,1,4.9,True
U01960,B,2026-09-24 06:08:04,PET01960,dog,2,11.1,False
U01961,B,2026-11-22 15:55:39,PET01961,dog,4,6.1,True
U01962,B,2026-12-05 10:13:02,PET01962,dog,5,28.2,True
U01963,B,2026-09-20 12:03:56,PET01963,dog,1,19.4,False
U01964,A,2026-11-20 03:52:16,PET01964,dog,1,1.6,False
U01965,A,2026-11-20 20:33:33,PET01965,dog,12,19.7,False
U01966,B,2026-11-13 04:04:34,PET01966,cat,7,17.7,False
U01967,B,2026-10-11 00:57:23,PET01967,dog,3,23.0,False
U01968,B,2026-10-20 18:09:08,PET01968,cat,7,2.7,False
U01969,B,2026-11-22 09:44:03,PET01969,dog,10,2.7,False
U01970,A,2026-09-21 01:36:00,PET01970,dog,11,13.2,False
U01971,B,2026-11-21 16:20:25,PET01971,dog,5,24.6,False
U01972,B,2026-11-29 06:50:26,PET01972,cat,3,23.8,False
U01973,A,2026-11-08 23:25:40,PET01973,dog,14,10.8,False
U01974,B,2026-10-08 23:32:24,PET01974,dog,9,8.7,False
U01975,B,2026-10-28 13:12:33,PET01975,cat,14,24.4,True
U01976,B,2026-09-12 11:25:17,PET01976,cat,5,2.4,False
U01977,B,2026-11-30 10:40:33,PET01977,cat,2,20.2,False
U01978,B,2026-10-08 14:32:56,PET01978,dog,6,15.7,False
U01979,B,2026-09-13 21:49:01,PET01979,dog,5,9.5,False
U01980,B,2026-11-18 15:22:44,PET01980,cat,11,18.9,False
U01981,B,2026-11-06 02:22:52,PET01981,cat,11,8.8,True
U01982,B,2026-11-03 04:42:26,PET01982,cat,2,20.4,False
U01983,B,2026-09-12 15:06:25,PET01983,dog,9,6.5,False
U01984,B,2026-11-14 08:51:51,PET01984,dog,5,15.1,False
U01985,A,2026-11-04 11:30:18,PET01985,cat,9,18.6,False
U01986,B,2026-11-18 09:37:01,PET01986,cat,6,2.6,False
U01987,B,2026-11-21 14:18:10,PET01987,dog,8,22.0,False
U01988,A,2026-09-27 05:32:11,PET01988,cat,11,26.6,False
U01989,B,2026-09-26 01:46:08,PET01989,cat,5,33.5,False
U01990,B,2026-11-30 05:36:56,PET01990,dog,3,8.3,False
U01991,B,2026-10-25 16:01:52,PET01991,dog,10,8.5,False
U01992,B,2026-10-17 14:35:19,PET01992,cat,14,11.7,False
U01993,A,2026-10-03 19:25:10,PET01993,dog,7,31.3,False
U01994,B,2026-11-04 02:36:12,PET01994,cat,14,15.1,False
U01995,A,2026-11-14 03:23:52,PET01995,cat,3,11.6,False
U01996,B,2026-09-08 03:05:58,PET01996,dog,12,26.3,False
U01997,B,2026-10-27 13:30:17,PET01997,cat,14,2.8,False
U01998,B,2026-12-06 13:45:33,PET01998,dog,5,19.9,True
U01999,A,2026-10-03 03:49:23,PET01999,dog,3,16.6,True
U02000,B,2026-10-03 10:47:02,PET02000,cat,10,22.4,False
U02001,A,2026-11-26 01:14:05,PET02001,cat,13,26.0,False
U02002,A,2026-09-13 14:41:11,PET02002,dog,2,12.4,False
U02003,A,2026-10-13 13:40:46,PET02003,cat,9,22.8,False
U02004,A,2026-10-19 00:38:49,PET02004,cat,13,19.1,False
U02005,B,2026-11-18 02:07:25,PET02005,cat,1,6.0,False
U02006,B,2026-09-19 16:55:04,PET02006,cat,8,31.0,False
U02007,A,2026-10-17 21:34:47,PET02007,dog,2,26.8,False
U02008,B,2026-09-21 20:23:50,PET02008,dog,3,32.4,False
U02009,A,2026-11-17 13:36:36,PET02009,cat,7,25.6,True
U02010,B,2026-11-03 12:34:45,PET02010,dog,5,9.7,True
U02011,B,2026-10-22 19:24:11,PET02011,cat,2,15.9,True
U02012,B,2026-10-13 20:10:48,PET02012,dog,12,14.5,False
U02013,A,2026-09-21 21:45:21,PET02013,dog,3,2.7,False
U02014,A,2026-11-29 09:35:30,PET02014,dog,13,15.3,False
U02015,B,2026-11-05 11:25:31,PET02015,dog,3,13.1,False
U02016,B,2026-10-06 01:53:39,PET02016,dog,8,1.6,False
U02017,B,2026-10-15 04:12:12,PET02017,cat,11,29.9,False
U02018,B,2026-11-12 09:03:39,PET02018,cat,7,6.3,True
U02019,B,2026-11-11 19:25:45,PET02019,dog,6,18.3,False
U02020,A,2026-10-19 10:42:46,PET02020,dog,11,27.8,False
U02021,A,2026-10-05 14:05:43,PET02021,cat,1,21.8,False
U02022,A,2026-11-06 20:46:22,PET02022,dog,12,7.2,True
U02023,A,2026-11-06 11:24:53,PET02023,dog,10,22.2,True
U02024,A,2026-10-31 08:01:59,PET02024,dog,11,26.9,False
U02025,B,2026-09-14 17:31:38,PET02025,cat,6,30.1,False
U02026,A,2026-10-20 07:33:44,PET02026,cat,6,12.2,False
U02027,B,2026-11-02 09:19:03,PET02027,cat,9,2.6,False
U02028,B,2026-12-02 21:18:44,PET02028,cat,9,21.9,False
U02029,B,2026-10-25 10:29:44,PET02029,cat,13,9.1,False
U02030,B,2026-10-08 06:01:23,PET02030,dog,13,27.7,False
U02031,A,2026-10-28 20:01:54,PET02031,dog,1,24.3,True
U02032,A,2026-09-23 15:25:07,PET02032,dog,3,27.4,False
U02033,A,2026-09-16 18:25:35,PET02033,dog,14,33.9,False
U02034,B,2026-11-08 07:50:21,PET02034,cat,6,21.1,False
U02035,B,2026-12-05 18:45:58,PET02035,dog,9,31.8,False
U02036,A,2026-11-23 22:50:05,PET02036,dog,1,23.0,False
U02037,B,2026-10-30 03:55:23,PET02037,dog,2,7.6,False
U02038,A,2026-09-11 04:33:03,PET02038,cat,6,28.3,False
U02039,A,2026-12-05 13:32:19,PET02039,cat,11,24.7,False
U02040,B,2026-10-18 17:22:28,PET02040,cat,11,34.3,False
U02041,B,2026-10-04 00:00:40,PET02041,dog,13,9.7,False
U02042,A,2026-11-27 13:12:05,PET02042,dog,3,12.7,False
U02043,B,2026-11-14 03:03:24,PET02043,cat,3,29.0,False
U02044,B,2026-11-14 23:29:20,PET02044,cat,8,3.6,True
U02045,B,2026-10-02 17:26:02,PET02045,cat,8,22.7,False
U02046,A,2026-12-06 23:51:26,PET02046,dog,1,19.4,True
U02047,A,2026-10-18 05:14:03,PET02047,dog,7,7.2,False
U02048,A,2026-10-25 19:02:55,PET02048,cat,13,7.0,False
U02049,A,2026-11-14 09:10:12,PET02049,cat,3,28.6,False
U02050,A,2026-11-06 02:28:58,PET02050,cat,12,2.0,False
U02051,A,2026-09-23 11:31:21,PET02051,dog,7,26.5,False
U02052,A,2026-10-05 11:15:22,PET02052,dog,8,26.0,False
U02053,B,2026-10-10 12:00:23,PET02053,dog,9,23.3,False
U02054,B,2026-12-02 20:30:29,PET02054,cat,10,15.2,False
U02055,B,2026-11-11 06:42:24,PET02055,dog,9,2.4,False
U02056,B,2026-10-10 15:19:24,PET02056,dog,2,28.4,False
U02057,B,2026-11-13 04:46:55,PET02057,dog,5,5.7,True
U02058,B,2026-11-13 21:05:42,PET02058,cat,12,10.9,False
U02059,B,2026-10-13 10:59:35,PET02059,dog,1,33.2,False
U02060,B,2026-10-14 19:11:05,PET02060,dog,11,11.6,False
U02061,A,2026-11-27 06:27:18,PET02061,cat,8,10.0,False
U02062,A,2026-10-28 07:30:39,PET02062,cat,2,34.1,False
U02063,B,2026-09-21 23:35:25,PET02063,cat,2,4.4,False
U02064,B,2026-11-11 04:40:53,PET02064,cat,14,6.9,True
U02065,A,2026-10-31 13:28:18,PET02065,dog,1,16.2,False
U02066,A,2026-10-23 07:44:29,PET02066,cat,1,27.9,False
U02067,A,2026-11-12 09:21:47,PET02067,cat,1,31.1,False
U02068,B,2026-11-28 16:42:09,PET02068,dog,9,26.8,False
U02069,B,2026-10-07 18:45:58,PET02069,cat,13,34.2,False
U02070,A,2026-10-15 11:32:44,PET02070,dog,3,2.1,False
U02071,A,2026-09-25 15:18:45,PET02071,dog,12,22.3,False
U02072,B,2026-11-05 01:03:08,PET02072,dog,11,5.4,False
U02073,A,2026-10-14 05:36:52,PET02073,dog,4,32.0,False
U02074,A,2026-10-08 17:49:10,PET02074,cat,1,32.8,False
U02075,A,2026-11-09 15:58:54,PET02075,dog,7,11.7,False
U02076,A,2026-10-14 01:04:21,PET02076,cat,2,29.2,False
U02077,B,2026-10-19 21:23:13,PET02077,dog,2,22.6,False
U02078,A,2026-10-17 09:49:23,PET02078,dog,7,4.9,False
U02079,B,2026-10-01 07:17:24,PET02079,dog,12,21.7,False
U02080,B,2026-09-19 11:05:41,PET02080,dog,14,34.2,True
U02081,A,2026-11-21 09:28:30,PET02081,cat,9,11.8,False
U02082,B,2026-09-16 12:04:21,PET02082,cat,4,1.5,False
U02083,B,2026-10-07 03:56:23,PET02083,dog,5,34.2,False
U02084,B,2026-11-07 03:20:17,PET02084,cat,9,15.4,False
U02085,B,2026-09-19 23:45:07,PET02085,cat,3,15.9,False
U02086,A,2026-11-05 17:56:49,PET02086,cat,8,25.4,False
U02087,B,2026-11-12 08:40:10,PET02087,dog,11,21.7,False
U02088,A,2026-11-06 20:23:05,PET02088,dog,12,11.6,True
U02089,A,2026-10-05 19:05:25,PET02089,cat,1,4.8,False
U02090,B,2026-09-09 16:44:58,PET02090,cat,5,29.2,False
U02091,B,2026-11-26 17:18:46,PET02091,dog,4,17.7,False
U02092,A,2026-10-07 22:49:32,PET02092,cat,8,24.0,True
U02093,A,2026-11-19 20:01:10,PET02093,dog,3,30.3,False
U02094,B,2026-09-25 06:10:48,PET02094,cat,14,2.1,False
U02095,A,2026-09-22 17:26:28,PET02095,dog,13,30.3,False
U02096,A,2026-11-17 03:51:27,PET02096,cat,5,26.7,True
U02097,B,2026-12-01 12:03:51,PET02097,dog,6,33.2,False
U02098,A,2026-11-24 01:36:54,PET02098,dog,7,9.3,False
U02099,B,2026-11-14 04:03:58,PET02099,cat,1,12.3,False
U02100,A,2026-09-30 17:18:59,PET02100,dog,13,23.7,False
U02101,A,2026-11-29 08:55:10,PET02101,cat,11,32.5,False
U02102,B,2026-11-07 03:53:26,PET02102,cat,5,34.8,False
U02103,A,2026-09-23 23:30:17,PET02103,dog,8,15.5,False
U02104,A,2026-09-19 22:30:58,PET02104,dog,6,19.6,False
U02105,B,2026-11-25 05:30:04,PET02105,cat,4,7.2,False
U02106,A,2026-10-02 14:21:37,PET02106,cat,5,24.7,False
U02107,B,2026-11-15 07:03:06,PET02107,cat,2,29.6,False
U02108,B,2026-09-20 19:17:57,PET02108,dog,12,28.3,False
U02109,B,2026-10-03 16:30:36,PET02109,cat,10,13.1,False
U02110,B,2026-10-03 10:25:57,PET02110,dog,14,33.8,False
U02111,A,2026-10-03 22:20:29,PET02111,cat,1,5.5,False
U02112,B,2026-11-07 17:38:10,PET02112,dog,9,18.0,False
U02113,B,2026-11-29 03:37:56,PET02113,dog,8,20.1,False
U02114,B,2026-11-28 10:38:51,PET02114,cat,9,19.5,False
U02115,A,2026-11-13 19:54:43,PET02115,cat,14,26.9,True
U02116,B,2026-09-26 12:55:49,PET02116,dog,6,21.9,True
U02117,B,2026-12-03 02:23:49,PET02117,cat,2,4.1,True
U02118,A,2026-10-26 18:33:57,PET02118,dog,1,7.5,False
U02119,B,2026-10-27 11:32:45,PET02119,dog,7,19.3,True
U02120,B,2026-11-10 05:42:56,PET02120,dog,3,24.8,True
U02121,B,2026-11-16 19:34:27,PET02121,dog,2,18.7,False
U02122,A,2026-12-02 21:13:41,PET02122,dog,3,13.4,False
U02123,B,2026-10-30 14:06:07,PET02123,dog,4,3.2,False
U02124,B,2026-11-01 17:11:28,PET02124,dog,2,27.8,False
U02125,A,2026-11-14 05:47:10,PET02125,cat,7,18.2,True
U02126,B,2026-09-30 17:55:01,PET02126,cat,10,19.5,False
U02127,A,2026-10-05 21:42:08,PET02127,cat,5,17.2,False
U02128,A,2026-11-03 05:42:57,PET02128,dog,2,10.4,False
U02129,B,2026-09-13 22:37:46,PET02129,cat,9,10.8,False
U02130,B,2026-10-06 02:09:47,PET02130,dog,2,3.6,False
U02131,B,2026-11-11 10:42:02,PET02131,cat,11,25.2,False
U02132,B,2026-12-04 01:44:54,PET02132,cat,6,10.6,True
U02133,A,2026-10-24 10:44:20,PET02133,dog,6,11.5,True
U02134,A,2026-10-13 15:31:42,PET02134,dog,4,34.8,False
U02135,A,2026-10-17 20:53:32,PET02135,cat,4,14.4,False
U02136,A,2026-11-08 03:36:00,PET02136,cat,3,18.6,False
U02137,B,2026-10-27 21:17:52,PET02137,cat,8,14.4,True
U02138,B,2026-09-10 23:58:50,PET02138,cat,3,11.2,False
U02139,A,2026-10-26 01:35:53,PET02139,cat,10,1.7,False
U02140,A,2026-10-14 23:03:54,PET02140,dog,4,30.1,True
U02141,A,2026-11-10 21:45:26,PET02141,cat,8,17.4,True
U02142,B,2026-11-25 00:42:00,PET02142,dog,8,25.6,False
U02143,B,2026-12-03 01:31:08,PET02143,dog,9,33.6,True
U02144,A,2026-11-01 17:24:04,PET02144,dog,11,1.6,False
U02145,B,2026-10-10 10:04:33,PET02145,cat,8,24.1,False
U02146,B,2026-10-17 06:15:30,PET02146,cat,12,5.5,False
U02147,B,2026-09-23 09:41:59,PET02147,dog,4,16.8,False
U02148,A,2026-12-01 08:10:53,PET02148,dog,11,29.9,False
U02149,B,2026-11-23 23:24:16,PET02149,dog,5,3.9,False
U02150,A,2026-11-23 05:46:02,PET02150,cat,9,34.7,False
U02151,A,2026-10-07 02:07:32,PET02151,cat,7,21.0,False
U02152,A,2026-10-06 19:55:59,PET02152,dog,13,14.7,False
U02153,A,2026-11-24 20:09:20,PET02153,dog,4,2.2,False
U02154,B,2026-10-27 21:27:00,PET02154,cat,8,21.2,False
U02155,B,2026-11-10 23:18:35,PET02155,dog,3,18.1,False
U02156,A,2026-10-22 00:58:10,PET02156,dog,9,8.7,False
U02157,B,2026-10-17 18:27:20,PET02157,dog,1,17.9,False
U02158,A,2026-11-03 06:28:51,PET02158,dog,6,1.9,False
U02159,B,2026-11-20 10:07:11,PET02159,dog,1,35.0,False
U02160,A,2026-10-08 10:46:07,PET02160,cat,5,12.6,False
U02161,A,2026-11-19 23:39:15,PET02161,dog,7,17.6,False
U02162,B,2026-09-29 12:31:25,PET02162,dog,5,27.8,False
U02163,B,2026-10-14 05:20:40,PET02163,cat,6,25.4,False
U02164,B,2026-11-29 02:06:12,PET02164,cat,3,31.3,False
U02165,B,2026-12-02 14:08:05,PET02165,dog,11,33.0,False
U02166,A,2026-11-30 19:55:14,PET02166,dog,12,7.8,False
U02167,B,2026-10-06 17:02:58,PET02167,cat,7,14.6,True
U02168,B,2026-11-22 22:24:55,PET02168,dog,1,24.5,False
U02169,A,2026-12-01 01:00:17,PET02169,cat,1,3.0,False
U02170,A,2026-12-05 09:40:07,PET02170,dog,10,25.5,True
U02171,B,2026-09-09 14:40:49,PET02171,dog,14,1.7,False
U02172,B,2026-11-14 20:34:25,PET02172,dog,13,32.1,False
U02173,B,2026-12-06 07:30:16,PET02173,cat,6,25.6,True
U02174,B,2026-11-15 16:13:57,PET02174,dog,7,20.4,False
U02175,B,2026-09-28 04:59:25,PET02175,dog,3,15.9,False
U02176,B,2026-11-15 14:12:06,PET02176,dog,1,34.6,False
U02177,B,2026-09-17 18:36:14,PET02177,cat,11,26.2,True
U02178,B,2026-10-21 19:39:25,PET02178,dog,6,28.5,False
U02179,A,2026-11-03 10:50:36,PET02179,cat,7,29.2,False
U02180,A,2026-10-19 11:21:09,PET02180,cat,5,2.2,False
U02181,A,2026-11-09 21:09:57,PET02181,dog,5,3.3,True
U02182,A,2026-09-29 13:08:42,PET02182,cat,14,8.1,True
U02183,B,2026-11-01 08:24:12,PET02183,cat,12,23.4,False
U02184,B,2026-11-05 06:35:31,PET02184,dog,10,22.4,False
U02185,B,2026-11-04 17:04:55,PET02185,dog,6,12.4,True
U02186,B,2026-10-04 17:05:32,PET02186,dog,11,34.1,False
U02187,A,2026-10-05 12:54:21,PET02187,dog,5,4.6,False
U02188,B,2026-10-01 03:49:02,PET02188,dog,8,27.5,False
U02189,A,2026-10-19 03:52:34,PET02189,cat,3,17.6,False
U02190,A,2026-10-30 05:50:09,PET02190,cat,10,15.5,False
U02191,B,2026-10-10 00:17:11,PET02191,dog,1,2.4,False
U02192,B,2026-10-14 11:31:05,PET02192,dog,11,25.9,False
U02193,B,2026-10-03 09:57:20,PET02193,dog,9,27.3,False
U02194,B,2026-09-27 09:14:50,PET02194,dog,1,12.2,True
U02195,A,2026-11-06 22:26:22,PET02195,dog,8,18.8,False
U02196,B,2026-11-20 05:44:59,PET02196,cat,4,21.8,False
U02197,A,2026-10-04 19:24:47,PET02197,cat,7,13.8,False
U02198,A,2026-11-24 04:36:19,PET02198,dog,1,22.1,False
U02199,B,2026-10-29 14:40:53,PET02199,cat,11,16.0,False
U02200,A,2026-09-23 20:39:41,PET02200,cat,8,30.9,False
U02201,A,2026-10-10 20:06:26,PET02201,cat,6,25.6,False
U02202,A,2026-09-08 14:10:50,PET02202,dog,13,5.2,False
U02203,A,2026-09-11 04:58:24,PET02203,dog,10,28.3,False
U02204,A,2026-10-08 09:03:26,PET02204,cat,9,12.8,True
U02205,A,2026-10-18 10:11:30,PET02205,dog,3,32.8,True
U02206,A,2026-11-18 20:17:55,PET02206,cat,8,21.7,False
U02207,B,2026-09-20 09:03:33,PET02207,dog,10,2.4,True
U02208,B,2026-11-22 19:48:13,PET02208,cat,13,26.1,False
U02209,B,2026-09-29 22:50:20,PET02209,cat,9,5.9,False
U02210,A,2026-09-20 02:39:40,PET02210,dog,3,30.9,False
U02211,B,2026-11-09 22:27:24,PET02211,dog,10,33.3,False
U02212,A,2026-11-16 13:36:53,PET02212,cat,2,24.8,False
U02213,B,2026-11-01 14:25:16,PET02213,dog,5,19.4,False
U02214,B,2026-09-18 07:20:04,PET02214,cat,13,21.7,True
U02215,B,2026-09-18 08:00:48,PET02215,cat,12,15.9,False
U02216,A,2026-10-13 12:58:48,PET02216,dog,13,4.3,False
U02217,B,2026-10-18 04:46:31,PET02217,cat,5,32.6,False
U02218,B,2026-12-06 17:13:55,PET02218,dog,10,12.5,False
U02219,B,2026-10-03 16:00:18,PET02219,cat,10,12.0,False
U02220,A,2026-09-25 00:12:15,PET02220,dog,4,7.9,False
U02221,B,2026-12-02 05:03:28,PET02221,dog,14,34.7,True
U02222,B,2026-09-21 12:19:32,PET02222,dog,14,33.1,False
U02223,A,2026-09-10 17:48:42,PET02223,cat,2,13.2,False
U02224,A,2026-10-16 07:00:05,PET02224,cat,11,10.2,False
U02225,A,2026-10-14 21:16:56,PET02225,cat,7,28.5,False
U02226,A,2026-11-02 12:48:58,PET02226,dog,10,15.7,False
U02227,A,2026-11-25 12:56:08,PET02227,dog,8,33.9,False
U02228,A,2026-11-30 02:38:10,PET02228,cat,4,31.7,False
U02229,B,2026-10-04 15:04:40,PET02229,cat,2,26.9,True
U02230,B,2026-12-05 19:37:17,PET02230,dog,8,4.5,True
U02231,B,2026-11-03 05:04:22,PET02231,cat,12,25.0,True
U02232,A,2026-09-14 13:02:52,PET02232,dog,12,34.6,True
U02233,A,2026-12-01 00:09:12,PET02233,dog,4,14.0,False
U02234,A,2026-09-20 05:03:55,PET02234,cat,13,31.0,False
U02235,A,2026-10-30 01:42:12,PET02235,dog,5,15.2,True
U02236,B,2026-11-18 18:28:20,PET02236,dog,8,34.0,True
U02237,B,2026-09-30 23:53:46,PET02237,cat,5,23.4,True
U02238,B,2026-10-02 00:54:24,PET02238,cat,8,4.7,False
U02239,A,2026-10-20 16:51:12,PET02239,dog,8,17.5,True
U02240,A,2026-11-26 14:13:39,PET02240,cat,10,3.2,True
U02241,B,2026-09-28 16:50:56,PET02241,dog,7,14.7,False
U02242,B,2026-11-06 12:02:32,PET02242,dog,8,32.2,False
U02243,A,2026-10-18 23:47:39,PET02243,dog,10,9.3,False
U02244,A,2026-09-18 00:57:05,PET02244,dog,6,33.3,True
U02245,A,2026-11-10 03:34:50,PET02245,dog,8,4.8,False
U02246,B,2026-11-21 05:59:34,PET02246,dog,2,23.8,False
U02247,A,2026-10-29 18:46:43,PET02247,cat,13,33.9,False
U02248,B,2026-09-23 01:51:04,PET02248,cat,2,23.4,False
U02249,A,2026-09-22 02:57:57,PET02249,cat,13,31.6,False
U02250,A,2026-10-16 17:34:38,PET02250,cat,11,34.7,False
U02251,B,2026-10-23 10:02:34,PET02251,dog,14,23.0,False
U02252,B,2026-10-27 16:56:18,PET02252,dog,1,27.7,True
U02253,B,2026-09-29 08:47:59,PET02253,dog,4,2.6,False
U02254,A,2026-10-23 02:08:35,PET02254,cat,1,15.8,False
U02255,B,2026-10-04 14:19:53,PET02255,dog,6,11.2,False
U02256,A,2026-11-08 02:37:15,PET02256,dog,13,29.1,True
U02257,B,2026-11-18 11:29:35,PET02257,dog,11,24.2,False
U02258,B,2026-11-05 21:07:36,PET02258,dog,10,22.1,False
U02259,B,2026-09-08 04:23:28,PET02259,cat,12,32.7,False
U02260,A,2026-12-06 04:49:13,PET02260,cat,1,4.5,False
U02261,A,2026-09-10 22:45:27,PET02261,dog,12,33.5,False
U02262,A,2026-12-06 07:17:16,PET02262,cat,5,4.9,False
U02263,A,2026-09-10 08:56:31,PET02263,cat,10,13.1,False
U02264,B,2026-10-24 16:25:21,PET02264,dog,11,22.6,False
U02265,A,2026-09-17 03:04:25,PET02265,dog,10,12.9,True
U02266,B,2026-09-16 01:27:26,PET02266,cat,6,24.4,False
U02267,A,2026-11-08 20:14:17,PET02267,dog,9,27.5,False
U02268,B,2026-11-12 22:44:37,PET02268,dog,7,29.3,False
U02269,B,2026-09-18 23:41:18,PET02269,dog,9,7.5,False
U02270,B,2026-12-04 00:33:07,PET02270,cat,7,7.6,False
U02271,B,2026-10-06 12:42:53,PET02271,cat,6,3.3,False
U02272,B,2026-10-06 20:22:45,PET02272,cat,3,17.9,True
U02273,B,2026-10-04 20:16:25,PET02273,dog,6,6.1,False
U02274,B,2026-10-19 08:39:42,PET02274,dog,11,12.2,False
U02275,B,2026-09-24 11:46:00,PET02275,cat,13,29.7,True
U02276,A,2026-10-16 03:36:03,PET02276,cat,2,33.3,False
U02277,A,2026-09-26 03:20:25,PET02277,cat,3,29.0,False
U02278,A,2026-09-12 09:03:35,PET02278,cat,8,1.5,True
U02279,A,2026-10-11 05:31:41,PET02279,dog,10,20.5,False
U02280,B,2026-11-07 23:20:53,PET02280,cat,3,7.1,False
U02281,B,2026-11-15 01:55:22,PET02281,cat,5,14.1,False
U02282,A,2026-10-09 12:41:43,PET02282,cat,1,15.8,False
U02283,A,2026-10-07 13:21:22,PET02283,cat,1,33.1,True
U02284,B,2026-11-17 01:25:21,PET02284,dog,3,22.7,False
U02285,B,2026-11-08 10:34:34,PET02285,cat,11,10.5,False
U02286,A,2026-11-21 22:35:49,PET02286,dog,13,23.0,False
U02287,B,2026-11-28 02:37:45,PET02287,dog,7,33.4,False
U02288,A,2026-11-20 03:26:43,PET02288,cat,3,3.5,False
U02289,A,2026-12-01 03:57:59,PET02289,cat,13,28.8,False
U02290,B,2026-10-15 01:18:45,PET02290,cat,4,8.8,True
U02291,A,2026-10-13 21:14:18,PET02291,dog,3,6.6,True
U02292,B,2026-10-06 01:05:24,PET02292,dog,2,31.6,False
U02293,B,2026-09-29 06:44:43,PET02293,dog,5,1.6,False
U02294,B,2026-11-14 19:49:55,PET02294,cat,11,26.3,True
U02295,B,2026-11-11 23:53:13,PET02295,cat,6,4.4,False
U02296,B,2026-11-19 03:40:20,PET02296,cat,7,22.2,False
U02297,A,2026-09-23 08:38:35,PET02297,dog,5,22.3,False
U02298,B,2026-10-22 04:17:44,PET02298,cat,14,30.4,False
U02299,A,2026-09-27 04:37:06,PET02299,cat,10,29.1,False
U02300,B,2026-11-27 22:39:31,PET02300,dog,10,24.5,False
U02301,B,2026-10-02 08:06:02,PET02301,cat,7,14.2,False
U02302,B,2026-09-20 14:40:43,PET02302,cat,8,7.1,True
U02303,A,2026-10-29 03:45:38,PET02303,dog,13,22.8,False
U02304,B,2026-11-26 06:51:00,PET02304,dog,10,18.1,False
U02305,B,2026-11-29 08:39:48,PET02305,cat,12,4.1,False
U02306,A,2026-09-16 14:04:29,PET02306,cat,1,33.5,False
U02307,A,2026-10-07 21:36:00,PET02307,cat,13,12.0,False
U02308,A,2026-09-21 05:50:03,PET02308,cat,14,1.6,False
U02309,A,2026-10-05 15:28:55,PET02309,dog,10,31.7,True
U02310,B,2026-10-26 11:51:44,PET02310,cat,14,20.8,False
U02311,A,2026-10-03 19:04:55,PET02311,cat,8,26.1,False
U02312,B,2026-09-14 08:01:51,PET02312,dog,4,6.6,False
U02313,A,2026-10-23 10:10:02,PET02313,cat,9,15.1,False
U02314,B,2026-09-12 14:56:34,PET02314,dog,9,23.1,False
U02315,B,2026-09-28 10:37:56,PET02315,dog,3,9.9,False
U02316,A,2026-09-08 18:12:41,PET02316,dog,3,25.0,False
U02317,A,2026-09-15 00:19:58,PET02317,cat,5,9.3,False
U02318,B,2026-10-17 08:21:51,PET02318,dog,8,8.5,False
U02319,A,2026-11-23 04:11:11,PET02319,dog,3,1.9,False
U02320,B,2026-11-16 03:27:14,PET02320,cat,11,10.9,False
U02321,A,2026-09-16 01:16:46,PET02321,dog,2,9.8,True
U02322,A,2026-09-11 08:32:15,PET02322,cat,14,27.1,True
U02323,B,2026-10-08 05:13:19,PET02323,cat,10,20.6,False
U02324,A,2026-11-05 18:11:44,PET02324,dog,5,7.5,False
U02325,B,2026-11-14 12:02:57,PET02325,dog,6,20.5,False
U02326,B,2026-11-21 18:53:23,PET02326,cat,10,9.1,True
U02327,A,2026-10-08 21:14:57,PET02327,dog,2,15.8,False
U02328,B,2026-09-23 18:51:11,PET02328,dog,11,31.3,False
U02329,A,2026-09-10 10:06:07,PET02329,cat,8,25.6,True
U02330,B,2026-09-21 23:23:23,PET02330,cat,4,23.3,False
U02331,B,2026-09-13 09:14:42,PET02331,cat,13,10.9,False
U02332,B,2026-11-24 19:47:41,PET02332,cat,9,5.7,False
U02333,A,2026-10-02 04:08:36,PET02333,cat,3,26.7,False
U02334,A,2026-11-21 23:14:44,PET02334,cat,10,20.5,False
U02335,B,2026-10-27 07:16:39,PET02335,cat,6,22.4,False
U02336,B,2026-10-26 15:02:34,PET02336,cat,11,34.2,True
U02337,A,2026-10-18 08:29:39,PET02337,cat,7,13.2,False
U02338,B,2026-11-20 05:30:15,PET02338,dog,14,28.3,False
U02339,B,2026-09-11 07:54:20,PET02339,dog,13,20.2,False
U02340,A,2026-09-16 14:35:48,PET02340,dog,1,9.4,False
U02341,A,2026-10-16 02:40:57,PET02341,dog,6,3.3,False
U02342,A,2026-10-13 04:44:52,PET02342,dog,3,22.1,True
U02343,B,2026-10-27 22:04:37,PET02343,dog,7,11.5,False
U02344,B,2026-11-13 02:02:52,PET02344,cat,3,24.8,False
U02345,A,2026-10-30 17:20:13,PET02345,dog,8,25.0,False
U02346,A,2026-10-01 07:13:54,PET02346,dog,3,16.8,False
U02347,A,2026-10-07 07:39:49,PET02347,dog,9,19.5,False
U02348,A,2026-11-14 08:42:23,PET02348,dog,7,22.5,False
U02349,A,2026-09-26 09:11:03,PET02349,cat,14,17.2,True
U02350,B,2026-10-23 17:00:47,PET02350,dog,13,30.9,False
U02351,A,2026-10-26 19:18:34,PET02351,dog,9,4.0,False
U02352,B,2026-11-14 08:42:49,PET02352,cat,7,34.3,False
U02353,B,2026-11-11 04:06:57,PET02353,dog,11,2.6,False
U02354,B,2026-10-19 00:04:32,PET02354,dog,10,8.5,False
U02355,A,2026-10-05 17:23:23,PET02355,cat,2,25.2,False
U02356,B,2026-10-11 22:00:23,PET02356,cat,6,4.3,False
U02357,B,2026-10-15 00:49:18,PET02357,cat,14,10.3,False
U02358,B,2026-09-27 14:08:44,PET02358,cat,5,6.7,False
U02359,B,2026-11-03 05:14:20,PET02359,cat,1,25.7,False
U02360,A,2026-09-26 05:03:29,PET02360,dog,12,20.9,False
U02361,A,2026-11-05 19:52:54,PET02361,cat,14,3.7,False
U02362,A,2026-11-14 06:03:17,PET02362,cat,10,16.9,True
U02363,B,2026-12-03 07:17:28,PET02363,dog,9,8.5,True
U02364,A,2026-09-18 02:58:45,PET02364,cat,5,33.9,False
U02365,B,2026-11-15 21:41:48,PET02365,dog,6,5.1,True
U02366,B,2026-09-15 21:45:25,PET02366,cat,13,21.5,False
U02367,A,2026-10-08 21:55:00,PET02367,cat,13,17.6,False
U02368,B,2026-09-23 05:31:30,PET02368,dog,7,20.9,False
U02369,B,2026-09-22 04:30:17,PET02369,dog,5,33.5,False
U02370,A,2026-09-23 22:34:31,PET02370,cat,3,12.9,False
U02371,B,2026-09-11 14:42:39,PET02371,cat,1,26.6,False
U02372,B,2026-11-21 06:20:36,PET02372,dog,7,16.5,False
U02373,B,2026-09-13 01:07:15,PET02373,dog,8,23.6,False
U02374,A,2026-10-13 19:10:55,PET02374,cat,10,13.7,False
U02375,B,2026-11-09 19:15:10,PET02375,dog,12,9.1,False
U02376,B,2026-12-06 00:15:03,PET02376,cat,6,4.3,False
U02377,A,2026-11-23 11:28:42,PET02377,cat,3,4.9,False
U02378,A,2026-09-20 11:35:54,PET02378,dog,12,33.6,False
U02379,B,2026-12-05 11:08:15,PET02379,cat,11,27.9,False
U02380,B,2026-11-05 08:51:40,PET02380,dog,8,9.7,False
U02381,A,2026-09-24 07:52:49,PET02381,cat,1,19.2,False
U02382,A,2026-10-18 08:01:48,PET02382,cat,7,25.4,False
U02383,A,2026-11-29 22:05:15,PET02383,dog,9,13.3,False
U02384,A,2026-10-13 23:48:42,PET02384,dog,13,16.2,False
U02385,B,2026-09-24 02:41:01,PET02385,dog,8,25.6,False
U02386,A,2026-11-25 17:18:02,PET02386,cat,7,9.1,False
U02387,B,2026-12-02 13:45:47,PET02387,dog,6,19.1,False
U02388,A,2026-12-04 06:08:19,PET02388,cat,6,8.5,False
U02389,A,2026-12-03 04:27:46,PET02389,cat,1,1.6,False
U02390,B,2026-11-25 18:03:30,PET02390,dog,2,24.6,False
U02391,A,2026-10-18 08:45:03,PET02391,cat,11,25.2,False
U02392,A,2026-09-25 03:06:34,PET02392,dog,6,34.9,False
U02393,A,2026-11-02 23:15:34,PET02393,cat,12,7.6,False
U02394,A,2026-09-27 22:13:20,PET02394,dog,6,26.3,False
U02395,B,2026-10-20 10:02:52,PET02395,cat,14,33.3,True
U02396,B,2026-11-06 10:13:59,PET02396,dog,3,23.1,False
U02397,B,2026-12-02 10:05:29,PET02397,dog,3,33.8,False
U02398,B,2026-10-04 04:34:33,PET02398,cat,9,34.8,False
U02399,B,2026-09-30 02:31:58,PET02399,cat,12,28.4,False
U02400,B,2026-11-13 06:32:51,PET02400,cat,3,35.0,False
U02401,B,2026-09-08 09:17:07,PET02401,cat,8,22.5,False
U02402,A,2026-10-28 03:43:24,PET02402,dog,4,18.2,False
U02403,A,2026-11-14 00:51:06,PET02403,cat,11,32.2,False
U02404,B,2026-10-27 22:20:00,PET02404,dog,8,29.3,False
U02405,A,2026-10-12 21:03:45,PET02405,dog,10,5.2,True
U02406,A,2026-11-21 07:20:29,PET02406,cat,4,11.6,False
U02407,A,2026-10-11 14:44:52,PET02407,cat,5,10.2,False
U02408,B,2026-11-10 03:25:42,PET02408,dog,9,30.2,True
U02409,A,2026-10-19 22:14:31,PET02409,dog,5,9.3,False
U02410,A,2026-09-10 19:30:34,PET02410,cat,10,11.7,False
U02411,B,2026-10-25 04:13:24,PET02411,dog,3,18.9,True
U02412,A,2026-09-12 05:07:05,PET02412,dog,5,4.1,False
U02413,B,2026-11-30 07:59:13,PET02413,dog,2,33.7,False
U02414,B,2026-11-01 02:15:34,PET02414,dog,2,18.0,False
U02415,B,2026-10-11 08:19:30,PET02415,dog,4,7.9,False
U02416,A,2026-10-21 16:02:29,PET02416,cat,7,10.6,True
U02417,B,2026-11-02 17:25:42,PET02417,dog,3,28.2,False
U02418,B,2026-10-01 00:10:39,PET02418,dog,2,22.7,False
U02419,B,2026-10-03 08:26:49,PET02419,cat,13,17.1,False
U02420,B,2026-10-15 19:58:41,PET02420,cat,8,12.6,False
U02421,A,2026-10-01 20:53:40,PET02421,cat,11,31.7,True
U02422,A,2026-11-15 13:30:18,PET02422,cat,11,27.4,True
U02423,A,2026-09-17 17:38:53,PET02423,cat,2,25.6,False
U02424,B,2026-11-21 05:55:25,PET02424,cat,9,16.4,False
U02425,A,2026-10-09 20:50:22,PET02425,cat,13,34.4,False
U02426,A,2026-10-28 11:21:58,PET02426,cat,7,25.3,False
U02427,B,2026-09-22 16:36:02,PET02427,cat,13,15.7,True
U02428,B,2026-10-12 06:17:52,PET02428,dog,14,33.7,False
U02429,B,2026-11-14 04:08:58,PET02429,cat,8,31.5,False
U02430,A,2026-10-02 12:47:18,PET02430,cat,2,26.3,False
U02431,B,2026-09-19 12:32:23,PET02431,dog,9,27.2,False
U02432,B,2026-10-24 13:43:10,PET02432,cat,13,15.7,True
U02433,B,2026-09-22 19:23:32,PET02433,dog,9,18.5,False
U02434,A,2026-10-06 18:31:13,PET02434,dog,12,7.9,False
U02435,A,2026-10-18 07:14:34,PET02435,cat,8,21.4,False
U02436,B,2026-10-28 11:11:09,PET02436,dog,6,13.9,False
U02437,B,2026-11-04 02:02:47,PET02437,dog,14,13.1,False
U02438,A,2026-11-07 18:52:45,PET02438,dog,3,33.3,False
U02439,B,2026-11-22 03:14:56,PET02439,cat,7,7.0,True
U02440,B,2026-09-13 01:39:42,PET02440,dog,3,29.3,True
U02441,A,2026-10-10 12:29:12,PET02441,cat,10,10.9,True
U02442,A,2026-09-08 22:06:44,PET02442,cat,13,2.5,False
U02443,B,2026-09-08 09:01:55,PET02443,cat,14,2.9,False
U02444,B,2026-09-27 04:27:07,PET02444,cat,4,15.9,True
U02445,A,2026-10-31 04:25:22,PET02445,cat,11,16.7,False
U02446,A,2026-11-27 20:04:40,PET02446,dog,13,12.2,False
U02447,B,2026-11-16 15:51:06,PET02447,cat,12,23.9,True
U02448,A,2026-11-05 11:52:16,PET02448,dog,8,17.8,True
U02449,B,2026-11-17 22:15:26,PET02449,dog,3,4.0,False
U02450,B,2026-09-23 02:30:47,PET02450,dog,7,13.2,True
U02451,B,2026-11-22 14:47:33,PET02451,cat,11,4.9,False
U02452,A,2026-11-27 08:38:06,PET02452,dog,9,3.6,False
U02453,B,2026-09-16 05:36:10,PET02453,cat,6,8.5,False
U02454,A,2026-10-20 22:02:23,PET02454,dog,4,25.0,False
U02455,A,2026-11-21 22:57:47,PET02455,dog,10,24.8,False
U02456,B,2026-10-20 20:01:59,PET02456,dog,6,30.4,False
U02457,B,2026-11-22 03:33:45,PET02457,cat,7,26.8,False
U02458,A,2026-12-01 17:20:08,PET02458,dog,14,19.4,False
U02459,A,2026-10-20 08:36:11,PET02459,dog,1,12.0,False
U02460,A,2026-09-13 09:06:58,PET02460,dog,4,1.7,False
U02461,B,2026-10-08 04:38:59,PET02461,dog,13,23.2,False
U02462,B,2026-09-27 14:07:51,PET02462,cat,13,11.2,False
U02463,B,2026-10-20 20:34:26,PET02463,dog,5,9.9,False
U02464,B,2026-10-30 05:34:15,PET02464,dog,14,34.2,False
U02465,B,2026-10-19 12:54:07,PET02465,cat,3,7.3,False
U02466,B,2026-09-25 15:32:53,PET02466,dog,1,2.6,False
U02467,B,2026-10-05 15:07:57,PET02467,dog,5,33.3,False
U02468,B,2026-11-08 06:15:45,PET02468,cat,8,11.8,True
U02469,A,2026-09-10 00:41:31,PET02469,cat,1,14.7,False
U02470,B,2026-09-27 19:53:46,PET02470,cat,3,4.2,False
U02471,A,2026-11-27 14:19:09,PET02471,dog,12,15.0,False
U02472,A,2026-09-16 16:54:28,PET02472,dog,9,34.1,False
U02473,A,2026-10-15 12:45:56,PET02473,dog,9,24.7,True
U02474,B,2026-09-26 09:15:58,PET02474,dog,14,17.4,False
U02475,B,2026-09-17 06:02:28,PET02475,dog,4,11.8,True
U02476,A,2026-10-16 15:49:39,PET02476,cat,13,13.8,True
U02477,A,2026-10-24 19:57:21,PET02477,cat,5,22.0,False
U02478,B,2026-09-23 07:48:11,PET02478,dog,13,10.0,True
U02479,B,2026-09-15 00:34:40,PET02479,dog,11,6.6,False
U02480,B,2026-09-20 03:44:08,PET02480,cat,3,24.8,False
U02481,A,2026-11-05 13:54:00,PET02481,dog,3,30.6,False
U02482,B,2026-11-24 05:38:39,PET02482,dog,8,31.7,False
U02483,A,2026-09-24 19:32:30,PET02483,dog,8,29.7,True
U02484,A,2026-10-06 06:31:13,PET02484,cat,4,19.3,False
U02485,A,2026-10-08 11:51:05,PET02485,cat,4,27.9,False
U02486,B,2026-10-10 05:26:19,PET02486,dog,13,32.5,False
U02487,B,2026-09-29 10:54:32,PET02487,dog,11,2.3,False
U02488,B,2026-09-12 16:16:49,PET02488,cat,3,15.3,True
U02489,B,2026-10-25 19:05:55,PET02489,cat,11,8.3,False
U02490,A,2026-10-10 17:45:06,PET02490,cat,3,34.9,False
U02491,A,2026-10-08 12:10:32,PET02491,dog,7,32.6,False
U02492,B,2026-10-01 10:58:16,PET02492,cat,1,28.4,False
U02493,B,2026-11-30 07:48:48,PET02493,cat,10,11.4,True
U02494,A,2026-11-01 23:42:25,PET02494,cat,3,33.4,False
U02495,A,2026-10-15 17:36:10,PET02495,dog,4,2.5,False
U02496,A,2026-09-26 21:23:04,PET02496,cat,3,7.8,False
U02497,B,2026-11-19 17:45:07,PET02497,dog,3,22.2,False
U02498,B,2026-11-26 02:05:21,PET02498,dog,2,28.1,False
U02499,B,2026-09-10 06:21:53,PET02499,dog,8,31.1,False
U02500,B,2026-11-30 11:03:02,PET02500,cat,13,11.6,False
U02501,B,2026-11-09 07:33:12,PET02501,dog,5,14.6,False
U02502,B,2026-09-16 21:48:12,PET02502,cat,11,16.7,True
U02503,A,2026-11-14 11:48:12,PET02503,dog,8,2.4,False
U02504,A,2026-09-17 05:17:10,PET02504,dog,4,30.4,False
U02505,A,2026-09-12 14:20:59,PET02505,dog,1,12.8,False
U02506,A,2026-09-18 09:04:53,PET02506,cat,11,8.2,False
U02507,A,2026-10-19 03:04:12,PET02507,dog,1,15.2,False
U02508,A,2026-11-02 22:43:36,PET02508,dog,6,25.3,False
U02509,B,2026-10-14 22:41:29,PET02509,dog,1,30.7,True
U02510,B,2026-09-18 18:37:31,PET02510,dog,11,8.7,False
U02511,A,2026-09-25 07:32:23,PET02511,dog,14,7.3,True
U02512,B,2026-11-23 19:58:32,PET02512,dog,5,33.1,False
U02513,A,2026-12-03 06:55:01,PET02513,dog,5,20.0,False
U02514,A,2026-11-14 21:06:27,PET02514,cat,8,13.8,False
U02515,A,2026-09-17 21:13:14,PET02515,dog,8,8.2,False
U02516,B,2026-11-20 04:06:29,PET02516,dog,6,34.8,False
U02517,A,2026-11-09 07:33:25,PET02517,dog,6,25.6,False
U02518,B,2026-10-25 16:46:57,PET02518,dog,3,8.8,True
U02519,B,2026-09-20 05:37:06,PET02519,cat,4,4.6,True
U02520,B,2026-12-06 19:16:02,PET02520,dog,9,8.2,False
U02521,B,2026-10-17 16:17:45,PET02521,dog,11,9.8,False
U02522,B,2026-09-11 05:26:07,PET02522,cat,11,5.2,True
U02523,B,2026-09-26 18:37:06,PET02523,dog,8,9.2,False
U02524,B,2026-10-14 01:02:26,PET02524,cat,11,5.4,False
U02525,B,2026-09-13 09:12:55,PET02525,cat,9,14.2,False
U02526,B,2026-10-07 04:16:49,PET02526,dog,5,17.8,False
U02527,B,2026-10-20 00:00:00,PET02527,dog,5,16.8,False
U02528,A,2026-12-02 17:47:37,PET02528,dog,8,29.3,True
U02529,B,2026-09-15 03:39:53,PET02529,dog,5,10.0,False
U02530,A,2026-10-29 16:39:46,PET02530,dog,11,31.2,False
U02531,B,2026-11-29 01:48:37,PET02531,cat,3,31.9,False
U02532,A,2026-11-19 21:24:05,PET02532,dog,1,33.7,False
U02533,B,2026-11-30 23:28:03,PET02533,dog,7,7.6,True
U02534,A,2026-09-23 07:36:24,PET02534,dog,2,9.7,False
U02535,B,2026-11-19 11:40:07,PET02535,cat,3,22.4,False
U02536,A,2026-12-05 14:55:18,PET02536,cat,6,6.2,True
U02537,A,2026-10-07 14:09:15,PET02537,dog,1,4.4,True
U02538,A,2026-10-22 00:38:34,PET02538,cat,4,4.0,False
U02539,B,2026-10-25 23:30:03,PET02539,dog,8,21.8,False
U02540,B,2026-10-22 22:26:31,PET02540,cat,6,28.5,False
U02541,B,2026-10-04 11:40:54,PET02541,cat,13,10.2,False
U02542,B,2026-12-04 13:18:28,PET02542,cat,2,32.8,False
U02543,B,2026-12-03 04:04:45,PET02543,dog,11,28.0,False
U02544,A,2026-10-12 17:57:40,PET02544,dog,9,4.1,False
U02545,A,2026-11-19 12:20:56,PET02545,cat,10,15.1,True
U02546,A,2026-10-13 06:48:41,PET02546,dog,10,3.8,False
U02547,A,2026-11-18 07:22:14,PET02547,dog,1,32.2,True
U02548,B,2026-10-30 01:58:00,PET02548,cat,12,26.4,False
U02549,B,2026-10-20 18:55:58,PET02549,cat,5,24.5,True
U02550,B,2026-09-19 01:30:27,PET02550,cat,10,24.4,False
U02551,B,2026-11-05 13:31:24,PET02551,cat,5,11.1,True
U02552,A,2026-10-06 19:33:06,PET02552,cat,6,32.8,False
U02553,A,2026-09-27 01:15:24,PET02553,dog,10,32.4,False
U02554,B,2026-09-25 03:38:48,PET02554,cat,14,26.3,True
U02555,B,2026-12-05 18:17:49,PET02555,cat,13,17.2,False
U02556,B,2026-09-17 19:46:33,PET02556,cat,11,3.1,True
U02557,B,2026-11-18 01:56:55,PET02557,dog,8,2.4,False
U02558,A,2026-11-24 06:21:58,PET02558,dog,8,6.1,False
U02559,A,2026-09-10 14:33:08,PET02559,cat,14,21.5,False
U02560,B,2026-10-31 12:59:25,PET02560,dog,3,28.2,False
U02561,B,2026-10-29 12:24:06,PET02561,dog,14,33.3,False
U02562,B,2026-10-10 06:17:09,PET02562,cat,10,7.4,False
U02563,B,2026-11-07 12:56:08,PET02563,dog,9,10.7,False
U02564,B,2026-10-14 01:12:07,PET02564,dog,9,3.3,False
U02565,A,2026-10-17 20:56:40,PET02565,dog,12,34.6,False
U02566,A,2026-10-16 13:00:52,PET02566,dog,10,27.7,False
U02567,A,2026-11-19 08:56:39,PET02567,cat,2,17.6,False
U02568,B,2026-11-03 08:48:39,PET02568,dog,11,20.8,False
U02569,B,2026-10-12 08:52:42,PET02569,dog,11,20.3,False
U02570,B,2026-11-30 10:26:33,PET02570,dog,13,10.0,False
U02571,A,2026-11-19 04:37:35,PET02571,dog,14,7.7,False
U02572,A,2026-11-30 14:26:14,PET02572,dog,14,11.4,False
U02573,B,2026-11-12 04:24:32,PET02573,dog,1,9.8,True
U02574,B,2026-10-13 07:31:40,PET02574,dog,9,20.2,True
U02575,A,2026-11-16 20:54:00,PET02575,dog,14,11.8,False
U02576,A,2026-10-07 13:31:52,PET02576,dog,14,25.9,False
U02577,A,2026-10-02 21:40:21,PET02577,dog,8,20.5,False
U02578,A,2026-10-18 15:47:11,PET02578,dog,13,19.3,False
U02579,A,2026-12-04 18:48:11,PET02579,dog,13,33.4,True
U02580,A,2026-10-29 02:08:56,PET02580,dog,1,12.3,False
U02581,B,2026-10-12 12:06:17,PET02581,dog,13,22.8,False
U02582,B,2026-10-19 08:24:08,PET02582,dog,9,1.5,True
U02583,A,2026-10-04 00:24:38,PET02583,cat,9,26.2,False
U02584,A,2026-11-06 02:09:31,PET02584,dog,3,18.3,True
U02585,A,2026-10-09 04:33:19,PET02585,cat,13,8.5,False
U02586,A,2026-10-27 00:09:59,PET02586,cat,5,1.6,True
U02587,B,2026-10-11 10:29:47,PET02587,dog,6,25.2,False
U02588,B,2026-10-06 01:13:46,PET02588,dog,5,23.7,False
U02589,A,2026-12-04 19:47:17,PET02589,dog,14,23.8,False
U02590,B,2026-10-09 14:12:47,PET02590,dog,7,16.2,False
U02591,B,2026-09-14 23:06:44,PET02591,dog,2,22.9,False
U02592,A,2026-10-12 02:01:23,PET02592,dog,1,20.6,False
U02593,A,2026-10-25 01:55:08,PET02593,cat,14,9.5,True
U02594,B,2026-09-16 20:50:38,PET02594,dog,4,18.9,False
U02595,B,2026-10-05 09:24:32,PET02595,cat,11,18.7,True
U02596,B,2026-09-22 18:13:35,PET02596,cat,1,29.1,False
U02597,B,2026-10-23 04:33:29,PET02597,dog,13,16.0,False
U02598,B,2026-11-12 00:12:41,PET02598,cat,10,16.1,True
U02599,B,2026-12-04 11:56:53,PET02599,cat,4,34.5,False
U02600,A,2026-10-13 13:45:28,PET02600,dog,13,31.5,False
U02601,B,2026-11-24 02:40:22,PET02601,dog,5,9.6,True
U02602,B,2026-09-27 00:14:45,PET02602,dog,14,32.0,False
U02603,A,2026-11-17 05:05:22,PET02603,dog,9,6.1,True
U02604,B,2026-10-28 02:37:14,PET02604,dog,7,30.1,False
U02605,B,2026-11-15 23:54:31,PET02605,dog,1,7.6,False
U02606,A,2026-11-14 23:43:04,PET02606,dog,4,15.8,False
U02607,B,2026-10-25 00:22:49,PET02607,cat,1,34.5,False
U02608,A,2026-10-01 10:58:06,PET02608,dog,12,4.8,False
U02609,B,2026-10-25 09:13:41,PET02609,dog,2,29.6,False
U02610,B,2026-11-21 00:39:11,PET02610,dog,2,18.1,False
U02611,A,2026-12-04 15:59:54,PET02611,cat,2,5.2,False
U02612,A,2026-11-30 20:24:27,PET02612,cat,14,33.4,False
U02613,A,2026-09-24 14:40:15,PET02613,dog,14,19.9,True
U02614,A,2026-10-31 22:00:58,PET02614,cat,11,31.0,False
U02615,B,2026-09-17 15:17:55,PET02615,dog,2,30.6,True
U02616,A,2026-11-07 13:09:40,PET02616,cat,8,2.0,False
U02617,B,2026-12-06 22:44:54,PET02617,cat,14,10.4,False
U02618,B,2026-09-12 16:56:33,PET02618,dog,2,12.8,False
U02619,B,2026-11-06 18:21:04,PET02619,cat,12,19.4,False
U02620,B,2026-12-02 18:43:22,PET02620,cat,1,3.9,False
U02621,B,2026-11-23 00:45:44,PET02621,cat,12,14.5,False
U02622,A,2026-10-13 17:37:55,PET02622,dog,8,28.8,False
U02623,B,2026-09-17 17:57:51,PET02623,cat,13,7.3,False
U02624,A,2026-11-30 11:52:06,PET02624,dog,6,25.0,False
U02625,A,2026-11-29 13:32:42,PET02625,cat,11,16.9,False
U02626,B,2026-10-30 19:59:03,PET02626,cat,12,3.9,False
U02627,B,2026-12-05 03:24:19,PET02627,dog,5,7.4,False
U02628,B,2026-09-08 12:39:21,PET02628,dog,9,6.2,True
U02629,A,2026-11-02 18:29:37,PET02629,dog,7,22.3,True
U02630,A,2026-09-11 06:13:41,PET02630,dog,7,4.4,False
U02631,A,2026-12-01 06:19:47,PET02631,dog,12,29.1,True
U02632,A,2026-11-08 00:05:51,PET02632,dog,4,28.5,False
U02633,A,2026-11-29 07:29:43,PET02633,cat,2,4.2,False
U02634,B,2026-10-28 08:36:22,PET02634,dog,7,31.3,False
U02635,A,2026-09-15 22:51:30,PET02635,dog,12,33.6,True
U02636,A,2026-09-10 01:58:55,PET02636,cat,3,3.0,True
U02637,A,2026-10-08 15:30:41,PET02637,dog,5,33.3,False
U02638,A,2026-11-13 01:31:07,PET02638,dog,10,10.9,False
U02639,A,2026-09-21 19:11:09,PET02639,cat,7,23.8,False
U02640,A,2026-11-23 11:15:40,PET02640,cat,9,7.4,False
U02641,A,2026-09-29 10:13:10,PET02641,cat,8,28.9,False
U02642,A,2026-10-22 22:38:53,PET02642,dog,12,29.7,False
U02643,A,2026-09-26 17:58:35,PET02643,dog,13,34.3,False
U02644,B,2026-10-19 02:31:56,PET02644,cat,7,34.7,False
U02645,A,2026-10-18 06:23:19,PET02645,cat,7,4.0,False
U02646,A,2026-09-08 06:34:11,PET02646,cat,4,23.5,False
U02647,B,2026-10-29 14:37:58,PET02647,cat,7,10.6,False
U02648,A,2026-11-17 19:55:18,PET02648,dog,12,5.7,False
U02649,A,2026-12-01 15:18:16,PET02649,dog,8,6.5,True
U02650,A,2026-10-07 09:38:38,PET02650,cat,10,32.9,False
U02651,B,2026-11-26 17:55:02,PET02651,cat,6,24.4,False
U02652,A,2026-11-26 18:12:40,PET02652,dog,10,3.2,False
U02653,A,2026-12-05 01:56:02,PET02653,cat,10,34.5,False
U02654,B,2026-10-11 13:00:57,PET02654,dog,8,28.6,False
U02655,B,2026-11-23 17:03:27,PET02655,cat,14,11.9,False
U02656,A,2026-10-28 14:29:39,PET02656,dog,13,17.3,True
U02657,B,2026-09-13 05:52:39,PET02657,cat,3,25.8,False
U02658,B,2026-10-02 03:52:02,PET02658,dog,4,24.1,True
U02659,B,2026-11-07 06:58:51,PET02659,cat,14,17.0,False
U02660,B,2026-09-22 08:27:17,PET02660,cat,6,18.7,False
U02661,A,2026-10-17 22:06:58,PET02661,dog,5,2.9,False
U02662,B,2026-11-16 14:55:19,PET02662,cat,12,18.3,False
U02663,A,2026-09-21 20:03:28,PET02663,cat,9,12.9,False
U02664,A,2026-10-22 00:38:32,PET02664,cat,2,11.0,False
U02665,B,2026-09-27 18:48:49,PET02665,dog,2,10.5,True
U02666,A,2026-10-26 04:31:11,PET02666,cat,12,23.2,True
U02667,B,2026-09-29 13:34:43,PET02667,cat,11,15.9,False
U02668,B,2026-12-03 09:16:33,PET02668,cat,5,15.8,False
U02669,A,2026-09-14 20:43:48,PET02669,dog,13,6.8,False
U02670,A,2026-12-03 16:11:24,PET02670,cat,2,33.7,False
U02671,A,2026-11-18 11:02:48,PET02671,dog,13,9.0,False
U02672,B,2026-11-24 12:13:48,PET02672,dog,2,15.1,False
U02673,A,2026-11-23 16:57:56,PET02673,dog,9,7.9,True
U02674,B,2026-09-24 17:14:58,PET02674,dog,12,25.1,False
U02675,B,2026-11-30 13:45:28,PET02675,dog,9,16.1,False
U02676,A,2026-10-31 17:26:40,PET02676,dog,11,15.4,False
U02677,A,2026-12-03 18:56:17,PET02677,cat,5,30.8,False
U02678,B,2026-11-26 00:44:43,PET02678,dog,5,26.9,True
U02679,B,2026-10-30 08:48:25,PET02679,dog,4,18.9,False
U02680,B,2026-10-11 21:38:27,PET02680,cat,2,17.2,False
U02681,A,2026-09-18 07:42:30,PET02681,cat,4,33.7,False
U02682,B,2026-09-17 19:46:52,PET02682,cat,4,33.5,False
U02683,A,2026-10-13 13:10:53,PET02683,cat,11,25.1,False
U02684,B,2026-11-19 06:30:20,PET02684,cat,3,27.0,False
U02685,A,2026-10-23 08:24:19,PET02685,cat,3,31.6,False
U02686,B,2026-10-21 11:37:42,PET02686,cat,11,33.8,True
U02687,B,2026-09-30 02:59:42,PET02687,cat,8,4.3,False
U02688,B,2026-10-28 07:23:44,PET02688,dog,4,34.9,False
U02689,B,2026-11-04 16:20:40,PET02689,cat,10,25.1,False
U02690,A,2026-12-05 21:45:33,PET02690,cat,4,21.4,False
U02691,B,2026-11-12 22:48:30,PET02691,cat,11,15.3,False
U02692,A,2026-11-01 09:11:15,PET02692,cat,1,12.8,False
U02693,A,2026-11-28 19:03:33,PET02693,dog,9,28.4,False
U02694,A,2026-10-16 09:30:18,PET02694,dog,9,23.4,False
U02695,A,2026-12-01 19:21:45,PET02695,cat,6,8.2,False
U02696,A,2026-10-11 21:53:09,PET02696,cat,10,21.9,True
U02697,A,2026-09-19 10:41:46,PET02697,cat,6,6.2,False
U02698,B,2026-10-15 14:24:59,PET02698,cat,10,18.1,False
U02699,A,2026-09-19 20:48:21,PET02699,cat,4,21.0,False
U02700,B,2026-09-18 03:18:31,PET02700,cat,8,22.8,False
U02701,B,2026-11-26 05:55:21,PET02701,dog,11,6.4,False
U02702,A,2026-11-18 15:01:27,PET02702,cat,14,4.7,False
U02703,B,2026-09-27 04:17:50,PET02703,dog,6,10.2,False
U02704,B,2026-11-22 19:04:00,PET02704,cat,7,21.8,True
U02705,A,2026-09-14 06:23:34,PET02705,dog,7,32.7,False
U02706,A,2026-10-03 08:06:29,PET02706,cat,13,27.6,False
U02707,B,2026-11-10 19:27:22,PET02707,dog,14,26.5,False
U02708,A,2026-10-05 12:38:53,PET02708,dog,10,12.6,False
U02709,A,2026-11-12 18:58:48,PET02709,cat,12,5.2,False
U02710,B,2026-11-25 15:02:39,PET02710,cat,2,31.4,False
U02711,B,2026-09-13 12:20:32,PET02711,dog,11,18.3,False
U02712,A,2026-09-10 12:15:00,PET02712,cat,12,4.9,False
U02713,B,2026-12-01 19:16:02,PET02713,dog,11,19.4,False
U02714,A,2026-10-24 23:58:44,PET02714,dog,9,24.1,True
U02715,A,2026-10-23 00:35:01,PET02715,dog,13,12.2,False
U02716,A,2026-10-19 12:09:46,PET02716,cat,10,1.8,False
U02717,A,2026-10-17 18:47:58,PET02717,cat,12,22.3,False
U02718,B,2026-11-09 15:26:27,PET02718,cat,3,2.8,False
U02719,A,2026-10-30 11:36:56,PET02719,cat,10,16.0,False
U02720,A,2026-09-22 19:02:46,PET02720,cat,7,29.1,False
U02721,A,2026-11-03 11:14:15,PET02721,cat,13,35.0,False
U02722,A,2026-11-07 03:16:40,PET02722,cat,13,13.9,False
U02723,A,2026-09-18 06:32:01,PET02723,dog,12,2.2,True
U02724,B,2026-10-11 01:03:13,PET02724,dog,4,18.0,False
U02725,A,2026-11-18 16:51:04,PET02725,dog,7,10.8,False
U02726,B,2026-11-02 23:21:06,PET02726,cat,1,31.4,False
U02727,B,2026-09-20 09:06:14,PET02727,dog,14,25.3,True
U02728,A,2026-09-11 17:34:27,PET02728,dog,4,15.0,True
U02729,B,2026-10-30 23:34:44,PET02729,cat,9,27.0,False
U02730,A,2026-10-19 09:26:19,PET02730,cat,7,12.9,False
U02731,A,2026-12-03 21:10:29,PET02731,dog,13,19.0,True
U02732,A,2026-10-25 00:25:26,PET02732,dog,12,32.4,True
U02733,B,2026-11-30 16:15:48,PET02733,dog,11,8.2,True
U02734,A,2026-09-27 03:59:36,PET02734,dog,10,12.0,False
U02735,A,2026-10-18 18:45:22,PET02735,cat,2,31.2,False
U02736,B,2026-09-20 00:14:02,PET02736,cat,13,17.0,False
U02737,A,2026-10-29 19:59:14,PET02737,dog,1,12.1,False
U02738,A,2026-09-24 09:30:53,PET02738,dog,7,2.7,False
U02739,B,2026-10-22 05:41:10,PET02739,dog,6,15.5,False
U02740,A,2026-10-08 13:18:59,PET02740,dog,6,18.3,False
U02741,B,2026-09-24 23:45:07,PET02741,dog,14,15.1,False
U02742,B,2026-09-16 03:51:14,PET02742,cat,4,10.8,False
U02743,B,2026-10-24 07:26:27,PET02743,dog,9,13.9,False
U02744,A,2026-12-02 15:21:23,PET02744,cat,4,23.0,False
U02745,B,2026-09-25 02:14:58,PET02745,dog,13,31.4,False
U02746,A,2026-10-14 22:54:06,PET02746,cat,11,23.3,True
U02747,A,2026-09-28 12:34:00,PET02747,dog,6,23.1,False
U02748,A,2026-11-19 23:46:14,PET02748,dog,2,28.9,False
U02749,A,2026-10-15 09:57:48,PET02749,cat,3,7.0,False
U02750,B,2026-12-04 19:59:45,PET02750,cat,4,11.6,True
U02751,A,2026-09-30 07:56:27,PET02751,dog,6,3.2,False
U02752,A,2026-09-15 10:39:11,PET02752,dog,13,13.2,False
U02753,A,2026-10-30 08:19:25,PET02753,cat,2,35.0,False
U02754,A,2026-11-05 13:08:16,PET02754,cat,9,12.5,False
U02755,A,2026-12-06 05:21:36,PET02755,cat,5,30.3,False
U02756,A,2026-11-25 12:04:45,PET02756,dog,1,4.4,True
U02757,A,2026-11-26 20:09:35,PET02757,dog,9,16.9,False
U02758,B,2026-11-04 03:44:09,PET02758,dog,10,13.3,False
U02759,B,2026-10-10 19:01:45,PET02759,dog,14,8.3,False
U02760,A,2026-10-16 20:30:21,PET02760,cat,8,14.0,False
U02761,B,2026-09-20 00:50:12,PET02761,cat,5,23.3,False
U02762,B,2026-10-16 16:13:08,PET02762,dog,12,17.9,True
U02763,B,2026-10-10 11:38:37,PET02763,cat,4,29.8,False
U02764,B,2026-09-11 15:18:37,PET02764,cat,10,31.8,False
U02765,A,2026-09-26 07:04:17,PET02765,cat,14,17.6,True
U02766,A,2026-10-26 05:17:16,PET02766,dog,1,34.4,True
U02767,B,2026-10-11 06:53:20,PET02767,dog,13,3.9,False
U02768,A,2026-12-06 03:40:32,PET02768,dog,3,10.8,True
U02769,B,2026-10-21 09:43:53,PET02769,dog,7,15.5,True
U02770,B,2026-12-03 20:57:09,PET02770,dog,4,21.0,False
U02771,A,2026-11-06 18:41:14,PET02771,dog,3,19.8,False
U02772,B,2026-09-11 04:18:21,PET02772,dog,10,20.5,True
U02773,B,2026-09-26 13:23:42,PET02773,dog,7,31.5,False
U02774,A,2026-11-10 01:46:09,PET02774,cat,8,10.8,False
U02775,B,2026-10-27 01:25:42,PET02775,cat,7,28.9,False
U02776,A,2026-10-05 15:00:52,PET02776,dog,11,20.2,False
U02777,B,2026-10-24 07:15:37,PET02777,cat,14,17.9,True
U02778,B,2026-11-28 16:54:15,PET02778,dog,8,11.5,True
U02779,A,2026-10-12 03:44:30,PET02779,dog,3,11.7,False
U02780,A,2026-09-12 02:52:15,PET02780,cat,5,14.5,False
U02781,B,2026-10-05 17:09:40,PET02781,dog,7,27.1,False
U02782,A,2026-12-01 04:57:52,PET02782,dog,2,17.5,False
U02783,A,2026-11-15 01:23:44,PET02783,dog,4,6.7,False
U02784,A,2026-11-22 18:55:49,PET02784,dog,3,27.0,False
U02785,B,2026-11-29 16:55:46,PET02785,cat,14,23.7,False
U02786,B,2026-09-18 22:18:36,PET02786,dog,6,33.3,False
U02787,B,2026-10-03 14:22:35,PET02787,dog,13,19.2,False
U02788,B,2026-09-13 11:26:08,PET02788,dog,8,23.4,False
U02789,B,2026-09-08 16:05:24,PET02789,dog,8,17.6,False
U02790,B,2026-11-22 19:00:29,PET02790,dog,14,24.3,False
U02791,A,2026-12-01 15:06:02,PET02791,cat,10,16.1,False
U02792,A,2026-09-22 07:39:56,PET02792,cat,4,6.1,False
U02793,A,2026-11-11 21:21:17,PET02793,dog,4,34.6,False
U02794,A,2026-10-26 16:52:39,PET02794,cat,10,25.6,False
U02795,A,2026-09-14 21:03:19,PET02795,dog,1,21.9,False
U02796,B,2026-11-29 13:22:23,PET02796,dog,3,17.6,False
U02797,A,2026-11-25 10:47:52,PET02797,dog,2,25.3,False
U02798,B,2026-10-29 20:14:13,PET02798,dog,10,5.7,False
U02799,B,2026-11-10 14:40:43,PET02799,cat,7,12.4,True
U02800,B,2026-10-13 18:37:17,PET02800,cat,1,5.7,False
U02801,A,2026-11-18 21:21:30,PET02801,dog,11,5.7,False
U02802,B,2026-10-18 06:49:09,PET02802,dog,10,2.2,True
U02803,B,2026-12-06 04:37:55,PET02803,cat,11,26.8,False
U02804,B,2026-09-13 03:35:12,PET02804,dog,3,9.1,False
U02805,A,2026-09-23 14:23:51,PET02805,dog,13,29.4,True
U02806,A,2026-12-04 19:23:01,PET02806,cat,3,31.8,False
U02807,A,2026-10-03 23:25:43,PET02807,cat,8,7.1,False
U02808,A,2026-10-05 00:47:13,PET02808,cat,8,25.2,False
U02809,B,2026-11-18 00:02:23,PET02809,dog,4,16.9,False
U02810,A,2026-09-25 16:17:48,PET02810,dog,6,32.3,True
U02811,A,2026-10-24 06:28:10,PET02811,dog,1,17.7,False
U02812,B,2026-10-03 11:25:18,PET02812,cat,7,14.2,False
U02813,A,2026-09-25 01:53:20,PET02813,dog,10,11.4,True
U02814,B,2026-12-03 01:48:25,PET02814,dog,5,31.8,False
U02815,A,2026-09-25 12:40:27,PET02815,dog,8,9.1,True
U02816,B,2026-09-16 16:31:31,PET02816,cat,14,29.2,False
U02817,B,2026-11-07 21:16:11,PET02817,cat,4,8.0,False
U02818,A,2026-11-25 11:35:20,PET02818,cat,5,23.1,False
U02819,B,2026-09-19 15:29:36,PET02819,dog,2,16.6,True
U02820,A,2026-11-10 20:38:32,PET02820,cat,8,5.0,False
U02821,B,2026-10-26 10:21:53,PET02821,dog,3,5.7,False
U02822,A,2026-11-21 05:00:25,PET02822,dog,12,10.9,False
U02823,A,2026-09-19 19:48:36,PET02823,dog,5,27.2,True
U02824,B,2026-12-04 00:03:18,PET02824,dog,10,25.9,True
U02825,A,2026-11-02 06:37:23,PET02825,dog,3,8.4,False
U02826,B,2026-11-22 03:07:54,PET02826,cat,5,17.5,False
U02827,A,2026-10-10 15:26:37,PET02827,dog,3,4.7,False
U02828,A,2026-12-01 06:28:14,PET02828,dog,8,25.5,False
U02829,A,2026-11-03 08:15:47,PET02829,cat,1,28.1,False
U02830,A,2026-09-19 15:39:13,PET02830,cat,2,31.4,False
U02831,B,2026-11-30 07:06:34,PET02831,dog,8,31.2,False
U02832,B,2026-11-18 08:42:12,PET02832,cat,8,12.8,True
U02833,B,2026-10-05 11:58:49,PET02833,dog,5,10.0,True
U02834,A,2026-10-27 02:50:16,PET02834,dog,7,31.5,False
U02835,A,2026-10-12 22:26:38,PET02835,cat,6,6.4,False
U02836,A,2026-10-26 23:33:27,PET02836,cat,11,3.5,False
U02837,B,2026-12-03 17:06:44,PET02837,dog,7,12.0,True
U02838,B,2026-11-27 02:35:50,PET02838,dog,12,27.0,True
U02839,A,2026-09-27 11:20:17,PET02839,dog,4,24.8,False
U02840,A,2026-12-04 08:31:22,PET02840,dog,3,34.6,False
U02841,A,2026-10-17 03:59:33,PET02841,cat,6,13.5,False
U02842,B,2026-11-10 21:02:18,PET02842,dog,2,10.7,True
U02843,A,2026-11-15 09:57:38,PET02843,cat,10,14.2,False
U02844,B,2026-10-21 15:39:45,PET02844,dog,6,27.7,False
U02845,B,2026-10-19 16:35:14,PET02845,cat,6,8.7,False
U02846,A,2026-10-19 07:40:30,PET02846,dog,8,33.2,False
U02847,B,2026-11-24 08:22:02,PET02847,dog,2,18.7,False
U02848,A,2026-10-12 23:17:17,PET02848,dog,6,27.7,True
U02849,A,2026-10-03 19:47:25,PET02849,dog,14,29.2,False
U02850,B,2026-10-10 12:01:34,PET02850,cat,9,17.5,True
U02851,B,2026-09-25 12:48:20,PET02851,cat,9,26.3,False
U02852,A,2026-10-13 00:11:40,PET02852,cat,8,13.7,True
U02853,A,2026-09-18 04:54:06,PET02853,dog,7,28.7,False
U02854,B,2026-09-16 00:08:52,PET02854,cat,14,29.1,False
U02855,A,2026-11-12 19:20:32,PET02855,cat,14,20.5,False
U02856,B,2026-09-14 22:35:03,PET02856,cat,6,8.8,False
U02857,B,2026-10-29 03:53:31,PET02857,cat,13,34.0,False
U02858,A,2026-11-17 06:44:54,PET02858,cat,2,33.2,False
U02859,B,2026-11-12 08:27:15,PET02859,dog,5,22.3,False
U02860,B,2026-10-18 19:29:22,PET02860,cat,5,34.5,False
U02861,A,2026-09-25 09:46:27,PET02861,dog,10,18.3,True
U02862,B,2026-11-30 01:02:43,PET02862,dog,9,14.1,False
U02863,B,2026-11-22 14:03:37,PET02863,cat,7,16.9,True
U02864,A,2026-11-02 03:31:33,PET02864,dog,4,3.0,False
U02865,A,2026-09-15 15:29:02,PET02865,dog,8,19.9,False
U02866,B,2026-09-11 20:33:45,PET02866,dog,4,23.8,False
U02867,B,2026-10-06 01:37:25,PET02867,dog,7,5.2,True
U02868,B,2026-09-22 23:51:29,PET02868,cat,5,10.1,False
U02869,A,2026-11-24 15:54:56,PET02869,cat,13,25.7,False
U02870,B,2026-09-26 01:14:46,PET02870,dog,11,28.1,False
U02871,A,2026-10-03 05:16:48,PET02871,cat,3,34.5,False
U02872,B,2026-12-04 04:01:23,PET02872,cat,14,10.0,False
U02873,A,2026-11-20 21:12:28,PET02873,cat,10,29.7,False
U02874,A,2026-09-27 17:20:59,PET02874,dog,5,7.3,False
U02875,A,2026-10-12 08:57:02,PET02875,dog,8,5.9,False
U02876,A,2026-10-24 12:42:29,PET02876,dog,3,25.9,False
U02877,B,2026-11-06 08:21:40,PET02877,dog,1,16.4,False
U02878,A,2026-12-01 09:44:35,PET02878,cat,6,28.1,True
U02879,A,2026-11-25 15:18:53,PET02879,dog,11,11.0,False
U02880,B,2026-12-04 04:40:01,PET02880,dog,5,8.6,False
U02881,B,2026-09-11 18:13:57,PET02881,cat,6,19.9,False
U02882,A,2026-09-29 22:41:25,PET02882,dog,14,5.4,False
U02883,B,2026-10-28 23:22:36,PET02883,dog,14,10.8,False
U02884,A,2026-09-12 04:08:04,PET02884,cat,7,7.1,False
U02885,B,2026-10-09 09:52:54,PET02885,cat,1,12.2,False
U02886,A,2026-09-21 06:21:57,PET02886,dog,10,27.1,False
U02887,A,2026-11-30 15:14:21,PET02887,cat,11,5.5,False
U02888,B,2026-09-13 07:46:59,PET02888,cat,13,22.0,False
U02889,A,2026-09-21 09:28:18,PET02889,cat,14,21.1,False
U02890,A,2026-09-25 03:19:33,PET02890,dog,9,19.5,False
U02891,B,2026-09-21 13:26:20,PET02891,cat,2,17.7,False
U02892,B,2026-10-29 12:52:10,PET02892,cat,4,23.7,False
U02893,B,2026-10-10 13:14:16,PET02893,dog,11,30.0,False
U02894,A,2026-11-29 08:11:30,PET02894,cat,9,6.9,False
U02895,A,2026-10-01 18:08:24,PET02895,cat,7,28.8,False
U02896,B,2026-10-26 14:35:18,PET02896,dog,6,3.6,False
U02897,B,2026-11-06 04:14:11,PET02897,cat,10,17.7,False
U02898,A,2026-11-03 08:49:42,PET02898,dog,6,18.6,False
U02899,A,2026-11-18 15:51:23,PET02899,cat,3,8.1,False
U02900,A,2026-09-26 02:47:38,PET02900,cat,14,4.5,False
U02901,B,2026-10-23 08:27:11,PET02901,dog,5,4.0,False
U02902,B,2026-11-19 20:56:32,PET02902,dog,4,2.7,False
U02903,B,2026-11-24 10:36:07,PET02903,dog,1,20.7,False
U02904,A,2026-11-02 12:13:53,PET02904,cat,7,6.7,False
U02905,A,2026-11-05 16:21:16,PET02905,dog,14,28.6,False
U02906,B,2026-11-24 07:43:27,PET02906,cat,3,31.6,False
U02907,A,2026-11-03 19:50:05,PET02907,dog,4,11.3,False
U02908,B,2026-12-02 00:23:33,PET02908,dog,3,7.0,False
U02909,A,2026-09-19 11:20:36,PET02909,cat,2,15.2,False
U02910,B,2026-10-09 14:20:53,PET02910,cat,9,31.0,False
U02911,B,2026-09-18 05:44:13,PET02911,dog,5,14.9,True
U02912,A,2026-09-16 18:46:48,PET02912,dog,11,5.1,True
U02913,B,2026-10-20 01:54:23,PET02913,dog,6,34.5,False
U02914,B,2026-09-28 15:36:05,PET02914,dog,9,18.2,False
U02915,B,2026-10-14 15:12:02,PET02915,dog,2,13.0,True
U02916,B,2026-10-17 18:54:18,PET02916,cat,5,31.4,True
U02917,B,2026-11-02 04:58:10,PET02917,dog,6,32.6,True
U02918,B,2026-12-02 03:43:10,PET02918,dog,1,18.1,True
U02919,B,2026-11-23 13:55:54,PET02919,dog,6,11.8,False
U02920,A,2026-10-12 23:19:15,PET02920,dog,7,17.7,False
U02921,B,2026-10-07 18:50:19,PET02921,cat,6,8.8,False
U02922,A,2026-11-16 05:04:19,PET02922,dog,8,17.5,False
U02923,A,2026-09-19 09:47:21,PET02923,dog,12,9.2,True
U02924,A,2026-10-26 06:24:09,PET02924,cat,11,22.3,False
U02925,B,2026-10-16 18:43:00,PET02925,cat,1,27.0,False
U02926,B,2026-09-24 12:17:45,PET02926,cat,9,34.0,True
U02927,B,2026-11-02 10:29:56,PET02927,cat,13,29.7,True
U02928,A,2026-10-06 00:07:28,PET02928,cat,13,4.4,False
U02929,B,2026-09-24 15:12:30,PET02929,cat,5,8.6,True
U02930,B,2026-11-05 10:37:07,PET02930,cat,11,19.3,True
U02931,B,2026-09-23 00:57:06,PET02931,dog,12,10.1,False
U02932,B,2026-11-07 04:41:50,PET02932,cat,6,2.0,False
U02933,B,2026-09-22 17:26:05,PET02933,cat,13,26.8,True
U02934,A,2026-10-17 17:58:35,PET02934,cat,9,13.5,False
U02935,A,2026-11-19 11:51:03,PET02935,dog,11,3.7,True
U02936,A,2026-09-28 18:11:09,PET02936,cat,11,18.5,False
U02937,B,2026-11-16 17:43:15,PET02937,dog,11,34.2,False
U02938,B,2026-11-11 14:46:39,PET02938,cat,14,24.2,False
U02939,A,2026-11-28 05:00:09,PET02939,dog,13,6.8,False
U02940,A,2026-09-23 10:07:13,PET02940,cat,6,18.7,False
U02941,B,2026-11-11 19:35:35,PET02941,cat,8,31.7,False
U02942,B,2026-12-01 07:26:44,PET02942,dog,10,3.3,False
U02943,B,2026-11-15 15:50:31,PET02943,dog,12,22.9,False
U02944,B,2026-09-24 19:51:32,PET02944,dog,6,25.7,False
U02945,A,2026-11-20 12:47:52,PET02945,cat,5,25.1,False
U02946,B,2026-09-17 12:10:12,PET02946,cat,11,6.5,False
U02947,A,2026-10-30 04:30:11,PET02947,cat,14,31.9,False
U02948,B,2026-10-22 11:54:54,PET02948,dog,13,12.3,False
U02949,B,2026-10-25 01:00:11,PET02949,cat,3,3.2,False
U02950,A,2026-10-24 02:43:20,PET02950,cat,13,4.3,False
U02951,A,2026-09-10 13:00:25,PET02951,dog,12,16.8,False
U02952,B,2026-10-23 05:14:28,PET02952,dog,3,2.8,True
U02953,B,2026-12-01 08:20:15,PET02953,dog,1,27.6,False
U02954,A,2026-10-17 08:39:06,PET02954,dog,3,30.5,False
U02955,B,2026-10-02 11:21:26,PET02955,dog,14,1.9,False
U02956,B,2026-12-06 16:46:20,PET02956,dog,11,28.6,False
U02957,A,2026-09-16 10:42:21,PET02957,dog,9,34.4,True
U02958,B,2026-10-21 20:17:11,PET02958,dog,9,2.5,False
U02959,B,2026-10-24 11:34:20,PET02959,dog,6,25.8,False
U02960,B,2026-10-21 23:49:43,PET02960,cat,13,35.0,True
U02961,B,2026-11-29 23:59:14,PET02961,dog,3,28.2,False
U02962,A,2026-10-15 10:15:30,PET02962,dog,5,18.4,False
U02963,A,2026-12-04 18:22:18,PET02963,cat,3,31.1,False
U02964,A,2026-09-14 10:52:36,PET02964,dog,12,25.2,False
U02965,B,2026-11-13 21:00:13,PET02965,dog,8,11.3,True
U02966,B,2026-10-31 18:23:07,PET02966,dog,10,9.0,False
U02967,A,2026-09-29 08:07:18,PET02967,dog,13,18.7,False
U02968,B,2026-09-28 07:42:34,PET02968,cat,3,14.0,False
U02969,A,2026-11-11 21:08:17,PET02969,dog,14,12.5,False
U02970,A,2026-11-04 12:58:20,PET02970,dog,2,7.5,False
U02971,A,2026-11-02 16:40:28,PET02971,cat,11,29.8,False
U02972,B,2026-09-12 16:14:54,PET02972,cat,10,25.1,False
U02973,A,2026-10-31 03:58:50,PET02973,dog,12,12.6,False
U02974,A,2026-12-05 05:40:11,PET02974,dog,3,9.5,False
U02975,A,2026-09-09 21:36:32,PET02975,dog,14,5.8,False
U02976,B,2026-10-20 06:42:36,PET02976,cat,12,5.3,False
U02977,B,2026-10-22 20:50:33,PET02977,cat,2,22.5,False
U02978,B,2026-11-27 08:32:54,PET02978,cat,8,5.1,False
U02979,A,2026-10-03 20:19:07,PET02979,dog,12,33.7,False
U02980,B,2026-10-20 13:51:51,PET02980,dog,7,10.9,False
U02981,A,2026-11-11 02:22:59,PET02981,cat,6,2.4,False
U02982,A,2026-09-13 06:29:23,PET02982,dog,4,30.2,False
U02983,A,2026-11-19 22:51:51,PET02983,cat,8,13.8,True
U02984,A,2026-11-20 04:59:45,PET02984,dog,14,13.0,True
U02985,B,2026-11-11 05:27:40,PET02985,dog,9,5.5,False
U02986,A,2026-11-05 03:35:17,PET02986,dog,11,23.6,True
U02987,A,2026-11-14 14:37:50,PET02987,dog,11,13.5,False
U02988,B,2026-11-17 19:25:24,PET02988,cat,11,29.1,False
U02989,B,2026-11-28 22:28:08,PET02989,dog,6,22.6,True
U02990,B,2026-10-16 21:15:47,PET02990,cat,11,31.0,False
U02991,B,2026-10-19 21:12:48,PET02991,cat,5,22.4,False
U02992,A,2026-11-04 21:42:47,PET02992,cat,9,27.6,False
U02993,A,2026-09-25 13:37:34,PET02993,cat,5,24.8,False
U02994,B,2026-11-24 19:43:09,PET02994,cat,14,17.0,True
U02995,B,2026-11-16 15:13:59,PET02995,cat,11,24.6,True
U02996,A,2026-11-03 03:17:41,PET02996,dog,9,23.7,False
U02997,B,2026-10-05 00:35:07,PET02997,cat,7,1.7,False
U02998,B,2026-10-09 02:20:45,PET02998,cat,8,24.9,False
U02999,B,2026-10-17 08:17:55,PET02999,dog,11,10.3,False
U03000,A,2026-11-06 11:58:47,PET03000,cat,4,19.7,False
U03001,B,2026-11-17 15:19:23,PET03001,dog,12,5.2,False
U03002,B,2026-11-07 12:30:51,PET03002,cat,4,2.3,True
U03003,A,2026-11-30 08:47:29,PET03003,dog,2,2.0,True
U03004,A,2026-12-03 17:35:15,PET03004,cat,11,6.8,True
U03005,A,2026-11-10 20:40:12,PET03005,dog,10,2.2,False
U03006,A,2026-10-11 05:20:56,PET03006,cat,5,5.9,False
U03007,A,2026-10-31 06:16:46,PET03007,dog,10,20.2,False
U03008,B,2026-10-16 22:20:34,PET03008,cat,11,14.9,True
U03009,A,2026-11-03 23:17:31,PET03009,dog,12,34.4,True
U03010,A,2026-11-20 07:26:17,PET03010,cat,14,28.6,False
U03011,A,2026-10-11 12:13:37,PET03011,dog,12,6.4,False
U03012,A,2026-10-23 13:52:02,PET03012,dog,7,15.5,False
U03013,B,2026-09-12 15:14:03,PET03013,dog,4,15.9,False
U03014,B,2026-11-13 20:44:28,PET03014,cat,2,13.6,False
U03015,B,2026-10-22 02:32:19,PET03015,dog,9,18.1,False
U03016,A,2026-10-19 12:33:45,PET03016,cat,10,23.9,False
U03017,A,2026-10-25 05:11:46,PET03017,dog,10,23.0,True
U03018,A,2026-09-27 18:05:07,PET03018,cat,1,13.5,False
U03019,B,2026-10-31 14:18:57,PET03019,dog,10,25.1,False
U03020,B,2026-11-14 17:58:35,PET03020,dog,12,11.2,True
U03021,B,2026-10-09 21:43:40,PET03021,dog,11,29.5,False
U03022,A,2026-09-19 18:57:37,PET03022,dog,8,33.8,False
U03023,A,2026-10-12 20:29:57,PET03023,dog,1,11.4,False
U03024,B,2026-09-25 19:27:54,PET03024,dog,7,27.8,False
U03025,B,2026-10-11 15:00:34,PET03025,dog,10,28.7,True
U03026,A,2026-11-03 09:25:08,PET03026,cat,8,17.9,False
U03027,B,2026-09-18 08:04:11,PET03027,dog,9,4.4,True
U03028,B,2026-11-14 08:43:31,PET03028,cat,8,27.8,False
U03029,B,2026-09-28 14:34:38,PET03029,dog,8,15.2,True
U03030,A,2026-11-27 19:17:02,PET03030,dog,5,8.5,False
U03031,B,2026-11-12 08:48:38,PET03031,dog,9,22.5,False
U03032,A,2026-10-02 13:54:46,PET03032,dog,4,16.1,False
U03033,B,2026-10-28 09:55:55,PET03033,dog,7,4.4,False
U03034,B,2026-09-17 14:35:06,PET03034,cat,6,34.5,False
U03035,B,2026-09-16 19:39:00,PET03035,cat,10,9.7,False
U03036,A,2026-12-03 09:53:09,PET03036,cat,13,18.6,False
U03037,B,2026-11-19 09:31:33,PET03037,dog,9,23.9,True
U03038,B,2026-09-21 04:50:19,PET03038,dog,2,5.4,True
U03039,A,2026-10-03 11:58:02,PET03039,cat,10,26.3,False
U03040,A,2026-09-25 10:57:58,PET03040,dog,5,23.2,False
U03041,B,2026-10-13 03:50:35,PET03041,dog,1,18.0,True
U03042,B,2026-10-04 23:16:17,PET03042,dog,3,19.2,False
U03043,A,2026-10-07 20:37:52,PET03043,dog,14,33.5,False
U03044,B,2026-10-25 06:58:50,PET03044,cat,6,32.0,False
U03045,B,2026-09-25 22:39:55,PET03045,dog,3,5.3,False
U03046,B,2026-11-26 06:31:41,PET03046,dog,2,13.9,True
U03047,A,2026-11-12 10:03:09,PET03047,cat,10,18.8,False
U03048,B,2026-11-15 03:08:19,PET03048,cat,11,32.3,False
U03049,A,2026-09-23 14:41:22,PET03049,dog,5,28.9,False
U03050,B,2026-11-10 11:32:53,PET03050,dog,2,14.4,True
U03051,A,2026-11-22 06:24:57,PET03051,cat,5,31.2,True
U03052,B,2026-09-23 06:55:29,PET03052,dog,10,14.2,False
U03053,A,2026-11-14 22:26:45,PET03053,dog,2,10.6,False
U03054,A,2026-10-10 16:29:27,PET03054,dog,4,21.9,False
U03055,A,2026-11-17 03:40:16,PET03055,dog,1,13.4,False
U03056,A,2026-10-21 03:14:34,PET03056,cat,7,22.4,False
U03057,B,2026-11-19 01:40:50,PET03057,cat,3,15.2,True
U03058,B,2026-09-21 05:56:07,PET03058,cat,3,28.2,False
U03059,A,2026-10-13 17:42:53,PET03059,cat,2,33.5,False
U03060,A,2026-10-02 01:29:03,PET03060,cat,11,10.6,False
U03061,A,2026-09-30 05:58:56,PET03061,cat,7,18.6,False
U03062,A,2026-10-05 00:59:43,PET03062,cat,14,25.8,False
U03063,A,2026-10-12 15:35:17,PET03063,dog,6,6.8,True
U03064,B,2026-09-19 19:32:21,PET03064,dog,4,28.2,False
U03065,B,2026-11-10 12:41:53,PET03065,dog,3,21.0,False
U03066,A,2026-10-27 21:44:27,PET03066,dog,14,6.5,False
U03067,A,2026-11-21 16:31:24,PET03067,dog,9,30.6,False
U03068,A,2026-11-10 18:19:59,PET03068,dog,5,15.8,False
U03069,A,2026-09-21 07:31:41,PET03069,cat,10,7.4,False
U03070,B,2026-09-14 20:45:50,PET03070,dog,8,8.0,False
U03071,A,2026-10-16 15:08:47,PET03071,dog,2,27.8,False
U03072,B,2026-10-21 02:04:41,PET03072,dog,10,32.8,False
U03073,B,2026-09-29 01:59:00,PET03073,dog,2,14.2,True
U03074,B,2026-11-17 21:33:18,PET03074,cat,3,4.1,False
U03075,B,2026-10-30 06:36:16,PET03075,dog,10,4.9,False
U03076,B,2026-11-14 11:11:05,PET03076,dog,7,23.4,False
U03077,A,2026-09-17 18:14:59,PET03077,dog,4,13.9,True
U03078,A,2026-11-20 18:26:50,PET03078,cat,1,15.8,False
U03079,B,2026-09-26 00:38:58,PET03079,cat,9,12.8,False
U03080,B,2026-10-18 14:46:41,PET03080,dog,10,17.1,False
U03081,A,2026-10-17 21:54:55,PET03081,dog,3,23.1,True
U03082,A,2026-11-20 08:23:48,PET03082,cat,6,19.6,False
U03083,A,2026-10-02 13:01:30,PET03083,cat,5,7.0,False
U03084,A,2026-09-29 06:21:18,PET03084,dog,13,18.0,False
U03085,B,2026-10-08 17:18:31,PET03085,dog,12,16.9,False
U03086,B,2026-10-10 02:50:06,PET03086,dog,4,19.8,False
U03087,A,2026-09-24 12:27:59,PET03087,dog,8,5.2,False
U03088,B,2026-09-23 09:54:13,PET03088,cat,13,6.6,False
U03089,A,2026-09-28 15:23:16,PET03089,cat,5,19.3,False
U03090,A,2026-10-20 11:51:30,PET03090,cat,2,10.7,False
U03091,B,2026-10-08 23:33:36,PET03091,cat,5,22.6,False
U03092,A,2026-10-13 23:35:41,PET03092,dog,9,14.0,False
U03093,A,2026-11-11 06:49:10,PET03093,cat,14,8.9,False
U03094,A,2026-09-29 00:53:41,PET03094,dog,5,23.5,False
U03095,A,2026-11-28 11:49:30,PET03095,dog,1,14.7,False
U03096,A,2026-11-14 14:09:48,PET03096,cat,3,6.8,False
U03097,B,2026-09-23 18:02:26,PET03097,dog,6,28.6,False
U03098,B,2026-10-06 12:35:59,PET03098,cat,2,16.0,True
U03099,B,2026-09-24 14:04:24,PET03099,cat,1,32.2,False
U03100,A,2026-10-02 00:32:58,PET03100,cat,10,8.0,False
U03101,A,2026-10-10 18:18:11,PET03101,cat,12,30.9,False
U03102,A,2026-09-19 07:54:49,PET03102,dog,4,28.8,False
U03103,A,2026-09-09 09:13:32,PET03103,dog,8,5.0,False
U03104,B,2026-10-17 10:09:00,PET03104,cat,9,19.3,False
U03105,A,2026-11-10 01:43:07,PET03105,cat,10,23.4,False
U03106,B,2026-10-05 11:51:44,PET03106,cat,14,18.1,True
U03107,B,2026-11-24 09:08:54,PET03107,dog,13,14.6,False
U03108,A,2026-10-11 05:36:10,PET03108,dog,5,33.1,False
U03109,A,2026-11-28 05:54:02,PET03109,dog,14,25.0,True
U03110,A,2026-09-29 00:49:06,PET03110,cat,1,33.9,True
U03111,B,2026-10-26 21:18:16,PET03111,cat,14,29.8,True
U03112,A,2026-11-15 07:03:08,PET03112,cat,2,28.9,False
U03113,B,2026-09-13 20:59:22,PET03113,dog,2,25.8,False
U03114,A,2026-11-30 20:04:21,PET03114,dog,2,23.1,False
U03115,B,2026-10-10 10:58:43,PET03115,dog,2,31.2,True
U03116,A,2026-10-22 19:23:18,PET03116,dog,7,22.0,False
U03117,B,2026-11-03 05:04:18,PET03117,dog,9,4.0,False
U03118,A,2026-11-04 04:20:16,PET03118,cat,11,21.0,False
U03119,A,2026-09-10 21:34:35,PET03119,dog,1,4.9,False
U03120,B,2026-11-25 15:30:40,PET03120,dog,5,33.3,False
U03121,A,2026-11-03 16:32:24,PET03121,cat,2,23.2,False
U03122,A,2026-12-06 22:10:03,PET03122,cat,3,20.1,False
U03123,A,2026-10-20 00:20:05,PET03123,dog,11,8.1,False
U03124,B,2026-11-02 04:07:50,PET03124,dog,9,18.8,False
U03125,B,2026-10-17 23:04:48,PET03125,cat,3,13.0,False
U03126,A,2026-11-27 03:05:17,PET03126,cat,5,24.1,True
U03127,B,2026-11-21 10:45:53,PET03127,cat,13,21.7,False
U03128,B,2026-11-28 00:31:53,PET03128,dog,9,18.2,False
U03129,A,2026-10-23 07:49:06,PET03129,dog,4,10.0,False
U03130,B,2026-11-18 04:08:16,PET03130,cat,14,19.1,False
U03131,A,2026-10-10 06:08:20,PET03131,dog,3,17.0,False
U03132,A,2026-10-19 19:32:05,PET03132,dog,5,30.0,False
U03133,B,2026-11-15 06:37:06,PET03133,cat,10,31.5,False
U03134,B,2026-09-15 19:32:08,PET03134,dog,8,26.9,False
U03135,B,2026-11-10 21:28:36,PET03135,cat,1,12.2,False
U03136,A,2026-09-09 12:58:15,PET03136,cat,12,2.8,True
U03137,A,2026-10-30 12:55:32,PET03137,dog,4,32.5,False
U03138,B,2026-10-20 08:00:19,PET03138,cat,10,34.7,False
U03139,A,2026-10-20 16:00:02,PET03139,dog,5,5.8,False
U03140,B,2026-10-22 19:21:45,PET03140,cat,11,24.5,False
U03141,B,2026-10-22 20:42:57,PET03141,cat,13,15.7,False
U03142,B,2026-10-14 04:40:49,PET03142,cat,11,6.5,False
U03143,A,2026-10-18 16:28:07,PET03143,dog,13,34.9,False
U03144,A,2026-10-29 03:21:23,PET03144,cat,8,32.8,False
U03145,A,2026-11-15 11:45:56,PET03145,cat,1,34.4,False
U03146,A,2026-10-27 02:08:27,PET03146,cat,8,6.3,True
U03147,B,2026-11-04 13:12:00,PET03147,cat,7,18.0,False
U03148,B,2026-11-22 20:25:54,PET03148,dog,11,31.5,True
U03149,A,2026-12-06 19:36:30,PET03149,cat,4,24.1,True
U03150,A,2026-09-17 17:09:22,PET03150,dog,10,16.1,False
U03151,B,2026-11-11 13:51:38,PET03151,dog,7,18.8,False
U03152,B,2026-09-28 14:59:24,PET03152,cat,10,2.8,False
U03153,B,2026-09-25 02:23:44,PET03153,cat,6,22.0,False
U03154,B,2026-11-18 17:27:33,PET03154,cat,6,30.3,False
U03155,A,2026-09-14 16:21:21,PET03155,dog,3,1.6,False
U03156,B,2026-11-23 03:26:36,PET03156,dog,12,6.9,False
U03157,A,2026-11-16 15:10:36,PET03157,dog,1,18.9,False
U03158,B,2026-12-06 09:14:05,PET03158,dog,4,20.3,False
U03159,B,2026-11-07 12:13:20,PET03159,cat,6,13.0,True
U03160,A,2026-11-25 19:32:19,PET03160,cat,3,2.4,False
U03161,A,2026-09-18 07:43:49,PET03161,dog,13,26.4,False
U03162,A,2026-11-27 22:00:08,PET03162,dog,5,9.6,False
U03163,A,2026-09-22 10:00:15,PET03163,dog,4,23.1,False
U03164,B,2026-10-06 12:18:51,PET03164,cat,4,20.2,False
U03165,B,2026-09-19 00:41:33,PET03165,cat,3,15.9,False
U03166,B,2026-10-14 02:55:46,PET03166,dog,10,21.3,False
U03167,B,2026-11-14 06:45:39,PET03167,dog,7,24.8,False
U03168,B,2026-10-02 23:29:03,PET03168,dog,4,20.7,True
U03169,B,2026-11-20 06:14:15,PET03169,dog,13,20.2,False
U03170,A,2026-11-01 09:28:50,PET03170,cat,10,16.1,False
U03171,A,2026-11-03 20:29:46,PET03171,cat,6,15.9,True
U03172,B,2026-12-01 07:39:21,PET03172,dog,8,17.9,False
U03173,A,2026-10-16 19:30:36,PET03173,cat,10,16.6,False
U03174,B,2026-10-09 02:52:47,PET03174,dog,3,16.2,False
U03175,B,2026-12-06 03:11:46,PET03175,dog,12,8.5,False
U03176,A,2026-10-28 00:18:11,PET03176,cat,4,25.8,True
U03177,A,2026-11-02 02:59:49,PET03177,dog,1,6.0,True
U03178,B,2026-10-04 14:29:17,PET03178,dog,8,31.9,False
U03179,B,2026-09-27 02:10:44,PET03179,cat,13,22.4,True
U03180,A,2026-09-23 14:41:54,PET03180,cat,11,3.1,False
U03181,B,2026-09-28 14:22:43,PET03181,dog,5,23.6,False
U03182,A,2026-09-25 05:37:18,PET03182,cat,6,13.6,False
U03183,B,2026-11-14 00:53:31,PET03183,dog,9,32.6,False
U03184,B,2026-09-13 03:53:15,PET03184,cat,4,32.9,True
U03185,B,2026-11-03 03:26:04,PET03185,dog,12,29.8,False
U03186,B,2026-12-02 12:40:19,PET03186,cat,5,20.5,False
U03187,A,2026-11-15 22:20:36,PET03187,dog,4,32.3,False
U03188,A,2026-10-14 10:26:59,PET03188,cat,2,23.3,False
U03189,A,2026-09-13 15:12:35,PET03189,cat,10,30.8,True
U03190,B,2026-11-22 07:17:15,PET03190,dog,1,6.9,False
U03191,A,2026-09-08 02:12:08,PET03191,cat,12,31.8,True
U03192,A,2026-11-08 05:14:15,PET03192,dog,14,23.7,False
U03193,A,2026-11-07 11:30:04,PET03193,cat,2,11.7,True
U03194,A,2026-09-25 20:37:24,PET03194,dog,2,34.9,False
U03195,A,2026-11-13 05:57:54,PET03195,dog,14,24.5,True
U03196,A,2026-09-23 23:36:42,PET03196,cat,2,31.9,False
U03197,B,2026-09-28 15:19:54,PET03197,dog,6,1.7,True
U03198,B,2026-11-20 08:32:02,PET03198,dog,13,20.0,True
U03199,B,2026-12-05 14:56:15,PET03199,dog,2,25.4,True
U03200,B,2026-10-01 16:45:18,PET03200,dog,10,2.0,True
U03201,A,2026-11-29 16:27:43,PET03201,dog,6,27.0,False
U03202,B,2026-11-29 20:46:23,PET03202,cat,7,23.3,False
U03203,A,2026-11-16 15:53:10,PET03203,cat,14,10.7,True
U03204,B,2026-09-20 00:38:47,PET03204,dog,10,24.6,False
U03205,A,2026-10-04 09:03:15,PET03205,dog,5,5.9,False
U03206,A,2026-11-07 21:47:36,PET03206,cat,14,29.1,False
U03207,A,2026-12-06 04:58:13,PET03207,cat,9,30.5,False
U03208,B,2026-11-20 11:58:46,PET03208,cat,2,17.8,False
U03209,B,2026-10-15 12:00:20,PET03209,dog,6,18.5,False
U03210,A,2026-09-29 13:21:43,PET03210,dog,4,15.0,False
U03211,B,2026-12-03 20:51:18,PET03211,cat,9,13.1,False
U03212,A,2026-10-02 12:57:25,PET03212,dog,13,30.7,False
U03213,A,2026-10-08 00:00:43,PET03213,dog,1,11.7,False
U03214,B,2026-12-03 05:49:48,PET03214,dog,11,15.0,False
U03215,A,2026-10-28 15:08:40,PET03215,cat,13,11.5,False
U03216,A,2026-10-01 18:46:25,PET03216,dog,14,23.5,False
U03217,B,2026-09-08 15:31:15,PET03217,cat,10,28.8,False
U03218,B,2026-10-16 17:34:34,PET03218,cat,5,7.0,False
U03219,A,2026-12-05 05:46:41,PET03219,dog,3,10.0,True
U03220,A,2026-10-16 02:17:56,PET03220,cat,14,5.0,True
U03221,B,2026-11-09 22:45:48,PET03221,cat,6,6.9,False
U03222,A,2026-09-30 13:30:25,PET03222,dog,5,15.1,False
U03223,A,2026-11-16 17:43:23,PET03223,cat,11,27.5,False
U03224,A,2026-11-16 22:58:07,PET03224,dog,11,19.6,False
U03225,B,2026-11-01 04:22:51,PET03225,dog,12,3.3,True
U03226,B,2026-11-16 20:54:28,PET03226,cat,13,22.4,False
U03227,A,2026-10-30 08:47:28,PET03227,cat,13,28.1,False
U03228,B,2026-10-12 15:01:18,PET03228,dog,3,14.7,False
U03229,B,2026-11-13 09:16:48,PET03229,cat,3,9.7,False
U03230,B,2026-11-22 04:46:07,PET03230,cat,3,27.1,True
U03231,A,2026-11-22 21:06:23,PET03231,cat,9,2.3,False
U03232,A,2026-09-27 08:20:00,PET03232,dog,9,28.8,False
U03233,A,2026-11-07 00:35:41,PET03233,dog,13,28.4,False
U03234,B,2026-09-08 03:36:30,PET03234,dog,12,31.2,False
U03235,A,2026-10-29 23:04:32,PET03235,cat,12,4.5,False
U03236,B,2026-10-29 19:43:34,PET03236,dog,2,5.1,True
U03237,A,2026-10-10 15:56:59,PET03237,cat,10,30.7,False
U03238,A,2026-12-06 18:41:17,PET03238,dog,12,17.4,True
U03239,A,2026-11-26 15:34:03,PET03239,cat,14,14.6,False
U03240,B,2026-09-11 21:50:54,PET03240,cat,5,20.7,False
U03241,A,2026-09-26 02:23:30,PET03241,cat,11,3.5,False
U03242,A,2026-09-26 01:31:17,PET03242,cat,6,23.1,False
U03243,A,2026-11-27 16:40:36,PET03243,cat,3,33.2,False
U03244,A,2026-10-24 23:09:11,PET03244,dog,5,24.1,False
U03245,B,2026-11-12 13:57:07,PET03245,cat,4,17.1,False
U03246,B,2026-11-19 23:11:39,PET03246,cat,13,33.7,False
U03247,B,2026-11-16 09:37:19,PET03247,cat,3,24.6,True
U03248,A,2026-09-16 16:11:09,PET03248,dog,2,3.4,False
U03249,B,2026-09-20 12:13:04,PET03249,cat,9,23.9,False
U03250,B,2026-10-13 21:09:43,PET03250,dog,9,3.5,True
U03251,B,2026-10-08 15:32:01,PET03251,dog,8,11.8,False
U03252,A,2026-11-14 10:31:21,PET03252,dog,3,22.1,False
U03253,B,2026-09-22 05:52:19,PET03253,dog,7,8.7,False
U03254,A,2026-10-11 07:31:18,PET03254,dog,14,2.8,False
U03255,B,2026-09-29 01:47:40,PET03255,dog,2,22.2,False
U03256,A,2026-09-24 03:42:17,PET03256,cat,12,11.1,False
U03257,A,2026-09-23 12:12:47,PET03257,dog,2,19.4,False
U03258,B,2026-09-25 00:45:28,PET03258,dog,4,10.2,True
U03259,B,2026-10-28 11:18:42,PET03259,cat,13,24.5,False
U03260,B,2026-10-14 01:00:28,PET03260,cat,5,31.5,False
U03261,A,2026-10-17 03:53:15,PET03261,dog,8,4.4,False
U03262,B,2026-10-21 16:35:51,PET03262,dog,6,27.8,False
U03263,B,2026-11-13 00:41:31,PET03263,cat,9,6.7,True
U03264,B,2026-11-24 08:04:40,PET03264,cat,6,12.5,False
U03265,A,2026-10-25 04:34:10,PET03265,cat,7,13.5,False
U03266,B,2026-11-04 01:17:50,PET03266,dog,12,8.4,True
U03267,A,2026-11-13 04:59:48,PET03267,cat,8,4.0,False
U03268,B,2026-11-09 02:41:34,PET03268,cat,8,27.2,False
U03269,B,2026-09-20 01:56:00,PET03269,cat,12,28.1,True
U03270,A,2026-12-05 15:58:00,PET03270,cat,6,34.9,False
U03271,B,2026-09-22 02:59:54,PET03271,cat,12,32.8,False
U03272,A,2026-10-15 22:31:41,PET03272,cat,11,16.1,False
U03273,B,2026-11-05 11:40:44,PET03273,cat,13,6.0,True
U03274,B,2026-10-14 09:47:29,PET03274,cat,7,1.9,True
U03275,B,2026-09-29 21:01:07,PET03275,dog,8,19.3,False
U03276,B,2026-11-30 18:39:49,PET03276,dog,2,30.3,False
U03277,A,2026-09-14 10:05:27,PET03277,cat,2,10.5,True
U03278,A,2026-09-30 23:21:57,PET03278,cat,2,8.2,False
U03279,A,2026-12-06 12:44:10,PET03279,dog,9,16.2,True
U03280,A,2026-11-12 16:59:57,PET03280,dog,5,31.4,False
U03281,A,2026-09-15 23:16:17,PET03281,cat,5,16.6,False
U03282,B,2026-11-14 17:21:07,PET03282,cat,9,25.7,True
U03283,B,2026-12-04 14:10:55,PET03283,dog,6,17.0,False
U03284,B,2026-09-16 14:46:53,PET03284,dog,2,14.0,False
U03285,B,2026-10-15 15:41:52,PET03285,dog,8,16.3,False
U03286,A,2026-10-20 23:27:51,PET03286,cat,8,27.2,False
U03287,A,2026-09-19 16:49:33,PET03287,cat,2,26.8,True
U03288,B,2026-09-26 07:11:43,PET03288,cat,4,16.0,True
U03289,A,2026-09-23 00:31:39,PET03289,dog,4,10.5,False
U03290,B,2026-09-24 18:47:30,PET03290,cat,10,6.2,False
U03291,A,2026-10-14 11:42:56,PET03291,dog,4,1.5,False
U03292,B,2026-10-19 09:57:42,PET03292,cat,1,5.3,False
U03293,B,2026-09-29 22:26:35,PET03293,dog,4,7.0,False
U03294,A,2026-10-04 03:43:48,PET03294,dog,7,24.6,False
U03295,B,2026-09-25 00:54:02,PET03295,cat,11,28.9,False
U03296,B,2026-11-18 17:44:41,PET03296,dog,1,26.2,False
U03297,A,2026-09-27 22:10:48,PET03297,cat,13,25.7,False
U03298,B,2026-11-28 19:54:20,PET03298,cat,5,34.8,True
U03299,B,2026-10-26 20:54:19,PET03299,dog,5,33.7,False
U03300,A,2026-11-19 20:43:34,PET03300,dog,1,10.5,False
U03301,A,2026-11-04 16:27:13,PET03301,cat,4,6.4,False
U03302,A,2026-10-01 22:07:30,PET03302,cat,7,6.6,False
U03303,A,2026-11-01 08:11:26,PET03303,dog,9,31.5,False
U03304,A,2026-10-02 17:52:40,PET03304,dog,11,4.9,False
U03305,A,2026-09-18 02:12:36,PET03305,cat,8,12.9,False
U03306,A,2026-09-30 12:39:46,PET03306,dog,2,19.3,False
U03307,A,2026-10-02 06:58:32,PET03307,cat,6,22.1,True
U03308,B,2026-09-20 22:31:43,PET03308,cat,11,21.5,False
U03309,A,2026-09-10 10:28:03,PET03309,dog,9,27.8,True
U03310,A,2026-12-01 05:01:46,PET03310,cat,9,20.7,True
U03311,A,2026-10-24 13:39:51,PET03311,dog,8,30.0,True
U03312,A,2026-10-14 01:51:19,PET03312,dog,8,4.3,False
U03313,B,2026-11-30 03:02:33,PET03313,cat,14,30.3,False
U03314,B,2026-09-28 10:21:32,PET03314,cat,9,21.3,False
U03315,A,2026-10-14 15:08:29,PET03315,cat,9,9.0,False
U03316,B,2026-11-23 13:58:23,PET03316,dog,5,34.3,False
U03317,B,2026-11-03 01:19:46,PET03317,cat,7,33.0,True
U03318,A,2026-10-13 16:19:11,PET03318,dog,10,29.8,False
U03319,A,2026-10-01 01:23:02,PET03319,dog,13,32.0,False
U03320,B,2026-09-11 19:34:12,PET03320,dog,11,14.3,False
U03321,A,2026-09-15 00:56:20,PET03321,dog,10,9.1,False
U03322,A,2026-09-22 00:38:31,PET03322,dog,11,7.6,False
U03323,A,2026-11-17 12:25:20,PET03323,cat,1,30.8,True
U03324,B,2026-11-04 19:14:56,PET03324,dog,4,29.2,False
U03325,A,2026-10-17 18:21:38,PET03325,cat,4,34.4,False
U03326,B,2026-11-17 14:24:11,PET03326,cat,10,29.9,True
U03327,B,2026-09-22 04:17:04,PET03327,dog,11,22.7,True
U03328,A,2026-09-26 22:52:14,PET03328,dog,3,6.3,False
U03329,A,2026-10-13 00:29:35,PET03329,dog,3,7.0,False
U03330,A,2026-11-29 08:20:58,PET03330,dog,7,17.4,False
U03331,B,2026-11-02 18:05:53,PET03331,cat,14,27.2,True
U03332,B,2026-11-23 14:48:26,PET03332,cat,1,7.3,False
U03333,B,2026-09-30 18:58:12,PET03333,cat,13,32.2,False
U03334,A,2026-11-23 18:23:49,PET03334,dog,3,24.4,False
U03335,A,2026-09-14 22:33:05,PET03335,dog,4,12.0,False
U03336,A,2026-09-28 12:23:36,PET03336,dog,9,31.2,True
U03337,A,2026-10-25 19:42:09,PET03337,cat,11,21.6,False
U03338,A,2026-09-12 03:44:30,PET03338,dog,13,26.1,True
U03339,A,2026-11-24 04:10:39,PET03339,dog,1,14.4,False
U03340,B,2026-11-25 01:11:42,PET03340,cat,1,14.7,False
U03341,B,2026-10-26 04:54:30,PET03341,cat,7,1.9,False
U03342,B,2026-10-05 02:40:25,PET03342,dog,8,19.5,True
U03343,A,2026-09-16 19:46:54,PET03343,cat,4,27.0,False
U03344,B,2026-11-02 11:52:39,PET03344,dog,9,34.0,True
U03345,A,2026-10-26 10:39:38,PET03345,dog,4,31.4,False
U03346,A,2026-11-15 15:21:02,PET03346,dog,14,4.4,True
U03347,A,2026-11-01 08:37:46,PET03347,dog,3,34.3,False
U03348,B,2026-09-19 13:41:33,PET03348,cat,10,6.5,False
U03349,A,2026-09-18 00:05:04,PET03349,dog,8,2.9,True
U03350,A,2026-11-17 17:06:35,PET03350,cat,2,26.6,True
U03351,B,2026-09-22 20:54:57,PET03351,dog,9,31.8,True
U03352,A,2026-12-01 00:56:09,PET03352,cat,3,33.3,False
U03353,B,2026-09-17 01:55:56,PET03353,cat,8,29.1,False
U03354,A,2026-11-12 03:16:19,PET03354,dog,9,8.4,False
U03355,B,2026-12-04 14:35:37,PET03355,cat,2,6.7,False
U03356,B,2026-10-17 18:16:02,PET03356,cat,4,3.5,False
U03357,A,2026-09-13 19:45:01,PET03357,cat,5,21.0,True
U03358,B,2026-11-25 18:44:54,PET03358,dog,13,17.8,True
U03359,B,2026-09-24 13:51:01,PET03359,cat,4,5.2,True
U03360,A,2026-10-25 16:51:18,PET03360,dog,13,17.1,True
U03361,A,2026-12-05 06:43:06,PET03361,cat,8,20.5,False
U03362,A,2026-11-14 17:53:25,PET03362,cat,14,25.7,True
U03363,A,2026-09-12 04:23:24,PET03363,dog,12,15.4,True
U03364,A,2026-11-20 23:07:21,PET03364,cat,5,12.2,True
U03365,A,2026-09-22 01:00:08,PET03365,cat,8,23.8,False
U03366,B,2026-11-14 22:39:40,PET03366,cat,11,24.4,True
U03367,A,2026-11-02 11:03:12,PET03367,dog,2,10.6,False
U03368,A,2026-10-03 15:28:03,PET03368,dog,10,2.2,False
U03369,A,2026-10-16 03:50:07,PET03369,dog,7,33.2,False
U03370,A,2026-09-18 07:39:50,PET03370,dog,1,26.8,False
U03371,B,2026-12-05 20:41:38,PET03371,cat,13,8.2,False
U03372,A,2026-09-29 00:20:19,PET03372,dog,4,20.4,False
U03373,B,2026-10-05 04:35:59,PET03373,cat,13,21.4,False
U03374,A,2026-10-23 15:09:30,PET03374,cat,3,5.7,False
U03375,B,2026-11-07 19:18:02,PET03375,cat,8,7.9,False
U03376,B,2026-10-23 10:21:04,PET03376,dog,6,33.5,True
U03377,B,2026-10-23 02:06:02,PET03377,cat,13,18.5,False
U03378,A,2026-10-30 03:31:43,PET03378,cat,14,7.9,False
U03379,B,2026-11-24 21:22:05,PET03379,cat,11,28.2,False
U03380,B,2026-10-13 05:09:58,PET03380,dog,12,17.3,False
U03381,B,2026-11-21 13:53:15,PET03381,cat,11,22.9,False
U03382,B,2026-11-17 22:28:36,PET03382,dog,5,11.5,False
U03383,A,2026-12-03 09:00:52,PET03383,cat,13,3.4,False
U03384,B,2026-11-29 01:35:21,PET03384,dog,8,7.0,False
U03385,A,2026-11-18 19:30:44,PET03385,dog,5,34.1,False
U03386,B,2026-09-30 18:53:57,PET03386,cat,3,22.4,True
U03387,A,2026-11-16 15:37:32,PET03387,dog,10,29.3,True
U03388,B,2026-11-13 21:38:57,PET03388,cat,4,2.2,False
U03389,B,2026-10-04 18:37:07,PET03389,cat,10,27.1,True
U03390,A,2026-11-08 16:31:13,PET03390,dog,1,17.7,False
U03391,B,2026-09-30 08:00:11,PET03391,dog,9,23.8,False
U03392,A,2026-10-25 01:28:19,PET03392,dog,9,13.5,False
U03393,B,2026-11-18 17:25:20,PET03393,cat,8,22.3,True
U03394,A,2026-09-24 20:18:01,PET03394,cat,10,2.7,True
U03395,B,2026-10-08 16:40:55,PET03395,dog,14,3.0,False
U03396,A,2026-11-18 15:40:44,PET03396,dog,12,28.3,False
U03397,B,2026-10-18 17:14:22,PET03397,dog,7,5.7,False
U03398,A,2026-12-03 06:38:55,PET03398,cat,13,2.0,True
U03399,B,2026-09-08 02:48:23,PET03399,dog,14,32.1,False
U03400,B,2026-11-11 15:06:42,PET03400,dog,3,10.4,False
U03401,A,2026-11-20 22:38:02,PET03401,cat,6,21.0,False
U03402,A,2026-11-29 03:16:37,PET03402,dog,11,29.6,False
U03403,B,2026-09-22 01:42:32,PET03403,dog,8,26.5,False
U03404,A,2026-12-05 16:59:00,PET03404,cat,2,3.1,False
U03405,B,2026-10-13 10:08:36,PET03405,cat,7,20.3,False
U03406,B,2026-10-09 21:40:18,PET03406,dog,6,19.7,False
U03407,A,2026-10-09 11:19:26,PET03407,cat,11,13.2,False
U03408,A,2026-11-04 12:31:13,PET03408,dog,8,26.7,False
U03409,B,2026-11-06 01:29:00,PET03409,cat,2,33.8,False
U03410,A,2026-10-20 22:51:01,PET03410,dog,1,6.4,False
U03411,B,2026-09-14 07:56:30,PET03411,cat,5,6.4,False
U03412,A,2026-12-05 10:30:51,PET03412,dog,3,26.1,False
U03413,B,2026-09-27 15:05:57,PET03413,cat,13,16.7,False
U03414,B,2026-09-16 20:34:53,PET03414,cat,4,28.1,False
U03415,B,2026-10-31 19:04:56,PET03415,dog,9,6.2,False
U03416,B,2026-10-15 18:34:03,PET03416,dog,2,2.8,True
U03417,A,2026-11-02 02:32:00,PET03417,cat,7,24.9,False
U03418,A,2026-11-25 02:07:20,PET03418,dog,14,34.8,True
U03419,A,2026-09-16 19:57:01,PET03419,cat,10,4.7,False
U03420,B,2026-10-03 21:54:13,PET03420,cat,5,30.5,False
U03421,A,2026-10-24 14:58:10,PET03421,dog,11,14.4,False
U03422,B,2026-11-17 21:51:00,PET03422,dog,8,2.1,False
U03423,A,2026-11-01 07:37:16,PET03423,cat,4,18.6,False
U03424,A,2026-10-12 08:26:02,PET03424,dog,14,10.8,False
U03425,A,2026-11-01 04:04:53,PET03425,cat,14,24.7,False
U03426,B,2026-12-05 19:02:33,PET03426,dog,8,11.1,False
U03427,A,2026-10-21 16:03:56,PET03427,dog,1,17.6,False
U03428,A,2026-11-26 05:23:28,PET03428,dog,6,8.2,True
U03429,B,2026-11-17 23:58:53,PET03429,dog,8,29.2,False
U03430,A,2026-10-05 00:43:45,PET03430,cat,14,32.5,False
U03431,A,2026-09-30 18:29:13,PET03431,dog,11,15.0,False
U03432,A,2026-11-16 04:59:25,PET03432,cat,4,16.5,False
U03433,B,2026-09-26 18:48:56,PET03433,cat,8,34.4,False
U03434,A,2026-10-08 11:36:56,PET03434,dog,3,6.3,False
U03435,B,2026-09-29 05:36:59,PET03435,dog,7,28.6,False
U03436,B,2026-11-01 01:23:11,PET03436,cat,8,20.5,True
U03437,B,2026-10-04 14:54:37,PET03437,cat,8,31.0,False
U03438,A,2026-11-06 03:50:24,PET03438,cat,6,11.3,False
U03439,B,2026-12-01 10:47:39,PET03439,dog,7,11.4,False
U03440,B,2026-11-21 22:48:37,PET03440,cat,12,12.4,False
U03441,A,2026-12-02 21:18:13,PET03441,dog,8,2.1,True
U03442,A,2026-09-10 11:51:07,PET03442,cat,1,7.2,True
U03443,B,2026-10-18 17:33:35,PET03443,dog,11,34.8,False
U03444,A,2026-09-27 19:45:15,PET03444,cat,9,9.8,True
U03445,A,2026-11-29 14:33:24,PET03445,dog,10,2.2,False
U03446,A,2026-11-11 04:57:32,PET03446,cat,10,10.8,False
U03447,B,2026-10-06 19:28:28,PET03447,dog,3,15.2,False
U03448,B,2026-10-28 02:07:28,PET03448,cat,14,19.9,False
U03449,B,2026-11-01 12:32:17,PET03449,dog,14,3.8,False
U03450,B,2026-10-22 18:43:59,PET03450,cat,3,28.0,False
U03451,B,2026-10-20 13:41:40,PET03451,dog,4,29.2,False
U03452,B,2026-09-12 08:22:19,PET03452,dog,4,8.6,False
U03453,B,2026-10-18 09:59:28,PET03453,cat,14,28.2,False
U03454,A,2026-10-09 11:02:07,PET03454,dog,14,13.6,True
U03455,A,2026-11-20 17:51:25,PET03455,dog,4,15.7,False
U03456,A,2026-11-24 23:48:39,PET03456,cat,9,32.9,False
U03457,B,2026-11-14 18:41:09,PET03457,cat,4,31.4,False
U03458,B,2026-09-10 07:35:48,PET03458,cat,1,14.1,False
U03459,B,2026-11-22 02:40:07,PET03459,dog,4,17.9,False
U03460,B,2026-10-13 11:21:19,PET03460,dog,2,11.1,True
U03461,A,2026-10-15 20:35:30,PET03461,cat,12,18.8,True
U03462,A,2026-12-02 15:14:07,PET03462,dog,11,24.3,False
U03463,B,2026-11-25 07:43:24,PET03463,cat,3,4.6,False
U03464,A,2026-09-12 02:08:15,PET03464,dog,8,32.3,False
U03465,A,2026-10-10 06:03:12,PET03465,cat,3,25.6,False
U03466,B,2026-11-14 17:11:39,PET03466,cat,8,4.7,False
U03467,B,2026-10-26 16:04:47,PET03467,dog,13,30.6,False
U03468,B,2026-10-01 10:50:29,PET03468,dog,13,26.4,False
U03469,B,2026-10-25 08:00:47,PET03469,dog,12,12.0,False
U03470,B,2026-11-24 04:12:01,PET03470,dog,4,19.0,False
U03471,A,2026-09-28 23:20:20,PET03471,cat,3,30.3,False
U03472,B,2026-11-14 10:19:58,PET03472,dog,3,33.9,True
U03473,B,2026-11-13 18:24:47,PET03473,dog,2,10.9,False
U03474,B,2026-11-26 11:03:21,PET03474,dog,9,23.3,True
U03475,B,2026-10-04 13:39:40,PET03475,cat,10,30.3,False
U03476,A,2026-09-27 15:22:39,PET03476,dog,13,34.6,False
U03477,B,2026-10-27 08:32:23,PET03477,dog,2,3.9,True
U03478,B,2026-10-25 22:29:28,PET03478,cat,4,18.4,False
U03479,B,2026-10-14 10:58:31,PET03479,dog,11,30.8,False
U03480,B,2026-11-17 18:21:41,PET03480,dog,10,1.6,True
U03481,A,2026-11-18 21:59:32,PET03481,cat,6,16.1,False
U03482,A,2026-09-30 09:10:43,PET03482,dog,3,21.1,False
U03483,B,2026-11-18 05:36:58,PET03483,cat,7,19.1,False
U03484,B,2026-09-28 23:16:17,PET03484,cat,3,26.0,False
U03485,A,2026-10-14 18:51:41,PET03485,cat,8,3.7,True
U03486,A,2026-09-10 18:58:47,PET03486,dog,13,27.8,False
U03487,A,2026-10-08 22:42:18,PET03487,dog,3,11.0,False
U03488,A,2026-12-03 00:40:15,PET03488,dog,2,29.1,False
U03489,B,2026-10-17 22:40:24,PET03489,dog,11,15.6,False
U03490,A,2026-11-10 02:47:53,PET03490,dog,1,2.9,False
U03491,B,2026-09-17 03:29:14,PET03491,cat,14,33.8,False
U03492,A,2026-11-04 05:13:56,PET03492,cat,11,27.6,False
U03493,A,2026-10-11 02:43:10,PET03493,dog,6,13.2,False
U03494,A,2026-11-13 02:00:14,PET03494,cat,6,10.5,False
U03495,B,2026-11-30 03:00:13,PET03495,cat,6,21.2,False
U03496,B,2026-10-25 11:39:00,PET03496,cat,6,34.6,True
U03497,A,2026-09-17 08:56:24,PET03497,cat,12,11.2,False
U03498,A,2026-10-20 08:10:38,PET03498,cat,12,33.3,True
U03499,B,2026-09-19 04:07:25,PET03499,dog,3,12.6,True
U03500,B,2026-10-18 23:21:00,PET03500,dog,3,25.1,False
U03501,B,2026-09-13 07:58:44,PET03501,cat,8,14.3,False
U03502,A,2026-11-04 11:20:44,PET03502,cat,10,4.3,False
U03503,A,2026-10-05 03:24:48,PET03503,cat,11,32.9,False
U03504,A,2026-09-26 05:05:30,PET03504,cat,5,7.0,False
U03505,A,2026-09-09 05:37:25,PET03505,dog,7,33.1,False
U03506,B,2026-11-26 23:17:51,PET03506,dog,2,5.0,True
U03507,A,2026-11-22 04:13:49,PET03507,cat,7,10.4,True
U03508,B,2026-11-20 12:19:59,PET03508,dog,10,32.4,True
U03509,B,2026-09-13 13:03:38,PET03509,cat,5,23.6,False
U03510,A,2026-10-09 01:45:12,PET03510,cat,5,7.8,True
U03511,B,2026-12-04 08:25:22,PET03511,cat,7,21.3,False
U03512,A,2026-10-30 01:56:27,PET03512,dog,13,7.5,False
U03513,A,2026-09-19 04:11:54,PET03513,cat,9,30.8,False
U03514,B,2026-09-20 16:12:25,PET03514,dog,13,3.2,False
U03515,B,2026-10-01 13:38:31,PET03515,cat,1,19.2,False
U03516,A,2026-12-04 11:52:30,PET03516,dog,12,3.6,False
U03517,A,2026-09-23 05:07:22,PET03517,cat,1,24.8,False
U03518,B,2026-11-28 14:58:53,PET03518,dog,5,32.8,False
U03519,A,2026-11-08 21:42:42,PET03519,dog,6,29.3,False
U03520,A,2026-11-29 20:23:30,PET03520,dog,4,14.0,True
U03521,A,2026-11-21 04:09:24,PET03521,dog,14,9.4,False
U03522,B,2026-10-07 16:21:11,PET03522,dog,13,5.6,False
U03523,A,2026-11-21 05:51:14,PET03523,cat,8,30.8,False
U03524,A,2026-09-23 20:40:58,PET03524,cat,7,4.2,False
U03525,B,2026-10-04 11:21:06,PET03525,dog,11,22.6,False
U03526,A,2026-09-27 17:49:28,PET03526,cat,10,13.8,False
U03527,A,2026-09-19 12:56:35,PET03527,cat,7,34.9,False
U03528,A,2026-09-16 16:11:08,PET03528,cat,12,18.5,False
U03529,A,2026-09-24 22:26:14,PET03529,dog,3,19.9,True
U03530,B,2026-09-18 03:13:57,PET03530,dog,4,32.2,False
U03531,A,2026-10-12 21:41:11,PET03531,cat,1,34.0,True
U03532,B,2026-09-14 11:35:16,PET03532,dog,2,21.1,False
U03533,B,2026-09-13 03:24:36,PET03533,dog,3,28.2,True
U03534,B,2026-12-06 10:23:39,PET03534,cat,9,22.8,False
U03535,A,2026-09-15 01:20:25,PET03535,dog,12,15.8,True
U03536,B,2026-09-14 12:58:36,PET03536,cat,9,3.4,False
U03537,A,2026-09-10 11:20:09,PET03537,dog,7,25.5,False
U03538,A,2026-09-19 09:23:14,PET03538,cat,4,25.0,False
U03539,A,2026-10-25 10:39:42,PET03539,cat,2,5.4,False
U03540,A,2026-11-21 14:53:25,PET03540,cat,9,9.2,False
U03541,A,2026-11-13 19:50:28,PET03541,cat,2,26.0,False
U03542,B,2026-10-30 09:25:08,PET03542,cat,12,6.5,False
U03543,A,2026-09-15 00:24:15,PET03543,dog,6,24.6,False
U03544,A,2026-11-16 13:22:58,PET03544,cat,5,25.6,False
U03545,B,2026-09-11 22:40:22,PET03545,cat,1,13.3,False
U03546,B,2026-11-03 09:28:37,PET03546,dog,4,10.1,True
U03547,B,2026-10-14 02:56:37,PET03547,dog,1,14.0,True
U03548,B,2026-11-26 21:38:32,PET03548,dog,11,13.5,True
U03549,A,2026-10-05 10:03:46,PET03549,cat,7,21.8,False
U03550,B,2026-11-04 08:57:43,PET03550,cat,12,26.4,True
U03551,A,2026-10-17 07:05:18,PET03551,dog,8,30.4,True
U03552,B,2026-10-24 17:32:32,PET03552,dog,14,2.5,False
U03553,B,2026-12-01 03:29:54,PET03553,cat,11,25.8,False
U03554,B,2026-11-11 14:43:46,PET03554,dog,3,12.0,False
U03555,B,2026-10-15 08:22:09,PET03555,cat,2,29.6,False
U03556,A,2026-10-18 09:15:09,PET03556,dog,13,4.0,True
U03557,B,2026-11-10 05:10:35,PET03557,dog,4,20.0,False
U03558,A,2026-10-09 19:22:59,PET03558,dog,11,19.9,True
U03559,B,2026-09-23 10:53:05,PET03559,cat,9,12.4,False
U03560,B,2026-10-20 22:15:41,PET03560,cat,10,34.0,False
U03561,B,2026-09-14 19:52:17,PET03561,dog,4,5.1,False
U03562,B,2026-09-23 18:15:05,PET03562,dog,5,6.1,False
U03563,A,2026-10-15 10:48:18,PET03563,dog,8,23.1,False
U03564,B,2026-11-18 22:45:58,PET03564,dog,1,18.7,True
U03565,B,2026-11-17 14:02:19,PET03565,cat,5,10.4,True
U03566,B,2026-10-01 10:28:16,PET03566,dog,8,11.7,True
U03567,B,2026-10-15 08:20:18,PET03567,dog,3,6.8,True
U03568,A,2026-09-21 21:55:47,PET03568,dog,5,30.6,False
U03569,B,2026-11-14 06:06:02,PET03569,dog,14,20.6,False
U03570,A,2026-09-30 21:01:45,PET03570,dog,5,9.7,True
U03571,B,2026-11-18 05:29:12,PET03571,dog,13,14.7,True
U03572,A,2026-11-22 18:17:50,PET03572,dog,13,31.9,False
U03573,B,2026-11-09 06:46:18,PET03573,dog,10,31.2,False
U03574,A,2026-10-07 20:02:41,PET03574,dog,3,3.8,False
U03575,B,2026-12-02 20:03:16,PET03575,cat,3,23.4,True
U03576,A,2026-11-08 17:31:23,PET03576,dog,14,6.6,False
U03577,A,2026-11-05 23:48:36,PET03577,dog,1,8.6,True
U03578,B,2026-11-24 12:17:43,PET03578,dog,8,30.5,False
U03579,B,2026-11-26 20:07:44,PET03579,cat,9,31.5,False
U03580,A,2026-09-14 13:15:29,PET03580,cat,12,4.3,False
U03581,B,2026-11-26 00:55:45,PET03581,cat,13,30.8,True
U03582,A,2026-11-15 10:01:28,PET03582,cat,4,25.9,False
U03583,B,2026-09-26 00:46:44,PET03583,cat,8,27.5,False
U03584,B,2026-10-05 15:56:34,PET03584,dog,9,28.0,False
U03585,B,2026-11-14 03:39:30,PET03585,cat,14,18.5,True
U03586,A,2026-09-27 07:47:41,PET03586,cat,8,33.2,False
U03587,B,2026-10-18 20:54:51,PET03587,dog,2,8.2,True
U03588,A,2026-11-09 17:45:06,PET03588,dog,13,18.4,False
U03589,A,2026-11-05 08:03:54,PET03589,dog,8,12.2,False
U03590,A,2026-11-28 12:07:21,PET03590,dog,3,29.1,False
U03591,A,2026-09-18 13:56:42,PET03591,cat,3,4.3,False
U03592,B,2026-10-04 08:28:35,PET03592,dog,3,16.0,False
U03593,B,2026-12-05 17:59:44,PET03593,cat,11,27.4,False
U03594,A,2026-10-29 03:32:00,PET03594,cat,14,12.0,False
U03595,B,2026-09-30 10:14:07,PET03595,dog,7,9.6,True
U03596,A,2026-10-04 06:07:57,PET03596,dog,2,10.3,True
U03597,B,2026-10-08 16:17:53,PET03597,cat,13,25.4,False
U03598,A,2026-10-27 15:21:53,PET03598,cat,9,11.1,False
U03599,A,2026-10-03 19:22:09,PET03599,dog,8,15.0,True
U03600,A,2026-11-02 08:52:34,PET03600,dog,1,19.8,False
U03601,B,2026-10-18 05:32:18,PET03601,cat,14,33.0,True
U03602,A,2026-11-01 00:47:45,PET03602,cat,2,28.1,False
U03603,A,2026-09-21 20:39:16,PET03603,dog,9,7.7,False
U03604,B,2026-11-03 07:54:49,PET03604,dog,9,31.1,False
U03605,A,2026-11-30 18:06:37,PET03605,cat,8,29.8,False
U03606,B,2026-09-20 08:47:33,PET03606,dog,8,26.5,False
U03607,B,2026-10-07 07:58:05,PET03607,dog,6,18.8,False
U03608,A,2026-11-09 05:37:23,PET03608,cat,9,3.8,False
U03609,B,2026-11-02 18:45:08,PET03609,dog,6,25.3,False
U03610,B,2026-11-07 06:52:17,PET03610,dog,7,18.9,True
U03611,A,2026-10-28 07:06:41,PET03611,cat,10,11.9,False
U03612,B,2026-11-08 16:55:05,PET03612,cat,11,1.8,True
U03613,B,2026-11-01 12:25:54,PET03613,dog,3,9.2,False
U03614,A,2026-09-14 17:54:37,PET03614,dog,14,21.8,False
U03615,A,2026-11-14 02:29:06,PET03615,cat,2,5.3,True
U03616,B,2026-10-18 23:00:48,PET03616,cat,4,23.5,False
U03617,A,2026-09-12 05:40:53,PET03617,cat,5,29.0,False
U03618,A,2026-10-14 02:50:02,PET03618,cat,5,12.2,False
U03619,A,2026-10-17 02:37:28,PET03619,cat,5,4.2,True
U03620,A,2026-09-15 07:28:53,PET03620,cat,5,6.2,False
U03621,B,2026-12-06 10:09:51,PET03621,cat,7,13.5,False
U03622,A,2026-09-28 01:50:56,PET03622,dog,11,28.8,False
U03623,A,2026-10-07 14:56:29,PET03623,cat,12,22.7,False
U03624,A,2026-10-17 14:43:09,PET03624,cat,5,30.6,False
U03625,A,2026-11-21 18:39:01,PET03625,dog,4,34.8,False
U03626,B,2026-11-13 00:23:35,PET03626,dog,10,8.3,False
U03627,A,2026-11-16 02:18:36,PET03627,cat,1,24.8,False
U03628,B,2026-09-29 04:55:42,PET03628,dog,7,17.1,False
U03629,B,2026-11-23 10:30:56,PET03629,cat,4,18.0,False
U03630,B,2026-11-21 14:05:15,PET03630,dog,9,12.4,False
U03631,B,2026-10-19 04:50:37,PET03631,dog,2,13.0,True
U03632,B,2026-10-27 08:36:35,PET03632,dog,12,24.2,True
U03633,B,2026-09-11 12:19:27,PET03633,cat,4,22.3,False
U03634,B,2026-11-15 13:03:54,PET03634,dog,8,12.2,False
U03635,A,2026-12-03 12:38:02,PET03635,cat,9,5.5,False
U03636,A,2026-10-20 15:21:56,PET03636,dog,7,20.9,False
U03637,B,2026-10-26 18:08:04,PET03637,dog,7,26.3,False
U03638,A,2026-10-22 20:08:04,PET03638,dog,4,20.2,False
U03639,A,2026-09-15 23:10:05,PET03639,dog,11,1.6,False
U03640,A,2026-11-02 09:25:44,PET03640,cat,8,11.0,False
U03641,B,2026-11-11 07:52:34,PET03641,cat,4,27.6,False
U03642,A,2026-11-30 06:41:36,PET03642,dog,4,26.4,False
U03643,A,2026-11-30 08:24:07,PET03643,dog,7,1.8,True
U03644,A,2026-10-22 12:55:52,PET03644,cat,12,17.3,False
U03645,A,2026-12-03 14:30:01,PET03645,cat,14,16.2,False
U03646,B,2026-10-25 01:40:20,PET03646,dog,6,23.4,True
U03647,B,2026-11-04 23:58:14,PET03647,cat,6,5.7,True
U03648,B,2026-11-01 01:00:21,PET03648,dog,2,22.3,False
U03649,B,2026-12-06 09:37:24,PET03649,dog,8,33.2,False
U03650,B,2026-11-13 10:51:13,PET03650,cat,4,14.0,False
U03651,A,2026-09-18 08:17:11,PET03651,cat,12,12.8,True
U03652,B,2026-09-14 05:14:02,PET03652,cat,8,2.4,False
U03653,B,2026-10-14 12:43:58,PET03653,dog,4,3.4,False
U03654,A,2026-10-24 00:10:23,PET03654,dog,13,32.7,False
U03655,B,2026-11-07 17:50:27,PET03655,cat,12,34.2,False
U03656,A,2026-10-21 16:18:17,PET03656,dog,5,1.7,False
U03657,A,2026-10-24 18:30:09,PET03657,dog,2,31.7,False
U03658,A,2026-11-29 19:35:15,PET03658,cat,4,7.3,False
U03659,A,2026-10-08 21:18:02,PET03659,dog,6,20.3,False
U03660,B,2026-10-22 03:32:56,PET03660,dog,6,24.2,True
U03661,A,2026-10-28 20:02:26,PET03661,dog,12,13.5,True
U03662,A,2026-10-20 13:32:01,PET03662,cat,14,19.2,False
U03663,A,2026-12-04 02:57:50,PET03663,dog,11,22.5,True
U03664,A,2026-12-03 23:36:56,PET03664,dog,12,8.0,False
U03665,B,2026-10-24 19:28:52,PET03665,dog,2,34.8,True
U03666,B,2026-10-18 06:27:00,PET03666,dog,3,8.3,False
U03667,A,2026-10-31 21:22:25,PET03667,dog,13,1.8,False
U03668,A,2026-09-24 17:32:22,PET03668,cat,9,33.1,False
U03669,B,2026-10-16 10:43:47,PET03669,dog,4,15.9,False
U03670,B,2026-09-27 03:53:25,PET03670,dog,12,14.9,False
U03671,A,2026-09-20 17:32:47,PET03671,dog,3,10.7,False
U03672,B,2026-09-16 22:22:12,PET03672,dog,11,2.4,False
U03673,B,2026-10-30 04:37:30,PET03673,dog,13,10.4,False
U03674,A,2026-09-08 00:00:37,PET03674,cat,7,14.7,True
U03675,B,2026-11-05 05:30:28,PET03675,cat,10,18.9,True
U03676,A,2026-10-16 07:04:24,PET03676,cat,11,16.8,False
U03677,B,2026-10-10 09:05:58,PET03677,dog,13,30.9,False
U03678,A,2026-11-16 23:26:03,PET03678,cat,9,32.0,False
U03679,A,2026-10-26 23:07:22,PET03679,cat,5,12.1,True
U03680,A,2026-11-13 16:05:47,PET03680,dog,3,33.6,False
U03681,A,2026-11-10 05:13:02,PET03681,dog,5,30.5,False
U03682,A,2026-09-10 05:05:03,PET03682,cat,1,32.6,False
U03683,A,2026-09-27 01:57:32,PET03683,dog,10,25.2,False
U03684,B,2026-10-29 18:59:33,PET03684,dog,6,8.1,False
U03685,A,2026-12-04 05:18:00,PET03685,cat,10,8.0,False
U03686,A,2026-09-21 21:33:14,PET03686,dog,1,31.9,False
U03687,B,2026-09-17 14:24:31,PET03687,cat,5,18.5,False
U03688,B,2026-12-01 11:41:40,PET03688,dog,6,31.3,False
U03689,A,2026-12-04 22:18:10,PET03689,dog,2,25.6,False
U03690,B,2026-09-23 03:44:40,PET03690,dog,12,8.6,False
U03691,A,2026-10-14 11:07:45,PET03691,dog,9,14.4,False
U03692,A,2026-11-03 06:12:22,PET03692,cat,12,33.9,False
U03693,B,2026-09-25 04:20:48,PET03693,cat,12,2.2,False
U03694,B,2026-10-07 22:38:05,PET03694,cat,1,25.4,False
U03695,A,2026-10-13 14:31:35,PET03695,dog,13,34.3,False
U03696,B,2026-11-04 03:51:59,PET03696,dog,1,5.0,True
U03697,A,2026-10-05 02:34:35,PET03697,dog,13,10.6,False
U03698,A,2026-10-15 07:29:08,PET03698,dog,10,19.8,False
U03699,B,2026-10-04 20:00:26,PET03699,cat,12,29.8,False
U03700,A,2026-11-15 03:29:34,PET03700,dog,7,18.5,False
U03701,A,2026-09-21 17:48:04,PET03701,dog,3,3.5,False
U03702,B,2026-09-28 02:32:04,PET03702,dog,3,5.8,False
U03703,B,2026-09-30 08:04:58,PET03703,cat,2,14.1,False
U03704,B,2026-11-28 12:31:42,PET03704,dog,12,12.3,False
U03705,B,2026-12-02 03:05:47,PET03705,cat,8,8.9,False
U03706,B,2026-10-23 09:31:15,PET03706,cat,4,29.6,False
U03707,A,2026-09-22 06:25:38,PET03707,cat,2,2.4,False
U03708,A,2026-11-15 01:06:28,PET03708,dog,2,29.3,False
U03709,A,2026-10-22 00:01:24,PET03709,dog,4,32.4,False
U03710,B,2026-11-23 03:29:04,PET03710,dog,11,22.6,False
U03711,B,2026-10-10 17:57:50,PET03711,cat,13,22.4,False
U03712,A,2026-12-06 00:54:13,PET03712,cat,9,6.5,False
U03713,A,2026-11-19 12:08:04,PET03713,cat,14,20.5,True
U03714,A,2026-09-28 00:35:24,PET03714,dog,6,14.1,False
U03715,B,2026-11-12 05:10:33,PET03715,dog,5,9.2,True
U03716,B,2026-10-03 04:16:59,PET03716,cat,10,21.0,False
U03717,B,2026-10-09 08:09:21,PET03717,dog,2,1.5,False
U03718,A,2026-09-30 17:50:51,PET03718,cat,13,10.8,False
U03719,A,2026-11-08 10:06:21,PET03719,cat,11,23.5,False
U03720,A,2026-10-01 00:21:16,PET03720,dog,1,16.7,False
U03721,B,2026-11-04 03:28:20,PET03721,dog,3,6.4,False
U03722,A,2026-10-30 07:18:26,PET03722,dog,9,1.5,False
U03723,A,2026-11-14 06:40:54,PET03723,dog,11,10.6,True
U03724,B,2026-12-06 13:33:17,PET03724,cat,4,19.9,False
U03725,A,2026-09-08 08:25:15,PET03725,dog,11,19.4,False
U03726,B,2026-12-06 17:50:55,PET03726,dog,7,5.9,False
U03727,B,2026-09-17 06:03:33,PET03727,dog,10,22.1,False
U03728,A,2026-10-25 16:16:09,PET03728,dog,6,35.0,False
U03729,B,2026-10-08 02:25:01,PET03729,cat,7,21.1,False
U03730,A,2026-11-04 23:43:19,PET03730,cat,6,19.2,False
U03731,B,2026-11-11 23:40:49,PET03731,dog,3,22.4,False
U03732,B,2026-11-24 06:36:54,PET03732,dog,3,31.0,False
U03733,A,2026-10-14 05:37:13,PET03733,dog,3,33.2,False
U03734,B,2026-11-30 00:00:11,PET03734,dog,12,2.9,False
U03735,B,2026-10-07 23:25:25,PET03735,dog,6,8.4,False
U03736,B,2026-09-26 00:55:02,PET03736,cat,6,5.4,False
U03737,A,2026-10-12 00:03:01,PET03737,dog,12,27.4,False
U03738,A,2026-10-25 02:20:25,PET03738,dog,13,3.0,False
U03739,A,2026-11-07 07:04:41,PET03739,dog,4,31.7,False
U03740,A,2026-11-21 23:24:20,PET03740,cat,5,2.2,True
U03741,A,2026-09-28 03:59:53,PET03741,dog,6,21.7,False
U03742,B,2026-10-05 13:40:52,PET03742,cat,12,10.7,False
U03743,A,2026-12-01 15:36:38,PET03743,dog,10,17.3,True
U03744,B,2026-10-17 19:11:05,PET03744,cat,8,16.3,True
U03745,A,2026-09-29 16:47:06,PET03745,cat,4,26.6,False
U03746,A,2026-12-05 23:38:30,PET03746,dog,6,18.1,False
U03747,B,2026-10-18 15:52:49,PET03747,dog,1,15.6,False
U03748,B,2026-12-05 20:15:44,PET03748,dog,10,26.0,False
U03749,B,2026-11-29 07:40:34,PET03749,cat,13,32.5,False
U03750,A,2026-11-28 09:46:58,PET03750,cat,12,28.1,False
U03751,B,2026-10-30 17:41:31,PET03751,dog,5,26.2,False
U03752,B,2026-11-18 21:01:16,PET03752,dog,7,17.8,False
U03753,A,2026-12-03 00:07:19,PET03753,dog,14,31.7,False
U03754,B,2026-10-02 10:24:36,PET03754,dog,6,17.8,False
U03755,B,2026-09-11 19:15:19,PET03755,cat,12,32.7,False
U03756,B,2026-10-06 02:44:06,PET03756,dog,9,28.4,False
U03757,A,2026-11-04 08:28:02,PET03757,dog,7,6.5,False
U03758,B,2026-10-27 13:09:18,PET03758,cat,9,3.1,True
U03759,B,2026-09-15 01:59:19,PET03759,cat,4,26.3,False
U03760,B,2026-10-28 21:58:40,PET03760,cat,6,24.5,False
U03761,A,2026-09-23 08:49:33,PET03761,dog,5,21.7,True
U03762,A,2026-10-23 18:49:44,PET03762,cat,11,34.2,False
U03763,A,2026-10-29 10:15:30,PET03763,cat,9,19.8,False
U03764,A,2026-11-04 09:38:46,PET03764,dog,6,13.2,False
U03765,A,2026-10-15 23:11:01,PET03765,dog,12,20.4,False
U03766,A,2026-10-14 20:31:00,PET03766,cat,7,2.5,True
U03767,A,2026-11-08 12:22:50,PET03767,dog,14,20.9,False
U03768,B,2026-11-14 11:08:25,PET03768,cat,9,31.7,True
U03769,B,2026-11-19 18:44:21,PET03769,cat,13,1.6,False
U03770,B,2026-10-08 16:25:47,PET03770,cat,14,29.8,False
U03771,B,2026-10-16 23:30:08,PET03771,cat,5,28.4,False
U03772,B,2026-10-07 07:59:42,PET03772,cat,4,5.1,False
U03773,A,2026-10-25 02:42:14,PET03773,dog,12,29.9,False
U03774,A,2026-09-19 04:40:23,PET03774,dog,4,27.1,False
U03775,A,2026-10-16 12:39:52,PET03775,cat,11,18.0,False
U03776,A,2026-09-24 07:31:23,PET03776,dog,3,9.7,False
U03777,B,2026-10-25 19:25:24,PET03777,cat,13,11.2,False
U03778,B,2026-11-23 21:00:14,PET03778,cat,10,22.0,False
U03779,A,2026-12-05 04:29:06,PET03779,dog,8,9.8,False
U03780,B,2026-10-18 23:45:16,PET03780,cat,7,12.4,False
U03781,A,2026-09-13 15:08:58,PET03781,dog,9,32.7,False
U03782,A,2026-09-28 06:20:02,PET03782,cat,6,25.9,False
U03783,B,2026-09-17 04:49:42,PET03783,dog,6,26.2,False
U03784,B,2026-11-15 03:58:07,PET03784,cat,3,33.5,False
U03785,A,2026-12-05 11:18:23,PET03785,cat,3,1.7,False
U03786,A,2026-10-27 01:42:21,PET03786,dog,13,9.7,False
U03787,A,2026-09-23 03:08:50,PET03787,dog,11,23.5,False
U03788,A,2026-09-09 18:05:30,PET03788,dog,7,16.2,False
U03789,A,2026-12-04 11:43:56,PET03789,cat,12,5.3,False
U03790,A,2026-10-06 12:40:19,PET03790,dog,9,27.7,True
U03791,B,2026-09-18 07:47:32,PET03791,dog,9,3.1,True
U03792,A,2026-09-23 13:20:47,PET03792,cat,2,19.7,True
U03793,A,2026-09-30 08:13:47,PET03793,dog,8,20.3,False
U03794,B,2026-11-06 01:05:05,PET03794,dog,2,22.8,False
U03795,A,2026-11-27 13:38:12,PET03795,cat,10,12.1,True
U03796,B,2026-10-02 01:56:43,PET03796,dog,1,2.3,False
U03797,B,2026-11-08 16:31:56,PET03797,dog,8,31.3,False
U03798,B,2026-09-13 21:57:03,PET03798,cat,6,32.6,False
U03799,A,2026-09-08 16:01:07,PET03799,cat,2,17.6,False
U03800,B,2026-09-12 13:50:29,PET03800,dog,7,2.2,False
U03801,A,2026-11-30 23:08:37,PET03801,cat,3,21.0,False
U03802,A,2026-10-30 05:15:39,PET03802,dog,4,12.1,False
U03803,A,2026-11-19 18:34:31,PET03803,dog,13,7.6,False
U03804,A,2026-09-09 04:58:44,PET03804,cat,5,7.2,False
U03805,B,2026-09-10 00:00:41,PET03805,dog,6,7.5,False
U03806,A,2026-11-23 05:46:54,PET03806,dog,1,12.6,False
U03807,B,2026-09-17 12:03:30,PET03807,cat,5,10.9,False
U03808,A,2026-09-21 01:31:48,PET03808,dog,5,29.5,False
U03809,B,2026-10-24 06:41:23,PET03809,dog,11,18.1,False
U03810,B,2026-11-01 01:11:39,PET03810,dog,2,15.8,True
U03811,A,2026-09-28 05:50:23,PET03811,cat,14,6.4,True
U03812,B,2026-10-18 17:16:46,PET03812,cat,2,30.8,False
U03813,A,2026-11-07 03:39:07,PET03813,cat,10,3.3,True
U03814,B,2026-10-17 06:19:48,PET03814,dog,1,9.5,False
U03815,B,2026-10-12 03:15:21,PET03815,cat,12,22.3,False
U03816,A,2026-09-14 09:13:37,PET03816,cat,10,25.0,False
U03817,A,2026-10-18 18:15:55,PET03817,dog,12,28.3,False
U03818,A,2026-11-19 12:53:48,PET03818,dog,14,15.2,False
U03819,B,2026-11-03 04:48:16,PET03819,cat,12,13.1,False
U03820,B,2026-11-27 07:40:53,PET03820,dog,9,11.2,False
U03821,A,2026-09-19 16:04:51,PET03821,cat,12,20.5,True
U03822,A,2026-09-08 11:29:27,PET03822,dog,2,13.2,False
U03823,A,2026-10-27 11:02:18,PET03823,dog,10,12.5,False
U03824,B,2026-09-24 20:45:36,PET03824,cat,14,2.1,False
U03825,A,2026-10-31 19:39:35,PET03825,cat,6,33.3,True
U03826,A,2026-11-28 05:51:30,PET03826,dog,14,3.5,False
U03827,A,2026-10-08 16:54:08,PET03827,cat,8,10.6,True
U03828,A,2026-10-27 18:59:24,PET03828,dog,7,32.4,False
U03829,A,2026-11-08 21:35:58,PET03829,cat,5,26.1,True
U03830,B,2026-09-21 06:20:05,PET03830,dog,2,20.9,False
U03831,A,2026-11-27 17:28:17,PET03831,dog,13,23.6,True
U03832,B,2026-09-26 04:29:12,PET03832,dog,11,4.8,False
U03833,A,2026-11-19 10:40:09,PET03833,dog,6,28.6,False
U03834,A,2026-11-06 01:44:37,PET03834,dog,14,9.9,False
U03835,B,2026-09-20 14:29:31,PET03835,dog,3,33.5,False
U03836,A,2026-11-12 16:25:15,PET03836,cat,11,9.3,False
U03837,B,2026-09-25 10:43:23,PET03837,dog,7,22.4,True
U03838,B,2026-10-31 09:52:45,PET03838,dog,9,19.8,False
U03839,A,2026-12-03 05:48:30,PET03839,dog,1,6.3,False
U03840,B,2026-12-02 18:29:24,PET03840,cat,9,13.7,True
U03841,B,2026-11-25 21:50:53,PET03841,dog,10,27.7,True
U03842,B,2026-10-22 03:11:02,PET03842,dog,14,8.6,False
U03843,B,2026-10-28 06:37:12,PET03843,cat,5,33.8,True
U03844,A,2026-10-05 14:28:49,PET03844,dog,2,11.4,False
U03845,A,2026-11-29 08:46:44,PET03845,cat,1,22.5,False
U03846,B,2026-10-20 00:18:42,PET03846,dog,3,22.2,True
U03847,B,2026-11-16 00:30:02,PET03847,cat,5,17.3,False
U03848,B,2026-10-10 05:36:42,PET03848,dog,12,23.5,False
U03849,A,2026-11-13 23:13:20,PET03849,cat,3,26.4,False
U03850,B,2026-09-28 14:37:53,PET03850,cat,3,22.2,False
U03851,B,2026-11-13 06:07:33,PET03851,dog,1,20.3,False
U03852,B,2026-09-12 01:20:41,PET03852,dog,6,21.8,False
U03853,B,2026-09-17 18:08:54,PET03853,dog,9,15.0,False
U03854,B,2026-10-09 09:03:12,PET03854,dog,4,3.9,False
U03855,A,2026-10-21 09:26:54,PET03855,cat,7,6.8,False
U03856,A,2026-11-11 13:28:47,PET03856,cat,4,21.8,False
U03857,A,2026-10-10 05:28:55,PET03857,cat,12,32.6,False
U03858,A,2026-09-09 17:27:43,PET03858,cat,1,2.4,False
U03859,B,2026-10-07 07:31:44,PET03859,cat,3,19.7,True
U03860,A,2026-10-17 16:56:08,PET03860,cat,8,9.9,False
U03861,A,2026-10-26 12:24:59,PET03861,dog,12,20.3,False
U03862,B,2026-11-04 03:33:22,PET03862,dog,6,26.6,False
U03863,B,2026-09-30 14:57:42,PET03863,dog,1,26.1,False
U03864,B,2026-11-01 01:48:14,PET03864,dog,8,25.8,True
U03865,B,2026-11-03 17:09:39,PET03865,dog,4,27.6,False
U03866,B,2026-11-16 09:01:57,PET03866,dog,5,3.9,False
U03867,A,2026-10-24 16:05:29,PET03867,dog,13,18.6,False
U03868,B,2026-11-19 05:46:45,PET03868,dog,14,10.3,False
U03869,B,2026-09-27 09:46:17,PET03869,dog,4,32.4,False
U03870,B,2026-11-11 07:20:11,PET03870,dog,9,27.7,False
U03871,B,2026-09-12 06:01:19,PET03871,dog,8,5.1,False
U03872,B,2026-09-17 08:13:10,PET03872,dog,14,9.6,False
U03873,A,2026-11-24 01:17:24,PET03873,cat,14,16.7,False
U03874,A,2026-10-20 09:31:56,PET03874,cat,5,33.8,True
U03875,B,2026-11-02 02:57:18,PET03875,dog,1,5.2,True
U03876,B,2026-11-01 12:26:47,PET03876,dog,1,20.5,False
U03877,B,2026-11-09 02:10:29,PET03877,dog,1,12.9,False
U03878,B,2026-09-30 00:13:23,PET03878,dog,11,23.2,False
U03879,A,2026-09-24 10:32:14,PET03879,dog,11,23.2,False
U03880,B,2026-09-11 07:09:07,PET03880,cat,12,9.6,False
U03881,B,2026-11-24 21:02:42,PET03881,dog,2,27.8,False
U03882,B,2026-09-28 06:20:41,PET03882,dog,1,4.6,False
U03883,B,2026-10-29 09:35:01,PET03883,cat,3,28.9,False
U03884,A,2026-10-18 05:40:09,PET03884,dog,9,8.6,False
U03885,B,2026-09-22 21:20:50,PET03885,dog,1,21.3,False
U03886,A,2026-10-15 18:55:36,PET03886,dog,10,13.1,False
U03887,B,2026-09-15 04:07:39,PET03887,cat,13,21.9,False
U03888,A,2026-09-23 06:01:52,PET03888,dog,3,10.5,False
U03889,A,2026-09-20 04:28:28,PET03889,cat,11,20.6,False
U03890,A,2026-11-21 03:37:23,PET03890,cat,8,1.8,False
U03891,B,2026-10-29 05:46:41,PET03891,dog,14,14.0,False
U03892,B,2026-11-30 20:26:37,PET03892,cat,4,29.2,False
U03893,A,2026-10-17 11:00:42,PET03893,dog,4,17.0,True
U03894,B,2026-09-26 09:11:26,PET03894,dog,1,18.2,False
U03895,B,2026-11-01 04:34:45,PET03895,dog,10,22.3,False
U03896,B,2026-11-30 04:25:00,PET03896,cat,13,16.0,True
U03897,A,2026-10-25 13:19:32,PET03897,dog,1,30.5,False
U03898,A,2026-09-09 18:01:44,PET03898,dog,7,15.0,False
U03899,A,2026-10-05 13:23:26,PET03899,cat,11,33.1,False
U03900,A,2026-11-30 15:46:19,PET03900,dog,11,30.9,False
U03901,B,2026-10-24 06:16:33,PET03901,cat,14,15.6,True
U03902,A,2026-12-02 22:41:13,PET03902,cat,11,13.8,True
U03903,A,2026-10-23 19:44:31,PET03903,cat,13,24.2,False
U03904,B,2026-09-09 21:04:01,PET03904,cat,14,26.8,False
U03905,B,2026-11-25 16:01:20,PET03905,cat,13,7.7,False
U03906,B,2026-11-15 16:39:48,PET03906,dog,7,9.6,True
U03907,A,2026-11-11 01:42:01,PET03907,cat,6,6.4,False
U03908,B,2026-12-04 03:51:49,PET03908,cat,6,27.0,False
U03909,B,2026-09-25 03:10:45,PET03909,cat,14,25.4,False
U03910,B,2026-11-28 11:35:46,PET03910,cat,4,7.8,False
U03911,A,2026-09-28 14:06:40,PET03911,dog,11,19.5,False
U03912,A,2026-12-04 02:51:03,PET03912,dog,9,27.1,False
U03913,A,2026-09-25 18:02:13,PET03913,dog,1,33.2,False
U03914,A,2026-10-27 13:11:08,PET03914,dog,7,7.5,False
U03915,B,2026-11-18 14:17:26,PET03915,cat,3,11.7,False
U03916,A,2026-09-15 22:00:10,PET03916,cat,11,13.2,False
U03917,B,2026-09-14 14:01:54,PET03917,dog,7,22.4,False
U03918,B,2026-11-23 00:05:30,PET03918,dog,5,6.1,False
U03919,B,2026-09-13 18:27:04,PET03919,cat,1,8.0,False
U03920,A,2026-11-02 21:01:27,PET03920,dog,2,27.6,True
U03921,A,2026-12-01 02:00:17,PET03921,cat,11,19.7,False
U03922,A,2026-11-02 12:56:37,PET03922,cat,13,6.9,False
U03923,A,2026-10-21 11:16:26,PET03923,dog,5,14.5,False
U03924,B,2026-10-15 03:37:47,PET03924,dog,12,6.0,False
U03925,B,2026-11-04 06:37:34,PET03925,cat,8,13.7,False
U03926,A,2026-10-29 20:32:26,PET03926,dog,5,14.9,False
U03927,B,2026-10-23 09:24:02,PET03927,cat,7,5.3,True
U03928,A,2026-09-21 12:53:07,PET03928,dog,10,3.5,False
U03929,B,2026-11-06 18:39:01,PET03929,dog,13,31.0,False
U03930,A,2026-11-13 10:45:21,PET03930,dog,7,31.2,False
U03931,B,2026-11-10 21:23:21,PET03931,cat,5,1.6,False
U03932,A,2026-09-14 11:59:35,PET03932,cat,11,23.0,False
U03933,B,2026-11-10 23:39:29,PET03933,cat,8,4.6,False
U03934,B,2026-11-12 03:32:12,PET03934,dog,6,28.6,False
U03935,B,2026-09-24 21:18:54,PET03935,cat,7,31.0,False
U03936,A,2026-11-23 02:42:20,PET03936,dog,8,22.2,True
U03937,A,2026-10-25 19:30:56,PET03937,cat,2,22.0,False
U03938,B,2026-10-20 15:52:38,PET03938,cat,1,13.9,True
U03939,B,2026-11-12 13:25:43,PET03939,dog,10,9.9,False
U03940,A,2026-10-23 21:07:47,PET03940,cat,3,18.2,False
U03941,B,2026-10-27 15:22:38,PET03941,dog,8,6.0,False
U03942,A,2026-10-06 16:40:01,PET03942,dog,11,24.0,False
U03943,B,2026-11-30 18:06:12,PET03943,dog,4,17.2,False
U03944,B,2026-12-04 20:10:43,PET03944,cat,6,7.4,False
U03945,A,2026-09-19 05:34:17,PET03945,dog,14,21.2,True
U03946,B,2026-11-12 20:16:28,PET03946,cat,1,28.1,False
U03947,A,2026-09-10 14:08:11,PET03947,dog,11,21.2,False
U03948,B,2026-10-11 00:46:08,PET03948,cat,3,19.2,False
U03949,A,2026-12-04 22:02:32,PET03949,cat,13,29.9,False
U03950,A,2026-09-23 18:30:10,PET03950,dog,6,1.9,False
U03951,B,2026-10-11 21:23:53,PET03951,cat,1,22.2,True
U03952,A,2026-09-27 18:31:48,PET03952,cat,11,15.2,False
U03953,A,2026-11-12 08:17:32,PET03953,dog,3,8.0,True
U03954,B,2026-10-19 08:23:58,PET03954,dog,6,34.3,False
U03955,A,2026-10-31 06:38:07,PET03955,dog,8,15.0,False
U03956,A,2026-12-01 09:50:10,PET03956,cat,11,12.7,False
U03957,A,2026-10-24 00:50:04,PET03957,cat,6,7.2,True
U03958,A,2026-11-13 17:53:30,PET03958,cat,13,34.9,False
U03959,A,2026-09-16 18:03:24,PET03959,cat,7,30.2,False
U03960,A,2026-09-27 23:40:38,PET03960,cat,5,3.8,False
U03961,B,2026-12-02 13:12:51,PET03961,dog,5,20.5,False
U03962,A,2026-11-24 23:42:28,PET03962,dog,12,6.4,False
U03963,A,2026-11-06 05:02:13,PET03963,cat,10,25.5,True
U03964,A,2026-10-12 11:22:20,PET03964,dog,2,17.7,False
U03965,A,2026-09-25 18:46:46,PET03965,dog,11,5.2,True
U03966,B,2026-11-23 18:56:57,PET03966,cat,6,20.2,False
U03967,A,2026-11-17 18:34:06,PET03967,cat,5,32.0,False
U03968,A,2026-09-29 11:11:07,PET03968,cat,2,12.9,True
U03969,B,2026-10-31 01:45:13,PET03969,dog,14,3.2,True
U03970,B,2026-11-02 20:46:58,PET03970,cat,1,33.2,False
U03971,B,2026-10-20 09:09:16,PET03971,dog,14,6.3,False
U03972,B,2026-11-30 15:35:36,PET03972,dog,1,17.4,False
U03973,B,2026-09-19 03:11:55,PET03973,cat,8,19.7,False
U03974,B,2026-10-01 22:28:45,PET03974,cat,2,9.4,False
U03975,A,2026-09-16 06:09:44,PET03975,cat,7,7.4,False
U03976,A,2026-11-09 23:56:01,PET03976,cat,12,5.3,False
U03977,A,2026-11-04 17:10:11,PET03977,cat,9,3.8,False
U03978,A,2026-12-05 07:55:28,PET03978,dog,8,18.5,False
U03979,A,2026-10-26 08:52:11,PET03979,dog,2,29.7,True
U03980,B,2026-09-21 23:30:13,PET03980,cat,14,5.7,False
U03981,B,2026-10-18 14:15:05,PET03981,cat,6,25.0,False
U03982,B,2026-09-15 16:37:13,PET03982,dog,8,15.3,False
U03983,B,2026-11-07 14:42:08,PET03983,dog,13,2.7,False
U03984,B,2026-11-07 05:42:50,PET03984,dog,9,19.5,True
U03985,B,2026-11-24 03:10:43,PET03985,dog,11,9.9,False
U03986,A,2026-10-08 00:04:28,PET03986,cat,3,21.8,False
U03987,B,2026-10-05 09:43:08,PET03987,dog,7,13.2,False
U03988,B,2026-09-14 16:24:43,PET03988,dog,8,23.8,False
U03989,A,2026-10-15 07:14:14,PET03989,cat,3,32.3,False
U03990,A,2026-10-20 05:20:13,PET03990,dog,6,9.7,False
U03991,B,2026-11-14 09:19:44,PET03991,dog,12,33.0,True
U03992,A,2026-11-14 05:33:11,PET03992,dog,14,8.3,False
U03993,A,2026-09-20 10:26:21,PET03993,dog,12,3.9,False
U03994,A,2026-10-03 13:15:07,PET03994,dog,14,8.0,True
U03995,A,2026-10-24 06:32:14,PET03995,dog,14,28.8,True
U03996,A,2026-10-08 00:44:31,PET03996,dog,3,24.2,True
U03997,B,2026-09-10 02:26:36,PET03997,dog,12,34.0,False
U03998,A,2026-11-23 09:59:34,PET03998,dog,9,25.3,True
U03999,A,2026-11-12 04:15:25,PET03999,dog,13,15.3,False
U04000,B,2026-10-24 19:11:05,PET04000,cat,9,31.4,False
U04001,B,2026-10-06 03:57:27,PET04001,dog,2,33.6,False
U04002,A,2026-11-22 00:39:15,PET04002,dog,8,28.0,True
U04003,B,2026-09-11 14:51:51,PET04003,cat,11,20.1,False
U04004,B,2026-10-18 14:58:28,PET04004,dog,2,29.2,False
U04005,B,2026-11-19 16:07:30,PET04005,dog,8,7.5,False
U04006,B,2026-12-02 03:48:04,PET04006,cat,10,31.7,False
U04007,A,2026-09-30 16:20:04,PET04007,cat,7,35.0,False
U04008,A,2026-11-05 20:42:29,PET04008,dog,12,23.8,False
U04009,A,2026-09-25 14:30:52,PET04009,cat,2,8.1,False
U04010,B,2026-09-18 09:22:35,PET04010,cat,5,6.3,False
U04011,A,2026-10-09 11:33:22,PET04011,dog,14,33.6,False
U04012,A,2026-11-26 19:29:27,PET04012,dog,8,30.7,False
U04013,A,2026-11-09 03:26:02,PET04013,dog,3,26.6,False
U04014,B,2026-10-22 17:22:18,PET04014,cat,2,33.3,False
U04015,A,2026-10-03 06:28:15,PET04015,dog,9,18.4,False
U04016,A,2026-09-20 21:04:04,PET04016,dog,14,31.2,False
U04017,A,2026-10-02 03:21:20,PET04017,dog,1,7.0,False
U04018,B,2026-09-21 12:24:16,PET04018,cat,2,7.6,False
U04019,B,2026-09-24 09:36:44,PET04019,dog,6,18.7,False
U04020,A,2026-11-08 11:40:00,PET04020,dog,3,12.6,False
U04021,A,2026-09-19 09:10:25,PET04021,dog,2,16.0,False
U04022,A,2026-09-12 00:53:53,PET04022,cat,5,28.2,True
U04023,A,2026-10-26 20:35:21,PET04023,dog,9,3.3,False
U04024,A,2026-10-03 12:48:41,PET04024,cat,12,25.6,False
U04025,B,2026-10-18 14:24:26,PET04025,dog,5,4.5,False
U04026,B,2026-09-20 12:31:38,PET04026,dog,10,29.9,False
U04027,B,2026-09-26 12:41:27,PET04027,dog,12,8.3,False
U04028,B,2026-10-17 14:33:12,PET04028,dog,1,26.1,False
U04029,A,2026-11-09 10:03:57,PET04029,dog,12,21.3,True
U04030,A,2026-10-15 03:08:40,PET04030,cat,3,14.4,False
U04031,A,2026-10-26 00:42:07,PET04031,dog,10,10.5,False
U04032,A,2026-10-24 12:57:33,PET04032,cat,11,3.4,False
U04033,A,2026-10-02 04:27:57,PET04033,dog,12,13.3,False
U04034,B,2026-10-03 10:53:48,PET04034,cat,6,8.2,False
U04035,A,2026-10-16 14:31:29,PET04035,dog,10,6.1,False
U04036,B,2026-09-10 14:18:12,PET04036,dog,1,26.2,False
U04037,B,2026-11-08 04:02:32,PET04037,dog,7,8.6,True
U04038,B,2026-11-02 15:51:11,PET04038,cat,14,9.0,False
U04039,A,2026-10-05 22:34:47,PET04039,cat,3,12.9,False
U04040,B,2026-10-11 08:40:26,PET04040,cat,3,17.0,False
U04041,B,2026-10-07 02:50:33,PET04041,cat,10,18.7,False
U04042,A,2026-11-05 12:05:50,PET04042,dog,8,23.8,False
U04043,B,2026-11-15 14:48:16,PET04043,dog,7,21.2,False
U04044,A,2026-09-17 09:28:56,PET04044,dog,4,17.6,False
U04045,B,2026-10-15 14:22:59,PET04045,cat,3,14.7,True
U04046,A,2026-09-09 18:22:18,PET04046,dog,11,10.4,False
U04047,A,2026-10-18 13:52:22,PET04047,dog,6,25.3,False
U04048,A,2026-09-30 19:06:51,PET04048,cat,11,12.1,False
U04049,A,2026-10-08 03:30:20,PET04049,dog,7,30.0,False
U04050,A,2026-10-19 07:01:50,PET04050,cat,6,21.1,False
U04051,B,2026-10-07 13:19:43,PET04051,dog,4,22.7,False
U04052,B,2026-10-13 06:13:44,PET04052,cat,10,18.5,False
U04053,B,2026-11-15 23:51:56,PET04053,cat,4,32.6,False
U04054,B,2026-11-19 16:16:47,PET04054,cat,13,15.6,False
U04055,A,2026-09-08 09:53:09,PET04055,dog,6,15.8,False
U04056,B,2026-10-12 18:34:35,PET04056,dog,12,31.4,True
U04057,B,2026-11-23 23:35:53,PET04057,dog,7,21.8,False
U04058,B,2026-10-25 00:15:38,PET04058,dog,6,16.5,False
U04059,A,2026-09-26 13:21:53,PET04059,cat,7,10.3,False
U04060,B,2026-10-31 10:15:30,PET04060,dog,7,9.7,False
U04061,B,2026-09-21 18:07:14,PET04061,dog,7,28.3,True
U04062,A,2026-09-09 07:23:07,PET04062,dog,13,10.9,False
U04063,B,2026-11-03 07:48:46,PET04063,cat,10,1.7,False
U04064,A,2026-10-24 18:23:47,PET04064,dog,1,2.2,False
U04065,A,2026-11-15 21:22:30,PET04065,dog,1,34.3,False
U04066,B,2026-10-09 03:26:41,PET04066,dog,1,20.3,True
U04067,B,2026-11-23 14:45:16,PET04067,dog,10,17.9,False
U04068,A,2026-10-15 18:40:40,PET04068,cat,3,32.2,False
U04069,B,2026-11-13 03:56:53,PET04069,dog,6,13.3,False
U04070,A,2026-09-17 15:52:25,PET04070,cat,12,28.1,True
U04071,A,2026-09-16 23:30:40,PET04071,cat,2,25.7,True
U04072,B,2026-11-17 20:13:49,PET04072,cat,3,17.5,False
U04073,A,2026-11-22 04:39:57,PET04073,cat,2,27.5,False
U04074,A,2026-12-01 23:45:57,PET04074,cat,4,33.9,False
U04075,A,2026-10-07 08:34:10,PET04075,dog,2,8.2,True
U04076,B,2026-09-10 11:26:14,PET04076,dog,9,2.1,False
U04077,B,2026-12-05 06:59:54,PET04077,cat,11,29.0,False
U04078,B,2026-11-01 16:47:09,PET04078,cat,3,15.0,False
U04079,B,2026-09-30 03:01:01,PET04079,dog,8,19.7,False
U04080,A,2026-11-15 17:02:20,PET04080,dog,5,9.0,False
U04081,A,2026-11-28 01:19:35,PET04081,dog,2,29.7,True
U04082,A,2026-10-03 20:16:11,PET04082,dog,7,25.7,False
U04083,B,2026-11-16 07:49:25,PET04083,dog,10,33.4,False
U04084,B,2026-11-17 12:26:06,PET04084,dog,4,17.4,False
U04085,A,2026-10-23 05:28:20,PET04085,dog,12,34.2,True
U04086,A,2026-11-03 02:35:00,PET04086,cat,14,18.6,False
U04087,B,2026-10-02 00:33:30,PET04087,cat,1,22.3,False
U04088,A,2026-11-30 23:30:16,PET04088,cat,3,24.1,False
U04089,A,2026-12-05 03:16:13,PET04089,cat,5,17.9,False
U04090,A,2026-12-05 01:21:50,PET04090,dog,12,20.4,False
U04091,B,2026-11-13 12:19:52,PET04091,dog,2,9.0,False
U04092,B,2026-09-11 23:05:49,PET04092,cat,7,13.6,False
U04093,B,2026-10-10 01:59:24,PET04093,cat,8,25.0,False
U04094,A,2026-10-18 06:07:42,PET04094,cat,2,2.8,False
U04095,A,2026-12-03 13:20:26,PET04095,cat,1,25.0,True
U04096,A,2026-10-27 11:49:10,PET04096,cat,2,11.7,False
U04097,B,2026-10-26 03:29:52,PET04097,cat,1,10.6,False
U04098,A,2026-09-21 22:48:57,PET04098,cat,8,24.7,False
U04099,B,2026-11-18 08:35:58,PET04099,cat,14,8.7,False
U04100,B,2026-10-08 16:14:23,PET04100,dog,5,33.7,False
U04101,B,2026-09-16 10:59:28,PET04101,dog,4,34.7,False
U04102,B,2026-12-05 14:03:12,PET04102,dog,4,16.8,False
U04103,A,2026-09-25 21:42:24,PET04103,dog,14,14.9,True
U04104,A,2026-09-09 07:49:17,PET04104,cat,14,4.1,False
U04105,A,2026-09-15 19:32:47,PET04105,dog,10,27.6,True
U04106,A,2026-10-18 07:01:03,PET04106,dog,7,7.0,False
U04107,A,2026-09-17 07:36:23,PET04107,cat,3,32.8,False
U04108,A,2026-11-22 00:47:11,PET04108,dog,14,34.7,False
U04109,B,2026-10-24 08:19:20,PET04109,cat,1,5.6,False
U04110,B,2026-10-07 14:04:19,PET04110,dog,3,24.4,True
U04111,A,2026-09-08 15:21:25,PET04111,dog,10,17.1,True
U04112,B,2026-10-21 10:19:20,PET04112,dog,3,19.6,False
U04113,B,2026-09-21 08:33:22,PET04113,dog,2,7.5,False
U04114,A,2026-12-05 05:22:59,PET04114,dog,9,25.7,False
U04115,B,2026-10-04 21:42:02,PET04115,dog,1,7.1,False
U04116,A,2026-10-20 09:13:16,PET04116,dog,4,31.2,False
U04117,B,2026-09-09 07:20:34,PET04117,dog,9,16.7,False
U04118,B,2026-09-19 22:34:57,PET04118,cat,3,22.8,False
U04119,B,2026-09-26 15:16:59,PET04119,dog,11,32.4,False
U04120,B,2026-09-12 20:21:41,PET04120,dog,2,26.2,False
U04121,A,2026-11-12 09:19:45,PET04121,dog,9,19.6,False
U04122,B,2026-12-02 10:19:47,PET04122,cat,2,15.0,True
U04123,B,2026-12-05 17:30:31,PET04123,cat,11,17.0,False
U04124,B,2026-10-01 23:31:07,PET04124,cat,11,12.9,False
U04125,A,2026-11-17 18:55:43,PET04125,cat,12,33.2,False
U04126,A,2026-10-23 11:05:26,PET04126,dog,4,10.0,False
U04127,A,2026-09-12 14:20:55,PET04127,cat,4,15.2,False
U04128,B,2026-09-16 08:22:45,PET04128,dog,14,27.6,False
U04129,A,2026-10-27 10:57:00,PET04129,cat,11,13.7,False
U04130,B,2026-10-16 09:18:36,PET04130,dog,3,31.2,False
U04131,A,2026-09-08 02:23:09,PET04131,dog,1,9.6,False
U04132,B,2026-11-30 20:59:26,PET04132,cat,5,2.6,False
U04133,B,2026-11-12 03:17:08,PET04133,cat,10,22.6,False
U04134,B,2026-10-23 06:25:34,PET04134,cat,6,18.5,False
U04135,B,2026-12-05 06:04:34,PET04135,dog,12,32.8,False
U04136,A,2026-12-04 05:19:49,PET04136,dog,8,15.7,False
U04137,B,2026-12-04 11:56:32,PET04137,dog,14,6.0,False
U04138,B,2026-10-01 23:03:11,PET04138,dog,13,12.5,False
U04139,B,2026-11-26 07:52:59,PET04139,dog,7,14.7,False
U04140,A,2026-10-23 17:37:20,PET04140,dog,12,21.0,False
U04141,B,2026-11-12 17:35:12,PET04141,cat,7,10.7,False
U04142,A,2026-11-24 18:19:50,PET04142,dog,1,19.9,False
U04143,B,2026-09-22 14:56:22,PET04143,cat,5,31.9,False
U04144,B,2026-10-18 17:46:01,PET04144,cat,6,15.7,True
U04145,B,2026-09-19 18:16:29,PET04145,cat,14,23.3,False
U04146,A,2026-10-03 16:23:23,PET04146,dog,12,9.2,True
U04147,A,2026-10-15 13:24:13,PET04147,dog,3,28.3,False
U04148,A,2026-11-23 02:11:23,PET04148,dog,1,10.5,False
U04149,B,2026-11-24 12:11:42,PET04149,cat,8,20.9,False
U04150,B,2026-10-13 18:05:17,PET04150,dog,8,11.6,False
U04151,A,2026-10-07 08:12:24,PET04151,dog,11,3.8,True
U04152,B,2026-10-25 05:58:26,PET04152,cat,4,12.2,False
U04153,A,2026-11-29 14:15:39,PET04153,cat,12,8.6,True
U04154,A,2026-12-04 03:10:39,PET04154,cat,6,31.4,True
U04155,A,2026-09-28 17:15:26,PET04155,dog,5,10.4,False
U04156,B,2026-09-24 23:35:31,PET04156,cat,6,34.1,True
U04157,B,2026-11-10 11:37:15,PET04157,dog,14,18.0,False
U04158,B,2026-10-05 00:40:07,PET04158,dog,6,8.9,False
U04159,A,2026-09-25 06:30:53,PET04159,cat,8,14.6,False
U04160,A,2026-09-10 00:45:33,PET04160,cat,13,7.6,False
U04161,A,2026-10-14 11:01:22,PET04161,dog,1,29.4,False
U04162,A,2026-10-13 07:26:16,PET04162,dog,8,5.5,False
U04163,A,2026-10-28 18:33:35,PET04163,dog,10,30.8,False
U04164,B,2026-09-26 20:15:39,PET04164,cat,13,3.0,False
U04165,B,2026-11-11 10:26:23,PET04165,cat,1,11.5,True
U04166,B,2026-11-08 23:28:14,PET04166,dog,11,6.2,False
U04167,A,2026-10-19 10:47:21,PET04167,dog,12,24.5,False
U04168,B,2026-09-24 02:50:40,PET04168,cat,5,18.7,True
U04169,A,2026-10-23 21:47:58,PET04169,cat,11,33.0,False
U04170,B,2026-11-07 09:29:26,PET04170,dog,7,13.8,False
U04171,B,2026-10-11 21:14:59,PET04171,cat,10,2.9,True
U04172,A,2026-10-01 17:37:23,PET04172,cat,6,27.0,False
U04173,B,2026-10-23 22:33:08,PET04173,dog,3,20.9,False
U04174,A,2026-10-09 15:29:33,PET04174,cat,12,29.2,False
U04175,A,2026-10-14 14:13:32,PET04175,cat,4,15.8,False
U04176,A,2026-10-09 05:36:03,PET04176,dog,3,26.2,False
U04177,A,2026-10-05 06:42:10,PET04177,cat,13,7.2,True
U04178,B,2026-11-11 07:54:03,PET04178,cat,14,35.0,False
U04179,A,2026-10-19 07:25:56,PET04179,dog,9,7.3,False
U04180,A,2026-10-19 14:15:53,PET04180,dog,9,29.3,False
U04181,A,2026-11-05 20:52:53,PET04181,cat,6,8.6,False
U04182,A,2026-10-10 00:50:59,PET04182,dog,9,27.7,False
U04183,A,2026-09-17 14:50:46,PET04183,dog,9,30.4,False
U04184,B,2026-11-23 18:11:50,PET04184,dog,8,30.9,False
U04185,A,2026-09-13 10:38:18,PET04185,cat,10,17.4,False
U04186,A,2026-10-29 06:36:34,PET04186,cat,8,15.9,False
U04187,B,2026-10-01 10:22:39,PET04187,cat,13,29.4,False
U04188,A,2026-09-27 19:52:49,PET04188,cat,10,20.9,False
U04189,B,2026-09-11 21:56:50,PET04189,dog,6,22.3,True
U04190,A,2026-11-28 16:24:28,PET04190,dog,10,9.4,False
U04191,A,2026-10-16 11:39:16,PET04191,cat,4,16.4,False
U04192,B,2026-10-08 15:29:23,PET04192,dog,3,13.9,False
U04193,B,2026-11-13 16:14:48,PET04193,cat,12,23.8,False
U04194,A,2026-09-11 18:25:00,PET04194,dog,9,8.1,False
U04195,A,2026-10-28 03:28:17,PET04195,dog,1,15.1,False
U04196,B,2026-10-22 01:48:11,PET04196,cat,5,29.9,False
U04197,A,2026-10-27 08:17:40,PET04197,dog,14,19.8,False
U04198,B,2026-09-19 06:14:21,PET04198,dog,9,31.5,False
U04199,A,2026-12-02 14:45:17,PET04199,dog,13,9.3,False
U04200,B,2026-09-29 12:31:18,PET04200,dog,8,16.2,True
U04201,A,2026-11-08 22:02:30,PET04201,dog,1,18.3,False
U04202,B,2026-11-14 18:39:06,PET04202,cat,3,14.9,True
U04203,A,2026-10-08 03:32:40,PET04203,dog,2,24.4,False
U04204,A,2026-09-19 20:22:38,PET04204,cat,11,6.5,False
U04205,B,2026-10-04 18:29:50,PET04205,cat,11,18.9,True
U04206,B,2026-11-19 09:10:13,PET04206,dog,7,6.1,False
U04207,A,2026-11-28 01:23:27,PET04207,dog,11,22.6,False
U04208,B,2026-12-01 19:02:51,PET04208,cat,8,29.3,False
U04209,B,2026-09-28 04:38:05,PET04209,cat,11,2.2,False
U04210,A,2026-11-01 05:17:11,PET04210,cat,10,16.8,True
U04211,A,2026-09-21 11:17:28,PET04211,dog,7,18.0,True
U04212,B,2026-11-10 01:58:42,PET04212,cat,10,25.6,False
U04213,B,2026-10-15 09:35:01,PET04213,cat,5,4.0,False
U04214,B,2026-11-11 05:55:04,PET04214,cat,11,15.1,False
U04215,A,2026-11-08 01:16:19,PET04215,dog,13,27.8,False
U04216,B,2026-12-06 21:40:32,PET04216,cat,3,19.3,False
U04217,A,2026-10-21 06:15:27,PET04217,dog,10,26.6,False
U04218,B,2026-10-08 13:03:24,PET04218,cat,2,13.7,False
U04219,A,2026-10-25 19:36:08,PET04219,dog,6,32.3,False
U04220,A,2026-09-22 11:33:08,PET04220,cat,10,4.1,False
U04221,A,2026-09-18 07:01:46,PET04221,dog,4,4.6,False
U04222,A,2026-10-24 17:50:24,PET04222,cat,4,19.2,False
U04223,B,2026-11-21 16:36:31,PET04223,dog,6,17.3,False
U04224,A,2026-10-25 00:14:32,PET04224,dog,2,22.9,False
U04225,B,2026-11-17 19:39:34,PET04225,cat,9,9.2,False
U04226,B,2026-09-24 02:50:21,PET04226,cat,2,9.1,False
U04227,A,2026-10-18 17:42:04,PET04227,dog,5,26.6,False
U04228,A,2026-11-02 02:23:25,PET04228,cat,5,11.3,False
U04229,B,2026-10-09 01:34:19,PET04229,dog,14,25.9,True
U04230,B,2026-09-09 02:55:12,PET04230,cat,14,23.0,False
U04231,A,2026-09-14 17:46:34,PET04231,cat,2,4.3,False
U04232,B,2026-11-30 10:52:58,PET04232,cat,3,25.3,False
U04233,A,2026-11-01 14:26:16,PET04233,cat,11,31.0,False
U04234,A,2026-10-01 06:44:11,PET04234,dog,5,28.9,False
U04235,A,2026-10-01 02:52:46,PET04235,dog,10,1.8,False
U04236,B,2026-09-11 18:51:26,PET04236,cat,13,19.6,True
U04237,A,2026-12-02 19:59:05,PET04237,dog,3,32.1,False
U04238,B,2026-09-17 20:08:12,PET04238,dog,14,21.6,False
U04239,B,2026-11-15 01:33:23,PET04239,cat,1,11.2,False
U04240,A,2026-09-29 22:11:54,PET04240,dog,4,8.0,False
U04241,B,2026-10-08 13:00:17,PET04241,dog,8,24.4,False
U04242,B,2026-10-02 04:42:19,PET04242,cat,13,27.3,False
U04243,A,2026-11-21 04:46:13,PET04243,dog,8,32.1,False
U04244,B,2026-09-10 12:04:06,PET04244,dog,2,31.8,False
U04245,B,2026-10-09 14:29:10,PET04245,dog,4,12.9,False
U04246,B,2026-10-03 01:10:07,PET04246,dog,11,21.7,False
U04247,A,2026-10-02 11:54:22,PET04247,cat,8,4.9,False
U04248,A,2026-09-25 05:45:28,PET04248,cat,1,4.7,False
U04249,B,2026-11-29 22:01:45,PET04249,cat,8,3.9,True
U04250,B,2026-10-12 14:45:42,PET04250,dog,6,32.6,True
U04251,A,2026-10-15 08:55:32,PET04251,dog,1,6.6,False
U04252,A,2026-10-12 10:08:14,PET04252,dog,4,17.7,False
U04253,B,2026-12-05 20:05:35,PET04253,cat,14,16.0,False
U04254,B,2026-10-08 16:34:36,PET04254,cat,10,12.4,False
U04255,B,2026-10-08 09:17:59,PET04255,dog,1,19.5,False
U04256,A,2026-10-07 20:08:29,PET04256,cat,1,1.6,False
U04257,B,2026-10-07 14:55:23,PET04257,cat,5,14.2,True
U04258,A,2026-09-16 01:25:43,PET04258,dog,7,17.6,False
U04259,A,2026-11-01 15:08:06,PET04259,cat,7,28.4,True
U04260,A,2026-09-10 22:31:36,PET04260,cat,10,25.0,True
U04261,A,2026-09-28 20:43:07,PET04261,dog,3,30.0,False
U04262,A,2026-09-26 01:01:03,PET04262,dog,1,14.1,False
U04263,B,2026-10-04 21:09:55,PET04263,cat,10,6.2,False
U04264,A,2026-11-15 23:33:36,PET04264,cat,13,14.9,True
U04265,A,2026-10-31 03:54:18,PET04265,cat,3,33.8,False
U04266,A,2026-12-06 15:18:11,PET04266,cat,6,8.7,False
U04267,B,2026-10-09 18:07:14,PET04267,cat,9,7.4,False
U04268,B,2026-11-30 01:02:21,PET04268,dog,3,33.1,False
U04269,B,2026-09-12 19:51:51,PET04269,dog,13,33.3,False
U04270,B,2026-10-23 09:26:49,PET04270,dog,4,6.5,True
U04271,B,2026-11-18 07:11:04,PET04271,cat,8,27.3,True
U04272,A,2026-10-25 06:11:49,PET04272,cat,5,15.9,False
U04273,B,2026-11-30 12:08:06,PET04273,cat,10,18.0,True
U04274,A,2026-10-06 19:09:56,PET04274,dog,3,18.2,False
U04275,A,2026-09-10 19:43:01,PET04275,dog,2,33.9,True
U04276,B,2026-11-16 05:24:39,PET04276,cat,8,7.7,False
U04277,A,2026-09-14 19:50:52,PET04277,dog,13,27.4,False
U04278,A,2026-11-15 19:49:44,PET04278,dog,9,1.7,False
U04279,B,2026-11-13 01:28:22,PET04279,cat,11,22.6,False
U04280,B,2026-11-22 07:29:46,PET04280,cat,7,23.4,False
U04281,B,2026-10-21 00:21:39,PET04281,cat,2,26.7,False
U04282,B,2026-11-27 23:44:22,PET04282,dog,6,32.5,False
U04283,A,2026-09-23 11:20:08,PET04283,dog,14,26.8,False
U04284,A,2026-10-17 06:29:23,PET04284,dog,11,26.0,False
U04285,A,2026-09-18 21:27:43,PET04285,dog,10,10.0,True
U04286,B,2026-11-16 16:26:20,PET04286,dog,5,34.8,False
U04287,A,2026-11-11 22:33:53,PET04287,dog,9,17.2,False
U04288,B,2026-11-19 19:12:16,PET04288,cat,9,15.5,True
U04289,A,2026-11-15 22:55:47,PET04289,dog,10,18.3,False
U04290,B,2026-10-05 05:11:42,PET04290,dog,13,14.7,True
U04291,B,2026-09-14 04:53:48,PET04291,dog,10,21.4,True
U04292,A,2026-11-30 01:49:05,PET04292,cat,4,13.2,True
U04293,B,2026-10-22 08:13:42,PET04293,dog,4,9.5,False
U04294,A,2026-09-16 13:13:47,PET04294,dog,9,32.6,False
U04295,A,2026-11-30 13:33:40,PET04295,dog,13,32.6,False
U04296,A,2026-12-06 16:14:59,PET04296,dog,14,18.1,False
U04297,B,2026-10-18 17:35:51,PET04297,cat,9,33.7,False
U04298,A,2026-11-16 19:36:52,PET04298,dog,8,15.4,False
U04299,A,2026-09-11 12:28:46,PET04299,dog,12,14.5,True
U04300,B,2026-09-16 06:32:46,PET04300,cat,14,32.2,False
U04301,A,2026-10-02 10:32:34,PET04301,dog,1,22.7,False
U04302,B,2026-11-06 20:56:05,PET04302,cat,5,27.0,False
U04303,A,2026-09-20 19:34:58,PET04303,dog,5,15.3,True
U04304,B,2026-09-11 21:58:42,PET04304,cat,8,15.1,False
U04305,A,2026-11-07 12:57:52,PET04305,dog,5,4.3,False
U04306,A,2026-11-16 18:42:01,PET04306,dog,5,33.9,False
U04307,A,2026-11-13 09:54:53,PET04307,dog,1,9.1,False
U04308,A,2026-11-18 00:10:56,PET04308,cat,1,18.1,False
U04309,B,2026-11-19 17:51:04,PET04309,dog,7,5.3,False
U04310,A,2026-11-01 02:05:35,PET04310,cat,14,23.2,True
U04311,A,2026-10-24 15:14:44,PET04311,cat,5,14.6,False
U04312,A,2026-11-24 23:56:44,PET04312,dog,4,27.2,True
U04313,A,2026-10-09 00:36:52,PET04313,dog,4,19.2,True
U04314,A,2026-09-16 17:36:53,PET04314,dog,14,5.8,True
U04315,B,2026-11-14 20:50:10,PET04315,cat,10,1.9,True
U04316,B,2026-10-02 15:02:34,PET04316,cat,10,8.6,False
U04317,B,2026-12-05 16:33:34,PET04317,dog,3,25.8,False
U04318,B,2026-10-15 21:37:57,PET04318,dog,13,29.3,False
U04319,A,2026-11-23 18:39:10,PET04319,cat,3,12.9,False
U04320,A,2026-09-11 00:57:05,PET04320,dog,14,19.5,False
U04321,B,2026-11-06 18:34:46,PET04321,dog,14,9.5,False
U04322,B,2026-10-18 18:10:37,PET04322,dog,8,31.0,False
U04323,A,2026-10-19 05:28:32,PET04323,dog,13,33.8,False
U04324,A,2026-10-01 15:42:44,PET04324,cat,14,26.7,False
U04325,B,2026-12-04 20:12:17,PET04325,cat,9,4.5,False
U04326,B,2026-10-13 20:21:26,PET04326,dog,11,16.1,False
U04327,B,2026-11-23 20:54:06,PET04327,dog,9,34.7,False
U04328,A,2026-10-16 18:40:10,PET04328,cat,8,9.2,False
U04329,B,2026-09-12 02:55:48,PET04329,dog,5,24.0,False
U04330,A,2026-11-26 11:38:18,PET04330,dog,10,32.9,True
U04331,B,2026-09-24 05:35:37,PET04331,dog,4,27.4,False
U04332,B,2026-10-02 01:42:11,PET04332,cat,3,21.9,False
U04333,A,2026-11-24 06:19:22,PET04333,cat,4,18.5,False
U04334,A,2026-11-27 21:49:32,PET04334,cat,1,32.6,True
U04335,A,2026-11-29 14:21:08,PET04335,dog,14,14.7,False
U04336,B,2026-10-16 18:19:26,PET04336,cat,4,31.7,True
U04337,B,2026-11-15 12:04:03,PET04337,dog,12,15.9,False
U04338,A,2026-10-07 08:33:12,PET04338,cat,7,26.8,False
U04339,B,2026-11-13 11:35:17,PET04339,dog,5,32.2,False
U04340,B,2026-10-23 23:36:51,PET04340,dog,4,19.9,False
U04341,B,2026-09-12 06:53:10,PET04341,dog,12,11.9,True
U04342,B,2026-10-15 07:27:59,PET04342,dog,8,3.2,False
U04343,A,2026-10-20 20:19:56,PET04343,dog,7,28.6,True
U04344,A,2026-10-01 08:53:36,PET04344,cat,10,22.3,False
U04345,B,2026-10-11 21:41:37,PET04345,cat,12,10.3,False
U04346,A,2026-10-23 23:23:31,PET04346,cat,10,30.9,True
U04347,A,2026-09-12 01:35:05,PET04347,dog,7,32.3,False
U04348,B,2026-09-21 16:02:04,PET04348,dog,13,31.2,False
U04349,B,2026-11-16 02:15:36,PET04349,dog,13,21.7,True
U04350,B,2026-10-09 21:06:02,PET04350,dog,14,34.2,False
U04351,A,2026-11-01 02:45:55,PET04351,dog,2,30.8,True
U04352,B,2026-10-28 21:18:21,PET04352,cat,13,5.0,True
U04353,A,2026-10-27 18:27:51,PET04353,cat,3,34.4,False
U04354,B,2026-10-15 12:52:29,PET04354,dog,9,19.9,False
U04355,B,2026-10-21 04:59:21,PET04355,cat,10,32.3,False
U04356,B,2026-11-21 06:24:25,PET04356,cat,3,27.0,False
U04357,A,2026-12-03 10:20:56,PET04357,dog,1,23.2,False
U04358,B,2026-10-01 20:20:19,PET04358,cat,14,12.4,False
U04359,B,2026-11-07 21:32:39,PET04359,dog,13,2.4,True
U04360,A,2026-12-04 12:02:43,PET04360,dog,3,10.8,True
U04361,B,2026-09-08 05:35:19,PET04361,cat,9,24.5,False
U04362,A,2026-11-17 13:32:39,PET04362,cat,3,30.4,False
U04363,B,2026-10-22 19:57:33,PET04363,dog,8,1.6,False
U04364,B,2026-12-04 12:59:34,PET04364,dog,5,8.5,False
U04365,A,2026-10-30 21:22:20,PET04365,cat,11,24.0,False
U04366,A,2026-11-22 00:13:48,PET04366,dog,9,11.0,True
U04367,A,2026-09-22 12:02:45,PET04367,cat,7,6.2,False
U04368,B,2026-09-20 01:06:03,PET04368,cat,10,4.2,False
U04369,B,2026-11-30 14:40:54,PET04369,dog,7,22.9,True
U04370,A,2026-10-25 14:47:35,PET04370,cat,1,21.4,False
U04371,B,2026-10-28 07:29:44,PET04371,cat,9,30.3,False
U04372,A,2026-09-23 19:03:59,PET04372,cat,11,12.0,False
U04373,A,2026-09-28 22:49:47,PET04373,dog,7,6.1,False
U04374,B,2026-11-20 10:58:08,PET04374,dog,3,28.3,True
U04375,B,2026-10-05 10:26:21,PET04375,dog,1,34.6,False
U04376,B,2026-10-30 04:34:11,PET04376,cat,5,13.6,True
U04377,A,2026-10-06 00:40:33,PET04377,cat,11,30.5,True
U04378,B,2026-10-01 09:45:33,PET04378,cat,5,27.0,False
U04379,B,2026-09-22 10:35:44,PET04379,cat,14,32.0,False
U04380,B,2026-11-30 18:26:23,PET04380,dog,5,15.7,False
U04381,A,2026-12-01 20:41:23,PET04381,dog,6,4.9,False
U04382,A,2026-09-18 02:36:24,PET04382,cat,11,5.5,False
U04383,A,2026-10-09 03:39:39,PET04383,dog,9,27.1,False
U04384,A,2026-10-28 13:26:41,PET04384,cat,1,30.4,True
U04385,A,2026-10-12 09:00:48,PET04385,dog,2,16.8,False
U04386,A,2026-11-11 16:51:11,PET04386,dog,3,3.5,False
U04387,A,2026-10-01 07:44:17,PET04387,cat,13,3.7,True
U04388,A,2026-09-13 09:58:47,PET04388,dog,1,21.6,False
U04389,B,2026-10-08 10:39:35,PET04389,dog,2,32.3,True
U04390,B,2026-10-31 14:25:49,PET04390,cat,11,14.9,False
U04391,A,2026-09-24 01:40:22,PET04391,cat,9,23.3,False
U04392,B,2026-11-20 21:12:12,PET04392,cat,14,19.7,False
U04393,B,2026-09-09 08:08:04,PET04393,cat,4,31.3,False
U04394,A,2026-09-14 05:06:27,PET04394,cat,10,29.4,False
U04395,B,2026-10-23 15:22:11,PET04395,dog,2,8.2,False
U04396,B,2026-10-24 03:14:31,PET04396,dog,9,24.2,False
U04397,A,2026-10-04 14:09:49,PET04397,cat,2,29.9,False
U04398,B,2026-10-01 01:27:37,PET04398,dog,13,32.7,False
U04399,A,2026-09-14 06:19:49,PET04399,cat,6,21.3,True
U04400,B,2026-11-06 17:25:44,PET04400,cat,4,7.4,False
U04401,A,2026-10-12 08:55:23,PET04401,dog,14,20.2,False
U04402,A,2026-09-18 21:36:45,PET04402,dog,1,23.8,False
U04403,B,2026-10-13 08:32:14,PET04403,cat,12,10.6,False
U04404,A,2026-12-01 16:34:10,PET04404,dog,8,34.1,False
U04405,A,2026-10-01 00:43:05,PET04405,dog,10,9.2,True
U04406,A,2026-11-27 23:26:05,PET04406,cat,4,32.0,True
U04407,B,2026-10-01 14:46:47,PET04407,dog,13,15.7,False
U04408,A,2026-09-24 16:59:40,PET04408,dog,7,1.5,True
U04409,B,2026-10-01 07:48:20,PET04409,cat,6,19.7,False
U04410,A,2026-10-07 06:55:25,PET04410,cat,7,22.5,False
U04411,A,2026-09-18 10:28:48,PET04411,dog,5,30.6,True
U04412,A,2026-10-30 06:08:02,PET04412,cat,5,19.6,False
U04413,A,2026-10-08 00:29:54,PET04413,cat,2,4.7,False
U04414,A,2026-11-11 16:00:00,PET04414,dog,7,32.5,False
U04415,A,2026-10-22 17:11:56,PET04415,dog,7,20.4,False
U04416,B,2026-10-17 16:13:10,PET04416,cat,6,10.6,False
U04417,B,2026-10-20 13:17:34,PET04417,dog,14,31.6,False
U04418,B,2026-09-22 12:34:17,PET04418,cat,2,5.6,False
U04419,B,2026-11-11 23:39:08,PET04419,cat,13,4.8,True
U04420,A,2026-09-17 12:38:43,PET04420,dog,13,19.4,False
U04421,B,2026-11-11 16:56:27,PET04421,cat,1,22.4,False
U04422,B,2026-12-06 09:59:57,PET04422,dog,10,18.6,False
U04423,A,2026-11-15 00:47:36,PET04423,cat,3,32.6,False
U04424,A,2026-10-18 08:23:53,PET04424,dog,1,10.3,False
U04425,B,2026-10-06 17:18:44,PET04425,cat,13,34.7,False
U04426,A,2026-11-25 15:13:02,PET04426,dog,2,2.1,False
U04427,A,2026-10-01 16:38:50,PET04427,cat,5,5.5,False
U04428,B,2026-10-21 17:56:25,PET04428,cat,2,7.7,False
U04429,B,2026-11-16 05:14:23,PET04429,dog,2,4.2,False
U04430,A,2026-11-30 19:31:18,PET04430,dog,1,16.2,False
U04431,B,2026-11-29 17:08:45,PET04431,cat,12,30.5,True
U04432,A,2026-09-15 07:23:17,PET04432,cat,1,29.0,False
U04433,A,2026-11-27 12:05:23,PET04433,dog,11,26.4,False
U04434,B,2026-09-18 20:35:08,PET04434,dog,3,1.7,False
U04435,A,2026-10-30 04:00:45,PET04435,cat,13,30.5,False
U04436,A,2026-11-30 07:15:56,PET04436,dog,12,14.8,False
U04437,A,2026-11-05 04:36:34,PET04437,cat,9,26.0,True
U04438,B,2026-12-02 07:19:01,PET04438,dog,12,25.9,False
U04439,B,2026-10-08 04:54:41,PET04439,dog,5,7.4,False
U04440,B,2026-10-06 19:20:38,PET04440,cat,11,18.8,False
U04441,B,2026-10-07 23:47:18,PET04441,dog,4,32.5,True
U04442,A,2026-10-09 23:15:54,PET04442,cat,9,10.3,False
U04443,A,2026-11-08 08:35:44,PET04443,cat,13,25.5,False
U04444,A,2026-10-18 22:22:24,PET04444,dog,11,33.6,False
U04445,B,2026-11-13 01:57:43,PET04445,dog,4,13.6,False
U04446,A,2026-10-15 02:39:57,PET04446,dog,11,14.5,False
U04447,B,2026-10-05 07:48:44,PET04447,cat,13,16.7,True
U04448,B,2026-09-25 06:55:24,PET04448,cat,13,28.6,False
U04449,A,2026-10-27 22:01:23,PET04449,cat,11,16.2,False
U04450,A,2026-11-27 18:14:15,PET04450,dog,11,17.8,False
U04451,A,2026-11-24 18:04:45,PET04451,dog,11,8.9,False
U04452,B,2026-09-30 19:20:59,PET04452,dog,11,34.6,True
U04453,B,2026-10-20 17:24:20,PET04453,cat,2,31.4,False
U04454,B,2026-11-10 12:06:08,PET04454,dog,12,21.6,False
U04455,B,2026-11-02 01:24:36,PET04455,dog,3,33.7,False
U04456,B,2026-09-14 00:23:11,PET04456,dog,8,24.5,True
U04457,A,2026-10-31 23:24:56,PET04457,dog,5,33.6,True
U04458,A,2026-09-11 12:02:39,PET04458,cat,3,6.9,False
U04459,B,2026-09-18 22:52:25,PET04459,cat,4,9.1,False
U04460,A,2026-11-05 00:44:51,PET04460,cat,2,31.2,False
U04461,A,2026-09-17 15:15:46,PET04461,dog,7,15.6,False
U04462,A,2026-10-08 06:45:12,PET04462,cat,6,13.9,False
U04463,A,2026-10-30 08:44:41,PET04463,dog,6,26.8,False
U04464,A,2026-11-05 15:45:52,PET04464,cat,2,22.6,False
U04465,A,2026-10-18 11:53:12,PET04465,cat,9,13.0,True
U04466,B,2026-09-16 03:13:49,PET04466,dog,3,14.8,False
U04467,A,2026-11-18 23:59:31,PET04467,cat,12,15.2,True
U04468,A,2026-12-02 17:05:59,PET04468,dog,1,5.7,False
U04469,A,2026-11-26 08:39:21,PET04469,dog,1,9.2,False
U04470,A,2026-11-14 14:54:47,PET04470,dog,5,19.5,False
U04471,B,2026-10-14 03:38:01,PET04471,dog,6,27.7,False
U04472,B,2026-11-25 10:18:45,PET04472,cat,14,15.5,False
U04473,A,2026-10-21 10:11:45,PET04473,cat,8,14.3,True
U04474,B,2026-09-20 08:55:54,PET04474,cat,6,23.3,False
U04475,A,2026-11-23 11:36:38,PET04475,cat,12,6.8,False
U04476,A,2026-10-06 21:57:07,PET04476,cat,4,14.3,False
U04477,B,2026-12-01 00:10:04,PET04477,dog,13,8.5,True
U04478,A,2026-10-11 13:16:33,PET04478,dog,6,23.3,False
U04479,A,2026-11-25 22:34:33,PET04479,dog,5,5.3,True
U04480,A,2026-10-26 21:20:00,PET04480,cat,5,16.5,True
U04481,A,2026-10-20 21:32:28,PET04481,cat,1,21.5,True
U04482,B,2026-10-04 09:53:55,PET04482,cat,10,29.4,True
U04483,B,2026-11-22 13:36:45,PET04483,dog,9,25.8,False
U04484,A,2026-09-13 14:16:16,PET04484,dog,9,33.1,False
U04485,A,2026-10-20 20:06:15,PET04485,cat,10,24.3,False
U04486,A,2026-10-11 22:54:38,PET04486,dog,1,13.2,False
U04487,B,2026-10-26 06:06:57,PET04487,cat,13,9.3,True
U04488,A,2026-09-30 02:58:41,PET04488,dog,8,3.4,False
U04489,A,2026-11-06 06:21:34,PET04489,dog,10,10.8,False
U04490,A,2026-10-12 06:18:24,PET04490,cat,1,6.1,True
U04491,B,2026-09-24 07:12:31,PET04491,cat,11,13.9,False
U04492,A,2026-09-25 22:00:02,PET04492,cat,10,25.0,True
U04493,B,2026-11-09 05:10:10,PET04493,dog,6,24.7,False
U04494,A,2026-10-01 10:07:41,PET04494,dog,14,12.2,False
U04495,A,2026-10-05 08:35:02,PET04495,cat,10,18.5,True
U04496,A,2026-11-03 06:31:43,PET04496,cat,13,8.8,False
U04497,B,2026-10-07 04:42:51,PET04497,dog,12,18.3,False
U04498,B,2026-10-12 23:56:10,PET04498,cat,3,18.6,False
U04499,A,2026-09-30 15:02:03,PET04499,dog,14,11.6,False
U04500,B,2026-10-09 02:27:10,PET04500,dog,11,10.2,False
U04501,B,2026-11-09 15:43:08,PET04501,cat,3,34.3,False
U04502,B,2026-10-26 14:40:37,PET04502,cat,12,19.5,False
U04503,A,2026-12-06 08:37:14,PET04503,dog,7,20.3,False
U04504,B,2026-11-16 18:54:49,PET04504,dog,13,1.8,False
U04505,B,2026-09-09 19:15:24,PET04505,cat,3,7.6,False
U04506,B,2026-10-12 18:52:54,PET04506,cat,4,13.4,False
U04507,A,2026-10-04 15:20:23,PET04507,cat,5,33.9,False
U04508,A,2026-10-30 10:36:15,PET04508,dog,7,7.4,False
U04509,A,2026-10-01 04:58:01,PET04509,cat,9,11.7,False
U04510,B,2026-12-03 01:03:18,PET04510,cat,4,34.7,True
U04511,B,2026-10-04 22:02:20,PET04511,dog,10,17.6,True
U04512,A,2026-10-24 20:11:04,PET04512,dog,1,12.2,True
U04513,A,2026-09-19 04:49:48,PET04513,cat,5,22.8,False
U04514,A,2026-11-28 19:15:56,PET04514,cat,10,18.1,False
U04515,B,2026-11-29 01:08:50,PET04515,cat,4,33.6,False
U04516,A,2026-11-18 05:41:49,PET04516,cat,7,4.3,False
U04517,B,2026-10-09 03:36:19,PET04517,cat,9,28.0,False
U04518,B,2026-09-13 08:10:21,PET04518,dog,4,10.8,True
U04519,B,2026-11-10 07:40:19,PET04519,dog,14,28.5,False
U04520,A,2026-10-16 12:18:07,PET04520,cat,12,29.9,False
U04521,B,2026-12-06 11:00:35,PET04521,dog,14,29.9,False
U04522,B,2026-11-09 02:44:22,PET04522,dog,7,30.5,False
U04523,B,2026-10-26 03:35:59,PET04523,cat,5,25.6,False
U04524,B,2026-12-05 19:41:36,PET04524,dog,14,6.3,False
U04525,B,2026-11-19 13:09:20,PET04525,cat,11,3.2,False
U04526,A,2026-10-19 22:07:49,PET04526,dog,12,12.9,False
U04527,B,2026-09-09 03:08:07,PET04527,dog,3,18.1,False
U04528,A,2026-09-16 07:23:47,PET04528,dog,13,11.6,False
U04529,A,2026-10-17 03:47:15,PET04529,cat,8,26.4,True
U04530,B,2026-10-28 22:10:36,PET04530,cat,11,25.7,False
U04531,B,2026-09-10 03:48:48,PET04531,dog,12,34.1,False
U04532,B,2026-09-19 19:13:15,PET04532,dog,2,14.9,False
U04533,B,2026-11-10 04:37:01,PET04533,dog,2,27.8,False
U04534,B,2026-11-14 17:28:04,PET04534,cat,1,26.3,False
U04535,A,2026-09-10 10:55:36,PET04535,cat,10,34.6,False
U04536,B,2026-10-23 23:15:34,PET04536,cat,13,27.4,False
U04537,B,2026-09-15 01:40:40,PET04537,dog,1,11.0,False
U04538,B,2026-11-12 07:47:29,PET04538,cat,2,2.0,False
U04539,B,2026-11-22 17:21:16,PET04539,dog,7,33.9,False
U04540,A,2026-11-25 21:58:31,PET04540,dog,6,25.5,False
U04541,B,2026-10-31 12:56:15,PET04541,dog,2,28.7,True
U04542,B,2026-11-03 02:21:42,PET04542,dog,9,28.1,False
U04543,A,2026-11-30 15:06:12,PET04543,dog,13,26.1,False
U04544,A,2026-11-02 11:28:20,PET04544,cat,3,26.7,False
U04545,A,2026-10-18 18:35:50,PET04545,dog,1,32.6,False
U04546,B,2026-11-14 13:14:53,PET04546,cat,4,32.1,False
U04547,A,2026-10-31 21:32:58,PET04547,cat,3,14.2,False
U04548,B,2026-11-22 02:56:50,PET04548,cat,7,2.5,False
U04549,B,2026-10-25 14:58:26,PET04549,dog,2,2.8,True
U04550,A,2026-11-25 17:41:47,PET04550,cat,6,16.5,False
U04551,B,2026-09-12 09:44:31,PET04551,dog,2,29.5,False
U04552,B,2026-09-11 11:24:15,PET04552,dog,10,29.9,False
U04553,A,2026-09-16 16:41:16,PET04553,dog,7,15.0,False
U04554,A,2026-10-28 10:55:58,PET04554,cat,2,11.6,False
U04555,A,2026-11-10 09:25:20,PET04555,cat,1,18.5,False
U04556,A,2026-09-27 13:57:16,PET04556,cat,7,29.4,False
U04557,B,2026-09-22 19:17:16,PET04557,cat,9,22.8,False
U04558,B,2026-11-24 03:13:59,PET04558,dog,3,6.2,False
U04559,A,2026-11-14 20:58:33,PET04559,cat,5,13.6,True
U04560,A,2026-11-05 04:48:02,PET04560,cat,9,20.1,False
U04561,B,2026-10-21 02:20:44,PET04561,dog,7,19.5,False
U04562,A,2026-10-15 04:20:11,PET04562,cat,2,29.3,False
U04563,B,2026-09-09 01:50:19,PET04563,cat,6,32.7,False
U04564,A,2026-09-24 22:50:46,PET04564,dog,3,4.9,False
U04565,A,2026-11-27 07:00:16,PET04565,dog,13,9.0,False
U04566,A,2026-10-08 18:33:23,PET04566,dog,12,14.6,False
U04567,B,2026-11-10 04:22:41,PET04567,cat,5,11.4,False
U04568,B,2026-11-10 12:42:02,PET04568,dog,4,15.2,True
U04569,A,2026-10-05 10:13:23,PET04569,dog,2,2.9,False
U04570,B,2026-09-26 15:49:36,PET04570,cat,11,3.7,True
U04571,A,2026-11-09 23:43:20,PET04571,cat,13,29.6,False
U04572,B,2026-09-16 15:35:58,PET04572,cat,4,4.9,False
U04573,A,2026-10-22 16:50:51,PET04573,cat,9,29.1,False
U04574,B,2026-11-26 06:17:46,PET04574,dog,4,11.8,False
U04575,A,2026-11-11 02:55:37,PET04575,dog,13,11.9,True
U04576,A,2026-11-15 02:04:42,PET04576,cat,5,4.9,False
U04577,A,2026-09-15 07:12:15,PET04577,dog,2,1.9,False
U04578,A,2026-09-25 13:19:06,PET04578,cat,13,13.4,False
U04579,A,2026-10-02 01:27:01,PET04579,cat,14,29.5,False
U04580,B,2026-10-04 06:18:46,PET04580,cat,6,32.3,False
U04581,A,2026-09-25 15:09:02,PET04581,cat,13,3.6,False
U04582,A,2026-12-04 20:57:47,PET04582,cat,4,2.5,False
U04583,A,2026-09-22 23:44:57,PET04583,cat,4,6.8,False
U04584,B,2026-11-10 05:39:54,PET04584,dog,8,27.2,False
U04585,B,2026-10-30 02:27:01,PET04585,dog,9,8.4,False
U04586,B,2026-11-01 13:44:55,PET04586,dog,6,9.2,False
U04587,A,2026-09-27 22:30:56,PET04587,cat,12,31.3,False
U04588,B,2026-10-05 10:04:56,PET04588,dog,12,30.8,False
U04589,A,2026-11-01 21:42:01,PET04589,dog,2,24.0,False
U04590,A,2026-10-04 17:49:46,PET04590,cat,14,7.0,False
U04591,A,2026-11-09 21:34:13,PET04591,dog,3,14.3,False
U04592,B,2026-09-11 22:49:04,PET04592,cat,8,9.4,False
U04593,A,2026-09-14 02:34:36,PET04593,dog,6,24.0,True
U04594,A,2026-11-12 09:52:39,PET04594,dog,7,27.6,False
U04595,B,2026-11-02 01:11:54,PET04595,dog,2,6.3,True
U04596,A,2026-09-11 01:03:52,PET04596,dog,5,31.6,False
U04597,B,2026-11-27 11:24:15,PET04597,cat,1,17.0,True
U04598,A,2026-09-08 15:52:27,PET04598,cat,14,28.1,False
U04599,B,2026-12-02 21:15:53,PET04599,cat,3,3.2,False
U04600,B,2026-11-12 03:06:01,PET04600,cat,7,13.6,False
U04601,A,2026-12-05 00:47:53,PET04601,cat,4,2.0,False
U04602,A,2026-12-02 02:30:28,PET04602,cat,3,25.6,True
U04603,B,2026-10-06 22:14:32,PET04603,dog,6,4.2,True
U04604,B,2026-11-15 15:52:38,PET04604,dog,14,12.8,False
U04605,A,2026-09-26 11:33:05,PET04605,cat,7,27.7,False
U04606,A,2026-10-20 02:28:02,PET04606,cat,14,26.6,False
U04607,B,2026-09-29 08:53:59,PET04607,dog,12,22.9,False
U04608,A,2026-10-21 03:05:26,PET04608,dog,7,24.7,True
U04609,B,2026-11-25 00:43:20,PET04609,dog,13,23.3,False
U04610,B,2026-10-17 10:32:16,PET04610,dog,5,23.0,False
U04611,A,2026-09-16 12:03:48,PET04611,cat,8,13.2,False
U04612,A,2026-10-07 10:51:20,PET04612,dog,10,2.4,False
U04613,A,2026-11-17 20:54:58,PET04613,cat,9,16.3,False
U04614,A,2026-10-24 21:55:44,PET04614,cat,12,3.0,False
U04615,B,2026-10-28 02:55:09,PET04615,dog,3,17.2,False
U04616,B,2026-10-16 06:37:37,PET04616,cat,7,17.0,False
U04617,B,2026-10-04 12:01:25,PET04617,cat,10,7.5,False
U04618,B,2026-10-31 09:37:20,PET04618,dog,5,27.8,False
U04619,A,2026-11-03 10:27:38,PET04619,dog,13,25.1,False
U04620,A,2026-11-27 16:58:49,PET04620,cat,5,20.2,False
U04621,B,2026-11-02 04:19:08,PET04621,dog,5,32.5,False
U04622,B,2026-12-06 19:50:54,PET04622,dog,5,11.1,False
U04623,B,2026-11-21 06:21:17,PET04623,dog,10,10.3,False
U04624,B,2026-09-15 08:22:43,PET04624,dog,2,7.6,False
U04625,A,2026-10-13 05:19:15,PET04625,cat,3,19.7,True
U04626,A,2026-10-12 15:08:45,PET04626,dog,11,8.4,False
U04627,A,2026-09-08 16:41:39,PET04627,cat,3,30.6,True
U04628,A,2026-09-24 14:58:49,PET04628,dog,2,11.7,False
U04629,B,2026-11-15 11:50:45,PET04629,cat,4,17.9,False
U04630,B,2026-10-09 07:16:37,PET04630,dog,6,19.2,False
U04631,A,2026-09-21 16:30:18,PET04631,cat,1,11.8,False
U04632,B,2026-10-03 02:50:48,PET04632,cat,12,26.2,False
U04633,B,2026-10-02 07:29:08,PET04633,dog,2,24.7,False
U04634,B,2026-09-23 16:22:49,PET04634,cat,6,27.0,False
U04635,B,2026-09-17 16:36:46,PET04635,dog,3,21.8,False
U04636,B,2026-11-15 06:26:01,PET04636,cat,5,16.9,False
U04637,A,2026-11-21 08:11:22,PET04637,cat,1,16.5,True
U04638,B,2026-10-22 07:38:19,PET04638,dog,14,25.5,True
U04639,B,2026-11-02 21:16:59,PET04639,dog,14,14.1,False
U04640,A,2026-11-29 13:44:11,PET04640,dog,2,16.1,False
U04641,A,2026-11-22 02:50:49,PET04641,cat,3,7.0,False
U04642,B,2026-09-10 03:51:33,PET04642,cat,13,24.3,False
U04643,B,2026-12-02 01:39:36,PET04643,dog,6,4.1,True
U04644,A,2026-09-14 05:47:45,PET04644,dog,1,34.7,False
U04645,A,2026-09-10 05:20:09,PET04645,dog,2,6.3,False
U04646,B,2026-10-14 10:42:21,PET04646,cat,6,14.3,False
U04647,B,2026-11-14 17:56:08,PET04647,dog,8,9.5,False
U04648,B,2026-09-15 21:05:00,PET04648,dog,9,11.2,True
U04649,A,2026-10-04 13:24:17,PET04649,cat,3,12.3,False
U04650,A,2026-10-01 18:32:02,PET04650,dog,6,25.6,False
U04651,B,2026-10-13 15:43:11,PET04651,cat,4,7.4,False
U04652,A,2026-12-05 07:37:20,PET04652,dog,8,10.3,False
U04653,B,2026-10-07 14:41:15,PET04653,dog,5,4.9,False
U04654,A,2026-09-26 07:14:58,PET04654,cat,3,12.6,False
U04655,A,2026-09-19 07:24:40,PET04655,dog,12,33.0,False
U04656,B,2026-09-25 23:41:46,PET04656,dog,8,14.2,False
U04657,A,2026-09-19 21:51:22,PET04657,cat,7,27.5,True
U04658,A,2026-10-29 15:40:52,PET04658,cat,2,17.0,True
U04659,B,2026-10-15 14:13:59,PET04659,cat,1,16.6,True
U04660,B,2026-10-22 16:27:10,PET04660,dog,12,29.1,True
U04661,B,2026-11-21 18:04:17,PET04661,dog,14,2.4,False
U04662,B,2026-10-30 01:19:22,PET04662,dog,9,30.5,True
U04663,A,2026-09-21 08:36:13,PET04663,cat,1,17.8,False
U04664,A,2026-10-11 02:31:09,PET04664,cat,7,13.3,False
U04665,A,2026-10-06 12:42:00,PET04665,dog,4,31.9,False
U04666,B,2026-11-21 07:04:00,PET04666,cat,1,12.9,False
U04667,B,2026-10-05 07:55:22,PET04667,dog,2,34.3,True
U04668,A,2026-09-20 20:12:29,PET04668,cat,7,32.9,False
U04669,B,2026-11-13 04:53:51,PET04669,dog,6,10.5,False
U04670,B,2026-10-16 21:51:21,PET04670,dog,8,12.9,False
U04671,B,2026-09-16 10:06:02,PET04671,cat,10,28.7,False
U04672,A,2026-11-09 04:35:04,PET04672,cat,4,8.1,False
U04673,B,2026-09-26 03:26:19,PET04673,dog,5,26.0,False
U04674,B,2026-11-25 17:08:26,PET04674,dog,10,5.8,False
U04675,A,2026-11-21 21:39:46,PET04675,cat,3,8.4,False
U04676,B,2026-10-11 20:58:45,PET04676,dog,2,18.3,True
U04677,B,2026-10-28 04:05:12,PET04677,cat,12,26.5,True
U04678,B,2026-10-29 21:05:37,PET04678,cat,3,26.3,False
U04679,A,2026-11-05 05:24:44,PET04679,dog,2,21.9,False
U04680,A,2026-09-14 11:00:40,PET04680,dog,11,10.6,False
U04681,B,2026-10-07 00:07:59,PET04681,dog,8,15.4,False
U04682,A,2026-09-23 06:12:38,PET04682,cat,3,9.7,False
U04683,A,2026-11-09 07:40:40,PET04683,dog,12,10.8,True
U04684,A,2026-09-14 22:57:02,PET04684,cat,4,12.3,False
U04685,B,2026-10-24 06:40:46,PET04685,dog,10,21.6,True
U04686,B,2026-11-12 06:38:16,PET04686,cat,10,8.5,False
U04687,B,2026-12-02 06:33:39,PET04687,dog,12,2.9,False
U04688,A,2026-10-03 06:03:52,PET04688,dog,11,24.7,False
U04689,B,2026-09-08 12:57:32,PET04689,cat,10,2.2,False
U04690,B,2026-11-12 04:56:11,PET04690,cat,1,34.0,False
U04691,B,2026-09-08 06:58:21,PET04691,dog,14,13.2,True
U04692,A,2026-09-13 12:46:51,PET04692,dog,2,1.7,False
U04693,B,2026-12-06 18:09:13,PET04693,cat,4,31.1,False
U04694,B,2026-11-24 02:34:20,PET04694,dog,7,21.6,False
U04695,A,2026-11-10 08:21:54,PET04695,dog,5,28.9,True
U04696,B,2026-11-22 13:41:47,PET04696,dog,9,16.1,False
U04697,A,2026-09-14 22:00:08,PET04697,dog,1,13.4,False
U04698,A,2026-09-16 22:38:54,PET04698,cat,7,23.4,False
U04699,B,2026-10-05 20:55:57,PET04699,cat,5,15.1,False
U04700,A,2026-09-10 12:07:09,PET04700,dog,10,20.1,True
U04701,B,2026-11-26 02:21:21,PET04701,cat,8,10.8,True
U04702,B,2026-09-13 23:10:06,PET04702,dog,11,12.6,False
U04703,B,2026-10-26 14:55:06,PET04703,cat,3,4.3,True
U04704,B,2026-11-23 21:44:12,PET04704,dog,14,27.7,False
U04705,B,2026-11-13 22:05:44,PET04705,dog,6,13.2,False
U04706,A,2026-09-29 19:00:54,PET04706,cat,5,34.2,False
U04707,B,2026-10-20 10:05:07,PET04707,dog,8,10.2,False
U04708,A,2026-10-27 14:35:36,PET04708,dog,3,17.4,False
U04709,A,2026-11-16 16:35:09,PET04709,dog,12,11.7,False
U04710,A,2026-10-16 21:08:10,PET04710,cat,4,24.7,True
U04711,A,2026-10-03 05:25:41,PET04711,dog,13,28.6,False
U04712,A,2026-11-18 13:19:10,PET04712,cat,3,17.8,False
U04713,B,2026-11-26 14:18:03,PET04713,cat,13,13.8,False
U04714,B,2026-10-22 04:58:22,PET04714,cat,6,26.4,True
U04715,A,2026-09-10 09:38:44,PET04715,dog,9,7.9,False
U04716,B,2026-10-23 22:12:15,PET04716,cat,13,21.6,False
U04717,A,2026-11-27 00:23:09,PET04717,dog,2,26.1,True
U04718,A,2026-12-06 12:03:09,PET04718,cat,5,10.5,False
U04719,B,2026-10-14 14:37:24,PET04719,cat,14,23.5,True
U04720,B,2026-09-21 21:47:09,PET04720,dog,3,26.1,False
U04721,A,2026-10-29 06:48:06,PET04721,cat,2,5.4,True
U04722,A,2026-11-21 09:26:07,PET04722,dog,8,12.4,False
U04723,B,2026-12-02 01:55:47,PET04723,dog,1,15.1,False
U04724,B,2026-09-12 08:03:26,PET04724,dog,14,27.5,True
U04725,B,2026-10-04 23:56:06,PET04725,cat,13,20.5,True
U04726,B,2026-10-20 18:23:01,PET04726,cat,3,16.6,True
U04727,B,2026-09-16 10:16:52,PET04727,cat,3,12.2,False
U04728,B,2026-11-26 15:13:36,PET04728,dog,11,1.6,True
U04729,B,2026-09-18 23:08:56,PET04729,cat,8,2.2,False
U04730,B,2026-11-06 10:33:12,PET04730,cat,12,9.6,False
U04731,A,2026-11-29 07:04:17,PET04731,cat,14,5.4,False
U04732,A,2026-11-08 21:05:10,PET04732,dog,6,5.5,False
U04733,B,2026-11-15 20:24:42,PET04733,dog,4,21.7,False
U04734,A,2026-10-01 12:23:52,PET04734,cat,9,21.8,False
U04735,A,2026-11-21 00:16:59,PET04735,dog,9,3.0,False
U04736,B,2026-10-15 00:18:25,PET04736,dog,7,21.4,False
U04737,B,2026-09-13 02:49:18,PET04737,dog,5,6.4,False
U04738,B,2026-10-10 16:38:12,PET04738,dog,4,14.1,False
U04739,B,2026-10-09 04:12:46,PET04739,dog,8,34.7,False
U04740,B,2026-10-24 01:30:56,PET04740,dog,6,19.0,False
U04741,B,2026-10-01 16:21:51,PET04741,cat,7,2.6,False
U04742,B,2026-10-19 11:32:47,PET04742,cat,2,13.1,True
U04743,B,2026-10-16 12:43:58,PET04743,dog,13,24.0,True
U04744,A,2026-10-07 04:36:35,PET04744,dog,10,9.0,False
U04745,B,2026-11-09 05:09:12,PET04745,cat,13,33.8,False
U04746,B,2026-10-05 05:48:27,PET04746,dog,12,15.7,False
U04747,A,2026-11-15 15:27:25,PET04747,cat,9,2.2,False
U04748,A,2026-09-30 23:30:56,PET04748,cat,5,19.6,False
U04749,B,2026-11-24 21:58:44,PET04749,dog,10,24.2,False
U04750,B,2026-10-10 02:43:24,PET04750,dog,8,16.8,False
U04751,A,2026-09-11 16:18:37,PET04751,dog,13,32.6,False
U04752,A,2026-09-21 18:11:05,PET04752,cat,4,31.7,False
U04753,A,2026-11-19 00:58:26,PET04753,dog,1,6.2,False
U04754,A,2026-11-25 15:17:55,PET04754,cat,2,4.2,False
U04755,A,2026-09-27 10:40:03,PET04755,cat,3,12.0,False
U04756,B,2026-11-01 04:40:51,PET04756,cat,10,21.9,True
U04757,B,2026-10-29 18:57:05,PET04757,cat,3,21.7,False
U04758,A,2026-09-20 22:26:53,PET04758,dog,2,10.6,True
U04759,B,2026-10-18 14:21:31,PET04759,dog,6,33.4,False
U04760,A,2026-11-09 04:50:02,PET04760,cat,11,11.8,False
U04761,B,2026-12-04 10:17:37,PET04761,dog,6,28.4,False
U04762,A,2026-11-23 12:22:26,PET04762,dog,4,29.4,False
U04763,B,2026-09-16 21:39:17,PET04763,dog,4,4.8,False
U04764,A,2026-09-29 18:58:21,PET04764,dog,12,9.3,True
U04765,B,2026-10-17 16:05:47,PET04765,cat,7,8.7,False
U04766,B,2026-09-21 18:19:32,PET04766,dog,6,32.3,True
U04767,B,2026-10-29 16:39:30,PET04767,cat,11,13.3,False
U04768,B,2026-09-08 07:40:22,PET04768,cat,6,29.5,False
U04769,B,2026-09-18 03:12:10,PET04769,dog,5,17.5,False
U04770,B,2026-09-12 20:08:33,PET04770,cat,11,16.8,False
U04771,B,2026-10-04 13:17:33,PET04771,dog,5,31.8,False
U04772,A,2026-11-15 23:05:25,PET04772,dog,8,16.3,False
U04773,A,2026-09-23 16:20:40,PET04773,dog,10,26.5,False
U04774,A,2026-12-05 11:22:35,PET04774,dog,3,15.7,False
U04775,B,2026-10-02 15:31:20,PET04775,dog,2,4.9,True
U04776,A,2026-09-12 15:39:20,PET04776,dog,12,3.3,False
U04777,B,2026-10-08 23:33:23,PET04777,dog,5,8.5,False
U04778,B,2026-11-14 08:44:54,PET04778,dog,5,25.7,False
U04779,A,2026-09-17 09:07:34,PET04779,cat,9,14.0,False
U04780,A,2026-09-14 08:29:52,PET04780,dog,2,16.7,False
U04781,A,2026-11-23 02:35:21,PET04781,cat,1,4.9,False
U04782,A,2026-10-31 11:16:23,PET04782,cat,6,22.4,False
U04783,A,2026-10-08 10:41:17,PET04783,cat,14,28.4,False
U04784,A,2026-11-15 04:43:52,PET04784,cat,9,22.4,False
U04785,B,2026-11-22 19:33:52,PET04785,cat,9,34.5,False
U04786,A,2026-10-10 16:32:44,PET04786,cat,9,2.0,False
U04787,A,2026-10-28 05:47:47,PET04787,cat,13,2.0,False
U04788,A,2026-09-08 03:58:25,PET04788,cat,12,18.3,True
U04789,A,2026-10-05 14:49:59,PET04789,dog,1,10.4,True
U04790,B,2026-10-31 00:07:27,PET04790,cat,8,24.5,False
U04791,A,2026-09-25 03:37:30,PET04791,cat,8,28.1,True
U04792,B,2026-12-06 10:32:50,PET04792,dog,4,4.9,False
U04793,B,2026-12-04 23:46:27,PET04793,dog,14,32.2,True
U04794,B,2026-10-01 01:50:02,PET04794,cat,4,2.5,True
U04795,A,2026-10-13 12:41:18,PET04795,cat,12,24.6,False
U04796,A,2026-09-25 13:29:54,PET04796,dog,2,14.4,False
U04797,B,2026-10-23 06:02:38,PET04797,dog,9,23.9,False
U04798,B,2026-09-19 12:29:19,PET04798,dog,11,4.8,False
U04799,B,2026-10-13 15:13:15,PET04799,cat,8,32.9,True
U04800,A,2026-10-27 03:17:39,PET04800,cat,2,32.9,True
U04801,B,2026-11-02 22:54:00,PET04801,cat,2,18.9,False
U04802,B,2026-10-31 05:54:14,PET04802,dog,9,18.6,True
U04803,A,2026-09-27 08:50:58,PET04803,dog,13,22.8,False
U04804,A,2026-11-18 00:35:12,PET04804,cat,9,20.9,True
U04805,B,2026-11-09 14:14:39,PET04805,cat,2,19.7,False
U04806,B,2026-11-14 14:15:17,PET04806,dog,11,21.2,False
U04807,A,2026-10-20 02:47:15,PET04807,dog,7,30.3,False
U04808,B,2026-11-27 07:01:43,PET04808,dog,2,22.0,True
U04809,B,2026-10-13 18:24:04,PET04809,cat,6,8.1,True
U04810,B,2026-11-19 17:06:41,PET04810,cat,3,32.1,False
U04811,B,2026-09-26 07:22:30,PET04811,dog,14,8.7,False
U04812,B,2026-09-30 15:06:56,PET04812,cat,13,7.0,False
U04813,A,2026-10-25 17:55:43,PET04813,cat,2,34.9,False
U04814,B,2026-10-28 08:57:57,PET04814,cat,9,8.6,False
U04815,B,2026-11-14 04:13:04,PET04815,dog,1,4.9,False
U04816,A,2026-10-04 00:31:16,PET04816,dog,7,20.3,False
U04817,B,2026-11-25 22:54:50,PET04817,cat,3,29.2,True
U04818,B,2026-10-07 07:41:02,PET04818,cat,11,3.5,False
U04819,B,2026-10-26 19:20:51,PET04819,cat,2,17.9,False
U04820,A,2026-11-30 07:47:48,PET04820,cat,13,3.8,False
U04821,B,2026-10-26 17:05:36,PET04821,dog,4,15.9,False
U04822,A,2026-11-08 07:59:05,PET04822,dog,4,13.0,False
U04823,A,2026-11-28 14:34:36,PET04823,dog,13,6.1,False
U04824,B,2026-12-04 22:52:57,PET04824,cat,13,32.7,True
U04825,B,2026-10-22 18:05:22,PET04825,dog,2,22.8,True
U04826,B,2026-10-15 03:56:57,PET04826,cat,2,29.7,False
U04827,B,2026-09-25 12:34:06,PET04827,cat,12,31.8,True
U04828,A,2026-10-26 06:28:53,PET04828,cat,14,32.7,False
U04829,A,2026-11-29 05:15:52,PET04829,cat,7,26.6,False
U04830,A,2026-10-21 19:58:39,PET04830,cat,3,11.8,False
U04831,B,2026-10-09 23:34:56,PET04831,dog,3,29.3,True
U04832,B,2026-09-17 22:12:13,PET04832,cat,4,18.9,False
U04833,A,2026-10-13 20:08:14,PET04833,dog,10,10.6,False
U04834,B,2026-09-29 11:14:19,PET04834,dog,2,14.4,False
U04835,A,2026-12-04 12:37:41,PET04835,cat,9,11.6,False
U04836,A,2026-10-25 12:57:40,PET04836,cat,12,17.1,False
U04837,B,2026-09-20 17:40:09,PET04837,dog,3,27.7,False
U04838,B,2026-09-14 01:16:06,PET04838,dog,14,17.7,False
U04839,B,2026-11-23 19:50:36,PET04839,dog,14,10.5,False
U04840,B,2026-11-30 19:23:34,PET04840,cat,5,4.4,False
U04841,A,2026-11-15 23:53:00,PET04841,cat,2,30.2,False
U04842,A,2026-09-19 14:16:10,PET04842,dog,5,15.5,False
U04843,A,2026-09-16 10:58:29,PET04843,cat,4,16.3,False
U04844,A,2026-09-25 11:29:46,PET04844,cat,4,27.1,False
U04845,B,2026-11-14 14:53:04,PET04845,cat,13,30.0,False
U04846,A,2026-11-15 07:15:42,PET04846,dog,3,18.6,False
U04847,B,2026-11-22 18:38:44,PET04847,cat,5,22.7,True
U04848,A,2026-09-16 10:39:01,PET04848,dog,12,9.5,True
U04849,B,2026-09-21 06:45:44,PET04849,dog,1,32.8,True
U04850,A,2026-11-28 17:38:50,PET04850,dog,1,20.5,True
U04851,A,2026-11-30 08:04:59,PET04851,dog,5,25.6,False
U04852,A,2026-11-12 01:56:18,PET04852,cat,14,5.3,False
U04853,A,2026-09-17 12:31:47,PET04853,dog,12,22.8,True
U04854,A,2026-09-14 12:09:48,PET04854,dog,13,13.9,False
U04855,A,2026-09-13 06:59:42,PET04855,dog,13,16.6,False
U04856,A,2026-11-09 00:49:52,PET04856,dog,2,24.4,False
U04857,B,2026-11-23 11:25:02,PET04857,cat,6,28.2,False
U04858,A,2026-11-03 18:32:02,PET04858,dog,8,13.2,False
U04859,A,2026-10-01 19:14:08,PET04859,dog,3,30.8,True
U04860,A,2026-11-15 05:03:51,PET04860,cat,14,8.8,False
U04861,A,2026-09-13 10:19:42,PET04861,dog,9,20.4,False
U04862,A,2026-11-21 21:40:52,PET04862,cat,12,6.6,True
U04863,A,2026-11-27 08:16:07,PET04863,cat,4,11.2,False
U04864,B,2026-11-11 11:25:34,PET04864,cat,11,31.5,False
U04865,A,2026-11-26 16:18:36,PET04865,cat,2,1.9,True
U04866,A,2026-10-30 10:58:27,PET04866,dog,1,32.2,False
U04867,A,2026-10-20 20:11:31,PET04867,cat,9,12.5,True
U04868,B,2026-10-07 08:38:54,PET04868,cat,1,24.8,True
U04869,A,2026-11-29 11:48:43,PET04869,dog,4,4.6,False
U04870,A,2026-11-09 12:23:33,PET04870,cat,12,23.0,False
U04871,B,2026-09-25 17:51:50,PET04871,dog,7,32.0,False
U04872,B,2026-12-03 08:06:45,PET04872,cat,6,20.1,False
U04873,B,2026-09-13 06:36:29,PET04873,cat,5,13.6,False
U04874,B,2026-10-30 08:38:17,PET04874,dog,10,28.1,False
U04875,B,2026-09-25 05:34:45,PET04875,cat,14,25.4,True
U04876,B,2026-11-06 04:41:40,PET04876,cat,11,5.4,False
U04877,B,2026-10-15 19:39:42,PET04877,cat,6,23.8,False
U04878,A,2026-10-17 08:17:06,PET04878,dog,6,23.8,False
U04879,A,2026-11-07 06:28:49,PET04879,cat,2,26.7,False
U04880,A,2026-11-15 19:28:52,PET04880,cat,3,12.1,False
U04881,B,2026-10-12 18:55:25,PET04881,dog,4,14.9,False
U04882,A,2026-12-06 05:53:47,PET04882,cat,6,33.7,False
U04883,A,2026-10-22 07:18:59,PET04883,cat,14,20.7,False
U04884,B,2026-09-22 19:42:37,PET04884,cat,13,18.5,False
U04885,B,2026-09-08 06:40:10,PET04885,cat,2,34.6,False
U04886,A,2026-09-26 20:40:17,PET04886,dog,5,9.2,True
U04887,A,2026-11-09 14:49:27,PET04887,cat,1,14.8,True
U04888,A,2026-10-26 15:59:31,PET04888,cat,1,27.0,True
U04889,B,2026-10-08 12:48:54,PET04889,dog,6,25.4,False
U04890,A,2026-10-21 00:44:11,PET04890,dog,14,33.9,True
U04891,A,2026-11-22 19:47:19,PET04891,dog,3,23.4,False
U04892,B,2026-10-29 13:27:53,PET04892,cat,10,12.0,False
U04893,B,2026-09-13 04:08:54,PET04893,dog,6,14.8,False
U04894,A,2026-09-12 19:59:44,PET04894,cat,8,4.5,False
U04895,A,2026-10-21 07:02:36,PET04895,cat,13,32.4,False
U04896,B,2026-10-14 08:46:43,PET04896,cat,12,5.8,False
U04897,B,2026-11-23 15:20:20,PET04897,dog,12,19.8,False
U04898,B,2026-10-30 06:47:15,PET04898,cat,6,14.9,False
U04899,B,2026-11-15 00:09:18,PET04899,dog,1,6.0,False
U04900,A,2026-10-30 07:42:46,PET04900,cat,14,11.3,False
U04901,B,2026-10-09 16:23:44,PET04901,dog,14,22.7,False
U04902,A,2026-11-06 10:09:13,PET04902,cat,13,2.5,False
U04903,A,2026-11-02 17:05:50,PET04903,dog,7,33.9,False
U04904,A,2026-11-11 01:41:02,PET04904,dog,4,32.0,False
U04905,B,2026-09-25 06:10:47,PET04905,cat,3,4.3,False
U04906,B,2026-11-04 05:42:15,PET04906,dog,6,30.6,False
U04907,A,2026-10-03 01:32:16,PET04907,cat,5,12.5,False
U04908,A,2026-11-18 15:31:35,PET04908,cat,4,3.8,False
U04909,A,2026-11-18 05:02:48,PET04909,dog,14,11.8,True
U04910,B,2026-11-03 11:20:22,PET04910,dog,10,28.6,True
U04911,B,2026-12-02 23:46:16,PET04911,cat,4,23.8,False
U04912,B,2026-10-26 05:56:10,PET04912,cat,9,9.5,False
U04913,A,2026-09-10 04:40:24,PET04913,cat,10,25.6,False
U04914,A,2026-11-01 22:20:27,PET04914,dog,8,25.2,False
U04915,B,2026-11-16 08:34:39,PET04915,cat,14,26.4,False
U04916,A,2026-09-17 07:05:34,PET04916,dog,14,19.6,False
U04917,B,2026-09-17 17:16:15,PET04917,cat,7,28.9,False
U04918,A,2026-10-02 03:06:13,PET04918,cat,7,23.0,False
U04919,B,2026-11-22 09:04:37,PET04919,cat,4,5.7,True
U04920,B,2026-10-25 04:47:03,PET04920,dog,11,28.6,False
U04921,A,2026-12-04 21:24:09,PET04921,dog,14,12.3,False
U04922,A,2026-11-25 07:07:04,PET04922,dog,10,25.1,False
U04923,A,2026-10-27 13:36:15,PET04923,dog,3,24.1,True
U04924,B,2026-11-08 12:32:29,PET04924,dog,8,12.8,False
U04925,B,2026-10-07 11:49:31,PET04925,cat,12,6.9,True
U04926,B,2026-09-16 01:35:30,PET04926,dog,1,24.8,False
U04927,B,2026-10-13 06:18:16,PET04927,dog,9,29.9,False
U04928,B,2026-10-31 20:31:06,PET04928,cat,10,29.6,False
U04929,B,2026-09-24 13:09:19,PET04929,dog,8,22.5,False
U04930,A,2026-09-27 21:03:33,PET04930,dog,9,9.1,False
U04931,B,2026-09-09 13:25:37,PET04931,cat,13,12.1,True
U04932,A,2026-11-13 07:38:25,PET04932,dog,2,26.8,False
U04933,A,2026-11-27 08:17:21,PET04933,dog,8,15.3,False
U04934,B,2026-11-21 18:36:26,PET04934,cat,12,26.0,False
U04935,A,2026-10-12 05:42:21,PET04935,dog,12,11.9,False
U04936,B,2026-10-31 14:23:33,PET04936,dog,7,1.7,True
U04937,B,2026-12-03 22:27:21,PET04937,dog,14,21.7,False
U04938,B,2026-10-31 20:17:26,PET04938,dog,5,21.6,True
U04939,A,2026-10-04 09:17:47,PET04939,cat,7,22.5,True
U04940,A,2026-10-08 06:38:49,PET04940,dog,12,10.5,False
U04941,B,2026-11-12 14:55:08,PET04941,dog,7,28.7,True
U04942,A,2026-10-18 14:38:44,PET04942,dog,5,17.8,True
U04943,A,2026-11-22 17:20:23,PET04943,cat,8,27.0,False
U04944,A,2026-11-24 01:44:40,PET04944,dog,9,22.0,False
U04945,A,2026-09-11 12:57:28,PET04945,cat,14,15.4,False
U04946,B,2026-11-12 00:13:36,PET04946,dog,9,24.3,False
U04947,A,2026-10-11 23:47:01,PET04947,cat,3,20.8,True
U04948,B,2026-10-24 20:59:33,PET04948,dog,1,18.6,False
U04949,A,2026-10-01 17:45:18,PET04949,dog,14,23.2,False
U04950,A,2026-10-11 07:04:08,PET04950,dog,6,4.4,True
U04951,B,2026-10-07 17:54:46,PET04951,dog,3,32.0,False
U04952,B,2026-09-12 10:41:23,PET04952,cat,4,12.7,False
U04953,B,2026-11-17 15:34:28,PET04953,cat,2,9.0,True
U04954,A,2026-09-20 05:33:45,PET04954,cat,3,27.4,False
U04955,B,2026-10-11 11:23:30,PET04955,dog,11,9.2,False
U04956,B,2026-09-25 21:02:36,PET04956,cat,10,34.9,False
U04957,B,2026-09-22 04:33:19,PET04957,dog,9,15.6,True
U04958,A,2026-10-11 09:13:43,PET04958,cat,1,11.4,False
U04959,B,2026-11-29 06:59:53,PET04959,cat,10,3.6,True
U04960,B,2026-12-01 04:17:55,PET04960,cat,14,2.9,False
U04961,B,2026-10-12 09:31:58,PET04961,cat,13,4.7,False
U04962,B,2026-10-23 14:35:30,PET04962,cat,6,1.7,False
U04963,B,2026-12-05 01:18:52,PET04963,cat,9,12.5,False
U04964,A,2026-09-29 04:55:52,PET04964,dog,5,11.9,False
U04965,A,2026-12-02 19:36:43,PET04965,cat,13,15.9,True
U04966,A,2026-09-17 06:15:23,PET04966,dog,13,9.3,False
U04967,A,2026-09-28 08:03:28,PET04967,dog,4,3.6,False
U04968,B,2026-10-08 16:08:49,PET04968,cat,7,3.9,True
U04969,B,2026-09-11 17:54:50,PET04969,dog,4,7.6,False
U04970,B,2026-11-20 23:01:16,PET04970,cat,9,12.1,False
U04971,B,2026-11-23 03:48:42,PET04971,dog,5,6.5,False
U04972,B,2026-10-12 18:06:55,PET04972,dog,10,13.7,False
U04973,B,2026-11-22 17:22:12,PET04973,cat,14,32.4,False
U04974,A,2026-11-16 02:58:45,PET04974,dog,13,10.3,False
U04975,B,2026-11-19 21:02:17,PET04975,cat,3,7.1,False
U04976,A,2026-11-19 07:30:04,PET04976,cat,2,23.8,False
U04977,B,2026-10-29 10:09:14,PET04977,cat,12,17.9,False
U04978,B,2026-09-17 19:06:45,PET04978,dog,2,3.1,True
U04979,B,2026-11-30 12:34:32,PET04979,cat,6,27.9,False
U04980,B,2026-11-01 06:36:12,PET04980,dog,14,25.5,False
U04981,B,2026-11-28 07:43:35,PET04981,dog,7,34.2,False
U04982,B,2026-12-03 17:45:42,PET04982,dog,1,32.9,False
U04983,B,2026-09-24 04:23:54,PET04983,dog,14,21.1,False
U04984,B,2026-10-14 11:19:22,PET04984,dog,10,24.5,False
U04985,A,2026-09-25 17:56:19,PET04985,dog,5,15.2,False
U04986,B,2026-09-12 21:13:32,PET04986,dog,9,31.3,False
U04987,B,2026-12-03 19:49:31,PET04987,cat,9,20.0,False
U04988,B,2026-11-30 08:37:10,PET04988,dog,8,12.4,False
U04989,A,2026-11-30 04:46:06,PET04989,dog,14,1.8,False
U04990,B,2026-11-26 22:25:46,PET04990,dog,12,21.1,False
U04991,B,2026-11-05 14:20:16,PET04991,dog,4,19.1,False
U04992,B,2026-10-24 09:46:42,PET04992,cat,14,28.7,False
U04993,B,2026-12-06 21:38:49,PET04993,cat,14,7.8,True
U04994,B,2026-10-27 17:25:46,PET04994,cat,1,28.8,True
U04995,A,2026-11-04 11:26:09,PET04995,cat,5,2.0,False
U04996,B,2026-09-27 04:41:04,PET04996,dog,9,21.2,False
U04997,B,2026-11-14 01:57:35,PET04997,cat,13,14.8,False
U04998,B,2026-11-20 12:44:20,PET04998,dog,11,12.6,False
U04999,B,2026-11-08 02:44:44,PET04999,dog,9,16.0,True
U05000,A,2026-10-22 07:26:35,PET05000,dog,5,9.0,True
