event_time,event_type,product_id,category_id,category_code,brand,price,user_id,user_session
2019-11-01 01:45:19 UTC,cart,5791771,1526733091857498510,,,5.08,434112804,9d69836d-f15a-4c8d-8ad5-b7e306b03e3e
2019-11-01 04:15:22 UTC,view,5867610,1487580004916134735,,,5.22,414177789,491b6de3-6aa1-46af-9f14-fb3ca741593b
2019-11-01 05:36:39 UTC,view,5812118,1487580013212467384,,art-visage,5.16,560247969,45fdeab9-5fe4-4d0d-82f2-d8ae838533cb
2019-11-01 05:50:16 UTC,view,5767951,1487580005595612013,,,3.33,550369365,e30c9acb-d4b8-4587-a50e-14bac5464d47
2019-11-01 05:54:36 UTC,cart,5335,1487580009605365797,,runail,0.4,533715051,a36ed6f7-85db-4616-9f1b-009952543c74
2019-11-01 06:53:09 UTC,view,5811764,1487580005092295511,,pnb,5.49,502687108,333790f7-db28-4aee-aecb-e44172e4d93d
2019-11-01 07:36:31 UTC,remove_from_cart,5866563,1543705961326182546,,,6.57,461501579,0c3daa71-b16c-4a9d-8cba-a80b320a22c1
2019-11-01 07:38:30 UTC,view,5814046,1487580005092295511,,grattol,6.27,480239824,edc71710-36da-44ee-ac5f-f89a3fedc738
2019-11-01 07:44:16 UTC,cart,5813498,1487580005553668971,,,11.03,231820031,72f6b641-a50c-4b51-a127-f5e3a0fc372a
2019-11-01 07:44:52 UTC,view,5662278,1487580007717929935,,airnails,1.43,566174613,4a13d24a-00ac-444b-97af-2942e15bf625
2019-11-01 08:11:58 UTC,purchase,5833334,1487580007675986893,,bpw.style,0.79,257338147,acbe9d6e-8773-400a-8b7d-a50a4bf05b56
2019-11-01 08:12:15 UTC,cart,5870668,1487580005671109489,,masura,1.73,537008952,a533c9fb-1ac4-410f-8fcf-d62c0a68585b
2019-11-01 09:06:37 UTC,view,5552328,1487580007592100809,,,0.22,472253173,47a75f40-484d-43af-967a-4e0e66ce6c88
2019-11-01 09:15:41 UTC,view,5815662,1487580006317032337,,,0.92,566392776,38069be2-6c85-408a-abfc-f9bd2b88c452
2019-11-01 09:39:57 UTC,view,5730220,1487580009387261981,,,7.78,566400924,91c242c9-71a0-4247-8a00-b581f6d661be
2019-11-01 09:46:42 UTC,view,5792570,1487580009177546772,,runail,23.43,556771330,afc7c172-3f34-4ead-a9f1-cc55cb54b842
2019-11-01 09:48:45 UTC,view,5897623,1487580009336930331,,,9.37,550388516,df0712db-190a-4cd8-b0e6-4bba8d951298
2019-11-01 10:00:33 UTC,purchase,5839672,1487580005671109489,,masura,2.37,493060417,4ef3dd76-cfc5-45a0-b007-92d7bd8508ab
2019-11-01 10:17:19 UTC,remove_from_cart,5853685,1487580005671109489,,masura,3.95,530546952,c9e505d7-6250-9e18-6f81-83f8137eaef9
2019-11-01 10:36:29 UTC,cart,5827940,1487580009362096156,,solomeya,0.87,425844189,47c5a32a-b676-4b8f-8f5a-0b35c465543a
2019-11-01 10:46:09 UTC,purchase,5875402,2084144451428549153,,,2.05,566346759,26f012e8-4100-9497-6b74-a3798725ccf4
2019-11-01 11:04:59 UTC,remove_from_cart,5851279,1525995662934540829,,,3.97,566329620,9dc82fcf-b66b-486d-b12c-55304b8d1209
2019-11-01 11:33:54 UTC,cart,5734505,1487580005050352469,,haruyama,3.97,557797497,5d72f8f3-23e4-40c4-bca3-016028524b89
2019-11-01 11:36:47 UTC,view,5804022,1487580005922767741,,,3.17,566391692,6740c026-736e-478f-bad1-1dba28332f24
2019-11-01 12:04:30 UTC,view,5880549,1487580005092295511,,,10.63,526304871,b8ff441d-b04b-4d9e-a3f8-ddc22719f75d
2019-11-01 12:28:44 UTC,view,5884290,1487580013145358517,,,4.38,566452787,89978329-f97b-4014-8ddf-1d01f07e043e
2019-11-01 13:06:07 UTC,remove_from_cart,5781252,1487580012927254698,,,7.78,547408103,7632019a-5973-4dd3-af7a-79fb341dc19e
2019-11-01 13:59:46 UTC,cart,5867426,1487580005595612013,,,0.51,540035561,57a23d65-a948-45e0-9e31-d5ac4d0ab253
2019-11-01 14:17:05 UTC,cart,5664649,1487580011425693811,,,0.95,315319639,7d072f8f-f6e1-4527-b9f0-89b967cb8b8c
2019-11-01 14:50:58 UTC,cart,5752492,1487580005511725929,,,4.27,465826626,039d9014-5aa9-4a89-880b-d823b57bef6d
2019-11-01 15:06:05 UTC,cart,5786837,1783999068909863670,,smart,5.56,372943016,d05afac8-184f-4e49-8e22-dbe8e7dccb36
2019-11-01 15:33:14 UTC,view,5803087,2140803113261466607,,staleks,4.76,549625593,f9dcab49-41f4-439f-9693-c4f3ede4ba1d
2019-11-01 15:53:58 UTC,cart,5816170,1602943681873052386,,grattol,5.24,540319323,f367e1f9-b844-43b6-8c6a-0edf49166d66
2019-11-01 15:58:43 UTC,remove_from_cart,5614795,1487580008263189483,,matrix,9.86,540569738,24f8db05-644e-4239-9c46-26636e9c92f3
2019-11-01 16:03:25 UTC,view,5550106,1487580005595612013,,,3.0,563404775,ffa50c89-aa00-44e2-aea3-d73a97fc0ad0
2019-11-01 16:22:49 UTC,remove_from_cart,5624541,1487580011283087468,,masura,6.97,563489446,021f1fe4-7c45-442a-ab8e-0a2880ead6e4
2019-11-01 16:41:44 UTC,cart,5620296,1487580013992607968,,,27.14,523205723,eca0c906-605f-458d-a4d9-73e6e4510397
2019-11-01 17:03:06 UTC,view,5836077,1487580008246412266,,markell,6.03,566533239,57d30ff3-d4ac-414d-aabc-92d5dea5a62d
2019-11-01 17:06:09 UTC,cart,5734556,1487580005050352469,,haruyama,2.78,472328400,713b8b51-1506-4dc1-9e62-718db055ed15
2019-11-01 17:15:07 UTC,cart,39918,1487580008657454075,,,2.86,566536302,ca326f4c-660a-42e6-9044-9997538dd9c2
2019-11-01 17:37:43 UTC,cart,5879134,1487580007634043851,,,0.79,564757946,87bd45c3-cbb3-4458-93ad-803cfcf499d3
2019-11-01 18:03:13 UTC,view,5833318,1487580007675986893,,bpw.style,0.79,566548482,005e29ee-ea9f-4fa7-b24e-95044bdca622
2019-11-01 18:22:35 UTC,view,5803085,1759024699007828783,,,9.0,514003567,2dcf2821-794c-417b-83f2-0d32fccdfa89
2019-11-01 18:35:32 UTC,purchase,5894247,2151191059751764547,,cristalinas,9.51,519492760,262c41c5-8509-4cbd-9985-a06b6c35897a
2019-11-01 19:17:30 UTC,remove_from_cart,5896432,1487580005050352469,,haruyama,3.97,566535641,a80185a7-e799-4fb5-9269-abc41296e1a9
2019-11-01 19:27:53 UTC,view,5834672,1487580007256556476,,,4.68,566539426,d9c5afd3-bc39-4c55-aea6-56b9fa879f1c
2019-11-01 19:37:22 UTC,remove_from_cart,5829353,1487580011585077370,,farmstay,0.79,566569680,ec103d0c-7d8b-40c1-aadd-de5ac99aadbb
2019-11-01 19:39:39 UTC,view,5809313,1487580007675986893,,bpw.style,1.43,566573821,47778396-850b-462d-a5e0-0a8bbf32cb49
2019-11-01 19:49:12 UTC,view,5809912,1602943681873052386,,grattol,5.24,562960743,f96a30ab-b6a7-4440-a012-3639188cfdd0
2019-11-01 20:23:18 UTC,purchase,5854384,1487580009387261981,,jessnail,2.06,566471106,537a6b44-ef35-4cfc-9e76-a2ea22a0a50c
2019-11-01 20:54:17 UTC,cart,5899846,2115334439910245200,,,4.02,543801379,e9cfb0d7-ee66-48e6-b99d-13cdd8647218
2019-11-01 21:19:12 UTC,view,5881772,2084144451428549153,,,2.05,524830358,dac4b4f6-a44d-eb47-6547-6c8163081eda
2019-11-01 21:22:05 UTC,remove_from_cart,5855282,2195085255034011676,,severina,1.73,566596887,6ae4765f-04e4-4d83-a1f3-466df5e92c68
2019-11-01 21:44:29 UTC,remove_from_cart,5843546,1487580010628776014,,,3.97,525632179,282393b2-1be7-4924-8380-af00cb3fc294
2019-11-01 22:41:15 UTC,view,5813493,1487580005553668971,,,11.03,469124292,72c6d811-457c-467c-ab53-e716c57eb611
2019-11-01 23:08:14 UTC,cart,5809882,1602943681873052386,,grattol,4.76,561359493,78e3c465-ddb6-4e26-af0c-9f1289a458b1
2019-11-02 04:03:15 UTC,view,5745826,1487580013950664926,,,18.41,564448710,895aa5d8-447a-4eec-938c-88e9b2789111
2019-11-02 04:37:38 UTC,remove_from_cart,5834171,1487580013522845895,,runail,7.94,566345096,f48ddeb9-5b37-126f-5e7e-2a45f0765626
2019-11-02 05:16:00 UTC,view,5846804,1487580013522845895,,browxenna,4.13,563183878,95c7782f-20e0-40dd-b7f4-e8297f8b541b
2019-11-02 05:59:19 UTC,cart,5870111,1487580006317032337,,,4.29,512165527,ed478fd8-f8ce-4494-bfe1-e41deb5d8cf1
2019-11-02 06:50:24 UTC,view,5848910,1487580007675986893,,bpw.style,0.79,534026776,13ef804b-f983-4ffa-8229-dad827c90d44
2019-11-02 07:46:45 UTC,cart,5723490,1487580005134238553,,runail,2.62,542456703,6faaa943-65b1-43d7-af1e-8eca58a82ef7
2019-11-02 08:03:43 UTC,view,5870819,1487580007675986893,,milv,0.79,501038485,0ce7eb9a-9015-4d55-8bdd-66424ba0c382
2019-11-02 08:35:44 UTC,remove_from_cart,5804168,1487580005671109489,,masura,1.73,560832089,8618443c-1d12-43b5-aef7-938159aeff87
2019-11-02 08:42:59 UTC,cart,5806922,1487580005092295511,,grattol,6.27,557165283,292db22b-518e-49df-8d94-190986cf840c
2019-11-02 08:44:22 UTC,view,5824614,1487580005671109489,,masura,3.63,535609707,393652cf-eadc-40f8-846b-05265a56f3ad
2019-11-02 09:15:53 UTC,view,5708350,1487580012876923048,,italwax,25.4,566647266,a4233f85-5f10-4743-aaba-63db9941cd07
2019-11-02 09:23:21 UTC,view,5649214,1487580005268456287,,,5.56,566722044,fabb001f-1202-4a9e-9be4-2e7e150f8082
2019-11-02 09:25:23 UTC,purchase,5854108,1487580008657454075,,,2.22,528767325,6c0ce0d2-83c7-4b5f-9be0-c0007efcdb82
2019-11-02 09:37:45 UTC,view,5808324,1487580013858390233,,kapous,0.86,566726881,fd61a575-d15e-492a-aa18-5f85c4773974
2019-11-02 09:43:32 UTC,view,5879278,1891434214553813877,,masura,3.95,566726880,1cb4b9a8-e3bc-4574-b294-0483b2871d27
2019-11-02 09:44:06 UTC,remove_from_cart,5842141,1487580006317032337,,,1.59,536000143,36ab11a3-765c-4a63-8d20-a7b9fc19179c
2019-11-02 10:29:55 UTC,cart,5843836,1487580009286598681,,,0.38,488519886,f8b6588d-0f73-4189-af04-60faea908c91
2019-11-02 11:19:08 UTC,purchase,5899863,2115334439910245200,,,4.62,547408103,152ffb57-2cb7-49a5-a5ad-204e2e2d3c49
2019-11-02 12:05:48 UTC,purchase,5772713,2195085255034011676,,sophin,5.56,566755810,2a970e5f-ea8d-4872-9bbb-28aa87008eed
2019-11-02 12:33:38 UTC,view,5784040,1487580006937789357,,,7.86,555072814,35d713de-e468-46f2-b68c-0f808f2f488d
2019-11-02 14:13:27 UTC,remove_from_cart,5700037,1487580009286598681,,runail,0.4,515588278,2e8601fa-4e70-4608-8cec-f37b6e731db0
2019-11-02 14:21:13 UTC,cart,5819391,1487580007675986893,,bpw.style,0.79,346500994,dfedcd58-479c-4783-97d8-f2aa3a00ecaa
2019-11-02 14:56:33 UTC,remove_from_cart,5809912,1602943681873052386,,grattol,5.24,354735071,4158c08b-0fe5-4a80-adf4-fda7f35b0844
2019-11-02 15:27:22 UTC,remove_from_cart,5875347,2084144451428549153,,,2.05,561203232,687b5b39-aeb6-443a-a3fa-5246eeee2074
2019-11-02 15:44:06 UTC,cart,5842177,1487580006317032337,,,1.59,438694995,a877e4c6-a5b4-4e0e-84ef-758f7c2bc085
2019-11-02 16:33:30 UTC,view,5794073,1487580005511725929,,,5.56,559520706,b1a3d505-2713-4a23-9939-6b327970a1bd
2019-11-02 16:58:31 UTC,remove_from_cart,5697497,1783999067156644376,,estel,7.94,566832864,945d2ae4-fe44-4537-9556-da9efeb8388d
2019-11-02 17:49:50 UTC,remove_from_cart,5761412,1487580009445982239,,,2.22,470684455,d681382f-d893-45c7-8ed5-f3b19932e1b4
2019-11-02 18:06:34 UTC,view,5881332,1487580005092295511,,beautix,15.71,566872383,a0502370-15e7-4684-8446-12c9a798db38
2019-11-02 18:12:30 UTC,view,5862943,1487580007675986893,,freedecor,0.79,566672709,81bb8e95-ca0f-427a-bd1d-959ebc1cec21
2019-11-02 18:36:32 UTC,remove_from_cart,5823540,1487580004916134735,,,5.22,351958444,3a6824e7-5ab3-4b81-951b-d897564dd57b
2019-11-02 19:11:43 UTC,view,5659871,1487580009177546772,,,39.21,566896505,b9a8eed7-cebd-4620-95c6-510b8730b194
2019-11-02 19:21:29 UTC,view,5884033,2114584564549550293,,,4.06,511944871,dcc585a8-edb6-4576-9c05-9b99ad9890de
2019-11-02 19:22:23 UTC,view,5699414,1487580006409307030,,airnails,11.9,500635518,b3484977-8b20-4313-b3b7-1fe76ce3b229
2019-11-02 19:50:18 UTC,view,5850349,1487580011702517887,,bioaqua,10.95,529109440,b12b5de9-f441-4d8f-b6c8-f548dcd60199
2019-11-02 20:24:39 UTC,view,5811659,1487580005427839846,,irisk,2.48,340350163,3dcab290-5979-4726-b701-6df34bde3042
2019-11-02 20:25:20 UTC,remove_from_cart,5851606,2055161088059638328,,irisk,1.75,525486547,917b0fce-8fcb-4af2-86e3-1c1e96c976df
2019-11-02 20:51:47 UTC,cart,5809280,1487580007675986893,,bpw.style,0.79,561174679,e7b12258-a69f-4680-9387-56cfe700ae31
2019-11-02 20:55:39 UTC,cart,6534,1487580006551913373,,cnd,4.3,555957623,46a7db2d-5575-4eeb-87d8-16cd9022e732
2019-11-02 21:07:04 UTC,cart,5767917,1487580005595612013,,,2.05,413243277,65d70b11-f587-42e2-a360-45d2bd3b4e6f
2019-11-02 21:08:26 UTC,view,5529515,2151191070908613477,,,1.0,484975927,bbc08640-8d22-479d-b0f2-38a811777e0f
2019-11-02 21:52:17 UTC,view,15708,1487580008657454075,,,2.86,566877733,87c33e25-0b31-3ac5-5322-5e8115ad3281
2019-11-02 22:03:14 UTC,remove_from_cart,5529515,2151191070908613477,,,1.0,555957623,46a7db2d-5575-4eeb-87d8-16cd9022e732
2019-11-02 22:14:47 UTC,view,5677456,1487580008263189483,,estel,10.32,566936759,5614d7a0-7ce9-4b01-a151-c2bafb5dd0be
2019-11-02 22:45:36 UTC,view,5809910,1602943681873052386,,grattol,5.24,293459436,2ae8e6ea-eb95-4aed-acdd-801e7cd5e9a3
2019-11-02 22:54:15 UTC,view,5732030,1487580012096782476,,domix,2.89,566783642,a6427354-4b2f-4bee-8f00-bbdf50ea1ea9
2019-11-03 00:45:17 UTC,view,5699414,1487580006409307030,,airnails,11.9,271671281,f411031c-2bb8-48c3-89ef-49fc8cdcc906
2019-11-03 01:21:14 UTC,cart,5784085,1487580008145748965,,,3.97,501380887,637b49f8-2c10-4b1d-9e5a-9bb1c2d5eca3
2019-11-03 01:31:50 UTC,view,5891360,1487580008758116352,,art-visage,2.38,528627037,089f6e19-f352-4635-afdd-a1f47a7e99ec
2019-11-03 03:22:53 UTC,remove_from_cart,5013,1487580008145748965,,runail,1.27,411427782,8ad9a767-634b-411d-a605-6415c764c745
2019-11-03 04:48:25 UTC,view,5889487,1958278551207674674,,severina,2.86,486931151,4364249f-4f31-4e40-a807-155381c22627
2019-11-03 06:01:13 UTC,cart,5700038,1487580009286598681,,runail,0.4,563381118,0c4535b0-bc01-4020-90f5-190182ac23ec
2019-11-03 07:21:33 UTC,view,4591,1487580007483048900,,runail,5.95,567020228,f53e6da7-5bd6-4313-b4ce-25e77bb3ee18
2019-11-03 07:24:20 UTC,view,5845380,1487580013581566154,,,5.02,459900411,e7517de5-ec76-4dd5-8d6f-cdb94a0e983f
2019-11-03 08:13:30 UTC,cart,5888101,1487580013430571202,,shik,3.97,566803405,f0738ca0-9903-4bbd-a36e-59cbb235f8f8
2019-11-03 09:43:45 UTC,remove_from_cart,5898115,1487580012373606546,,ecolab,3.97,558209735,3c579122-fefe-4d53-9d59-4094e6add3ec
2019-11-03 10:47:49 UTC,remove_from_cart,5842141,1487580006317032337,,,1.59,489839707,83457a9f-8ce3-4bb1-b355-a6089d284eb2
2019-11-03 11:17:32 UTC,view,5866163,1487580007675986893,,,1.75,431050179,4475d941-081f-4978-8a77-949c1d261ad6
2019-11-03 11:24:20 UTC,view,5816919,1858245586344477369,,kaaral,23.33,426864024,04dae0b9-9fce-4a42-9498-44d2e35a8a12
2019-11-03 11:38:56 UTC,view,6940,1487580007936033754,,runail,2.78,479385568,a9e6edb3-388c-4d95-b4f1-43100b340c14
2019-11-03 12:03:34 UTC,remove_from_cart,5875276,1487580005754995573,,,5.56,322485203,5da03ba3-b822-4dd9-9fa5-0798a1f3ce50
2019-11-03 12:25:34 UTC,cart,5875283,1487580010754605141,,,1.59,524979269,d7f41e01-eb3f-4bc3-9a69-ffc9f6968816
2019-11-03 12:51:47 UTC,view,5825587,1487580005754995573,,,4.44,475253400,b20f6c67-147b-4145-89dd-d10279ad868f
2019-11-03 13:31:45 UTC,view,5702396,1487580011702517887,,bodyton,7.62,415607388,84e05def-3b78-4b24-a1ad-a29d53cf4cda
2019-11-03 13:44:23 UTC,remove_from_cart,5787544,1658462125284131265,,uskusi,2.78,429831974,869981e7-dbc6-4b1e-94dc-62f8e4024132
2019-11-03 13:47:59 UTC,remove_from_cart,5864274,1487580011585077370,,dermal,1.03,567104992,b6f4cc07-daf6-42e6-bcf7-5df276b4dfd5
2019-11-03 14:25:45 UTC,remove_from_cart,5819256,1487580005713052531,,ingarden,4.44,540873256,00637486-ff85-4551-9144-4193f829feec
2019-11-03 14:33:07 UTC,view,5696903,1487580009286598681,,irisk,0.71,548107984,4d5d6fcf-6120-414c-b929-f8fc21f150be
2019-11-03 14:41:28 UTC,view,5753483,1487580013069861041,,italwax,2.68,567148188,57638a02-fef4-40d5-8f2b-5cb037ab89e6
2019-11-03 15:11:45 UTC,view,5841298,1487580006300255120,,irisk,82.54,563751485,c17388c6-b55b-43ab-8b6e-c0b2b0088ada
2019-11-03 15:52:17 UTC,view,5859184,1487580007432717250,,,2.19,537728525,d1b66b90-8668-4be3-af40-9fb84cba16eb
2019-11-03 17:00:36 UTC,view,5864643,1487580007675986893,,bpw.style,1.9,567191586,0e65794b-d9eb-47bb-88a0-ff8840984b05
2019-11-03 17:14:21 UTC,purchase,5834156,1487580013506068678,,runail,6.67,550671417,98e24d32-88fa-4497-95d4-e5e6457a49ce
2019-11-03 17:23:51 UTC,cart,5769940,1487580013858390233,,kapous,3.06,385054599,1a022e5c-3702-4401-aaa4-a0e5e9d65d8e
2019-11-03 17:44:31 UTC,cart,5834754,1487580004857414477,,lianail,6.02,554331658,bb5c9a07-347b-47f6-ac75-7da4448c9d5d
2019-11-03 17:44:56 UTC,view,5861463,1487580013841613016,,farmavita,5.56,560240947,2eaa38a9-c15e-43c1-828a-985bbccfc59f
2019-11-03 19:26:40 UTC,view,5823771,1487580008263189483,,estel,2.38,567228014,72f03515-9af2-4837-872e-5a7fb63a8f3d
2019-11-03 20:05:56 UTC,view,5792795,1487580004916134735,,,4.44,515476528,220f7ba9-7232-f398-bc27-f1a9becec1bb
2019-11-03 20:40:29 UTC,remove_from_cart,5688124,1487580009311764506,,,0.32,567171484,3e810896-82df-437c-9856-fab4abca4efd
2019-11-03 21:13:39 UTC,cart,5712697,2007399943458784057,apparel.glove,nitrimax,10.32,555792857,c5de89e9-3df2-484a-aedc-1ee31e8dca88
2019-11-03 21:45:54 UTC,view,5889632,1487580010561667147,,,7.94,253221767,e6f3eac5-a8a3-42d9-acae-6bb23e7e79a5
2019-11-03 21:46:39 UTC,purchase,5712697,2007399943458784057,apparel.glove,nitrimax,10.32,555792857,c5de89e9-3df2-484a-aedc-1ee31e8dca88
2019-11-03 21:47:04 UTC,view,5588,1487580006132482952,,runail,4.84,567270718,9c0ef163-a846-4e02-80bd-09db6c7a029b
2019-11-03 22:07:23 UTC,view,5779406,2151191071051219817,,,2.86,567273771,d1cb8038-ccb4-4bf2-a8f1-cda9c11fb5c3
2019-11-03 22:20:23 UTC,view,5683740,1487580005595612013,,,3.0,561533494,bebe82a0-5f93-44f1-a5a0-a2d7beebdbb9
2019-11-03 22:28:04 UTC,view,5831649,1783999068867920626,,,1.43,446517667,80b4d87c-7c09-4ed5-bd3f-5fa4dfb0644d
2019-11-03 22:34:12 UTC,remove_from_cart,5837126,1487580012969197740,,,3.81,408085978,da2f3f32-e3df-4449-9be0-008466183759
2019-11-04 02:29:55 UTC,view,5565096,1487580005595612013,,,3.0,567300516,506b2c98-e671-4c27-8953-a63e68dc2d51
2019-11-04 03:52:49 UTC,view,5881332,1487580005092295511,,beautix,15.71,431404088,47d0b6dc-9af1-4164-b933-5b540837bb1e
2019-11-04 05:33:42 UTC,view,5685354,1487580011853512836,,farmona,29.21,567330041,c91d9a6c-6481-4213-9aeb-4962e56fd185
2019-11-04 05:51:12 UTC,cart,5957,1487580009387261981,,runail,2.86,554533542,17c770db-cd9c-4419-a0ca-12e8ed1607bb
2019-11-04 06:23:12 UTC,cart,5861318,1487580008145748965,,,1.11,522171771,81b21281-7944-4e04-9b30-81639678f36b
2019-11-04 06:47:20 UTC,view,5677045,1487580008246412266,,estel,7.7,540632202,f35c3fe0-7ad2-46dd-924d-5df77da8899f
2019-11-04 08:06:40 UTC,view,5770038,1487580013841613016,,kapous,2.81,462016117,0742fd50-8efb-44a7-a4f0-7e0820fe9efa
2019-11-04 08:12:36 UTC,view,5877211,1487580013950664926,,lamixx,50.0,567374957,1a96efe7-a238-4b03-92d8-c9dab81c8b57
2019-11-04 09:05:42 UTC,view,5704998,1487580008145748965,,irisk,1.11,396036652,0f2926d6-9ace-40ba-a6b8-0043008168b0
2019-11-04 09:20:34 UTC,view,5856263,1658462125284131265,,uskusi,4.76,567397039,7169047a-73c9-4ac6-a8d3-227914b14b00
2019-11-04 09:26:41 UTC,view,5881776,2084144451428549153,,,2.05,563052950,277e1ac1-d800-42e5-8048-91baf16ed936
2019-11-04 10:03:49 UTC,view,5811437,1487580007936033754,,runail,0.71,567370396,e949beb3-5a17-43b8-9769-11977deddafd
2019-11-04 10:18:56 UTC,remove_from_cart,5732026,1487580011970953351,furniture.bathroom.bath,domix,4.16,548288695,633a9e50-88b1-4ceb-bf6c-165e2dd7da93
2019-11-04 10:36:17 UTC,view,5761297,1487580005553668971,,,7.94,532758392,0692d7b3-abd5-4b16-bd74-1eee69db7ffb
2019-11-04 10:45:00 UTC,remove_from_cart,5731810,1487580010125459512,,domix,9.89,341729724,daa66e8b-5cff-4e06-a02c-238e1c06b102
2019-11-04 10:57:45 UTC,view,5651938,1487580012902088873,,,6.33,567386744,c774ca0a-8671-4078-b0a2-67b4f9771199
2019-11-04 11:22:10 UTC,remove_from_cart,5650160,1487580010242900029,,concept,3.49,565313377,264b0078-07ff-4e31-a78d-a707eb43ca00
2019-11-04 12:06:07 UTC,view,5700046,1487580009286598681,,runail,0.4,535931603,77c0d526-a95e-4795-b1bf-4f3a5ca28525
2019-11-04 12:14:39 UTC,remove_from_cart,5792800,1487580005268456287,,,10.32,567438674,6dd19c6f-cf7f-458d-b064-87d1f459ec8b
2019-11-04 12:27:20 UTC,view,5883089,1487580012927254698,,runail,2.38,567444022,c9a04914-35d6-4029-a17a-41a5a30832e7
2019-11-04 12:28:50 UTC,view,5778734,1638456119066100510,,pole,4.11,566781240,c8265ede-0ab8-45be-ab8a-eed3600d5e2b
2019-11-04 13:14:29 UTC,cart,5889483,1487580009622143014,,severina,0.56,558737921,4b0667d6-cd8c-40c7-8a02-e90975fc0729
2019-11-04 13:19:18 UTC,remove_from_cart,5822301,1487580005595612013,,,3.0,567373248,0ead3dbe-80b2-375c-4829-49a05b21d52a
2019-11-04 13:28:58 UTC,purchase,5829792,1897124478404526487,,,3.81,557513931,e7feac85-615f-4bf0-b958-4812b5857d73
2019-11-04 13:49:39 UTC,remove_from_cart,5738944,1487580005511725929,,,3.41,567472334,8b2ec2bc-4bb1-4e7d-8eb6-200b17617126
2019-11-04 14:11:54 UTC,cart,5549798,1487580005595612013,,,3.0,567202193,61ce84c9-ebcc-41ed-bdbb-be963fcc1087
2019-11-04 14:13:47 UTC,view,5851060,1487580013841613016,,kaypro,9.05,567477986,4917b4a6-4c38-4653-882d-2b5193decf84
2019-11-04 14:13:47 UTC,view,5857346,1487580005134238553,,runail,2.78,565026733,3e8bec67-bfcc-49c3-bb38-c3543558a856
2019-11-04 14:20:26 UTC,purchase,5835963,1487580007483048900,,irisk,2.06,500564833,e3d0ce9e-df11-4497-8bf5-bb4f0032f08c
2019-11-04 15:03:14 UTC,purchase,5809284,1487580007675986893,,bpw.style,0.79,392555023,d1940c4a-989a-1a80-bef9-9dec2110f131
2019-11-04 15:34:22 UTC,remove_from_cart,5814701,1783999068867920626,,smart,2.38,477085571,6afd6ac3-2daf-4d29-92ca-93624d71fd5a
2019-11-04 16:05:49 UTC,cart,5861620,1487580008263189483,,lador,2.25,567514517,e0dc6571-35f6-4ad7-bd7b-357ead76f8c7
2019-11-04 16:10:14 UTC,cart,5809910,1602943681873052386,,grattol,5.24,457382308,75552a9c-40ff-4c79-876e-a9ca7b8802a7
2019-11-04 17:43:21 UTC,cart,5704997,1487580007399162817,,irisk,0.63,493752104,51cdf876-c0a3-499a-a38a-651f030f431b
2019-11-04 17:53:20 UTC,view,5888574,2151191071051219817,,,3.33,535097284,90c88d81-5487-4c76-bf4c-76c23304e547
2019-11-04 18:07:58 UTC,view,5749229,1487580005411062629,,cnd,16.03,440031655,987e5807-9d3f-8852-b8c9-30c7b6911a6e
2019-11-04 18:11:35 UTC,remove_from_cart,5733051,1487580004832248652,,beautix,9.37,565679553,f07f63a5-af85-4d08-a1b3-646e2a5d1aeb
2019-11-04 18:15:35 UTC,view,5884350,1487580010561667147,,oniq,10.32,552990273,46dd2c4c-cdaa-49be-a820-20a5285c7c3c
2019-11-04 18:24:39 UTC,remove_from_cart,5793704,1487580006509970331,,irisk,2.38,435508755,8fb966bb-5d14-4dc6-8093-e92088aa7f31
2019-11-04 18:28:26 UTC,cart,45528,1487580005713052531,,ingarden,4.44,370496145,d386a890-e2e3-4a69-b533-44925ef7ff24
2019-11-04 18:49:58 UTC,cart,5876837,1542195323827388674,,,9.92,555440688,6480e077-9a82-4d65-9c26-744bddc18f68
2019-11-04 18:57:57 UTC,remove_from_cart,5807835,1487580005713052531,,ingarden,4.44,404685030,50075dc8-577f-400f-8a89-4c39f96f1758
2019-11-04 19:15:25 UTC,view,5806552,1487580004916134735,,,10.63,320615109,de2466e7-8560-43e8-833f-8e9a6cfbb096
2019-11-04 19:16:06 UTC,view,5832473,1487580007675986893,,de.lux,1.59,505182119,eb169f20-0801-4f6e-a47a-a05f68bbb031
2019-11-04 19:33:35 UTC,remove_from_cart,5762161,1487580009362096156,,,0.87,488203336,acbeeb9f-ccc3-4ee3-bb07-609d8b27e482
2019-11-04 19:38:40 UTC,cart,5823561,1487580004916134735,,,4.7,559691713,741bf17d-ea05-4125-a992-b315a2ec5096
2019-11-04 19:42:33 UTC,remove_from_cart,5570244,1605161575889502297,,,4.29,567402125,f895356b-5c1c-40da-8bbe-1891a5686573
2019-11-04 19:54:42 UTC,remove_from_cart,5883100,1487580005713052531,,ingarden,4.44,506879897,2cdcb163-b9f4-48f4-8faf-cb0d5ec6b556
2019-11-04 20:06:53 UTC,cart,5787022,1487580005595612013,,,4.11,504972276,e490b3ac-7437-49a7-ae19-c716c1fb6df4
2019-11-04 20:19:27 UTC,cart,5561042,1487580005595612013,,,3.0,459649023,04bbfad0-2c1b-45df-9fc5-311b6e44e126
2019-11-04 20:22:34 UTC,view,5892050,1487580010377117763,,,5.08,512488740,0cafcdb5-b355-408a-9dca-74a2945a36b5
2019-11-04 20:23:20 UTC,purchase,5828219,1487580011702517887,,markell,7.3,523808159,0272de04-4716-4c22-ac7c-8098aa3a8852
2019-11-04 20:26:49 UTC,view,5809912,1602943681873052386,,grattol,5.24,567599038,b0b3f13b-ce65-4e3f-a16b-69e0b2f5d79a
2019-11-04 20:27:23 UTC,view,5838006,1921723491720102387,,,5.71,554673278,01c2f185-1a64-4bb1-b0bb-cc7e4ff475ca
2019-11-04 20:40:14 UTC,view,5843596,1783999071199952917,,,0.79,537883862,c15d375e-d199-4330-9d0a-340e41698c22
2019-11-04 20:58:11 UTC,purchase,5842133,1487580006317032337,,,1.59,564602940,29dac5ab-ff06-4768-908f-e32546211398
2019-11-04 23:27:10 UTC,cart,5857670,1487580007432717250,,artex,3.97,534804495,7573a945-8e6e-4601-9686-8c05aef86ae3
2019-11-04 23:40:43 UTC,cart,5708152,1487580011585077370,,igrobeauty,2.38,472223099,f3fb22be-0abb-4bf7-886e-2ad8f9241b5e
2019-11-05 02:16:58 UTC,view,5771954,2151191071378375538,,,7.3,566692834,8b6e9291-c21f-4006-b249-dc40da5c973f
2019-11-05 04:45:05 UTC,view,61430,1487580005461394279,,bluesky,3.49,567677280,c6d5bf45-e539-4cf4-ad5f-6ebdd19ddf79
2019-11-05 04:45:33 UTC,view,5794081,1487580005268456287,,,8.73,567665315,92f74686-e0ab-4dc2-a4e2-a8606615ab23
2019-11-05 05:24:20 UTC,view,5867782,1783999072332415142,,kims,36.49,567685990,2ad4c571-619d-4d78-ad00-775c8b4e17fb
2019-11-05 05:25:51 UTC,cart,5561284,1487580009605365797,,runail,0.44,545822360,109a885b-14f4-45c5-8253-280f21295ca1
2019-11-05 06:36:06 UTC,view,5816172,1602943681873052386,,grattol,5.24,567704579,31c3ab86-ba27-46d3-ac27-bbc64bf1fbf8
2019-11-05 07:13:57 UTC,view,5816179,1602943681873052386,,grattol,5.24,567704579,31c3ab86-ba27-46d3-ac27-bbc64bf1fbf8
2019-11-05 07:43:37 UTC,view,5809909,1602943681873052386,,grattol,5.24,498655746,15f72ef5-2743-4db6-9ac3-e4918568d0a1
2019-11-05 07:51:03 UTC,cart,5685798,1487580009445982239,,irisk,0.16,450672100,026e2f15-594f-435e-abfe-5a0e2a454b07
2019-11-05 07:59:32 UTC,view,5770036,1487580013841613016,,kapous,2.81,500750695,efacc9a7-1528-485a-8f18-f10728507743
2019-11-05 08:04:10 UTC,remove_from_cart,5872978,1487580013489291461,,browxenna,10.48,550798852,a4e37847-2aca-4e6c-81eb-a2f13e99fb6a
2019-11-05 08:08:54 UTC,view,5697545,1487580013950664926,,airnails,107.94,256829349,cc062d4f-36da-470f-95ff-a4b5cf825a85
2019-11-05 08:37:01 UTC,purchase,5597835,1487580005595612013,,,6.83,469299888,59bc30aa-960e-44a8-af07-14e23cf70b2b
2019-11-05 08:41:11 UTC,cart,5813482,1487580005671109489,,masura,1.73,526805937,6e259d29-bb4a-4eeb-a8fc-4a7cf3f4f521
2019-11-05 09:00:35 UTC,view,5550036,1487580005595612013,,,3.0,506902612,90eabd75-e355-473f-8627-c8ca0e40c641
2019-11-05 09:10:44 UTC,cart,5756303,1525995662934540829,,,3.57,551413846,79c3fc80-a356-4296-b1dd-cf1eacb3084c
2019-11-05 09:23:49 UTC,remove_from_cart,5808567,1495705810662064688,,irisk,2.38,527083800,8d5fcdac-c290-4090-923e-5fe75f7ba1ac
2019-11-05 09:46:30 UTC,remove_from_cart,5708979,1487580005671109489,,masura,3.16,514263116,c51d85e4-ff74-41ed-b07e-8de20878b348
2019-11-05 10:04:28 UTC,remove_from_cart,5698980,1487580006317032337,,,1.57,527740174,6ae922f5-5e16-4d30-bf53-f17a4fecc719
2019-11-05 10:09:06 UTC,cart,5809668,2151191071051219817,,irisk,3.17,567726713,53c62d6a-80d8-18fc-705b-70afb39fdadf
2019-11-05 10:44:25 UTC,view,5830317,1487580009496313889,,,4.76,515954206,771e7097-7608-419f-b5f5-e956c0066212
2019-11-05 10:45:42 UTC,view,5563804,1487580005595612013,,,3.0,547532473,ad304853-7c1e-4c68-befb-bc2c5167a608
2019-11-05 11:07:16 UTC,view,5843546,1487580010628776014,,,3.97,436673338,feddbafa-bec1-4f88-a8c3-da1acca21754
2019-11-05 11:12:36 UTC,remove_from_cart,5584834,1487580013581566154,,levissime,4.95,520380413,430c3b80-bbab-92e7-1054-11956c49f620
2019-11-05 11:16:47 UTC,remove_from_cart,5857277,1487580005134238553,,runail,2.62,562140166,1546401d-df24-83db-af6e-10b6c390a3ec
2019-11-05 11:17:12 UTC,view,5877456,1487580006300255120,,jessnail,122.22,567785652,f05627fb-76f4-411f-b94a-86bb2f763193
2019-11-05 11:30:15 UTC,view,5526,1487580006199591819,,ingarden,5.24,550183666,aaf36a0b-91aa-4c43-8984-01cf6f554a5b
2019-11-05 11:57:55 UTC,cart,5761411,1487580007432717250,,ingarden,2.86,563284856,3913b649-8965-4b4e-a14e-60f4300e6ac3
2019-11-05 11:58:21 UTC,cart,5896507,1487580008246412266,,concept,7.86,557777029,7983cc3d-1f5c-458f-a1f9-3f9af6cfbb4f
2019-11-05 12:21:13 UTC,cart,5861342,1487580010645553231,,,1.9,560506137,abe271cc-5df1-4a92-8cbf-1640ecb19329
2019-11-05 12:41:20 UTC,view,5897386,1487580011702517887,,,59.0,541455859,ec327cab-f6d1-4c0b-be04-b90184c4267f
2019-11-05 12:43:09 UTC,remove_from_cart,5690409,1487580004857414477,,lianail,5.54,561010115,d75e9907-1a85-404b-a004-9352f69c1982
2019-11-05 12:45:55 UTC,view,5798931,1783999068909863670,,zinger,6.19,561717910,d9850083-5d01-4018-aaf5-8579800676c5
2019-11-05 12:49:08 UTC,view,5841972,1921723506584715388,accessories.cosmetic_bag,,4.6,567821913,dadd017d-5023-439f-93e7-43e156df57d8
2019-11-05 13:22:10 UTC,remove_from_cart,5813055,1487580005671109489,,masura,3.95,464086088,69d5e906-c214-482b-89be-da6633cbbfea
2019-11-05 13:25:34 UTC,purchase,5854294,1487580010268065854,,,2.3,567798632,ad78bbc5-8fbf-401c-aff6-a6bffef91cdd
2019-11-05 13:26:53 UTC,view,5751383,1487580005092295511,,uno,10.32,567734516,53fdd5ac-110c-4935-a0e7-77bb69906f40
2019-11-05 13:34:49 UTC,cart,5808490,1487580009445982239,,irisk,1.75,477315260,793d0ae3-296e-4c8a-9def-69c24f191527
2019-11-05 13:39:36 UTC,cart,5854897,1487580009445982239,,irisk,0.32,541039102,80f9ab79-b857-4ce2-a587-cc859257dbbf
2019-11-05 13:45:27 UTC,view,5597835,1487580005595612013,,,6.83,567559762,63169406-cc7c-4615-9f0b-d5d3c176028d
2019-11-05 14:24:22 UTC,purchase,5564560,1487580007189447609,,runail,3.17,545371434,dd13418a-3286-4e60-8b83-6196bd79b3f4
2019-11-05 14:33:43 UTC,view,5334,1487580006551913373,,orly,25.38,567855863,7c03ebd5-62cc-436a-bd20-943f01f31469
2019-11-05 15:09:14 UTC,view,5749149,1487580007592100809,,,0.22,545756774,bdcfaff8-b4ee-42f1-a465-1324eb06d5bc
2019-11-05 15:15:56 UTC,remove_from_cart,5839689,1487580005671109489,,masura,3.95,509688411,d0a8b6cf-857b-4001-acaf-7affb25888ba
2019-11-05 15:26:02 UTC,view,5767806,1487580010645553231,,,3.65,543536651,a664655a-e1e1-411f-a8ec-1fcd101aecd1
2019-11-05 15:45:34 UTC,view,5841190,1487580009051717646,,,47.59,341064609,1353b955-9c0f-4c94-9727-9b1549e7d513
2019-11-05 15:50:04 UTC,cart,5811796,1487580005671109489,,masura,1.73,544380603,2f1c4fdd-8182-4e7f-b0cf-5bd2269dbe12
2019-11-05 15:56:16 UTC,remove_from_cart,5549784,1487580005595612013,,,3.0,522624167,966fa6ee-5cef-43de-9ed6-89b5eb62ca1b
2019-11-05 16:17:50 UTC,view,5620908,1487580005855658874,,runail,2.22,557481247,84296d15-9587-4a1b-a780-85f2d0119c47
2019-11-05 16:32:28 UTC,view,6736,2007399943458784057,apparel.glove,,5.24,526260455,e502c647-836e-4f02-b8d4-e6f26670b84b
2019-11-05 16:39:25 UTC,cart,6817,2007399943458784057,apparel.glove,,5.24,521631857,6367835f-e4e9-475b-a8bd-befecd61fa74
2019-11-05 17:19:39 UTC,view,5799727,1658462125284131265,,uskusi,3.17,567892810,989cbf8e-4602-45d8-821f-c41062c9a8cf
2019-11-05 17:38:52 UTC,view,5813492,1487580005553668971,,,9.52,481141263,6fccaaa4-184f-4d3d-9bf5-5e2e2b608ebb
2019-11-05 17:47:55 UTC,remove_from_cart,5886708,1487580005067129686,,,2.38,506877330,86033525-2de4-4078-892a-493ae2ba76b0
2019-11-05 18:00:34 UTC,view,5736447,1487580004857414477,,lianail,5.54,357288980,92ff02d9-abfb-4462-b702-2aec5adb7f31
2019-11-05 18:02:54 UTC,remove_from_cart,5560970,1487580005595612013,,,3.0,567246705,d210f560-46ff-4451-8214-66a64a05880a
2019-11-05 18:12:37 UTC,cart,5894293,2151191059751764547,,aura,11.1,565064564,75b2299d-49de-49b6-99c3-8c190cabddd2
2019-11-05 18:55:31 UTC,cart,5549840,1487580005268456287,,,4.29,542553431,ae63e721-66c7-49bb-9aee-30f8cd4c9217
2019-11-05 19:02:26 UTC,cart,5823667,1487580008246412266,,kapous,4.98,519840036,c4cc3543-c2e4-49f3-8ebe-f34ad8281a12
2019-11-05 19:54:24 UTC,view,5899845,2115334439910245200,,,4.02,564430070,f7b4fdcc-2930-4f7c-92ad-361888b05516
2019-11-05 20:08:27 UTC,view,5866964,1487580009051717646,,sunuv,46.03,560933105,2b467ef2-83c6-417d-96b9-7fe5d6a24e0b
2019-11-05 20:27:24 UTC,remove_from_cart,5662800,1487580007675986893,,milv,0.79,556003077,b0ff9975-8169-4468-a7aa-fe4aab675bea
2019-11-05 21:02:29 UTC,remove_from_cart,5726669,1487580009521479714,,,3.56,544786683,5a80f21a-294f-48a7-8030-f6da11d6db23
2019-11-05 21:18:00 UTC,view,5735015,1487580005595612013,,,2.54,567971445,ef998664-13be-4abd-9045-8644cb7d9127
2019-11-05 21:30:46 UTC,cart,5745381,1487580010561667147,,,3.65,476450673,d4556510-0d5a-4176-a944-321afeb7aa34
2019-11-05 21:41:03 UTC,cart,5806924,1487580011585077370,,,1.29,567977269,4018b9d0-a167-448a-8180-5728a2aa48e6
2019-11-05 22:23:40 UTC,view,5766588,1487580008246412266,,kaaral,18.92,405434552,9a0d64a1-2afe-4d4f-b511-29e57c04f12b
2019-11-05 23:50:06 UTC,view,5853238,1487580005134238553,,runail,3.17,568000592,0ee9850e-d454-449c-bd4f-b2e1dfd9b0dc
2019-11-06 00:23:25 UTC,view,5857007,1487580009496313889,,runail,3.17,483980870,04d63843-3445-b39b-8311-237f77bc913d
2019-11-06 05:20:04 UTC,cart,5773602,1487580006317032337,,irisk,2.54,547652736,8966cda0-35ce-4e99-a5ed-01efd117997c
2019-11-06 05:23:33 UTC,view,5732025,1487580007306888126,,domix,4.89,567004496,caccf077-b03b-4c4f-850f-f954a133e11c
2019-11-06 07:26:06 UTC,view,5816919,1858245586344477369,,kaaral,23.33,476701105,a8f405d2-944e-472a-804f-201009e567a7
2019-11-06 08:40:50 UTC,cart,5853321,1487580008263189483,,,8.97,568105437,e17e0969-3c25-4a36-8f24-c36cd910dd59
2019-11-06 09:19:40 UTC,view,5896158,1487580006451250072,,airnails,4.76,562620154,28e03708-9419-41cb-91ae-1dd37238c5df
2019-11-06 09:22:00 UTC,cart,5683351,1487580005671109489,,masura,2.84,448528557,51b6437c-9750-41aa-a939-332652ad697f
2019-11-06 09:23:14 UTC,view,5851909,1487580011585077370,,,1.25,563907414,c27cb3d1-8564-474f-965c-a685eaf8f2f6
2019-11-06 09:25:13 UTC,view,5882755,1487580005134238553,,runail,3.17,398551600,48a89a54-6e9a-4232-872e-9040611bacb9
2019-11-06 09:44:47 UTC,view,5677039,1487580008288355308,,estel,11.9,537801356,67c8fd3f-3e35-4abb-9550-efbc16d8b215
2019-11-06 09:55:55 UTC,purchase,5588612,1487580006317032337,,irisk,3.97,568112575,31910c91-1476-4888-b063-e943e121fe3c
2019-11-06 10:37:46 UTC,view,5884350,1487580010561667147,,oniq,10.32,426494945,173469bf-0247-46f0-b8ca-9415b5df9273
2019-11-06 10:55:52 UTC,view,7652,1487580008657454075,,,2.86,200238794,4f5406db-325c-4a4b-bbaf-99cd57468bda
2019-11-06 11:20:00 UTC,view,5853451,1487580013950664926,,profhenna,29.05,568150912,6d0d81f1-5b73-4c5b-90ba-23c11714cee6
2019-11-06 11:55:06 UTC,view,5851644,1638456119066100510,,pole,4.11,411129967,eb18e467-4038-4488-89eb-0772077fbced
2019-11-06 11:57:24 UTC,remove_from_cart,5747147,1487580005595612013,,,3.33,446658595,c09fdaeb-ccf9-4a26-affd-1e332da7acd5
2019-11-06 12:06:06 UTC,view,5792800,1487580005268456287,,,10.32,512103628,8e19b3d2-cb8d-4e06-831c-4c51215a5b6b
2019-11-06 12:06:37 UTC,remove_from_cart,5833680,1605161575889502297,,,3.1,563647846,228c32ed-a7bd-44c2-a6a7-b9b7e2c7d86f
2019-11-06 12:41:37 UTC,view,5882036,2089259162625114209,,,7.78,345385450,f87c1c48-ae5f-4b5f-acab-517a4132a3d4
2019-11-06 12:43:40 UTC,cart,5773606,1487580006317032337,,irisk,1.59,533657833,8901779a-9dcf-45f4-ab8f-fa649e595107
2019-11-06 13:06:14 UTC,view,5693615,1487580013841613016,,concept,3.05,568063416,e791d1f9-28b4-40c9-bf6f-5777a8698cdd
2019-11-06 13:11:18 UTC,cart,5877190,1487580007675986893,,freedecor,1.43,568172322,ad540bfa-50af-46bd-95ec-dd002b0aa2bf
2019-11-06 13:23:21 UTC,view,5889894,1487580005511725929,,,5.56,447583745,fd8359c4-db8d-4e46-a002-fb26e60bbbf8
2019-11-06 13:52:10 UTC,view,5686215,1487580007936033754,,,0.86,507391414,8ecd4c9d-644d-4074-907a-c1b5ec9309ef
2019-11-06 14:00:26 UTC,view,5815660,1487580006317032337,,,0.92,564078416,947dcb4a-9578-7810-7e66-5ab0478adcc6
2019-11-06 14:04:02 UTC,cart,5804005,1487580005461394279,,bluesky,3.97,559858889,9ffa2b56-8068-4fb2-8081-63b8a693b0ce
2019-11-06 14:06:03 UTC,remove_from_cart,5785003,1487580008246412266,,,7.22,346623180,c767c8c7-9dc0-42e2-8569-116d531f6258
2019-11-06 14:20:12 UTC,view,5875295,1487580005092295511,,,7.22,426586340,1c4c1387-863d-49fa-b387-9ae17c833026
2019-11-06 14:21:10 UTC,view,5549834,1487580007281722301,,,1.75,565997691,4486e6f6-5400-45d0-8b55-d4ad095da4c7
2019-11-06 14:42:15 UTC,cart,5739918,1487580012994363565,,italwax,8.73,568217693,2e520d6c-f69a-4222-ab04-1ed4902f5b37
2019-11-06 15:03:52 UTC,view,5896168,1487580004916134735,,,3.97,508506353,091599d8-cefc-4ca2-9c32-b050107d49e0
2019-11-06 15:18:03 UTC,cart,5819243,1487580005713052531,,ingarden,4.44,568233448,6b14483a-f7a0-40a8-826d-0f7d3f0e5c98
2019-11-06 15:35:32 UTC,purchase,5898386,1487580008246412266,,ecolab,1.29,531581810,9a4fe321-bd99-4de1-bdf7-c0e407d12fa7
2019-11-06 15:47:19 UTC,view,5884349,1487580010561667147,,oniq,10.32,567529906,5c68c420-cd0b-4049-b4fe-18342782cddd
2019-11-06 15:47:42 UTC,cart,5773376,1487580005134238553,,runail,2.78,76459932,2dd9e780-edb9-4c1f-8b0d-eb330f852138
2019-11-06 15:55:08 UTC,view,5565084,1487580005595612013,,,3.0,519452626,1019c8a2-c812-43d8-a477-28758636f9bb
2019-11-06 15:58:31 UTC,purchase,5707751,1487580011408916594,,swarovski,3.89,251527757,4e48dc44-99b5-4032-b8e5-d99b56136ac0
2019-11-06 15:59:47 UTC,cart,5839672,1487580005671109489,,masura,2.37,462178782,3fc8c0d6-445f-44b3-aefa-1a266e8cfcb2
2019-11-06 16:05:42 UTC,cart,5809728,1487580005092295511,,uno,17.46,555416045,13c0a62c-6d89-498f-8fca-158090161892
2019-11-06 16:05:59 UTC,view,5738963,1487580008246412266,,kapous,5.08,406352086,d45faacb-9df0-41f8-8d1e-9ad3f9e6e4b3
2019-11-06 16:36:04 UTC,cart,5884340,1487580010628776014,,oniq,5.56,393562035,e8d7fb8e-d273-4962-9786-a085eeab60a5
2019-11-06 17:09:28 UTC,remove_from_cart,5567916,1487580005595612013,,,3.0,540048279,b2d0ebc9-8678-4af8-ba9c-4caa912ea0d0
2019-11-06 17:52:43 UTC,cart,5889579,1495705810729173554,,,3.17,559155927,e2d2a476-02e8-4bd1-8142-7db2a6d83974
2019-11-06 18:01:00 UTC,remove_from_cart,5899860,2115334439910245200,,,4.62,511262947,b56ae08c-daa9-4734-8e67-842218f87ebf
2019-11-06 18:12:43 UTC,view,5860249,1487580005268456287,,orly,37.3,491528506,80f8bac4-24f5-40f3-8c42-faf32a2186e8
2019-11-06 18:26:22 UTC,remove_from_cart,5560976,1487580005595612013,,,3.0,309601391,f503166c-51f6-4d9b-a8c1-ab3f18466929
2019-11-06 18:47:21 UTC,cart,5587772,1487580006317032337,,irisk,1.9,568300462,caabde2b-1705-4104-b900-50006d8c2bac
2019-11-06 18:56:41 UTC,remove_from_cart,5608703,1487580005553668971,,,9.52,564802158,c626f7c7-a8e7-4af0-bc7e-f55ce5296249
2019-11-06 19:07:00 UTC,view,5848419,1487580007675986893,,freedecor,0.79,539636703,cfb083b9-1a50-4caf-afa7-f7ce12c98610
2019-11-06 19:18:10 UTC,cart,5816176,1602943681873052386,,grattol,5.24,291275599,f455df06-39a4-49d6-b987-9f20af641bfd
2019-11-06 19:45:09 UTC,remove_from_cart,5864628,1487580007675986893,,bpw.style,1.27,567933498,31b9ee53-d1a3-42b9-b04e-9b889d96206c
2019-11-06 20:35:55 UTC,remove_from_cart,5870818,1487580007675986893,,milv,0.79,567816378,ae46615f-d066-45c5-96bd-edde77dee9e5
2019-11-06 21:38:13 UTC,remove_from_cart,5813313,1842735760499802745,,kinetics,8.57,546431804,1a812d8b-8805-432a-997f-5fd49f3cca71
2019-11-06 21:40:03 UTC,view,5761411,1487580007432717250,,ingarden,2.86,568352115,cfddae03-47dc-48df-ad77-c329c839de78
2019-11-06 21:43:20 UTC,view,5763379,2141560642253881670,,,4.6,506917015,8ce244e9-b44c-485b-b8cc-61ff43a66555
2019-11-06 22:18:23 UTC,remove_from_cart,5596230,1487580005595612013,,,1.25,316505281,12d30199-753b-4e95-bf83-0dc0607744db
2019-11-07 00:35:29 UTC,view,5809910,1602943681873052386,,grattol,5.24,568375688,79638e12-f176-4036-927c-5f9991b1ee6e
2019-11-07 03:44:53 UTC,view,5818198,1487580013640286413,,,43.35,568310555,999f0743-3082-4d66-835d-0cf0330691b0
2019-11-07 05:52:16 UTC,cart,5838935,1487580005713052531,,ingarden,4.44,203667449,75f2519b-9fb7-439b-a0fc-a26118eac8db
2019-11-07 05:53:00 UTC,view,5597835,1487580005595612013,,,6.83,255558140,7ce83aee-6e62-4536-bd78-dd331f873095
2019-11-07 06:12:49 UTC,cart,5565078,1487580005595612013,,,3.0,552854126,57f0f9ef-629f-49db-8c28-d718c456d205
2019-11-07 06:15:39 UTC,cart,5825925,1487580004857414477,,lianail,6.02,568437072,54b80e62-1acd-4cb9-9d56-ac8631489b6d
2019-11-07 06:37:29 UTC,cart,5886761,1487580006317032337,,,1.59,519440632,dd87166b-4165-42da-939c-7997abb4fd27
2019-11-07 06:37:31 UTC,cart,5848296,1487580005595612013,,,3.0,440470867,ef7fe5c2-a491-469d-8073-01d905056452
2019-11-07 07:36:46 UTC,cart,5696882,1487580007550157767,,irisk,0.95,568455654,1fc995c3-9763-4f01-b6b7-39df9f1c420e
2019-11-07 07:38:16 UTC,view,5715617,1487580006300255120,,,72.22,557732554,f079975b-234d-4beb-96bd-823cb80f32db
2019-11-07 08:01:39 UTC,remove_from_cart,5859415,1487580005671109489,,masura,2.37,568066491,6c9de498-16ba-de57-d5d8-16fc03f3cf52
2019-11-07 08:22:34 UTC,view,5812522,1819693959081886239,,kinetics,6.51,539979595,d592ea56-0263-4b00-b23e-5fdfba0143bb
2019-11-07 08:44:41 UTC,purchase,5787938,1658462125284131265,,uskusi,4.76,483179379,88eed883-5541-4fca-bb04-0495ae48f2e9
2019-11-07 08:53:23 UTC,purchase,5771389,1487580006317032337,,yoko,21.78,560041563,11b8575b-0e94-4520-9402-8586e5a1e53f
2019-11-07 08:57:17 UTC,remove_from_cart,5880450,1487580011627020412,,,0.59,525647364,b8661f09-3e1d-46ff-90bf-1c9ffeeddd5e
2019-11-07 09:17:35 UTC,view,5729778,1487580010645553231,,,91.27,431834916,1f9bdec9-74c3-4c50-ad44-e7026d60a231
2019-11-07 09:23:31 UTC,view,5695597,1487580013841613016,,,2.62,437022299,cd40dff0-d5b1-452c-bd36-2ff1b775370a
2019-11-07 09:23:51 UTC,view,5832416,1487580009471148064,,,0.95,536327733,b64d29ab-7534-4fc3-b02f-859fb99b9f7c
2019-11-07 09:51:58 UTC,purchase,4969,1487580008162526182,,runail,3.78,544166088,17f06659-3326-4d22-a329-c4b744a355d6
2019-11-07 09:54:58 UTC,view,5760173,1487580009387261981,,ingarden,4.29,568514141,1526a936-4508-424d-8635-b62e85095680
2019-11-07 10:25:34 UTC,purchase,5849033,1487580005092295511,,uno,10.32,568261971,0eb52cde-5ce3-4f1f-8b7d-588e522650b9
2019-11-07 10:25:56 UTC,view,5882640,1487580004983243602,,orly,21.03,568525114,e9b36f7a-b9bb-4597-84da-bd32af1cf746
2019-11-07 10:49:56 UTC,view,5783557,1658462125284131265,,uskusi,3.97,490047065,3f68e8f5-94b4-41fd-8898-c4501db1a08b
2019-11-07 11:11:56 UTC,view,5742957,1487580009387261981,,,3.81,281949375,67013c5e-8412-4f03-8c44-de25ea2202c4
2019-11-07 11:17:36 UTC,view,5831585,1487580011677352062,,,26.51,418417186,29f56514-e058-4882-a777-4576bb1fa737
2019-11-07 11:21:34 UTC,view,5861590,1487580009143992338,,lador,20.92,528697504,b8cd4598-a277-44d1-b17c-fe544039a5f7
2019-11-07 11:33:03 UTC,remove_from_cart,5876934,1487580011585077370,,,3.41,433286848,91e9c296-354c-4d44-92da-741fe931697d
2019-11-07 11:59:41 UTC,view,5788122,1487580005754995573,,,4.44,567822138,57270985-8b26-4cc0-ab3b-0c9eb965ebfb
2019-11-07 12:06:11 UTC,remove_from_cart,5881884,1487580011585077370,,,1.83,462511009,fc2459a1-b597-475f-ae1f-de9f228b35b9
2019-11-07 12:11:41 UTC,purchase,5793704,1487580006509970331,,irisk,2.38,418397127,bc43b6f0-f371-4da3-aafa-24acaadc04fb
2019-11-07 12:12:28 UTC,view,5862564,1487580008145748965,,roubloff,1.71,484335223,bd3a97ac-2bb0-41b8-9130-f23edee27b74
2019-11-07 12:28:12 UTC,remove_from_cart,5815730,1487580005092295511,,,10.95,540530510,cd17a5c0-fbef-493c-9310-8546342e957b
2019-11-07 12:31:25 UTC,cart,5794073,1487580005511725929,,,5.56,525207529,ae96beec-3874-420e-be5c-e4ba0b4e5a75
2019-11-07 12:32:52 UTC,remove_from_cart,5795366,1487580005511725929,,,5.56,537822751,6c88c0d4-2640-4237-8cda-a367f92a9e82
2019-11-07 12:34:27 UTC,purchase,5786928,1658462125284131265,,uskusi,3.57,414290621,0a3c0ccc-52b3-44e9-8544-d7456236cd03
2019-11-07 12:37:17 UTC,view,5850003,1487580005595612013,,,3.0,492398237,be9fc2ed-2bf8-4263-8198-31f63207b769
2019-11-07 13:04:32 UTC,remove_from_cart,5636336,1487580013950664926,,ingarden,15.08,538354175,5c64f046-301a-4d34-8fa3-8b4196bdf3a0
2019-11-07 13:57:37 UTC,purchase,5858956,1487580007634043851,,de.lux,0.79,500124637,01a6ca78-4382-468a-b701-0753f09e042b
2019-11-07 14:21:24 UTC,cart,5931,1487580006241534861,,runail,1.98,438730925,efb2862e-e9cb-4c83-9af0-ff79699edf30
2019-11-07 14:26:09 UTC,remove_from_cart,5788423,1487580007306888126,,,3.33,529162192,e6a57d55-d106-4425-8818-6f40004b9b8e
2019-11-07 14:34:27 UTC,remove_from_cart,5798091,1487580005713052531,,ingarden,3.13,438561864,b08fc06c-4a33-4d79-bd32-607e7f72d948
2019-11-07 14:38:50 UTC,cart,5813882,1487580012969197740,,,1.57,247783448,b3cd313c-99ed-4697-9137-b624b8b2525f
2019-11-07 15:07:42 UTC,view,5870111,1487580006317032337,,,4.29,545886544,b0238900-0b9d-4a30-88b4-e3860d7b1ad5
2019-11-07 15:23:13 UTC,view,5809253,1487580007675986893,,bpw.style,1.59,538138450,9e97f6bb-e441-4078-804d-ec96bfc13631
2019-11-07 15:36:36 UTC,cart,5834462,1487580008187692007,,pole,0.79,566848899,4dfb2487-da64-4899-9d98-2c7e9ccd7bad
2019-11-07 15:38:31 UTC,view,5765554,1487580012021285001,,domix,10.98,568626019,5ee10941-4834-4cab-9f3f-5b18605788bc
2019-11-07 15:54:47 UTC,cart,5726156,1487580006644188066,,,5.56,504931823,ee2506c6-0972-4030-b0c9-f907472ab09e
2019-11-07 16:24:13 UTC,view,57323,1487580007072007091,,ingarden,5.08,475470925,7ae84c2c-d018-4a0f-ac1f-467de34a164d
2019-11-07 16:32:45 UTC,view,19162,1487580008447738866,,cnd,10.29,316148701,7d10d786-f8c9-41c6-9c2a-b88f1e3ca885
2019-11-07 16:35:54 UTC,view,5862256,1487580007675986893,,freedecor,1.43,528057166,a1244eff-09db-482a-8109-cb9e14cc211e
2019-11-07 16:37:45 UTC,purchase,5820745,1487580006317032337,,,2.22,521425931,0628fba7-2edf-4109-aae4-1ed433d7c03f
2019-11-07 16:43:19 UTC,cart,5726648,1487580008145748965,,,0.79,565220225,6c17a21b-517a-459a-859f-08717f079996
2019-11-07 16:52:24 UTC,purchase,5837920,1487580007634043851,,,0.63,564342734,291ba693-f131-4ebc-bde0-aaf9ce7e6bd7
2019-11-07 17:00:56 UTC,cart,5816168,1602943681873052386,,grattol,5.24,568644558,f2810869-a546-4c69-9946-cf4847e21236
2019-11-07 17:03:29 UTC,view,5883781,2114584564549550293,,,3.92,538818819,0480bae6-2f02-4df5-b22c-712c37913dcc
2019-11-07 17:03:44 UTC,cart,5854814,1602943681873052386,,grattol,5.24,568644558,f2810869-a546-4c69-9946-cf4847e21236
2019-11-07 17:23:18 UTC,view,3945,1487580005411062629,,cnd,16.03,537691311,af2be8a6-8469-4ae9-8cbd-d570351ebacd
2019-11-07 17:43:29 UTC,view,5823935,1487580006350586771,appliances.environment.vacuum,polarus,53.81,376509432,bba29b83-6d16-421a-97cc-93950b6ff3ec
2019-11-07 18:17:15 UTC,view,5560756,1487580006300255120,,strong,207.94,568677024,8db7e131-8c42-46a3-877d-0950b17d8481
2019-11-07 18:42:31 UTC,view,5814066,1487580005855658874,,grattol,2.3,436481594,9da45db3-ae6f-47fa-841c-56ac7249643d
2019-11-07 18:43:54 UTC,view,5869135,1783999064136745198,,cosmoprofi,19.05,523916578,68854319-8505-4458-8be8-96e4f71fd2c2
2019-11-07 19:13:22 UTC,view,5703723,1487580013489291461,,zinger,2.62,568680261,f49052de-f1a5-42ae-a988-f6e036322062
2019-11-07 19:14:09 UTC,cart,5659650,1487580007717929935,,airnails,0.95,551700778,a46dd2f7-a385-4146-a197-935aef111b59
2019-11-07 19:49:51 UTC,view,5622678,1487580007281722301,,severina,9.11,523015210,b49eb9b6-e6f1-4879-897c-7bce3cd70292
2019-11-07 19:52:48 UTC,remove_from_cart,5685340,1487580012021285001,,farmona,16.83,433331334,98d11337-d67c-480e-b915-346c1f888a80
2019-11-07 19:58:59 UTC,remove_from_cart,5695961,1487580007575323592,,,1.29,553581898,15f5bf97-9dc1-4f9b-849a-6bfbf1d8d51e
2019-11-07 20:14:14 UTC,view,5711362,1487580005092295511,,,6.35,377965219,a606e7f8-02fa-49aa-b3be-938c19bca21a
2019-11-07 20:19:34 UTC,cart,5851160,1487580007365608384,,,3.14,370385858,be715712-74c0-4ff7-9e38-b0e771aefca1
2019-11-07 20:28:23 UTC,cart,5809911,1602943681873052386,,grattol,5.24,551556866,9038625c-c747-41a1-9f79-209a1c85e3fb
2019-11-07 20:35:49 UTC,cart,40104,1487580011408916594,,swarovski,1.24,562899418,be9264ac-d36f-427e-b4ae-c3e113fe4072
2019-11-07 20:49:19 UTC,cart,5723519,1487580005134238553,,runail,2.62,436019487,1012ca95-6236-4d05-bfc0-9514afba1ed7
2019-11-07 21:09:30 UTC,remove_from_cart,5797160,1487580006073762693,,,1.59,568365133,ef4b7f4b-0980-494d-abb3-91b504ba3a6f
2019-11-07 21:24:34 UTC,cart,5877790,1487580009286598681,,,0.48,533036939,1406a4da-a10b-47e8-a544-5b439037ad08
2019-11-07 23:12:58 UTC,remove_from_cart,5751412,1511892746070131099,,candy,7.49,463449923,cef1797d-1c9b-49b9-bf38-0c2ba75cbcbf
2019-11-08 01:18:01 UTC,cart,5885200,2069804417665728971,,cosmoprofi,5.56,492933770,4bb3880b-eb32-4f77-a54c-d2b2502caaaa
2019-11-08 01:36:23 UTC,cart,5817702,1487580009496313889,,,0.63,566024887,ecd78c6d-2f0c-4fda-8042-e4a8b531ca3c
2019-11-08 03:57:10 UTC,remove_from_cart,5773124,1487580006073762693,,,3.05,540593594,c18edb13-7ca1-4eca-bdcc-1b1bb528145c
2019-11-08 04:34:52 UTC,view,8098,1487580006350586771,appliances.environment.vacuum,,1.11,568797314,1a689a46-3bab-479d-bf3d-4b27aa23c175
2019-11-08 04:56:52 UTC,cart,5849033,1487580005092295511,,uno,10.32,568448243,28403569-a7e5-466f-8d75-46d3125dcecf
2019-11-08 05:16:40 UTC,view,5879025,1487580013279576251,,,4.29,409285529,1dfd57b4-ee62-493a-b84b-26b90017d587
2019-11-08 05:23:12 UTC,view,5804820,1487580013950664926,,,63.33,568809819,4369af69-8f47-4788-9291-130fb5fc8e7b
2019-11-08 05:37:24 UTC,cart,5758038,1487580004882580302,,,2.7,508272393,9bfe4a79-8ae7-4520-96a7-646b126a5d4c
2019-11-08 05:46:10 UTC,cart,5676802,1487580013749338323,,estel,4.29,535545962,478dfd4a-b7bb-4418-a990-26aab423e683
2019-11-08 05:51:10 UTC,remove_from_cart,5857903,1783999073758478650,,,5.56,562857990,2989b060-20b9-46c7-8e49-d657350ba2a0
2019-11-08 05:52:49 UTC,view,6941,1487580006895846315,,runail,4.71,539571548,ed8cd179-7414-4360-bf35-54729a7b4bf7
2019-11-08 06:25:38 UTC,cart,5780030,1487580011501191286,,,2.86,568795746,d375c9c8-99a7-4a27-82ce-97ca576a355c
2019-11-08 06:59:47 UTC,view,5747405,1487580005671109489,,masura,6.33,536987551,61035819-3d1f-425d-bdf1-9e9c8e37d38d
2019-11-08 07:19:40 UTC,remove_from_cart,5787706,1487580005511725929,,,5.56,233705922,dcd4d8fb-8f7b-acac-8c6d-69871f7ee0aa
2019-11-08 07:22:48 UTC,view,5886707,1487580005067129686,,,2.38,544492973,47a6f982-d852-403c-bfce-618875ef7b51
2019-11-08 07:35:07 UTC,cart,5560990,1487580005595612013,,,3.0,475333301,e57e055e-abba-43d2-8878-cbff80a08243
2019-11-08 07:39:34 UTC,view,5748490,1487580006350586771,appliances.environment.vacuum,,26.97,546546270,3bff8d00-cf6c-4e76-b7ec-eb35861bede1
2019-11-08 08:20:26 UTC,cart,5790689,1487580009445982239,,nitrimax,3.97,568684709,861641e3-9e03-40f2-a3ea-07a90ec94434
2019-11-08 08:20:45 UTC,purchase,5698325,1487580011752849537,,estelare,5.16,554089295,34309a73-74a4-4b0b-a970-c71be8968f2c
2019-11-08 08:48:02 UTC,remove_from_cart,5857785,1783999067156644376,,,2.62,525049223,a6a513a4-c0ce-4837-ba62-df92d5fce829
2019-11-08 09:16:26 UTC,cart,5875429,2084144451428549153,,,2.05,377698872,09139b69-9cc2-4d6c-aa68-3be0b89f08eb
2019-11-08 09:25:03 UTC,view,5692283,1487580004857414477,,lianail,5.54,277555153,ce37b3f1-e195-4d03-b696-4c6318860f30
2019-11-08 09:52:17 UTC,remove_from_cart,5587648,1487580008145748965,,roubloff,3.95,297670557,b2141ece-b25c-49e4-825f-a98f33f47445
2019-11-08 09:57:13 UTC,cart,5870700,1487580008246412266,,,4.6,535464122,27d8f42c-041c-4a6e-8b0d-24ad9325056e
2019-11-08 10:06:09 UTC,cart,5842140,1487580006317032337,,,1.59,514499092,35f6b87e-7a56-44de-8af3-d42ec7ac2e86
2019-11-08 10:13:13 UTC,view,5754899,1487580005092295511,,,4.76,506348991,e35e638f-f550-218f-eed3-e169d3a009a6
2019-11-08 10:16:09 UTC,remove_from_cart,5824810,1487580007936033754,,domix,0.79,207395269,2294457a-c56a-4f56-85a3-032f6edcf23a
2019-11-08 10:22:47 UTC,cart,60184,1487580009445982239,,runail,1.27,568052399,e32c71a1-933c-4c01-9c10-12a3e5b0cba6
2019-11-08 10:40:32 UTC,view,5770053,1487580013841613016,,kapous,2.81,568850656,ba40eadb-b872-43c3-8f0b-1aa5bf019602
2019-11-08 10:42:57 UTC,remove_from_cart,5813819,1487580005754995573,,,4.44,464196656,be9570a5-ca5e-4150-b3a6-fdbe5de013de
2019-11-08 10:47:21 UTC,remove_from_cart,5769878,1487580013841613016,,kapous,3.65,516719490,a131a9fb-ead7-4522-93e5-f04461abc7c3
2019-11-08 10:47:34 UTC,view,5894249,2151191059751764547,,cristalinas,9.51,568166964,69509a1e-3026-4295-8475-55123ce74536
2019-11-08 10:58:40 UTC,view,5902746,1487580008162526182,,,5.13,506792203,e118284e-774e-45d1-9c96-6390954b753f
2019-11-08 11:17:37 UTC,view,5784040,1487580006937789357,,,7.86,506792203,e118284e-774e-45d1-9c96-6390954b753f
2019-11-08 11:41:59 UTC,view,5854897,1487580009445982239,,irisk,0.32,558795985,99b13457-4520-462a-9e47-e3388c86fba1
2019-11-08 11:46:52 UTC,cart,5802165,1487580009143992338,,kapous,5.56,559462081,8af4cb14-dbf1-475a-b74f-dc594eba7601
2019-11-08 11:48:35 UTC,cart,5687151,1487580009605365797,,,1.9,488142990,163eb8f9-b2ae-4ad5-b62a-3a503b8008c5
2019-11-08 11:52:12 UTC,purchase,5792800,1487580005268456287,,,10.32,568936780,cd0932b5-f60c-4948-a5ef-6b56e0da7c03
2019-11-08 11:58:50 UTC,view,5813879,1487580006644188066,,,3.81,418127772,c6751440-1730-423f-855d-0b98d12ad908
2019-11-08 12:18:53 UTC,view,5588612,1487580006317032337,,irisk,3.97,564052008,2740004a-8375-4e0d-8f25-8b46c041f3b0
2019-11-08 12:29:02 UTC,purchase,40090,1487580011408916594,,swarovski,2.06,567318976,f0019403-cd48-4794-aa7a-8d8d9617f9c6
2019-11-08 12:33:38 UTC,view,5834732,1487580009496313889,,,4.76,544646775,1001067a-0e07-4147-9d38-98a13d56800d
2019-11-08 13:06:08 UTC,purchase,5770055,1487580013841613016,,kapous,2.81,568949183,d4185e35-74d7-4227-9ab0-cddc0cb33cf8
2019-11-08 13:20:55 UTC,cart,5692893,2140803113261466607,,yoko,4.0,567447455,8cc0acb0-fa10-4b00-8452-6ebe46b27ea6
2019-11-08 13:29:29 UTC,cart,5848115,1487580013489291461,,,4.29,412149408,4ba94845-93d3-4e83-85ac-ce339611235c
2019-11-08 13:52:21 UTC,cart,5831649,1783999068867920626,,,1.43,498348034,dc00a9e0-bd84-4e16-af67-a024e0b63f54
2019-11-08 13:56:33 UTC,view,5813493,1487580005553668971,,,11.03,506477836,0b382dac-bcd6-4825-8bf1-315ea96a2359
2019-11-08 13:58:08 UTC,purchase,5687151,1487580009605365797,,,1.9,539432876,a627f1d2-f5ef-4be4-6b08-35e404b643d7
2019-11-08 14:05:42 UTC,cart,5549786,1487580005595612013,,,3.0,544212710,19ea6d2d-edb3-4b3e-a330-e2a090eb79e1
2019-11-08 14:21:56 UTC,cart,5862050,2151191071051219817,,,8.54,568986615,5be5c7e1-a871-4c0b-8871-3cadcf1cde8e
2019-11-08 14:34:56 UTC,cart,5801107,1487580009521479714,,irisk,4.76,492127919,368a7e4c-0c48-6046-e1bb-fa1face66389
2019-11-08 14:43:19 UTC,cart,5818481,1487580007214613434,,,3.14,557729673,4900d35d-5257-4a8a-9cdf-63347a14a708
2019-11-08 15:41:55 UTC,view,5780031,1487580011501191286,,,2.38,568776597,306f0100-2922-7182-759f-0f8b5ef379af
2019-11-08 15:43:05 UTC,remove_from_cart,5786703,1487580005427839846,,irisk,4.92,365686509,775bcdfa-2073-6e0a-ae08-0ef2817d5781
2019-11-08 15:57:39 UTC,purchase,5885863,1487580007852147670,,,3.81,341729724,9d34312b-0d83-4bd3-9add-0087759fe473
2019-11-08 16:01:48 UTC,view,5814711,1783999068909863670,,smart,3.57,539918440,f7d7de02-b8c4-47f8-99e9-193579deabfc
2019-11-08 16:35:23 UTC,view,5714944,1487580005511725929,,,5.56,557956487,31794e0d-f170-4151-ba88-00b35d107d5a
2019-11-08 16:48:25 UTC,purchase,5628027,1487580009387261981,,,3.81,542680145,3968af77-4f1c-4829-a3b5-e983c058d5f6
2019-11-08 16:55:55 UTC,cart,5674710,1487580005595612013,,,2.52,509688411,86501cac-1898-4c55-8990-bf257aac8405
2019-11-08 17:30:21 UTC,cart,40104,1487580011408916594,,swarovski,1.24,562660883,872a592a-d28f-4670-bf45-d250777f9b3b
2019-11-08 17:34:18 UTC,remove_from_cart,5778110,1487580007852147670,,zinger,3.49,416484822,5901879a-f9a3-43e8-8d98-e4ad9c662b9f
2019-11-08 17:35:56 UTC,view,5769112,1487580008263189483,,markell,4.68,534616503,abe51f29-10fe-88b7-a39c-3001de1b0f4a
2019-11-08 17:52:26 UTC,view,5820792,1487580006317032337,,,15.87,561684101,f67264b8-b8f2-4217-9531-06646fadd2da
2019-11-08 18:05:30 UTC,view,5649236,1487580008246412266,,concept,8.65,474219002,a9531cdd-988b-4fdd-8581-0fd692f9f7d3
2019-11-08 18:07:00 UTC,purchase,5846096,1487580013950664926,,,52.22,569071325,f3799e84-fc4d-446b-9348-01ba3d9b7632
2019-11-08 18:08:20 UTC,purchase,5811429,1487580006317032337,,runail,13.02,563602151,073d750c-d79f-4d91-98fa-97546aa46ba4
2019-11-08 18:13:52 UTC,cart,5775874,1487580005427839846,,irisk,4.92,466340155,b3cea2da-c621-45ed-b59c-04064db65f01
2019-11-08 18:34:22 UTC,cart,5855513,1487580006350586771,appliances.environment.vacuum,max,9.52,551557496,dc41220b-66c8-4d6d-96cf-8171861809a2
2019-11-08 18:42:05 UTC,view,5561554,1487580007910867929,,,8.73,538022131,db210790-c9b5-48a5-944d-9cdc6e071dea
2019-11-08 18:44:01 UTC,view,5774352,1487580006895846315,,runail,4.13,537362427,cf2bf522-ec5e-402b-92f5-4c759bf37e6e
2019-11-08 19:10:23 UTC,remove_from_cart,5834445,1924049110428549877,,oniq,11.11,531174768,1f61130f-9f9b-467c-8f64-f0435ebeb392
2019-11-08 19:31:36 UTC,view,5851255,1525995662934540829,,,3.97,551025996,b70517e3-5184-34ff-eef0-b0c4a2f94be6
2019-11-08 19:46:42 UTC,view,5855129,1487580005268456287,,,15.56,569100215,4945fe54-9d7c-4e47-8336-aaeb564d9655
2019-11-08 19:47:53 UTC,cart,5861619,1487580008246412266,,lador,6.38,569094975,4aeda709-5968-4fee-afb5-c30be5c52b21
2019-11-08 19:57:22 UTC,cart,5896171,1487580004916134735,,,3.97,373367872,7a0bb81b-edf2-479c-a2d8-8daf905a7d8f
2019-11-08 20:07:13 UTC,purchase,5887573,1487580005595612013,,,3.0,551413055,5b218d8a-8701-2e7d-f046-dd10c563082c
2019-11-08 20:10:30 UTC,cart,5791012,1487580008053474272,,,60.32,536972939,c0efb0cd-3092-4481-9bae-52011c58b284
2019-11-08 20:14:05 UTC,remove_from_cart,5834983,1487580012121948301,,oniq,6.35,504679357,cbfc9584-5878-4f9c-b1d4-3eb5b3335d84
2019-11-08 20:23:09 UTC,view,5753483,1487580013069861041,,italwax,2.68,556060830,cdfe5faa-5db9-4db2-b22a-f9b3aae37ca6
2019-11-08 20:31:05 UTC,cart,87550,1487580007675986893,,,0.43,382147305,f901695a-ad3e-4fdf-888d-4005b9dc9c61
2019-11-08 20:59:56 UTC,cart,5883314,1487580007634043851,,de.lux,0.79,561362656,8ecfe27f-b981-4646-b846-5dce661623bf
2019-11-08 21:06:07 UTC,view,5834746,1487580004857414477,,lianail,6.02,446084424,8e7fe8d1-741d-47be-a80a-c9344354b3a5
2019-11-08 21:07:36 UTC,view,5694163,1487580007952810971,,yoko,20.0,568717394,9c68a0de-2c78-4faa-b23a-d171cd41bc24
2019-11-08 22:10:15 UTC,view,5855507,1487580006350586771,appliances.environment.vacuum,max,79.21,465498289,2844a710-40ab-4198-b58b-67afce772147
2019-11-08 23:22:04 UTC,view,5695572,1487580007659209676,,,0.71,257054945,d54e7f95-6599-4640-9b7e-c1683a782ce7
2019-11-09 00:53:16 UTC,view,5835161,1487580005092295511,,oniq,15.56,524790772,489b1f86-71f7-4865-abc3-7416265b1d86
2019-11-09 01:34:52 UTC,view,5854835,1602943681873052386,,grattol,5.24,537930844,cb09cebe-36b6-4428-b91e-fbef3dfb02f3
2019-11-09 03:11:29 UTC,view,5826389,1487580005511725929,,,2.78,447216625,84e4ad1a-9d06-448e-bae9-4e7c5cbd7b35
2019-11-09 04:00:19 UTC,view,5759487,1487580013011140782,,italwax,8.25,569182217,f83f83e6-5f85-4ed0-8b01-8a748832789c
2019-11-09 06:23:49 UTC,purchase,5847854,1487580005092295511,,irisk,3.81,506775154,958ee10e-15c4-4cd8-9016-a66081b0f524
2019-11-09 06:25:32 UTC,cart,5850620,1602943681873052386,,grattol,5.24,440516420,520d0574-f7f3-42d7-8a7c-07e91fe64f25
2019-11-09 06:35:48 UTC,cart,5854827,1602943681873052386,,grattol,5.24,318380945,398ef7bc-868d-40c4-b449-559329dfb3fa
2019-11-09 06:44:36 UTC,cart,5851619,1487580007483048900,,irisk,3.02,490877309,8347b902-ca34-45b8-8d91-67af025c72dd
2019-11-09 07:16:43 UTC,cart,5871005,1487580008607122425,,masura,5.54,485101685,343cd542-d26d-4cc7-b6af-500df6b6945d
2019-11-09 08:17:56 UTC,view,5814515,1487580013539623112,,,52.22,515417288,8b6721c1-043f-47de-9895-3baf9e730c5a
2019-11-09 08:41:57 UTC,view,5854474,1487580011786403970,,,5.87,564516166,638de896-52b9-4bb6-aee5-171f8604d29b
2019-11-09 09:37:45 UTC,remove_from_cart,5878150,1487580005268456287,,cosmoprofi,7.14,510447253,31aad323-6608-4758-8da5-b01bbe7591d3
2019-11-09 09:40:14 UTC,cart,5567930,1487580005595612013,,,3.0,510447253,31aad323-6608-4758-8da5-b01bbe7591d3
2019-11-09 09:54:03 UTC,view,5880640,1487580013950664926,,,17.94,569275346,2b9d68e1-46d9-4218-89c4-d9dc1f4c2c18
2019-11-09 10:10:33 UTC,view,5713562,1487580006937789357,,,12.54,517860172,6705b42b-7c31-4c00-a263-abae5c1f567d
2019-11-09 10:33:18 UTC,remove_from_cart,5781963,1487580012994363565,,,7.78,532306111,5f74ba51-e656-4db4-a412-4db5d567c5e5
2019-11-09 11:18:04 UTC,view,5714948,1487580005511725929,,,5.56,436388083,368daceb-aa3a-4347-9f05-c4763eaafc59
2019-11-09 11:21:18 UTC,view,5756124,1487580013522845895,,,2.38,569300037,908ae00b-9751-4ccb-a38a-dd54cb470d8c
2019-11-09 11:39:11 UTC,remove_from_cart,5848387,1752742615205281895,,severina,1.06,562198726,6a7f132d-3443-3513-ba9d-661df9823311
2019-11-09 12:41:09 UTC,cart,5859395,1487580004857414477,,lianail,6.33,569321934,ea0b68d3-de04-4a5b-bb5c-987e2677e85d
2019-11-09 13:53:03 UTC,view,5900648,1487580005713052531,,ingarden,4.44,454729447,990d236a-8677-4c76-a8ae-e39ee5672e9f
2019-11-09 14:02:16 UTC,view,5890149,2134354342373753638,,,3.97,351924893,1d1394fc-0e35-4006-bcdf-82d45866a7a8
2019-11-09 14:22:30 UTC,view,5714058,1487580004832248652,,beautix,9.37,417377663,adfd0919-f840-4b7b-b953-b784feec2dec
2019-11-09 14:34:59 UTC,view,5738963,1487580008246412266,,kapous,5.08,557293784,ff9bfee6-88c1-4f0f-bf55-04d844332f5c
2019-11-09 14:35:10 UTC,view,5877095,1487580007675986893,,freedecor,1.11,538470291,06aa9f7f-81d3-4a5e-8da8-16338c781a0f
2019-11-09 14:54:07 UTC,remove_from_cart,5852095,1924049106385240809,,,4.13,462007757,9d017d73-9dc1-4da2-8eaf-e4288df523ff
2019-11-09 15:13:05 UTC,view,5854812,1602943681873052386,,grattol,5.24,388904184,26a6e778-43ed-4c36-a9dc-eab2acbc6a4b
2019-11-09 15:26:36 UTC,remove_from_cart,5870814,1487580007675986893,,milv,0.79,479268175,b9516eff-5606-4f6d-af5d-ce64b6d351ed
2019-11-09 15:54:40 UTC,remove_from_cart,5706772,1487580004832248652,,beautix,14.13,566414478,fed96455-9773-418d-930c-6a44633f8fcd
2019-11-09 16:27:05 UTC,view,6977,1487580006895846315,,runail,5.13,557096458,cdff1e28-44b2-4dc7-91e5-8fcc78dd804c
2019-11-09 16:49:01 UTC,cart,5873652,1487580009471148064,,,3.1,535140214,7ef6f451-6f9b-40a4-a459-7e69a870288d
2019-11-09 17:11:12 UTC,view,5709052,1487580005671109489,,masura,1.73,467553145,83859926-ddcf-4db8-853a-dad1494bcef2
2019-11-09 17:21:43 UTC,view,5831846,1597770225539875791,,pole,3.63,545368404,1a7fedc9-ae4f-4317-8d6e-100e1d59cffa
2019-11-09 18:00:11 UTC,purchase,5891028,2195085258272014535,,irisk,5.87,451635958,fc3985d6-ec36-44d2-9ae8-b51d132bd8d0
2019-11-09 18:12:18 UTC,view,5879281,1891434214553813877,,masura,3.95,569427887,99fc66b3-e2d2-4e79-880b-e3678085d459
2019-11-09 18:28:29 UTC,view,5877454,1487580006300255120,,jessnail,44.29,492524630,a7ce342a-8cae-4118-ae1e-1ccc58ad6ca8
2019-11-09 18:40:47 UTC,view,5864626,1487580007675986893,,bpw.style,1.27,545957717,77685c7c-54c4-4313-a9ab-98140364aef6
2019-11-09 18:41:35 UTC,remove_from_cart,5726404,1487580005092295511,,,5.56,564606813,637d97f2-0371-40f8-be3b-fda344c36e1e
2019-11-09 18:53:45 UTC,view,5804462,1487580005461394279,,bluesky,3.97,565154734,f24ea7e4-7bfc-4fae-8518-be09ede35c6e
2019-11-09 19:24:02 UTC,cart,5823484,1487580004916134735,,,4.7,557663063,75985007-4c09-4d82-8adc-0df82132bc86
2019-11-09 20:00:45 UTC,view,5887255,1977575787259232875,,,2.52,562063592,9d6a72ca-6969-49c7-8084-216efa511371
2019-11-09 20:09:08 UTC,view,5851158,1487580012096782476,,,5.08,511183463,65f02a15-29c3-4c1e-8e19-6f643d3d27c6
2019-11-09 20:15:47 UTC,cart,5854832,1602943681873052386,,grattol,5.24,513990329,8ce44c39-f269-4bca-9f91-fc57336808c5
2019-11-09 20:47:14 UTC,view,5639721,1487580005595612013,,,4.21,564723053,f8ff2cf1-5258-4a69-8684-91dde946fba8
2019-11-09 21:05:02 UTC,view,5549842,1487580005268456287,,,3.81,528146827,671fd46b-0afa-42c4-b14a-7711d7689de1
2019-11-09 21:07:15 UTC,remove_from_cart,5649235,1487580008246412266,,concept,5.24,569484023,5050f8b6-d8c3-4e50-835d-ae5aba5fd2d0
2019-11-09 21:29:55 UTC,view,6174,1487580007776650194,,runail,0.63,426149964,abaa7acc-11a1-46c7-aa39-e65b643c9d79
2019-11-09 21:34:40 UTC,remove_from_cart,5814524,1487580005092295511,,runail,4.44,505721821,ff980158-7697-41ff-83f8-622abe28b9f0
2019-11-09 21:40:25 UTC,cart,5862287,1487580007675986893,,freedecor,1.43,565220225,29a909f7-e7cf-4520-9a56-df1a8e32c094
2019-11-09 21:55:55 UTC,view,5620908,1487580005855658874,,runail,2.22,554673278,1319db21-1b88-4159-ac77-d85690511606
2019-11-09 22:38:57 UTC,view,5736097,1487580005050352469,,haruyama,3.97,516550430,816d621b-95d3-4123-8ec2-5310f7f6d4cc
2019-11-09 23:25:54 UTC,cart,5757289,1487580007306888126,,,1.59,549211334,51e43a5d-0a45-43c2-91e1-00cdf0da66f4
2019-11-10 02:24:55 UTC,view,5873654,1487580006300255120,,strong,273.02,413403143,02d3bd9c-bdaa-4c23-bbcd-c516ba603005
2019-11-10 04:32:12 UTC,remove_from_cart,5824789,1487580007483048900,,,3.89,486682994,3e18a900-809f-45fe-8a86-53ea1ac44079
2019-11-10 05:47:36 UTC,view,5563596,1487580010645553231,,irisk,40.48,251541886,38629e8b-903b-4f1d-9e65-fd677e8e85c9
2019-11-10 05:57:30 UTC,cart,5854822,1602943681873052386,,grattol,5.24,521593622,89dd2e47-44a7-4919-be88-4f789b8ccfb3
2019-11-10 06:41:22 UTC,cart,5885421,1487580005092295511,,grattol,6.27,569256916,48901567-6fb9-4bd2-b8a6-ebb410572ced
2019-11-10 07:07:13 UTC,cart,5652774,1487580013950664926,,,13.49,512960458,2060a99e-3b31-44c5-8e88-b5741217038d
2019-11-10 07:31:45 UTC,remove_from_cart,5868465,1487580013027917999,,,1.98,569496287,90addc25-279e-4117-95ad-c1f9328ce062
2019-11-10 08:15:00 UTC,view,5759492,1487580013011140782,,italwax,2.37,463995002,166d44be-546f-475e-99b8-9d9fc8d4e19a
2019-11-10 08:24:47 UTC,view,5809910,1602943681873052386,,grattol,5.24,484985182,5d50fd43-cd11-4d9e-836b-f45695182af8
2019-11-10 09:04:05 UTC,cart,5823805,1487580004916134735,,,5.22,320355719,9690aa74-7ea6-4a9d-a513-c0f53870e15e
2019-11-10 09:08:35 UTC,purchase,59899,1487580007634043851,,runail,0.95,569593914,133eb67a-3296-4ec8-a1d5-7ec5251e00fe
2019-11-10 09:37:00 UTC,cart,5820752,1487580006317032337,,,7.94,239114672,ee42a236-a5f6-4312-82ce-e301d9e4afbb
2019-11-10 10:05:34 UTC,remove_from_cart,5792800,1487580005268456287,,,10.32,566694350,218fe384-1481-425a-ac22-a0a5a38408e9
2019-11-10 10:19:58 UTC,remove_from_cart,5770022,1487580013841613016,,kapous,2.81,569635986,ba712d18-6bbc-43a0-bbc8-be49203b35a2
2019-11-10 11:05:15 UTC,cart,5829347,1487580011585077370,,farmstay,0.79,484542582,5423a9db-295e-45a4-b7ba-14fc06d18fae
2019-11-10 11:25:34 UTC,view,4565,1487580006317032337,,,15.48,534284425,6145a3e1-eb1e-45a6-b4a8-aa027a69b55d
2019-11-10 11:30:52 UTC,view,5749215,1487580008447738866,,cnd,10.0,440031679,d275f79b-9e5c-4c5b-a0d5-37b4957ceb25
2019-11-10 12:09:16 UTC,view,5795346,1487580006300255120,,strong,153.17,569691284,bc858e8d-1fc3-40d1-8f5c-c2d0392c7754
2019-11-10 12:17:33 UTC,remove_from_cart,5802432,1487580009286598681,,,0.32,494105419,491f6755-7395-4234-98ac-771b4e025056
2019-11-10 12:18:56 UTC,view,5802432,1487580009286598681,,,0.32,460556901,918945ba-25a6-47e5-83b3-21f8fe7c4100
2019-11-10 12:43:33 UTC,remove_from_cart,5678262,1487580013799669974,,,5.16,550049928,11d738a0-80fd-46f6-8530-16b44ba10d6e
2019-11-10 13:28:05 UTC,view,5896465,1487580007675986893,,milv,1.59,416750145,cbf18834-3973-428f-a241-d5eb313ab513
2019-11-10 13:32:57 UTC,view,5793261,1487580010100293687,,,22.21,348175594,b9e2d294-e2d3-4aee-91f6-7977f21fe796
2019-11-10 13:41:37 UTC,cart,5845353,1487580004916134735,,,5.22,560262001,cb62f2ea-c70f-4256-88a8-dadc717d5a35
2019-11-10 13:41:48 UTC,view,5646823,1487580009026551821,,,16.98,477677777,da0f2717-2446-40fa-9e8b-42d469548f72
2019-11-10 13:47:33 UTC,remove_from_cart,5834462,1487580008187692007,,pole,0.79,438945895,1f85c22a-7198-47c7-a0be-c5b47cc6cbd7
2019-11-10 14:05:55 UTC,view,5833330,1487580007675986893,,bpw.style,0.95,568128222,e9ec50d1-560b-a81d-9f07-de3f59734461
2019-11-10 15:24:34 UTC,view,5867973,1487580008607122425,,masura,6.33,538242311,ec8eebbb-9eba-4fc4-a891-9b432f244041
2019-11-10 16:16:27 UTC,cart,5783328,1658462125284131265,,uskusi,3.97,118735467,98096344-b8e3-489f-9513-9b4e42b849eb
2019-11-10 16:31:04 UTC,cart,5896157,1487580006451250072,,airnails,1.43,566414478,1798b649-129c-4b8e-85a0-307d344f345c
2019-11-10 16:44:39 UTC,view,5885298,1487580011283087468,,trind,9.37,556138220,91f980c2-246d-44d4-9f9f-f65a818c5149
2019-11-10 17:19:06 UTC,remove_from_cart,5656409,1487580005595612013,,,4.29,533776382,a233b951-9172-4a81-91c1-77f73a235e9c
2019-11-10 17:53:37 UTC,view,5815036,1487580008288355308,,,5.22,533949198,87b5be77-c7dc-457b-bd52-fe2ba6ac1efc
2019-11-10 18:06:37 UTC,cart,5836147,1487580008246412266,,,4.76,550283247,b3975765-9784-4e07-8a52-741ba3543093
2019-11-10 18:41:01 UTC,cart,5710107,1487580007550157767,,,0.95,569833615,3e1191a1-aaca-466d-93c7-60ecf0129412
2019-11-10 18:52:23 UTC,remove_from_cart,5823915,1487580007432717250,,milv,1.59,439334755,a1c04c4b-bb9d-41b8-b0f8-3b66551271fd
2019-11-10 18:55:36 UTC,remove_from_cart,5819267,1487580005713052531,,ingarden,4.44,377665169,949bbcd8-43f2-4ede-a736-56a5300965aa
2019-11-10 19:08:50 UTC,view,5884207,1487580005092295511,,,10.63,569816421,eaba7ae2-0039-4db7-b064-0598628b6a29
2019-11-10 19:12:34 UTC,remove_from_cart,5744098,1487580008288355308,,,3.02,569849431,e00ed398-2115-49ea-a98d-356622611d30
2019-11-10 19:16:31 UTC,view,5775871,1487580005427839846,,irisk,4.92,569848283,0175f691-b6b0-4808-89e5-27bce7db0f72
2019-11-10 19:24:43 UTC,remove_from_cart,5808332,1487580013858390233,,kapous,0.86,399717810,989cd1e1-7e15-d9b2-6546-cfac4d51f17e
2019-11-10 19:39:49 UTC,remove_from_cart,5815779,1487580005092295511,,beauty-free,2.37,550899481,cb621759-371e-483c-860f-28f50628a9b3
2019-11-10 19:42:58 UTC,view,5562316,1487580009445982239,,,0.71,486535816,93f56d98-5314-4adf-8048-fe54ca08fb14
2019-11-10 20:06:00 UTC,view,5809871,1605161575889502297,,grattol,3.02,557721777,7b798fbb-7865-4974-9f95-0f448ae19e28
2019-11-10 20:48:27 UTC,remove_from_cart,5563774,1487580005595612013,,,3.0,523762523,cbda1652-36f3-40b6-ab2f-49077480098b
2019-11-10 20:55:17 UTC,view,5704370,1487580008246412266,,estel,23.02,564023972,a3b57b2d-597e-4e4c-a837-ccf7c0615cf2
2019-11-11 03:36:46 UTC,view,5743974,1487580013053083824,stationery.cartrige,italwax,1.98,569917039,b9e76957-5e6e-4c06-be78-407a1b794f67
2019-11-11 03:54:50 UTC,cart,5808333,1487580013858390233,,kapous,0.95,252397492,67c9b313-6f50-4b36-9237-22cf2a550d13
2019-11-11 04:07:24 UTC,view,5856186,1487580006300255120,,runail,75.4,522353459,b2058a10-9c1f-4f64-8bac-f23dfa2e2a0f
2019-11-11 05:14:31 UTC,cart,5881332,1487580005092295511,,beautix,15.71,569963390,b9566d89-94fa-497b-b0d2-e574c54fd816
2019-11-11 05:19:25 UTC,cart,5852895,1487580012096782476,,domix,4.14,517127131,5b4b76bf-a9c8-4a66-ab83-5f86ef014297
2019-11-11 06:04:31 UTC,view,5677422,1487580008246412266,,estel,13.49,569983618,b4f46d49-1bb2-49a8-9b4d-aea952acce9d
2019-11-11 06:50:58 UTC,view,4895,1487580008162526182,,runail,3.81,569996013,e0c629f1-cfe8-4a28-9829-95bcd5a0c4a9
2019-11-11 07:18:41 UTC,view,5877451,1487580006300255120,,jessnail,44.29,569615937,7af74e55-6680-4b5b-6beb-5b2f37afa869
2019-11-11 07:23:57 UTC,remove_from_cart,5565086,1487580005595612013,,,3.0,545498245,6fc0cf27-463a-4b6f-ba8d-d94e3b69e447
2019-11-11 07:32:54 UTC,purchase,5895777,1487580012591710363,,,1.21,569684133,c0a957f4-fde5-43ac-8660-58873a109651
2019-11-11 07:42:26 UTC,cart,5819895,1487580008246412266,,kapous,4.6,390922599,07248e9b-2bf5-4e23-b4c7-bdd7de10f252
2019-11-11 07:52:38 UTC,cart,5809295,1487580007675986893,,bpw.style,0.79,552886897,0da7a275-4282-417b-a60c-76c4b418a8fe
2019-11-11 08:20:45 UTC,purchase,5759492,1487580013011140782,,italwax,2.37,570007709,1b0ed3dc-85af-4779-901f-82dbc4f8fc0f
2019-11-11 08:30:13 UTC,cart,5560972,1487580005595612013,,,3.0,399967334,ce57bf91-3334-48b0-ab5b-9b2066b2fabb
2019-11-11 08:33:17 UTC,view,5837919,1487580007634043851,,,0.63,467335339,ae37c8cb-73ae-4919-9547-e1ffb8c955f4
2019-11-11 08:33:27 UTC,view,5884033,2114584564549550293,,,4.06,565898327,6455a4b3-9ce2-4ccc-889a-9d91120113f6
2019-11-11 09:05:07 UTC,view,5770135,1487580010645553231,,kosmekka,92.22,562180383,ec7ee43e-2063-4690-909c-d6d21a6dac3b
2019-11-11 09:13:33 UTC,view,5903476,1487580010561667147,,,0.0,533772948,a9b6abee-56fd-425c-b751-dd6b9de8cce9
2019-11-11 09:37:25 UTC,cart,5877453,1487580006300255120,,jessnail,54.29,570060200,fee1af11-ccb8-4529-907f-7d3d30780243
2019-11-11 09:47:54 UTC,remove_from_cart,5802432,1487580009286598681,,,0.32,561628307,c757ceb7-1a9d-497b-bba1-573136bd1879
2019-11-11 09:54:55 UTC,remove_from_cart,5773379,1487580005134238553,,runail,2.78,475568506,ac66569c-6a43-41bc-96e6-e81fdf2b91e3
2019-11-11 09:59:21 UTC,cart,5805493,1783999076551885399,,happyfons,5.87,557840054,cbb55649-9a11-4958-85ec-f0a7dde9b577
2019-11-11 10:13:31 UTC,view,5556624,1958278551207674674,,,29.37,527435632,6017acfb-f88e-4bc1-ba5b-64d407643c84
2019-11-11 10:23:18 UTC,cart,5753483,1487580013069861041,,italwax,2.68,389802010,b32f2135-98e3-4705-a157-5dcaf5bd69f8
2019-11-11 10:53:12 UTC,remove_from_cart,5724607,1487580005427839846,,irisk,2.22,551402103,2baa4726-c1aa-4e8f-bc1c-9ec8a6575e44
2019-11-11 10:59:29 UTC,remove_from_cart,5822306,1487580005595612013,,,3.0,557317879,01ebe986-b609-4263-bda5-beae99881abc
2019-11-11 11:16:52 UTC,remove_from_cart,5693843,1487580009445982239,,,12.7,561628307,d865dbb1-c861-420a-90c8-c3fab83b6e88
2019-11-11 11:39:39 UTC,remove_from_cart,5879279,1891434214553813877,,masura,3.95,436189338,770ea81c-e674-57bf-e7a8-dc777de59226
2019-11-11 12:33:01 UTC,purchase,5837207,1487580012096782476,,kamill,3.43,484158127,703724c5-efc0-47ba-928b-19bad3070cc3
2019-11-11 12:38:34 UTC,remove_from_cart,5823628,1487580004916134735,,,5.22,255405324,435740e4-f30e-422d-9068-6b5bbc0d7cb9
2019-11-11 13:06:52 UTC,view,5866173,1487580007675986893,,,1.75,556167932,32f3f33f-5c9e-4214-a896-3a1fbf89a386
2019-11-11 13:33:41 UTC,view,5885587,1487580006350586771,appliances.environment.vacuum,polarus,68.1,400419007,0fda24c2-a8c9-4b08-aa15-9ed0ac9d6637
2019-11-11 14:12:59 UTC,cart,5799891,1487580009051717646,,,19.03,493433077,d1b7861f-ec1c-494d-9427-6988c8f4b9b4
2019-11-11 14:21:05 UTC,cart,5759491,1487580013011140782,,italwax,1.94,504916866,77051f14-fbdb-462f-993a-e26f45ccb103
2019-11-11 14:41:07 UTC,cart,5624997,1783999067156644376,,matrix,24.6,408083012,b647c56b-b7d4-4ca3-b192-10c8b2d90dc7
2019-11-11 14:50:13 UTC,cart,5759279,1487580013388628160,,irisk,1.11,529011726,104dbf90-24a1-47c9-9826-eefcf12b76b3
2019-11-11 14:58:55 UTC,view,5657303,1487580013950664926,,,7.94,451099539,6fb293ba-9a22-4e81-b316-18225ae99f04
2019-11-11 15:23:56 UTC,remove_from_cart,5867030,1487580005713052531,,ingarden,9.44,543665202,576fcdb0-6fcd-4817-8675-f9d44af8c199
2019-11-11 15:48:43 UTC,view,5885833,1487580013254410426,,provoc,7.0,570209338,79413e8c-6cf8-4350-b6c8-c902e62d75c6
2019-11-11 15:51:30 UTC,remove_from_cart,5561050,1487580005595612013,,,3.0,552854126,7d49db0b-aca7-418d-9085-a349f2697af5
2019-11-11 16:05:30 UTC,view,5847577,1487580009202712597,,italwax,6.83,570215120,998ed885-51f2-436b-beff-d6ab3b8831f4
2019-11-11 16:09:01 UTC,purchase,5851613,2055161088059638328,,irisk,1.75,569734831,516b93b7-4855-6a2b-57bf-f1a936c3ee69
2019-11-11 16:15:34 UTC,purchase,5838841,1487580005092295511,,lovely,25.24,468090141,2296394e-53b2-45c9-b841-a3eac8f87636
2019-11-11 16:33:46 UTC,remove_from_cart,5792800,1487580005268456287,,,10.32,318304066,68bb6a8d-35f5-4b13-a0de-69b9e164d1b4
2019-11-11 17:02:51 UTC,view,6175,1487580007776650194,,runail,0.63,570195659,8dfb7fb1-ae64-44e1-a146-fd40428253f9
2019-11-11 17:11:34 UTC,cart,5700037,1487580009286598681,,runail,0.4,536033806,5eb06b09-8570-4a92-b145-0be87d3479b3
2019-11-11 17:37:30 UTC,remove_from_cart,5819243,1487580005713052531,,ingarden,4.44,540873256,b7195084-d54b-4b03-9392-f8da6fd051c3
2019-11-11 18:39:24 UTC,view,5713026,1487580007457883075,,f.o.x,3.67,421043042,f75fc52b-2a39-4dd1-b865-07fcde5da3fa
2019-11-11 18:55:42 UTC,view,5788423,1487580007306888126,,,3.33,480557436,11814332-83d2-4b69-8f06-75c791ff67d0
2019-11-11 18:58:25 UTC,view,5843567,1783999071199952917,,,0.48,569871038,16067bf7-a893-4b89-b6b8-f848d66a2c95
2019-11-11 19:09:55 UTC,view,5787014,1487580006644188066,,,6.33,527416033,9367772f-a187-2a03-dfa0-856dd370d37b
2019-11-11 19:57:47 UTC,cart,5824810,1487580007936033754,,domix,0.79,556524602,a18b57e5-d207-41ed-9c64-4e7cdbb1ca07
2019-11-11 20:03:01 UTC,cart,5664660,1487580011425693811,,,0.6,570302626,21ed55ae-3b74-43bb-8400-fbeebf7eb9c4
2019-11-11 20:10:49 UTC,remove_from_cart,5809295,1487580007675986893,,bpw.style,0.79,480506384,1885c3a8-83a2-465d-9525-d4a88ca79d72
2019-11-11 20:11:31 UTC,view,5809910,1602943681873052386,,grattol,5.24,567361681,faf93de0-c119-4f20-acb7-34c468732645
2019-11-11 20:11:35 UTC,cart,5854897,1487580009445982239,,irisk,0.32,413215052,1afe696c-d8cd-462b-9517-1a89aa875c74
2019-11-11 20:25:13 UTC,cart,5670338,1487580007256556476,,,1.9,431839522,517422ab-b12b-4c89-8cb5-42e75f7c8b99
2019-11-11 21:16:03 UTC,cart,5838759,1487580006979732399,,bluesky,3.97,483532180,55fa0e60-9ba8-44e9-82cd-5d8e9f431e91
2019-11-11 21:24:45 UTC,view,5833326,1487580007675986893,,bpw.style,1.59,408773139,7308a748-eda6-496a-a616-18149cc333fe
2019-11-11 22:10:58 UTC,cart,5859386,1487580004857414477,,lianail,6.33,442575728,5c04eed8-4a5f-42f6-8764-63f11e0f42c1
2019-11-11 22:25:16 UTC,view,5857360,1487580008145748965,,runail,1.51,543878923,2a11ee04-c7dc-4d0d-a2a8-471e775c7846
2019-11-11 22:29:24 UTC,view,5760789,1487580005134238553,,runail,2.62,552381404,a2202baf-f01d-42cc-ad85-92992286e6e2
2019-11-11 22:56:48 UTC,view,5760766,1487580005134238553,,runail,2.62,565117280,79def260-b1e9-438b-9dd6-ce8afea90c77
2019-11-11 23:14:09 UTC,cart,5809910,1602943681873052386,,grattol,5.24,527369386,bd63d766-b272-4d2e-8f38-f1eda58d18fc
2019-11-11 23:29:48 UTC,view,5649272,1487580013749338323,,concept,6.19,570344728,e0387215-bfd3-47ac-b761-0c0e0a34bc63
2019-11-12 01:06:18 UTC,view,5760173,1487580009387261981,,ingarden,21.43,520940208,2647bd82-3bbb-402b-ac1e-574c58c224b1
2019-11-12 01:15:40 UTC,remove_from_cart,5749220,1487580008447738866,,cnd,9.13,569869692,c570ed20-b3ac-42c6-b611-f7aaf7553c5a
2019-11-12 03:49:38 UTC,view,5888078,1487580013388628160,,shik,15.71,570387201,f3e393d8-2901-43cd-8e2e-c87572d30737
2019-11-12 05:40:13 UTC,remove_from_cart,5878923,1487580007256556476,,,8.1,468973456,4f7b7384-1ef9-4bd3-bd62-1f66a19163b5
2019-11-12 05:53:08 UTC,cart,5889902,1487580007675986893,,,1.75,570413730,f5b3ecde-d387-498f-8c18-c24642089615
2019-11-12 06:00:54 UTC,view,5836099,1487580005092295511,,,15.08,554112019,3394a623-3c42-4c4f-847b-41b13911bdee
2019-11-12 06:42:53 UTC,view,5649272,1487580013749338323,,concept,6.19,384456131,df38528a-b081-48ed-9fef-0ed223ca4c65
2019-11-12 07:06:04 UTC,remove_from_cart,5819117,1487580007675986893,,bpw.style,1.27,299711455,7383d700-9f6e-410b-9070-f48f0bff2565
2019-11-12 07:22:49 UTC,purchase,5773606,1487580006317032337,,irisk,1.59,520658575,2add2efa-142f-457f-9a10-458193fd8939
2019-11-12 07:45:27 UTC,remove_from_cart,5876810,1487580010100293687,,jessnail,3.16,568038555,f209b767-e0d2-4fbd-9af7-0ce89f909458
2019-11-12 08:16:16 UTC,view,5723225,1487580009445982239,,,0.48,570304875,605b5556-4179-4ce1-8f4a-a8522cad75c9
2019-11-12 09:16:00 UTC,view,5850298,1487580007524991942,,bluesky,4.76,452750284,50be6c3f-66c8-4055-8cc9-3a82e0eaadb8
2019-11-12 09:45:19 UTC,view,5588610,1487580006317032337,,irisk,3.33,469358149,d871e3f8-0c8d-4cf9-a69f-153203777bd9
2019-11-12 09:48:28 UTC,remove_from_cart,5847757,1924049110428549877,,oniq,7.94,567428741,5bb1d031-aa5e-4d6f-8d7a-3b55404f2d21
2019-11-12 09:55:28 UTC,view,5747089,1487580006526747548,,,1.43,567325573,4bb4b4b5-2394-46d1-b2f5-a4a0a0b3bba2
2019-11-12 10:09:26 UTC,cart,5734586,1487580005050352469,,haruyama,3.97,516113445,c2a4372e-52ca-4fe1-84be-ee25827287f5
2019-11-12 10:35:40 UTC,cart,5847430,1487580005754995573,,,4.44,553114340,25ffad7f-374e-474c-bce1-021aed9b1840
2019-11-12 10:51:07 UTC,cart,5783935,1487580005595612013,,,2.06,525332454,c92b7af3-5bf4-401f-9185-147348ea5c89
2019-11-12 10:58:56 UTC,view,5683740,1487580005595612013,,,3.0,495633606,34e1a24d-641c-4282-8454-6cf2de825aad
2019-11-12 11:01:38 UTC,view,5809921,1487580010100293687,,grattol,2.06,213779625,7c7764ba-9eff-4f94-9f93-b1dc12c8e7d9
2019-11-12 12:03:44 UTC,cart,5550078,1487580005595612013,,,3.0,565971835,fdd5c264-9584-4037-a9ca-832582570124
2019-11-12 12:24:06 UTC,view,5592506,1487580007634043851,,ingarden,1.27,506046592,22135a4c-78b3-aa1b-874e-f42b85f814f2
2019-11-12 13:22:50 UTC,view,5773609,1487580006317032337,,irisk,1.9,392157924,bfaf8737-0838-feae-5d21-039ee1a039a4
2019-11-12 13:47:56 UTC,purchase,5665855,1487580013900333275,,irisk,2.06,559466819,de5a03be-0531-42ac-a5de-2b87811150c3
2019-11-12 13:53:30 UTC,remove_from_cart,5619868,1487580006895846315,,runail,2.86,535585526,364d6d45-7215-7521-4998-b78df37bf471
2019-11-12 14:17:28 UTC,view,5804022,1487580005922767741,,,3.17,499717801,55827362-93c5-4df9-b185-b0442faf6c1f
2019-11-12 14:21:50 UTC,remove_from_cart,5563774,1487580005595612013,,,3.0,545436823,f39f7945-07a7-479c-a28b-7e93663baeee
2019-11-12 14:34:05 UTC,remove_from_cart,5839049,1487580005511725929,,,5.56,510846289,254dcf55-c59c-4dd9-9a66-b2466ecac542
2019-11-12 14:41:33 UTC,view,5771626,1487580004857414477,,lianail,6.33,485150225,cde041ed-fcac-4d56-8c0e-2f32d14fd244
2019-11-12 14:43:33 UTC,purchase,5829791,1897124478404526487,,,4.44,507191328,3cab7c28-7236-44ea-895d-3554a2105cfd
2019-11-12 15:03:10 UTC,view,5843953,1487580008246412266,,,11.49,434373605,249d0c50-71fa-419e-b181-a3043b1680e1
2019-11-12 15:08:52 UTC,view,5838960,1605161575889502297,,lovely,6.35,515002234,2f98fd83-7100-4f80-ad61-1612e3afd15c
2019-11-12 15:44:12 UTC,purchase,5677403,1487580008313521133,,estel,5.08,466030209,ce28df0d-0486-4252-8852-454cb0091d4c
2019-11-12 15:57:27 UTC,remove_from_cart,24368,1487580013053083824,stationery.cartrige,depilflax,3.02,366323997,d147062d-62b4-4280-8d72-b9c3da36bb40
2019-11-12 16:20:15 UTC,cart,5670338,1487580007256556476,,,1.9,569871394,bddaa79f-61af-41ec-8fa2-0eebb3366472
2019-11-12 16:38:51 UTC,remove_from_cart,5859407,1487580005671109489,,masura,2.37,559317488,2050b6e7-b991-4ef6-bfd2-d92ea9afcd22
2019-11-12 16:41:02 UTC,view,5748490,1487580006350586771,appliances.environment.vacuum,,26.97,562924511,940e73c1-1d25-4944-a672-440a408675c2
2019-11-12 17:05:49 UTC,cart,5836077,1487580008246412266,,markell,6.03,570657367,95b36775-1dfd-4c6c-83b6-ba891a99c5ce
2019-11-12 17:35:14 UTC,remove_from_cart,5887569,1487580005595612013,,,3.0,564579776,614eb567-1a42-4ddc-a5da-521ccfb15a55
2019-11-12 17:43:45 UTC,view,5885858,1487580007952810971,,,9.29,569083172,bf98a38f-2e59-472f-a72f-451444452c54
2019-11-12 17:44:58 UTC,cart,5707930,1487580007432717250,,,1.84,570535283,968c91a5-fb0c-4e4f-8cc9-753b8c124c6c
2019-11-12 18:11:56 UTC,remove_from_cart,5787020,1487580005595612013,,,4.11,520098398,ba609c5e-e809-441d-b869-4f6bb39bc145
2019-11-12 18:22:31 UTC,view,5581,1487580009311764506,,entity,1.13,568925679,aa931571-afad-f07a-8a44-50e27e1d894b
2019-11-12 18:47:29 UTC,purchase,5820756,1487580006317032337,,,2.22,526058384,617dd2a5-6a9c-424b-9b87-b0349f9e5342
2019-11-12 18:49:42 UTC,cart,5736334,1487580005050352469,,haruyama,3.97,415546539,7bccf0f4-00bc-467d-852a-044ed36204cc
2019-11-12 19:00:20 UTC,view,5595958,1487580009143992338,,matrix,24.6,570703102,7e897daa-3560-4ac9-b7e4-99d69d7bccf8
2019-11-12 19:20:50 UTC,remove_from_cart,24755,1487580007759872977,,,1.9,486682994,2784b197-9a63-48ad-b891-29ef8ce0226f
2019-11-12 19:38:56 UTC,view,5668424,1487580005511725929,,,5.56,566667766,fa677750-f206-4023-bc3d-4d41e72454b1
2019-11-12 19:55:29 UTC,cart,5877486,1487580007675986893,,freedecor,2.38,570724021,4da4f8c7-f540-4421-a6b3-c681d2c52945
2019-11-12 20:14:25 UTC,remove_from_cart,5896458,1487580007675986893,,milv,1.59,540073475,aa00f222-b38a-4b42-b963-dc1c1699bb01
2019-11-12 20:37:59 UTC,cart,5691607,1487580009286598681,,yoko,0.79,482720303,4f976bf8-d4db-4749-85d0-535db3784acb
2019-11-12 20:59:21 UTC,view,5856186,1487580006300255120,,runail,75.4,403644792,6085e19c-20be-4f3c-9aec-3f7ed5781d8f
2019-11-12 21:19:50 UTC,view,36558,1487580007072007091,,ingarden,5.08,570750731,eccf1c45-c014-4e75-b7bf-0360aff61e58
2019-11-12 21:59:08 UTC,cart,5843582,1783999071199952917,,,0.48,553205963,238d62af-4367-4ee9-b8bc-9448173cde51
2019-11-13 00:47:49 UTC,remove_from_cart,5766593,1783999067156644376,,kaaral,10.68,570786106,55e92824-5e77-4e4a-a973-b315b5c70d50
2019-11-13 01:26:51 UTC,remove_from_cart,5743913,1487580011652186237,,,3.97,561059283,267fb218-a4cd-4096-8d9a-2b003ede34c7
2019-11-13 04:17:03 UTC,view,5894919,1487580010100293687,,jessnail,1.1,435008558,9463935f-753b-40e8-a152-6b533849900a
2019-11-13 04:34:25 UTC,remove_from_cart,5744133,2193074740552270669,,,8.89,348544377,d74e1738-84b3-42a1-a724-f05e390b4500
2019-11-13 05:17:01 UTC,view,5809857,1805953852441101266,,grattol,5.4,544326472,a2fa0427-8951-43f3-8cb5-5c0edc5c95e1
2019-11-13 05:44:22 UTC,view,5766377,1487580008246412266,,kaaral,12.25,563639098,81053123-9e52-4cf4-9175-4de6d00d0139
2019-11-13 06:15:01 UTC,view,5769942,1487580013858390233,,kapous,3.02,472614741,ae987539-d9fa-4f09-832f-ae61ef76d8c8
2019-11-13 06:27:18 UTC,purchase,5736283,1487580007281722301,,severina,5.0,486412576,e234d2c3-aad6-420b-ab6e-0c690605766b
2019-11-13 06:40:28 UTC,view,5853039,1487580008263189483,,,20.0,570821568,be222147-5588-4713-9bff-52d17f0617ba
2019-11-13 07:21:37 UTC,view,5716844,1487580013950664926,,,10.32,570886315,267737e5-3569-4c7a-822e-1526bdc4940a
2019-11-13 07:32:11 UTC,view,5864851,1487580005268456287,,,11.11,282882409,07996bad-5ae2-4df7-ac55-b4b8c1af77be
2019-11-13 08:14:45 UTC,cart,5865525,1487580008447738866,,cnd,10.0,568681187,d91c628b-6b86-4b11-a9e3-0efe0222f63b
2019-11-13 08:21:26 UTC,view,5761313,1516331853567492962,,masura,3.16,567704330,a38f8fa5-8fbd-4e0c-8866-623af5d8175c
2019-11-13 08:22:38 UTC,view,5839681,1487580005671109489,,masura,2.37,247623921,9fc1cf96-8c6a-4e7c-9087-9c56405fb7ea
2019-11-13 08:32:23 UTC,purchase,5809916,1602943681873052386,,grattol,6.03,570905901,848c4ce4-a263-472a-b0cc-848448a7631b
2019-11-13 09:06:47 UTC,view,5465,2195085255034011676,,ingarden,3.49,548064675,cbe25589-7bd7-4c8f-b24f-51d4bfbbe988
2019-11-13 09:09:28 UTC,view,5739053,1487580008246412266,,concept,7.78,316087060,be4a4b35-263d-47f8-9587-0797898d5e48
2019-11-13 09:57:18 UTC,cart,5823605,1487580004916134735,,,4.17,570922761,8d7998e0-37a7-497d-990c-8724ac378104
2019-11-13 10:15:03 UTC,remove_from_cart,5691003,1487580007432717250,,bluesky,2.38,336065468,a62d39f6-1abc-4839-bcaf-a967450f4ce1
2019-11-13 10:24:31 UTC,view,5859479,1487580005671109489,,masura,3.95,352394658,dee05e29-f331-48dc-b1b3-547985fc2aa4
2019-11-13 11:45:09 UTC,view,5762160,1487580009286598681,,,1.57,526246504,bbe9fa6f-bc94-4037-bc9d-1bb3ceed3d67
2019-11-13 11:46:43 UTC,view,5899865,2115334439910245200,,,4.62,570996972,f6cb3596-35ad-40b6-b2d6-f483c3ff653f
2019-11-13 11:51:49 UTC,purchase,5836522,1487580013522845895,,nagaraku,0.4,563305183,c3594217-32ff-4c99-8aaf-70d15e2c07d3
2019-11-13 11:56:08 UTC,view,5835959,1487580007483048900,,irisk,1.86,322087230,e25593c3-ba89-4c2a-a969-2640eee16ee3
2019-11-13 12:03:11 UTC,view,5836563,1487580013841613016,,,6.57,480698916,0f73e7e0-6208-46c9-a669-f35a10e18ed1
2019-11-13 12:05:13 UTC,remove_from_cart,5822311,1487580005595612013,,,3.0,560922672,6761994c-a2fd-4d47-8c8c-cc77f6c03309
2019-11-13 12:09:36 UTC,view,5761297,1487580005553668971,,,7.94,551837866,228e403d-d66b-42f2-8680-4e8d00bae131
2019-11-13 12:22:06 UTC,cart,5838227,1487580004857414477,,lianail,6.02,510190982,4070a76e-9087-4193-ad1b-cb95eefce136
2019-11-13 12:47:31 UTC,cart,5802432,1487580009286598681,,,0.32,561717343,371cd85c-0e32-47cf-8ecf-392d332e1658
2019-11-13 13:09:26 UTC,view,5855726,2020400296164851991,,,6.03,367154041,947c3f88-e0cf-4139-9e72-f8c25fbbca81
2019-11-13 13:10:40 UTC,view,5784586,1658462125284131265,,uskusi,3.97,366648135,b6471069-e93a-432a-97dc-53be6e8ca15d
2019-11-13 13:33:10 UTC,cart,5847863,1487580006317032337,,,9.52,458893968,982ce50c-aeac-4036-9c36-4bddba24bacf
2019-11-13 13:42:03 UTC,view,5813492,1487580005553668971,,,9.52,571041019,30dc09cc-9be6-4912-9de7-a89716fae487
2019-11-13 13:50:36 UTC,view,5823806,1487580004916134735,,,4.17,512177218,b1fdb25c-69ef-482d-919b-9281b69c6e82
2019-11-13 13:57:34 UTC,remove_from_cart,5807856,1487580010645553231,,irisk,3.65,243184747,6697d3e3-90d8-4f98-b2fe-bc8c1dd41bf8
2019-11-13 14:00:28 UTC,view,5776148,1487580011534745720,,carmex,5.56,566971120,43940219-8efe-4dc8-bf7b-222388115c28
2019-11-13 14:11:57 UTC,view,5693527,1487580005511725929,,,5.56,423015615,249ea7f0-7489-4ada-805d-c25ee5c76ad3
2019-11-13 14:43:10 UTC,view,5887689,1487580013170524342,,shik,14.13,556323016,1a5c2cff-c832-4bc6-8f54-fb99ea22ae9a
2019-11-13 15:20:37 UTC,view,5769875,1487580013841613016,,kapous,3.65,571082052,f5176b2c-da2a-4823-9185-a14568768471
2019-11-13 15:31:07 UTC,cart,5899471,1487580005008409427,,f.o.x,1.81,555857937,57a7ea6e-829d-47d3-b119-e8eb60847d2a
2019-11-13 15:58:29 UTC,view,5697283,1487580010779770966,,,0.38,571096391,c913f4a9-7686-43c3-b413-d8249fd764cc
2019-11-13 16:01:58 UTC,purchase,5767495,1487580013011140782,,italwax,1.25,520855813,bdbf064f-5cee-42d6-8c46-ba37afc7ac4f
2019-11-13 16:09:09 UTC,view,5816398,1487580007659209676,,irisk,2.86,431564934,9e9c4623-cbfd-46b9-ac15-0c9b113f7435
2019-11-13 16:22:53 UTC,remove_from_cart,5769879,1487580013841613016,,kapous,3.65,550125414,b5e47bfc-ef91-4023-9b28-542d3daa8841
2019-11-13 16:27:35 UTC,cart,5813957,1842735758805303837,,beauty-free,3.95,512743965,93f4bb02-972d-4b9b-a19c-ea8c222a1e9e
2019-11-13 16:36:39 UTC,view,15199,1487580008447738866,,cnd,10.0,511078860,e2cbce36-2851-42c3-bbf1-7cd87520bbd4
2019-11-13 16:39:19 UTC,cart,18081,1487580005411062629,,cnd,16.03,406932168,c6e38098-912b-450c-8ff8-3ec3b21d9d95
2019-11-13 16:41:09 UTC,view,5809916,1602943681873052386,,grattol,6.03,518292044,fcee479d-47a2-45cd-ba18-ee6929e4b37f
2019-11-13 17:01:05 UTC,view,5869131,1783999064136745198,,cosmoprofi,21.43,231688106,fcab8fd5-ba8d-4f05-81be-7e2f46eb4196
2019-11-13 17:59:09 UTC,view,5879284,1487580008607122425,,masura,9.51,571143326,433a3c23-25f5-417d-b0d1-e89247c9aa2c
2019-11-13 18:21:58 UTC,view,5736504,1487580012902088873,,,20.63,551323275,b59a4254-dc4b-4082-827d-5f2c9e55d7c5
2019-11-13 18:39:08 UTC,view,5753483,1487580013069861041,,italwax,2.68,569490727,306cec3a-324a-3fc3-2eb9-5b436d2688e2
2019-11-13 18:39:57 UTC,cart,5848037,2151191071118328683,,nagaraku,0.32,461198189,cedf6075-33df-0439-dc23-e655f6c3e46c
2019-11-13 18:45:15 UTC,view,5847304,1982860244379763042,,,7.14,516494600,1e520fc3-65d2-4f0f-9a80-e392b93e6f08
2019-11-13 18:48:11 UTC,remove_from_cart,5798924,1783999068867920626,,zinger,3.97,530224089,70b6fb76-b2d5-4c16-84b5-59d697334c0d
2019-11-13 19:04:04 UTC,view,5846457,2151191071378375538,,browxenna,15.4,499581702,e44a9a0d-8539-4792-9def-6c258c2824ba
2019-11-13 19:04:28 UTC,view,5695538,1487580005595612013,,,3.33,571160572,4de3159a-2159-490f-98a1-a4fd5fe343f4
2019-11-13 19:06:16 UTC,view,5561082,1487580005595612013,,,3.0,561657091,35f98f3c-58ad-4524-81fc-892d6475c7ca
2019-11-13 19:14:09 UTC,view,5731377,1487580004916134735,,,4.44,543523260,c04ba668-ada9-44f0-bc8f-c941324d87f0
2019-11-13 19:28:47 UTC,view,5896413,1487580009076883471,,jessnail,1.29,482916535,0dfc0359-c912-4483-86e0-926b92e07c2c
2019-11-13 19:28:48 UTC,view,5729902,1487580009445982239,,irisk,4.6,571178595,5dc225ea-08a5-40d8-832b-060de9231ca1
2019-11-13 19:37:25 UTC,cart,5836495,2151191071051219817,,nagaraku,4.76,467743558,e6a39bf6-3b3f-42bb-a172-6ddb40d14ca2
2019-11-13 19:59:51 UTC,view,5900651,1487580013950664926,,,19.52,537344459,a6542d67-9501-4b22-b932-08b12ca2c995
2019-11-13 20:10:08 UTC,view,38483,1487580006300255120,,runail,64.29,397633410,c2314917-f684-4e2d-99ac-6866519aff61
2019-11-13 20:24:12 UTC,purchase,5896038,1487580012591710363,,,2.29,570268401,bc9df7f8-dfed-f7b1-549f-e882831448e5
2019-11-13 20:26:06 UTC,view,5730206,1487580005092295511,,,10.32,462022235,6d2c0bec-1c72-4ac2-b5a2-1c0b2ea90c29
2019-11-13 20:58:51 UTC,view,5624470,1487580008800059394,,masura,2.84,571208894,655bb898-84ba-434f-b991-4bb7c9d7dd1b
2019-11-13 21:04:47 UTC,remove_from_cart,5886721,1487580005067129686,,,2.38,543559446,e164ce03-8c23-488a-99cf-550001b3462d
2019-11-13 23:18:12 UTC,view,5764716,1487580012902088873,,italwax,14.27,571235196,d0b4ac9f-a6cd-4a05-aefb-28cf8b1b8ba6
2019-11-14 00:48:33 UTC,view,5816487,1487580007852147670,,irisk,3.97,241795740,bba7fcde-15d4-4924-8399-92375248266f
2019-11-14 02:23:47 UTC,cart,5772286,1602943681873052386,,grattol,6.03,571257652,744e597f-9e80-490f-853b-aee236666113
2019-11-14 03:17:31 UTC,cart,5786848,1783999068909863670,,smart,7.14,294755762,1752a62c-1b17-368c-8f67-499a56ca8ad3
2019-11-14 04:08:55 UTC,remove_from_cart,5822584,1487580005595612013,,,2.54,555020407,a470bd7e-1b90-497f-89f8-494a27241229
2019-11-14 04:40:21 UTC,cart,5751742,1487580005092295511,,,14.6,478595884,ea30ca7c-a43e-4802-b3f3-c624d7165b39
2019-11-14 06:00:15 UTC,cart,5603537,1487580005671109489,,masura,1.73,542220061,2edd2ee1-60fa-402e-b1f9-8ec27d98bae3
2019-11-14 07:09:32 UTC,view,5854829,1602943681873052386,,grattol,5.24,490402605,feb46f6f-d85a-4ee4-a757-4fa3396ddd19
2019-11-14 07:25:02 UTC,view,5561570,1487580007952810971,,,12.68,567719446,8d48f5b9-07b7-4d33-a56e-ea7ba0f811c3
2019-11-14 08:44:47 UTC,view,5867187,2195085255034011676,,beautix,15.0,568178517,f9e175c3-5fb4-4d1e-9bc1-7be458a91fa5
2019-11-14 08:50:42 UTC,remove_from_cart,5841326,1891434214553813877,,,3.95,571341880,096ffa8f-887f-4f84-9f65-0fd5ee537e2a
2019-11-14 08:56:33 UTC,view,5816172,1602943681873052386,,grattol,5.24,419048145,ba706d0c-6b5f-4ca7-967c-de9a265e5c5e
2019-11-14 09:00:39 UTC,view,59995,1487580012927254698,,,4.13,548388683,048266b1-9458-48de-9be1-0015e7d0c5ba
2019-11-14 09:10:33 UTC,view,5815730,1487580005092295511,,,10.95,550359209,c57610ed-4682-4db2-98f6-184d5ea1ee67
2019-11-14 09:29:05 UTC,cart,5682506,1487580013841613016,,,2.62,544711559,c9a151b4-7143-41d1-aaa6-046cb89d01af
2019-11-14 09:33:34 UTC,view,5698323,1487580011702517887,,estelare,2.22,378884003,6fcef71a-0ece-40d0-bb82-d4cbb9909274
2019-11-14 10:32:43 UTC,view,5846096,1487580013950664926,,,52.22,571206566,4c78da1c-cfd1-4b0d-8a6b-8262d6e21282
2019-11-14 10:37:25 UTC,view,5651977,1487580009177546772,,,31.73,531608445,d99e39e7-aa35-4d86-83a9-54133564819d
2019-11-14 12:24:37 UTC,view,5873520,1487580013279576251,,,0.0,366648135,31a95277-3131-4087-bf5f-9aeb87220516
2019-11-14 13:17:16 UTC,view,5831613,1487580005268456287,,finish,15.08,459672966,59be5682-728c-4041-a7ff-25a46f7bdcb8
2019-11-14 13:30:38 UTC,view,5848674,1487580012642042013,,,10.16,529993985,e7fdfd57-3f29-4f18-97b9-4d291298f561
2019-11-14 15:12:33 UTC,view,5791011,1487580008011531230,,,71.43,569394512,244c86d9-22e1-40ee-824f-7725fb4473f5
2019-11-14 15:37:27 UTC,view,5780720,1487580005092295511,,pole,5.56,571517671,9d9dacc0-b141-4e4e-adfe-9cc30138ab3d
2019-11-14 15:49:46 UTC,remove_from_cart,5900874,1487580005511725929,,,5.56,447567124,e8a33137-4dfa-4d83-8151-edda674308c8
2019-11-14 16:15:46 UTC,purchase,5668415,1487580005511725929,,,4.27,571522311,11b0a6fb-b703-41ce-bd28-100d4adfac44
2019-11-14 16:21:09 UTC,remove_from_cart,5760377,1487580011585077370,,,1.51,522825366,3d86f778-b72a-4bab-9db6-73c76a2dc890
2019-11-14 16:55:35 UTC,view,5804018,1487580007432717250,,,3.97,305611019,68a9ce4c-ea53-4425-97c1-5bcc0cacf6b6
2019-11-14 17:50:46 UTC,view,5547430,1487580012021285001,,,2.21,571367978,c2682e0e-beb4-4551-8127-f71db9a6bee2
2019-11-14 18:00:02 UTC,view,5549790,1487580005595612013,,,3.0,571551538,55e019c8-f0c0-49d8-bead-8e7f44d61881
2019-11-14 18:22:55 UTC,cart,5855333,2193074740552270669,,,3.89,434586054,71705f05-d343-4876-8858-a13fed010f49
2019-11-14 18:41:12 UTC,cart,5877491,1487580007675986893,,freedecor,2.38,571574168,f1470d9f-8a6a-4cd1-bb3f-e1e3d08e016c
2019-11-14 18:43:40 UTC,view,5688688,1783999072332415142,,markell,4.84,486055553,7565a743-34ea-4214-a631-02699415baae
2019-11-14 18:45:17 UTC,view,5568484,1487580005595612013,,,3.0,535945970,755722da-ab4b-4f4f-a4b4-77c98b0817a1
2019-11-14 18:48:41 UTC,cart,5900468,2151191071378375538,,,4.76,571559460,0fddc9ac-babe-44d0-9a00-553174915d3d
2019-11-14 18:49:04 UTC,remove_from_cart,5902948,1487580005050352469,,haruyama,2.98,571539372,d6e719d6-929a-4701-9234-6a7fbdd183ca
2019-11-14 19:03:54 UTC,view,5780746,1487580004857414477,,lianail,5.54,478492624,c7b9593f-0444-4472-8986-fb96508c4cc0
2019-11-14 19:37:40 UTC,cart,5706782,1487580005092295511,,runail,4.44,438580176,8eda5df2-415b-4d98-a876-048351961d89
2019-11-14 19:40:48 UTC,cart,5550118,1487580005595612013,,,3.0,571539372,d6e719d6-929a-4701-9234-6a7fbdd183ca
2019-11-14 20:43:42 UTC,remove_from_cart,5723489,1487580005134238553,,runail,2.62,351507145,2976aa72-49c2-4f6a-b842-419b8a389113
2019-11-14 20:51:50 UTC,view,5820773,1487580006317032337,,,3.97,561775259,98bad541-2933-4b9e-8112-e6b4e5ec6743
2019-11-14 21:11:14 UTC,view,5776129,1487580013472514244,,art-visage,2.7,570616187,f85a1b17-42fb-4022-b196-bdfe87e79af6
2019-11-14 21:37:51 UTC,purchase,5724571,1487580005427839846,,irisk,1.97,569837057,24e44b39-5323-497b-8605-f23b55b46586
2019-11-14 22:54:48 UTC,view,5753488,1487580013069861041,,italwax,13.02,569001286,556ad7e8-75f1-4664-9726-4f0502abf00e
2019-11-14 23:47:22 UTC,cart,5755456,1525995662934540829,,,3.97,268145802,aedb1ff3-9889-4318-91f9-57d8ffa808d0
2019-11-15 01:20:27 UTC,view,5898227,1487580008984608779,,,236.51,526382726,15bb62b2-f078-4b3a-aa96-adac5a069c59
2019-11-15 03:51:27 UTC,view,5896464,1487580007675986893,,milv,1.59,475253400,3f721002-e544-4de2-a4af-512c6fdc6bbd
2019-11-15 04:00:36 UTC,purchase,5682505,1487580013841613016,,,2.62,570941306,be03ab4f-5b5f-4a9e-afe6-c11f7ff4c4c4
2019-11-15 04:22:14 UTC,cart,5809910,1602943681873052386,,grattol,5.24,528776684,318ab434-a281-4de7-819b-f5dab66740a5
2019-11-15 06:02:11 UTC,cart,5902093,1487580007675986893,,,2.38,562226472,e46db7c6-6587-4fe6-b00b-4f8f19d0a876
2019-11-15 06:04:35 UTC,remove_from_cart,5875743,2084144451428549153,,,2.05,523251408,dafd5edd-5e80-4fd3-92aa-9b1c06250d9b
2019-11-15 06:30:31 UTC,view,5804820,1487580013950664926,,,63.33,571716173,f06b9268-bd95-4c24-8c48-b3b6cd657124
2019-11-15 06:42:42 UTC,cart,5794080,1487580005268456287,,,8.73,450698149,5944abf8-2db2-46c3-b20e-da05fdc25620
2019-11-15 06:56:31 UTC,view,5877452,1487580006300255120,,jessnail,44.29,564827981,497452b8-e583-406f-87c5-8b6525883945
2019-11-15 06:56:53 UTC,cart,5694630,1487580007936033754,,yoko,4.13,544786801,818db78e-f178-4bc5-acf4-b245860964d5
2019-11-15 07:34:41 UTC,remove_from_cart,5861591,1487580009143992338,,lador,2.22,512342457,2c0d2ef9-5857-4412-8587-a75bc8c75d58
2019-11-15 08:12:49 UTC,remove_from_cart,5774352,1487580006895846315,,runail,4.13,506102479,1fc7caba-128d-9251-f1c6-63a72a1a678c
2019-11-15 08:16:45 UTC,view,5809617,1487580005595612013,,,3.02,439931695,6f6767d1-d9e7-4546-b895-84f7773632b6
2019-11-15 08:27:19 UTC,view,5807816,1487580005713052531,,ingarden,4.44,571752335,1a7d5de7-ae24-4961-a2da-ca0c071dca7e
2019-11-15 08:37:23 UTC,view,5840231,1944358258223350494,,ypsed,21.79,559402252,231be4e6-1057-4589-8fa5-8fab4e758191
2019-11-15 08:52:25 UTC,remove_from_cart,5661292,1487580006317032337,,,6.98,550802288,80a2cbf4-6f4d-4dd0-9e8b-3b3b79db95b4
2019-11-15 09:25:32 UTC,view,5790563,1487580008263189483,,,7.14,556781084,5dc0730c-61de-42e0-9bd4-14711ad09b39
2019-11-15 10:23:12 UTC,remove_from_cart,37037,1487580006895846315,,runail,5.13,566751341,5d02d84f-d8d2-4973-9701-2535abdd9e29
2019-11-15 10:23:15 UTC,cart,5814516,1487580013539623112,,,13.49,571622757,e918643f-f49d-4224-b136-b6c27093f44e
2019-11-15 11:10:17 UTC,view,5848909,1487580007675986893,,bpw.style,0.79,432679810,bf3192dd-a99f-8112-933d-2764a51b18f9
2019-11-15 11:21:57 UTC,remove_from_cart,5869130,1783999064136745198,,cosmoprofi,7.14,338013626,fe9ae74f-a3a0-41b1-bfed-d6b600f3d9ee
2019-11-15 11:40:01 UTC,view,5696330,1487580013841613016,,,2.62,571816889,fe291d47-0d3b-4b50-b930-387b24770d5e
2019-11-15 12:05:15 UTC,view,5869144,1783999063314661546,,cosmoprofi,7.94,491047834,9662e75b-ffb4-4941-85b8-abf005780dac
2019-11-15 12:36:32 UTC,remove_from_cart,5862578,1487580005092295511,,beautix,15.71,571682357,cc77c690-c094-4dd0-a45f-33a99e631bef
2019-11-15 12:43:01 UTC,cart,5581,1487580009311764506,,entity,1.13,471292116,6a6c7520-b6a3-4c36-a9b7-ac1048d3297d
2019-11-15 13:15:14 UTC,cart,5816560,1487580005553668971,,,7.46,521468297,eeb8d9f2-e109-4e19-bf43-b9f978e673f2
2019-11-15 13:15:28 UTC,remove_from_cart,5808501,1487580013388628160,,irisk,1.27,423699563,8fc31534-ecb5-4338-9efc-7476845673e6
2019-11-15 13:17:56 UTC,view,5859416,1487580005671109489,,masura,2.37,509044250,f5181ad1-8021-4a2e-982b-012d15f24edf
2019-11-15 13:19:23 UTC,view,5808265,1487580008162526182,,irisk,9.94,567483242,d6de4920-668e-4b7b-a81a-bcbed6513d2d
2019-11-15 13:35:57 UTC,view,5561084,1487580005595612013,,,3.0,560151149,d6c73430-8c00-4f97-b2aa-1a131334064f
2019-11-15 13:53:37 UTC,view,5588610,1487580006317032337,,irisk,3.33,550273984,ff1b0443-4f43-419b-8404-d3f228112d84
2019-11-15 13:58:02 UTC,remove_from_cart,5726176,1487580005595612013,,,3.0,551765626,60dc2c0a-ae6f-4237-b5cf-60a978763676
2019-11-15 14:23:36 UTC,view,5755455,1525995662934540829,,,3.97,363081647,abe7b1dc-2241-413b-bf8e-b22dcda3c201
2019-11-15 14:50:45 UTC,cart,5778935,1487580005092295511,,f.o.x,13.97,388230320,793fef1c-af37-4b8c-953d-468a6880aec9
2019-11-15 15:09:24 UTC,view,5834358,1924049110428549877,,oniq,10.32,569656669,8a37a65a-2d1b-4815-a468-24c2caeaf820
2019-11-15 15:10:58 UTC,view,5841297,1487580010645553231,,irisk,46.83,558576019,5bb923f4-985c-4633-9246-ef54a5197c0e
2019-11-15 15:51:03 UTC,remove_from_cart,5837635,1487580007097172916,,,5.56,415388218,8a1e3d41-cc3c-440e-8a74-fd89fcb7c85e
2019-11-15 16:10:52 UTC,view,5775873,1487580005427839846,,irisk,4.92,330851378,55ed888c-8c70-437f-8b68-468d68c70ca5
2019-11-15 16:40:49 UTC,view,5804468,1487580005461394279,,bluesky,3.97,571912414,f0125e22-87cf-4bb8-a4e8-663c1b103f87
2019-11-15 16:50:54 UTC,cart,5649208,1487580013581566154,,concept,2.94,571928850,9df158e0-1f4b-4151-833b-60cb1104080b
2019-11-15 17:00:45 UTC,view,5820790,1487580006317032337,,,15.87,570758920,5c42c7b3-38ad-4084-be40-2b74b4a04dff
2019-11-15 17:08:00 UTC,view,5901627,1487580007675986893,,freedecor,2.38,524435310,8014e1bd-a0f0-43cb-8809-a6600254b9f6
2019-11-15 17:17:40 UTC,cart,5819244,1487580005713052531,,ingarden,4.44,477900838,3ba968ca-96b5-41de-8dfc-ff2786101586
2019-11-15 19:20:33 UTC,remove_from_cart,5854897,1487580009445982239,,irisk,0.32,479685366,e17581cc-3622-4ef0-b0ef-5447f131c70b
2019-11-15 19:46:13 UTC,view,36746,1487580012021285001,,,19.03,571049993,0109ecf0-a2de-b86f-abff-d726a9042f0f
2019-11-15 19:49:06 UTC,cart,5866953,1487580010318397504,,cutrin,17.6,550565349,00b2eb60-95c6-4a6a-9dd5-4baac9c1463f
2019-11-15 19:55:13 UTC,remove_from_cart,5759387,1487580011652186237,,,8.57,540660161,fd708f3c-966c-4453-b890-dd1bf3244401
2019-11-15 21:55:36 UTC,view,5877456,1487580006300255120,,jessnail,122.22,537612858,0faefe48-b9ed-47cd-8bbb-951a28f6e273
2019-11-15 22:19:42 UTC,view,5884088,1487580005268456287,,,4.75,569017293,64d705cd-16aa-466e-85fe-6eb622b2c209
2019-11-15 22:23:27 UTC,cart,5565058,1487580005595612013,,,3.0,534693573,d3ccbde5-8eb7-4318-8926-abcc909926c5
2019-11-15 22:35:16 UTC,view,5900298,1487580007675986893,,freedecor,1.43,533055425,699e24d5-1b31-435f-9abf-5f95d0ea4e64
2019-11-16 04:11:37 UTC,view,5649214,1487580005268456287,,,5.56,522931690,9c42c87d-7c1a-4889-a8a8-85703156d364
2019-11-16 05:43:02 UTC,cart,5877599,1487580007675986893,,bpw.style,1.27,572073617,ee1b711b-0dca-414f-91ef-477a6433b81c
2019-11-16 05:45:29 UTC,view,5900646,1487580005713052531,,ingarden,4.44,509994751,fe37558e-70b8-4e9b-92f5-be5b89be067e
2019-11-16 06:10:53 UTC,view,5759347,1487580012021285001,,milv,3.49,572087808,7f3fec20-5571-466c-b270-8f5f7e6ce264
2019-11-16 06:34:51 UTC,cart,5896619,1487580005427839846,,irisk,2.48,569194481,cf130e23-c35a-4a05-9a52-d5b42c49bb08
2019-11-16 07:50:06 UTC,view,5864576,1487580011627020412,,,52.54,536956429,8b3a150c-9f1b-4823-a283-2299775b8915
2019-11-16 08:15:50 UTC,remove_from_cart,5818471,1487580009445982239,,,0.98,571991086,7a070404-5f29-4e45-b7ce-29a5fd358125
2019-11-16 08:32:17 UTC,cart,5567930,1487580005595612013,,,3.0,554646267,768007b6-4a37-469a-9f30-724d174d3c44
2019-11-16 08:37:46 UTC,cart,5885863,1487580007852147670,,,3.81,457111515,ac861a6d-b074-4902-bd68-11ab3e39ef62
2019-11-16 08:37:55 UTC,view,5678243,1487580013799669974,,estel,6.11,429980878,5e3d2782-50b1-44a7-b884-9fad6d259170
2019-11-16 09:12:28 UTC,remove_from_cart,5695568,1487580007659209676,,,0.95,483980870,e2c19704-a0d8-4d2d-b802-39e436a0d7ea
2019-11-16 09:44:45 UTC,remove_from_cart,5839641,1487580005671109489,,masura,2.37,567755366,92cdc87e-994d-4137-8da7-36d5421d8d9b
2019-11-16 09:46:58 UTC,cart,5816176,1602943681873052386,,grattol,5.24,526380174,a3131197-d94b-446b-a370-1be10604c6f0
2019-11-16 09:58:51 UTC,purchase,5754853,1487580005092295511,,,10.63,556265266,93b27c75-ef7d-489f-bb0b-fb96231bccbe
2019-11-16 10:21:22 UTC,view,5870819,1487580007675986893,,milv,0.79,478042619,4d83eb86-a53e-e531-540a-84597d9a92bd
2019-11-16 11:25:25 UTC,view,5761411,1487580007432717250,,ingarden,2.86,559501561,24e50345-281d-407f-a142-58133bca9467
2019-11-16 11:25:28 UTC,remove_from_cart,5860164,1487580011585077370,,,0.78,570700961,7bfdaa03-e2eb-4e2f-a222-d04850777ab6
2019-11-16 11:30:48 UTC,remove_from_cart,5877765,1487580005268456287,,,9.05,272657323,48bd8a61-8573-44be-8fa4-3607b6eec736
2019-11-16 11:43:57 UTC,view,5853701,1487580007172670392,,masura,3.95,395385862,679f24e6-a80e-40e0-a5b7-6e93c5cddb24
2019-11-16 11:56:34 UTC,view,5657919,1487580010662330448,,bodyton,17.3,555995107,89b71c8a-af5e-4efb-857e-ab2b61831886
2019-11-16 12:06:35 UTC,remove_from_cart,5843546,1487580010628776014,,,3.97,317675444,28893a16-962d-46d5-9732-5e52ff955560
2019-11-16 13:07:33 UTC,cart,5587740,1487580006551913373,,irisk,0.87,334174835,e36ecdda-dd92-441b-83be-06a6b7355292
2019-11-16 13:30:12 UTC,view,5782121,1638456119066100510,,pole,4.11,572193297,06bbaf4a-58da-481d-8d5d-62790572ef13
2019-11-16 14:28:46 UTC,cart,5836510,2151191071051219817,,nagaraku,4.76,479517910,1d2bba2c-bb2d-4237-9d7e-2b6b6ddcbbf8
2019-11-16 15:51:39 UTC,cart,5650294,1487580007835370453,,metzger,3.33,572266200,9bcea3f9-9b3f-4aa2-81a9-60242f227bea
2019-11-16 16:09:13 UTC,cart,5733824,1487580005050352469,,haruyama,3.97,449371406,0e06c468-0556-4878-8f92-4846f10048f5
2019-11-16 16:22:23 UTC,cart,5853663,1487580005511725929,,,5.56,557790271,4e578f9e-0e9a-4bb2-b367-e434c186d038
2019-11-16 16:25:25 UTC,cart,5760337,1487580009261432856,,zinger,2.37,181678993,4a242faf-57bb-4ece-a673-0259ae137377
2019-11-16 16:53:13 UTC,view,5832258,2195085258339123402,,,7.14,572286644,2c0bc862-5e97-4199-b1a5-23dd65a8adf1
2019-11-16 17:10:32 UTC,remove_from_cart,5891052,1783999068909863670,,staleks,42.71,572240561,d351c5fc-b322-410d-8560-291a521e4933
2019-11-16 17:11:47 UTC,cart,5550118,1487580005595612013,,,3.0,518411048,70beeb0a-a4c1-498d-ac84-65d4daa5586c
2019-11-16 17:12:57 UTC,view,5853683,1487580005671109489,,masura,3.63,572272319,43497bd8-1d91-4f38-8242-41ce4f4cb369
2019-11-16 17:39:45 UTC,cart,5723529,1487580005268456287,,runail,2.94,561113195,d3adeeac-b1a5-4591-9fc1-3e454f89f6e0
2019-11-16 18:40:59 UTC,remove_from_cart,5843554,1783999071199952917,,,0.48,561868204,436ead27-0704-479a-ac81-ca3bbf45a688
2019-11-16 19:07:53 UTC,cart,5820776,1487580006317032337,,,3.97,571832740,3f13b15e-0590-4cf8-bc3a-0dc58ea2c3a6
2019-11-16 19:18:43 UTC,remove_from_cart,5820708,1487580006317032337,,,2.22,557149597,692ac52b-cc1b-4d67-a74e-beebda695a37
2019-11-16 19:30:19 UTC,view,5899859,2115334439910245200,,,4.62,541370897,b719006b-8d87-478c-8e72-b6485bcbea95
2019-11-16 21:14:21 UTC,remove_from_cart,5854371,1783999072332415142,,,15.71,455126291,1011165a-42ec-4990-9187-cbdffaabf192
2019-11-16 21:18:11 UTC,purchase,5730207,1487580005092295511,,,10.63,572360663,19d2b518-7944-48ff-a84d-8c8b7010604a
2019-11-16 21:27:20 UTC,cart,5762161,1487580009362096156,,,0.87,572103321,25412205-c48f-450e-88c7-5484419d2820
2019-11-16 21:50:13 UTC,view,5690222,1487580013841613016,,,2.62,572371497,16315d6a-79ac-4de3-a356-00f938cd1fc6
2019-11-16 22:38:06 UTC,view,5899852,2115334439910245200,,,4.46,543521465,e30d4225-29fa-46f6-a610-eab7ac53f165
2019-11-16 22:38:23 UTC,view,5889567,1495705810729173554,,,3.17,465606085,b3803973-587f-45bf-b21f-22b5bf4a6d87
2019-11-17 00:09:24 UTC,cart,5565096,1487580005595612013,,,3.0,572392359,a16a512b-6b41-46ef-82fb-f3ec77e5bdd4
2019-11-17 00:38:44 UTC,cart,5844143,1783999067156644376,,,4.14,564923388,a3fc188e-7f6c-4e40-94e5-314c48d0275a
2019-11-17 00:59:19 UTC,view,5831649,1783999068867920626,,,1.43,557961038,00092b60-f548-493a-866b-b39b396a6b8e
2019-11-17 03:57:56 UTC,view,5802546,1783999063314661546,,,9.52,404836487,e0dd963f-4071-492e-a9e1-d19dbd821781
2019-11-17 04:59:49 UTC,view,5587658,1487580008145748965,,roubloff,2.52,496418689,23e1877b-4d6f-4026-8911-9f67abbebf11
2019-11-17 06:13:01 UTC,remove_from_cart,5565096,1487580005595612013,,,3.0,541491090,03218871-c7af-4bc7-920b-e0f2da9b281c
2019-11-17 06:17:18 UTC,remove_from_cart,5674753,1487580005595612013,,,3.0,572448894,a5337202-5746-4936-bdd2-d2bf6c7fe11d
2019-11-17 06:58:25 UTC,cart,5859451,1487580005092295511,,pnb,5.9,531832124,604e3101-366c-434f-8ef4-2bdbd4f3ce78
2019-11-17 07:20:49 UTC,view,5819895,1487580008246412266,,kapous,4.6,571477056,2893b1d5-04f7-4b47-8157-25220d276f42
2019-11-17 07:43:25 UTC,remove_from_cart,5886716,1487580005067129686,,,2.38,464848709,69559834-8bf3-4a9d-bd96-576d9f469cac
2019-11-17 07:47:16 UTC,remove_from_cart,5799045,1487580010293231679,,,5.73,572469929,5b6d4be8-cc97-4dd7-a70a-ead6351d83e9
2019-11-17 08:11:21 UTC,view,5877597,1487580007675986893,,bpw.style,0.79,470355096,cf9e496d-35ca-4ff5-9e23-b0affa0f8edb
2019-11-17 08:24:30 UTC,view,5760173,1487580009387261981,,ingarden,21.43,515640291,324792a3-ec0c-4846-ac89-7b923ebda657
2019-11-17 08:52:17 UTC,purchase,5833114,1897124469017673788,,solomeya,8.25,459377142,7d6ec4c3-72de-47da-bb8c-be7172e106b9
2019-11-17 10:55:21 UTC,view,5784603,1658462125284131265,,uskusi,3.97,268537490,d0b08707-8579-4a6e-8b88-8fcba3994e8d
2019-11-17 11:14:08 UTC,view,5858353,2195085255034011676,,severina,1.98,555216807,43841d14-8ff5-4b31-94d5-167453bc8545
2019-11-17 11:16:54 UTC,view,5888059,1487580012902088873,,shik,57.14,541503516,36dcc7b6-f1c8-4480-b746-c07bae30e1a8
2019-11-17 11:40:15 UTC,view,5740509,1487580010125459512,,masura,6.33,548987805,8a03ce31-47ae-4402-9f58-2991892ef32c
2019-11-17 12:08:52 UTC,view,5853322,1487580008263189483,,,20.65,571880176,cd0c23b1-35ab-448e-a3b7-ccaf307b3cca
2019-11-17 12:41:28 UTC,cart,5869349,1487580005461394279,,bluesky,3.97,572564443,0f963ab1-fb5d-4c81-bb92-e338cd3a2ba4
2019-11-17 13:05:28 UTC,view,5700088,1487580011677352062,,,10.95,463880029,a65510dc-b5cf-4807-a683-6e43ba48e292
2019-11-17 13:14:07 UTC,view,5750279,1487580007072007091,,ingarden,5.08,505430854,73c8806b-e32c-4628-807d-4f2e59681c3d
2019-11-17 13:37:17 UTC,view,5880640,1487580013950664926,,,17.94,572593190,45b889d4-a729-4926-b6e5-935fc42ab4fb
2019-11-17 13:44:04 UTC,view,5809288,1487580007675986893,,bpw.style,0.79,553847438,dedc5523-c427-49c3-ac5b-e9eff23bbc46
2019-11-17 13:44:53 UTC,view,5857278,1487580005134238553,,runail,2.62,572273118,b5c9e6e9-3c52-41fa-839b-062e33b98aee
2019-11-17 14:22:44 UTC,cart,5859326,1487580007776650194,,,1.27,256813627,f584a2f8-23bb-4f14-9b2e-fe8986abff0d
2019-11-17 14:54:55 UTC,cart,5699746,1487580004882580302,,,2.7,529906524,e83683d0-e3bb-459b-91b0-aaaeca9e5079
2019-11-17 15:32:12 UTC,cart,5757580,1487580005511725929,,,4.27,557790271,fe321f61-48ef-4f2f-a79f-578b186806f4
2019-11-17 15:47:15 UTC,view,5726172,1487580005595612013,,,3.0,481141917,17880ed5-87a1-49d4-91a4-b09fbe369d85
2019-11-17 16:50:59 UTC,cart,5839024,1487580006551913373,,,3.97,497240164,782032ed-e545-433b-85ba-f2179568e80a
2019-11-17 17:10:51 UTC,remove_from_cart,5875373,2084144451428549153,,,2.05,451410822,912b75a5-1090-4eac-9af9-499bee653fe0
2019-11-17 17:31:26 UTC,cart,5842724,1891434214553813877,,beautix,8.73,540283169,445d377b-f33b-436e-bfd3-80c34f6ef1bf
2019-11-17 17:36:48 UTC,view,5866559,1891434214553813877,,,3.97,572523672,7eb9a2ae-5f4d-4b15-878c-c1fdc2f71d9d
2019-11-17 17:43:33 UTC,view,5854832,1602943681873052386,,grattol,5.24,488398873,aa65743e-d7e2-42ed-8d55-ac26ebfe4828
2019-11-17 17:48:03 UTC,remove_from_cart,5756172,1511892746070131099,,uno,6.56,534808569,bbf6d85f-e109-4c0a-952e-6fc4710040e2
2019-11-17 17:49:31 UTC,purchase,5815625,1487580010846879833,,,0.38,520249582,1a77ff55-af7c-4592-9b36-602f7b2652d7
2019-11-17 18:01:31 UTC,view,5688690,1487580011585077370,,markell,2.62,572687340,9ac7acff-1cf5-4ff3-bc2a-422529e58edc
2019-11-17 18:07:54 UTC,remove_from_cart,5542,1752742615205281895,,ingarden,2.38,569123047,a377c668-b907-40b6-b849-79c09f062099
2019-11-17 18:08:29 UTC,purchase,20894,1487580011996119176,,ingarden,4.6,356313899,aee9b11f-2341-4593-9693-afc9af47fe18
2019-11-17 18:13:02 UTC,remove_from_cart,5808496,1487580013522845895,,irisk,5.56,571962904,cec80439-175e-4363-ade7-cd233525bf04
2019-11-17 18:13:25 UTC,view,5896494,1487580013732561106,,concept,4.44,572690574,3c17de3d-2884-4491-aa74-0d8907a786ea
2019-11-17 18:52:41 UTC,cart,5698499,1487580007575323592,,ingarden,1.51,483980870,5ad5e708-6a1c-4411-903f-a9ad4d6b4018
2019-11-17 18:56:05 UTC,cart,5778935,1487580005092295511,,f.o.x,13.97,528882428,ba2d92c9-75c2-454e-8cd5-4fc50a8645c0
2019-11-17 19:01:03 UTC,view,5759385,1487580012683985055,,,8.57,545833073,0c055f84-6f96-48a1-998d-17af5ac79e01
2019-11-17 19:30:48 UTC,view,5854827,1602943681873052386,,grattol,5.24,570031860,af95df68-68d8-47cc-b49a-efb67859c60c
2019-11-17 19:35:15 UTC,cart,5700842,1487580013489291461,,irisk,1.43,533327777,87a1094d-85d7-4fdb-8c69-f40264522807
2019-11-17 19:49:53 UTC,view,4575,1487580006317032337,,,0.19,378823909,0c1eb27c-8269-4c87-a8f2-a19099d50be0
2019-11-17 19:50:50 UTC,view,5816652,1487580005553668971,,,5.97,572726895,4f83cd3e-61ef-47b1-8945-4cbd4c139e50
2019-11-17 19:58:34 UTC,cart,5897779,1487580012096782476,,ecolab,1.25,572708489,94febe91-8da3-4461-bcff-c1e8dcbb3b3d
2019-11-17 20:17:52 UTC,view,5894358,1487580013321519293,,,84.52,572732418,6addf8d0-368c-42a1-8432-4231bf59e65c
2019-11-17 20:27:30 UTC,cart,5832487,1487580007675986893,,de.lux,1.59,436135439,83e6e2cc-e318-4c87-be46-cae43d993b7e
2019-11-17 20:29:36 UTC,purchase,5734533,1487580005050352469,,haruyama,3.97,238457059,c3c3334b-0f60-44de-be64-08872c23df53
2019-11-17 20:41:01 UTC,view,5683896,1487580013841613016,,,2.62,572744194,2ee36a59-37e5-4fe7-920f-90cbbcdb65cf
2019-11-17 20:49:47 UTC,view,5736358,1487580005050352469,,haruyama,3.97,562737500,511e3647-3872-4ef2-96bb-04a8df35312d
2019-11-17 21:32:05 UTC,view,5873424,1487580005008409427,,f.o.x,5.43,526951212,bc698c90-7b28-4ee5-ae0a-fd29dc6e04df
2019-11-17 22:26:03 UTC,view,5649474,1487580005511725929,,,4.27,556730134,277bc7f6-99e8-4ffd-b940-7a271ebd3159
2019-11-17 23:25:17 UTC,remove_from_cart,5862270,1487580007675986893,,freedecor,1.43,532842523,61237d03-682a-4235-bfab-f52901631e8e
2019-11-17 23:36:27 UTC,remove_from_cart,5833335,1487580007675986893,,bpw.style,1.59,452349573,fc436820-16d9-b564-f189-22aa2a5beca0
2019-11-18 00:31:48 UTC,view,5806542,1487580008288355308,,,14.29,471736669,070bdc4e-7a54-4fa5-aec9-9042596177d5
2019-11-18 02:06:26 UTC,purchase,5835020,1924049287554007223,,oniq,7.14,557790271,e77498f5-90fb-4df9-b6c9-b9c28612405f
2019-11-18 03:14:48 UTC,remove_from_cart,5819265,1487580005713052531,,ingarden,4.44,477900838,fcb0ae95-36a9-4bac-8c64-b3bb01518dd7
2019-11-18 03:18:47 UTC,remove_from_cart,5820751,1487580006317032337,,,7.14,545781099,fd6604e2-b049-42b4-96b4-f309b93ca98c
2019-11-18 03:21:44 UTC,purchase,5793704,1487580006509970331,,irisk,2.38,547978551,387efb73-6660-c384-c1d5-a2275966ac4a
2019-11-18 03:27:00 UTC,remove_from_cart,5901622,1487580007675986893,,freedecor,2.38,473196713,982770d0-eaa3-47b6-9894-52ca7d0ecfb8
2019-11-18 05:11:14 UTC,view,5861748,1487580009143992338,,,14.29,466783848,2695679a-0d65-44ea-8700-4a733c0dcbb0
2019-11-18 05:50:57 UTC,purchase,5757290,1487580010737827924,,,1.05,554141111,b90270b0-f7c3-4f96-89c6-c7715b69d2b9
2019-11-18 06:21:03 UTC,cart,5780837,1487580005092295511,,rosi,7.86,511816461,3a79cd6b-4e78-4234-96ac-f1a1c05c6b69
2019-11-18 06:21:32 UTC,cart,5832561,1487580006317032337,,,9.52,399917633,27ddd311-8af6-424b-a884-8d16bfee0448
2019-11-18 06:32:18 UTC,view,6730,1487580007256556476,,,7.92,497480594,771f3b75-cc42-4b95-b4e8-14b8a2a5b5c1
2019-11-18 06:48:13 UTC,view,5896420,1487580006300255120,,jessnail,49.21,537857267,a4f10d11-9451-498c-a58b-8fd03a46f82b
2019-11-18 06:53:07 UTC,view,5887758,1487580013279576251,,,4.27,572878471,e930c57e-8d08-4588-b279-cffc4402dca1
2019-11-18 07:09:41 UTC,cart,5808547,1487580008313521133,,kapous,3.81,475483269,748acb24-28a6-4aed-b140-c5afb9c8ac00
2019-11-18 07:30:54 UTC,view,5809214,1487580007675986893,,bpw.style,1.43,571732339,fe7e181e-9172-415e-98d8-aa271f6bb25d
2019-11-18 07:44:54 UTC,view,5769914,1487580013841613016,,kapous,3.65,430926177,6a4ea48e-0784-4305-96a2-98c4b4d5c750
2019-11-18 07:47:31 UTC,view,5854578,1487580010645553231,,jessnail,63.48,516942942,143e3608-496f-4ea6-81a9-38a238a62fd2
2019-11-18 08:03:23 UTC,view,5849033,1487580005092295511,,uno,10.32,511342853,60fb3b29-5f77-490f-980e-c2f3426fce17
2019-11-18 08:20:58 UTC,cart,5808567,1495705810662064688,,irisk,2.38,294993379,238749f6-0d75-4d9c-8aa9-b948972dcb7e
2019-11-18 08:22:46 UTC,view,5622074,1487580014009385185,,,13.63,564881633,ca1fe0fa-dd23-4005-8ee0-117d59f44893
2019-11-18 08:41:20 UTC,cart,5817138,1487580008800059394,,masura,5.54,572913572,d8ff2ddc-f540-4c0a-8817-ca3b91c273dc
2019-11-18 09:30:54 UTC,cart,5844892,1487580008313521133,,,4.33,572938032,7443f6ed-77a4-4369-8133-281fa21b3bcb
2019-11-18 09:31:53 UTC,purchase,5747405,1487580005671109489,,masura,6.33,420021805,31bc139d-4b5d-4d6d-9443-51eee813de38
2019-11-18 09:31:59 UTC,remove_from_cart,5726186,1487580005595612013,,,3.0,428491295,d7384499-3793-4f6e-b0cf-0a73016cd217
2019-11-18 10:39:08 UTC,view,5809541,1487580006644188066,,,4.92,571161840,0bde4f95-8377-4a8f-8d06-a6270503bfca
2019-11-18 11:00:44 UTC,cart,5694624,1487580007936033754,,yoko,3.11,550406501,ac5ae439-65ab-4ae4-a352-600150105354
2019-11-18 11:23:39 UTC,cart,88767,1487580011996119176,,ingarden,4.6,572965134,764e2e3f-a76e-4bb0-8bdf-2f69d31a08f8
2019-11-18 11:41:16 UTC,cart,5826953,1897124469017673788,,solomeya,5.56,571744392,71015616-94bd-4285-8e90-9a6ed98343a2
2019-11-18 11:50:11 UTC,cart,5901616,1487580007675986893,,freedecor,2.38,559864834,aec8231c-c835-4662-8e61-9510eff4e434
2019-11-18 12:02:06 UTC,cart,5857330,1487580005134238553,,runail,2.78,446353904,b7730800-c8a2-45af-9c94-2a4b813dd5b5
2019-11-18 12:05:25 UTC,purchase,5870843,1487580007675986893,,milv,0.79,520612523,cab17975-8abd-454d-acbd-14ce8b5de99f
2019-11-18 12:13:23 UTC,view,5723501,1487580005134238553,,runail,2.62,358871404,b7f66a36-2616-5cba-12d3-4e0201689e67
2019-11-18 12:18:08 UTC,view,36550,1487580007072007091,,ingarden,5.08,520726379,fb682172-75d9-4176-97a6-f9b355dab71f
2019-11-18 12:36:38 UTC,cart,5813484,1487580005671109489,,masura,1.73,476950517,f1fc4ebc-5536-4965-b21f-2722d52e17ca
2019-11-18 12:53:42 UTC,cart,5716625,1487580011585077370,,elskin,1.59,535723453,7f24d4a0-0663-45ae-8e02-959e89295997
2019-11-18 13:02:38 UTC,cart,5801772,1487580005671109489,,masura,1.73,554468653,3db7c1d0-375d-400a-8d7c-56b04407486e
2019-11-18 13:08:19 UTC,purchase,5743280,1487580008145748965,,irisk,1.59,263344006,b722fce3-b458-4025-84dd-dbb3ca76e175
2019-11-18 13:27:51 UTC,cart,5815146,1487580005461394279,,bluesky,3.97,573021496,61e73b9d-6e5d-485e-beb7-da5878e4b02c
2019-11-18 13:28:39 UTC,cart,5804386,1487580005461394279,,bluesky,3.97,573021496,61e73b9d-6e5d-485e-beb7-da5878e4b02c
2019-11-18 13:34:42 UTC,view,5855332,2193074740552270669,,,4.68,573039544,a4638b5e-b514-4053-ad96-edf57b65451f
2019-11-18 14:46:34 UTC,remove_from_cart,5747405,1487580005671109489,,masura,6.33,535478949,2b9a179e-3e1b-4efc-a2f3-d2245b16e856
2019-11-18 14:46:50 UTC,cart,5869577,1487580012096782476,,milv,1.27,513427591,23d1e4f8-daad-473b-9b0d-add83680d48a
2019-11-18 14:51:09 UTC,view,5868559,1487580006350586771,appliances.environment.vacuum,max,95.08,475537828,82f5f764-a1c9-47d6-ba7e-ee4bca3127f8
2019-11-18 14:59:17 UTC,view,5662283,1487580007717929935,,airnails,1.43,573053231,d1575532-1d33-4a92-bfef-28c9982ded51
2019-11-18 15:58:20 UTC,view,5865800,1487580007432717250,,,0.95,398440264,eddeb7ec-c39c-433b-9dde-e5646276770e
2019-11-18 16:43:30 UTC,view,15179,1487580008447738866,,cnd,10.0,570092992,4ee3c545-8467-4d25-9a59-a0d272b943dd
2019-11-18 16:47:47 UTC,remove_from_cart,5845328,1487580004916134735,,,4.29,415039421,3b78fd2b-225a-4e46-801b-3b135a09da4a
2019-11-18 17:02:17 UTC,remove_from_cart,5759173,1487580013069861041,,irisk,2.86,572710456,d82b13b3-5c8f-a12d-4cea-79cf0c28900c
2019-11-18 17:07:51 UTC,view,5687151,1487580009605365797,,,1.9,559803599,3377f59c-6046-4af3-9e2d-55a8974e0254
2019-11-18 17:15:08 UTC,view,5561556,1487580007952810971,,,12.68,271406163,ec94dafa-f90d-4c66-a51f-d9d82bb02ac0
2019-11-18 17:51:59 UTC,view,5884304,1487580013321519293,,,4.4,573023308,f355ae2b-3f02-21ba-8c39-881e689ba124
2019-11-18 17:52:00 UTC,view,5900312,1487580007675986893,,freedecor,1.43,548205106,44340bc1-9917-4075-b89c-c1a8d78e54de
2019-11-18 17:53:29 UTC,remove_from_cart,5838146,1933472286753424063,,,3.49,570463758,09e5bb20-b87c-4fc1-86fa-70efe55bd8ad
2019-11-18 18:01:32 UTC,view,5854811,1602943681873052386,,grattol,5.24,317800106,3b410e0e-1012-4555-9d5f-f5031c718d83
2019-11-18 18:04:20 UTC,view,5900651,1487580013950664926,,,19.52,474426801,65bd506f-c992-4f79-a656-c04e167860e3
2019-11-18 18:05:31 UTC,cart,5873618,1487580009471148064,,,2.38,572680056,4964dae1-01f3-43f0-81b1-1c0dac3d92c5
2019-11-18 18:31:01 UTC,remove_from_cart,5822283,1487580005595612013,,,3.0,242314636,1b6e78f7-85a8-4635-878f-a4043f5a0893
2019-11-18 18:51:16 UTC,view,5811708,1487580005427839846,,irisk,2.48,573002187,27c050d2-19d4-4593-b479-c7e69f6f2337
2019-11-18 18:55:47 UTC,remove_from_cart,5695560,1487580007659209676,,,0.79,559155927,17292314-aee0-4f1e-ae7c-8c5d8fa7ea11
2019-11-18 19:26:05 UTC,view,5859197,1487580009605365797,,,1.57,565341298,611dce5f-933f-424f-8463-d7f441c8ea54
2019-11-18 19:30:57 UTC,remove_from_cart,5758058,1487580004882580302,,,2.7,552885417,1cdb1b01-3c4f-49b0-ac71-a68bb9cae987
2019-11-18 19:52:40 UTC,view,5814517,1487580013539623112,,,12.54,573172725,ea7ebb48-e748-4046-a9a8-e720140b89ca
2019-11-18 20:02:46 UTC,remove_from_cart,5746910,1487580008145748965,,irisk,1.27,400986985,5bad93a7-1dfe-40cb-bc2d-fb3b4f663b05
2019-11-18 20:05:27 UTC,view,5851159,1487580007306888126,,,3.97,479582637,52cda4d3-f9d1-4192-be59-d72f5447651b
2019-11-18 20:23:02 UTC,cart,5815662,1487580006317032337,,,0.92,551114613,3856ad83-a6d0-4f9c-a02a-c52cc7b336f9
2019-11-18 20:33:07 UTC,cart,5808501,1487580013388628160,,irisk,1.27,571584880,b83686f1-f5d7-47e6-a27d-40975d72c2e1
2019-11-18 20:38:54 UTC,remove_from_cart,5827373,1487580009445982239,,,1.52,469284245,8f4de9c7-9e8e-28ca-7c17-1b6e5f3ae8d1
2019-11-18 21:04:57 UTC,cart,5582548,1487580010100293687,,,4.76,537797351,22d9d4ae-3537-41e7-9cad-24751a1c0fb8
2019-11-18 21:38:47 UTC,remove_from_cart,5835326,1783999063314661546,,,6.19,537797351,22d9d4ae-3537-41e7-9cad-24751a1c0fb8
2019-11-18 21:59:09 UTC,cart,5809616,1487580005595612013,,,3.02,573214208,1c4a5eb2-66b4-41c2-907d-2536561774e8
2019-11-18 22:23:51 UTC,view,5773371,1487580005134238553,,runail,2.62,535140214,0ba65660-ba8c-4036-b1a9-08fc128bcf9a
2019-11-19 00:10:46 UTC,cart,5873619,1487580008187692007,,irisk,1.11,573224590,f15e0ffb-dcfb-4831-8d21-d99d1d1d481c
2019-11-19 00:18:09 UTC,purchase,5901855,2007399943458784057,apparel.glove,benovy,5.49,452349573,b952707d-f71f-46f2-954f-1f33b615acf8
2019-11-19 00:28:18 UTC,view,5833694,1487580005268456287,,,7.22,497799481,372f4e84-1690-41f0-a006-02a067bf6363
2019-11-19 01:05:45 UTC,view,5868559,1487580006350586771,appliances.environment.vacuum,max,95.08,573224590,f57319e3-33e5-4f6e-90f5-c92cb2a15c0f
2019-11-19 01:24:53 UTC,remove_from_cart,5865610,1487580005511725929,,,5.0,573242767,4b6c3f99-3ef0-44ae-9a41-13e4fdef7f70
2019-11-19 01:41:37 UTC,cart,5792796,1487580004916134735,,,4.44,382990283,4555d6ea-8db7-40e0-bf08-003f7f33cef4
2019-11-19 02:02:21 UTC,cart,5842139,1487580006317032337,,,1.59,573240451,7155fbaf-9f56-4948-9ea4-e60701cbfa3e
2019-11-19 03:12:26 UTC,purchase,5854897,1487580009445982239,,irisk,0.32,568592831,ba0ab9ae-dc0d-4e25-a361-48aeaaba52e9
2019-11-19 03:22:05 UTC,remove_from_cart,20896,1487580012096782476,,ingarden,5.56,520249582,447b466f-12a0-4cb4-9aaf-f1567326eb1a
2019-11-19 05:08:58 UTC,view,5842141,1487580006317032337,,,1.59,572566945,76956576-8e33-f9ca-ac7a-a5cbb85732a0
2019-11-19 05:34:17 UTC,cart,5760787,1487580005134238553,,runail,2.62,573292971,61e066c9-68ab-4850-a9e6-80892d6bde83
2019-11-19 06:32:16 UTC,view,5814046,1487580005092295511,,grattol,6.27,572872523,ec98bcb7-3192-4224-bc35-51cdf928624c
2019-11-19 06:33:29 UTC,remove_from_cart,5766941,1487580013011140782,,italwax,0.95,559987894,23dd4174-7f1c-4664-8c7a-adb37cb1ed48
2019-11-19 07:53:28 UTC,cart,5839693,1487580005671109489,,masura,3.95,480031045,cfebcd6c-7635-4c03-88c6-9ac672af77ac
2019-11-19 08:25:31 UTC,purchase,5876986,1487580012969197740,,milv,3.17,573298490,0a6f6ef1-2f97-4c7e-9d2e-ea27f8519cd5
2019-11-19 08:28:42 UTC,purchase,5837632,1487580009286598681,,,1.35,551322475,df077b3c-c277-4e01-97e8-76ef574bb801
2019-11-19 08:42:46 UTC,remove_from_cart,5815690,1487580006317032337,,,6.0,461702438,ba41356f-35f1-4c28-8e33-00298a420cea
2019-11-19 08:43:28 UTC,remove_from_cart,5843547,1487580010628776014,,,3.97,429134388,4b02bb6f-12d0-4ba6-9ffd-1b7f63082593
2019-11-19 08:51:46 UTC,view,5853542,1487580005050352469,,haruyama,3.97,540260887,a2b9f647-dbd6-4c8a-b134-7a24466b2015
2019-11-19 09:16:52 UTC,cart,5724641,1487580005427839846,,irisk,2.48,571065862,e446523f-ecc5-ba1a-112f-73156e4609a0
2019-11-19 09:22:34 UTC,cart,5723517,1487580005134238553,,runail,2.62,567559848,164948c5-bf7c-4416-8d0d-c76449c0a317
2019-11-19 09:54:58 UTC,purchase,5724621,1487580005427839846,,irisk,2.48,548110979,c137b566-de58-4c93-b494-a977ae807b43
2019-11-19 09:55:57 UTC,cart,5869138,1783999064136745198,,cosmoprofi,6.35,572081598,59af8e73-eb1e-498a-bbe3-ae5ef4b5f9b0
2019-11-19 10:00:39 UTC,view,5792800,1487580005268456287,,,10.32,571991086,8e165824-8c78-4007-a6b6-11db4a74d9e2
2019-11-19 10:01:33 UTC,view,5809279,1487580007675986893,,bpw.style,1.59,554058974,84316a89-bad7-45f9-b94b-7aa351d172c5
2019-11-19 10:24:37 UTC,cart,5811802,1487580005671109489,,masura,2.84,531452621,1bb25952-abcb-4d72-8912-3d8ec13f0d80
2019-11-19 10:50:04 UTC,view,5663027,1487580007936033754,,runail,2.06,512947336,eb2152b2-b508-4a37-bba0-d9b1bc21c82e
2019-11-19 11:04:26 UTC,view,5856186,1487580006300255120,,runail,75.4,565056662,6e2d9043-5448-47b8-a06b-483b2f82cb17
2019-11-19 11:11:10 UTC,remove_from_cart,5766134,1487580005268456287,,,5.56,483980870,ac1db35e-f97b-4187-bbb7-89357d631bb5
2019-11-19 11:44:38 UTC,cart,5536916,1487580011283087468,,runail,1.37,206869261,bcce3ddd-e7fb-413e-8552-20e66b531774
2019-11-19 11:49:34 UTC,view,5831153,1487580012147114126,furniture.bathroom.bath,,4.95,573443553,b42dbe77-90f8-415f-ab17-1ee5a16e89fe
2019-11-19 12:07:54 UTC,cart,5844303,1487580006317032337,,,1.57,562960914,9d0ad6b3-aaae-4c53-bf45-056ae846f84a
2019-11-19 12:12:09 UTC,view,5835755,1487580005268456287,,,6.35,498548873,d38e700f-973b-489c-ab50-2a3b58aec597
2019-11-19 12:15:33 UTC,remove_from_cart,5854897,1487580009445982239,,irisk,0.32,568178755,d61fdd53-7a7a-4697-9031-66f898bd1b82
2019-11-19 12:38:48 UTC,cart,5890981,1487580009286598681,,,1.6,476309087,baa9a0df-9c21-4388-8a2d-60ee40e1d6b3
2019-11-19 12:46:55 UTC,view,5730211,1487580005268456287,,,10.32,522127313,149afa3c-7ec3-485f-baa0-2d2e29f30931
2019-11-19 12:53:14 UTC,view,5853756,1487580008246412266,,,11.05,439618623,32612058-f07a-41d7-a458-9b66aedfba3c
2019-11-19 12:56:35 UTC,cart,5745506,1487580012096782476,,,3.49,548199310,cfbd3ccf-8081-4f8e-8c58-ae5e79b900a1
2019-11-19 13:18:18 UTC,purchase,5865015,1487580011627020412,,miskin,24.78,443374809,5915e029-da32-4e9f-abd9-aa2ecb5324d6
2019-11-19 13:46:45 UTC,view,5809292,1487580007675986893,,bpw.style,0.79,573489478,e62f9bee-6dbd-4d0c-9dfb-31ccf2600f65
2019-11-19 13:56:38 UTC,cart,5859462,1487580005671109489,,masura,1.73,547587975,20d6f79b-32b0-4d55-b887-170257fd6626
2019-11-19 14:01:18 UTC,view,5690225,1487580013841613016,,,2.62,544647356,79c03ed5-ca62-4eee-bc83-62895517b8e8
2019-11-19 14:07:01 UTC,view,5825475,1547480590851244887,,,20.0,571914144,12b687e7-145a-4a81-9dfc-dc6f6da5e8c9
2019-11-19 14:24:25 UTC,remove_from_cart,4645,1487580006317032337,,,4.92,434468081,b2fb5847-9149-49a6-b9de-e2dd7b722050
2019-11-19 15:00:22 UTC,view,5735052,1487580011501191286,,,5.4,572643533,ea138c73-51e3-4f94-b2f7-1e1168aa77da
2019-11-19 15:39:30 UTC,cart,5894919,1487580010100293687,,jessnail,1.1,473416558,5dc6dbe0-e771-40db-be46-675e6167c686
2019-11-19 16:48:36 UTC,view,5801345,1487580005511725929,,,6.35,397630804,1bc8af3f-c160-4f8b-91de-9db9a85982ec
2019-11-19 17:13:24 UTC,remove_from_cart,5585658,1487580007256556476,,,0.71,571991086,d74269b8-a1a6-e4da-a9ca-36ce0b9af2c1
2019-11-19 17:47:21 UTC,view,5887575,1487580005595612013,,,3.0,415394305,81df8074-5baf-d7c5-31d3-8961398a70d0
2019-11-19 17:53:42 UTC,view,5826000,1487580005092295511,,lianail,6.33,559522626,b295b9e6-a789-4e91-860d-d4b3eef7d0b2
2019-11-19 18:09:41 UTC,cart,5802432,1487580009286598681,,,0.32,475616423,d1a42ee5-5fa0-4179-8fd3-17a228b5d5f9
2019-11-19 18:21:36 UTC,view,5866961,1487580009051717646,,sunuv,66.67,531045640,82bc0367-8100-466c-8908-1c85333f7d02
2019-11-19 18:34:54 UTC,cart,5744105,1487580011627020412,,,4.44,572092407,070aba84-a142-437f-a081-aca9ef67b260
2019-11-19 19:11:44 UTC,remove_from_cart,5724633,1487580005427839846,,irisk,2.48,573612041,fe3446d3-665a-4761-a63f-4b385477e2b2
2019-11-19 19:51:52 UTC,view,5813039,1487580005671109489,,masura,12.68,476950517,9eec4827-ff92-4edc-8186-3f90da2752f3
2019-11-19 20:00:30 UTC,view,5676826,1487580013749338323,,estel,4.29,569359068,41f1cc24-abde-48ed-8dd5-2952ce597ad6
2019-11-19 20:03:40 UTC,cart,5854822,1602943681873052386,,grattol,5.24,458127421,7346f51a-4bb9-4241-90c8-c8bd26acb7ce
2019-11-19 20:14:02 UTC,view,5892179,1487580013950664926,,,18.89,525066178,5b4326ae-4f2d-4f62-991c-51651db7cd15
2019-11-19 20:14:30 UTC,remove_from_cart,5861724,1487580010335174721,,,7.86,510208865,eb420123-e55d-4c6e-8039-e8e3b16c7fb2
2019-11-19 20:28:56 UTC,remove_from_cart,5900880,1487580005511725929,,,5.56,273581406,d842aad9-2520-4002-8901-977fa0522e82
2019-11-19 20:33:07 UTC,cart,5826620,1487580009286598681,,,0.54,276735266,9cdcbd0e-a853-413d-b3af-c25ff85945ff
2019-11-19 20:49:07 UTC,cart,5906175,2029082628195353599,,,0.0,505721445,ad371178-5832-470f-8e52-1971fc66d306
2019-11-19 21:03:40 UTC,cart,5823641,1487580004916134735,,,5.22,497149684,284237ca-c48e-4ff3-b23f-a37bb6404543
2019-11-19 21:03:51 UTC,purchase,5809877,1602943681873052386,,grattol,4.76,568697840,39cc9093-6d9f-4bad-a456-14eadb458c8e
2019-11-19 22:04:46 UTC,view,5674916,1487580007852147670,,zinger,13.02,573665890,20a9f14f-4d13-424c-bf56-b9170e41c2cc
2019-11-19 22:05:02 UTC,cart,5830618,1487580013950664926,,estel,19.05,573669580,f9200ab1-2bb9-48e3-a338-4e97e30d6041
2019-11-19 22:58:09 UTC,view,5703436,1487580011501191286,,,0.89,573625347,2a9b9515-4d72-4e9c-83a6-cf873983d8de
2019-11-20 00:16:21 UTC,view,5751383,1487580005092295511,,uno,10.32,549848004,941e9e39-50c5-42eb-a026-12d6c981d229
2019-11-20 02:21:08 UTC,cart,5752940,1487580013069861041,,italwax,19.84,573707662,1c91b53c-0ab7-4948-93cd-0b1170f4ce2f
2019-11-20 02:51:38 UTC,view,5789668,1487580005595612013,,,2.68,469356884,339010b3-f79f-7a47-cc71-80d4e2d4f465
2019-11-20 03:46:44 UTC,view,5775983,1783999063314661546,,,23.81,561612351,a7f31ca8-f546-4b99-a926-3d8a8f52539c
2019-11-20 03:51:42 UTC,view,5571062,1487580014009385185,,,2.37,573727448,16cb8da4-246f-48f7-a379-c54f7d974fec
2019-11-20 04:17:12 UTC,cart,5830521,1487580005671109489,,masura,3.95,513427591,095e6555-4969-401a-a0f7-1fa212ec1702
2019-11-20 04:29:07 UTC,remove_from_cart,5798929,1783999068909863670,,zinger,6.19,573734443,c617f4f3-d05c-40e5-af33-e7bca1a51157
2019-11-20 05:15:04 UTC,cart,5838932,1487580005713052531,,ingarden,4.44,570164311,8f9d990a-8ec0-4aab-be46-ac3550d54460
2019-11-20 05:38:10 UTC,remove_from_cart,5864788,1487580005595612013,,,3.0,429297560,e68c6acc-ae5e-4f2f-b2eb-a94918939cbe
2019-11-20 05:44:48 UTC,cart,6950,1487580006895846315,,runail,3.57,573743387,b1e1165a-caa6-482f-bf20-d92555d5c3b5
2019-11-20 05:50:44 UTC,view,5900342,1487580007675986893,,freedecor,1.43,470255424,61018b45-0644-413d-a1bf-89d606bce76a
2019-11-20 06:42:20 UTC,view,5873417,1487580009051717646,,sunuv,33.33,565566207,92f4ef34-ac49-4e1a-a058-64bc88ff3f1e
2019-11-20 07:51:16 UTC,view,5759381,1543705961326182546,,,4.44,534284425,3a84d4e8-8e79-9b46-a9b2-1da0c595f65d
2019-11-20 07:51:45 UTC,remove_from_cart,5854827,1602943681873052386,,grattol,5.24,231495008,36c7fbd8-94fe-401f-9b9a-d8090d1315ea
2019-11-20 07:52:13 UTC,view,5752479,1487580005511725929,,,4.27,505106336,fa68118b-0137-456c-9bf7-3194d6b535a5
2019-11-20 08:03:51 UTC,view,5704997,1487580007399162817,,irisk,0.63,556013824,6d39ab0f-0f58-4119-8fbd-308f252711e6
2019-11-20 08:06:51 UTC,view,5873655,1487580006300255120,,strong,180.95,508425570,5cd22bec-b0f4-4ea4-ab22-a5f8f90cbada
2019-11-20 08:15:05 UTC,view,5779820,1487580005092295511,,pole,6.67,564292647,71398a28-dc49-46d3-951f-796b68971028
2019-11-20 08:34:42 UTC,view,5762835,1783999071325782053,,,0.41,523799979,32a233e2-929e-4590-924c-0c712c039350
2019-11-20 08:37:11 UTC,remove_from_cart,5867426,1487580005595612013,,,0.51,551761692,2a036128-cade-4cb7-ad8c-03dee1e0cce4
2019-11-20 09:25:13 UTC,cart,5764716,1487580012902088873,,italwax,14.27,438499581,322a7835-5bfd-4b5b-8841-0d59a97e18b4
2019-11-20 11:06:56 UTC,cart,5809339,1487580007675986893,,bpw.style,0.79,553421980,3491ba61-690b-41ad-8880-32ceb79c623b
2019-11-20 11:43:04 UTC,cart,5655985,2140803113261466607,,metzger,5.0,562663531,de381f80-4298-4355-850a-d2f317de76c6
2019-11-20 11:44:18 UTC,view,5824810,1487580007936033754,,domix,0.79,438894739,a368549f-26f4-44f3-8c10-3a1573ce9ab5
2019-11-20 11:49:14 UTC,view,5649219,1487580005268456287,,,7.14,573885492,2978a2d9-adca-4d67-abfd-e4a04a164d9f
2019-11-20 12:37:01 UTC,view,5830524,1487580005671109489,,masura,3.95,573767174,2508ac64-e719-40b8-93c7-6822682eaff3
2019-11-20 12:59:24 UTC,view,5861785,1487580013690618064,,parachute,3.16,557519875,4d707f23-6a3b-4fc0-8d2f-bbf8be660a4e
2019-11-20 13:01:53 UTC,remove_from_cart,6500,1487580008187692007,,runail,2.62,570513286,99bc50ee-efcc-4cda-875d-0e8cbb7f6cfc
2019-11-20 14:43:26 UTC,view,5809107,1487580010645553231,,irisk,29.37,322129379,50b32410-64a2-407b-91e2-038a09436319
2019-11-20 14:46:36 UTC,view,5697463,1783999067156644376,,estel,12.14,573979227,cab29ba5-7ca5-4ab5-966b-1c3cb45d4cd8
2019-11-20 14:48:17 UTC,view,5549842,1487580005268456287,,,3.81,247216055,62414bc1-ff2d-c2ec-99e9-bdb51dfd5078
2019-11-20 14:54:32 UTC,cart,5650138,1487580008246412266,,concept,7.78,530859709,b4b6f0ba-892c-4453-bbc1-c1be9591075b
2019-11-20 15:08:58 UTC,remove_from_cart,5848910,1487580007675986893,,bpw.style,0.79,542476056,4770ca24-e28d-406f-9f96-2be8c6f46f46
2019-11-20 15:18:37 UTC,view,5677244,1487580009143992338,,estel,8.89,573993060,f562c9e4-41ac-4708-839e-3fc1ce191898
2019-11-20 15:36:41 UTC,view,5793261,1487580010100293687,,,22.21,571739767,33079acb-22de-c4f7-34d6-e738bbbddef7
2019-11-20 15:41:46 UTC,purchase,5764990,1487580011702517887,,bodyton,4.29,544517010,58bbd528-5624-43a3-95d3-3cac82240ad7
2019-11-20 15:41:46 UTC,view,5850350,1487580012096782476,,bioaqua,5.71,567560629,b3a644b2-627b-4d91-bc35-a323514301aa
2019-11-20 16:18:21 UTC,view,5893823,1487580008800059394,,masura,5.54,525242481,084b616e-39d5-4839-8874-8b5fbbc63a3e
2019-11-20 16:47:36 UTC,cart,5790689,1487580009445982239,,nitrimax,3.97,505929933,c46d1a5a-12a9-46b3-9f4b-6faeecbf93e3
2019-11-20 16:54:18 UTC,view,5897546,1487580009286598681,,,2.16,550388516,acf4e4bb-b1cd-44c4-8cb1-2371a361e18e
2019-11-20 17:10:09 UTC,remove_from_cart,5736478,1487580011031429216,,irisk,1.11,555287712,d477736a-4556-4565-a1e4-f049223800a4
2019-11-20 17:36:01 UTC,view,4768,1487580010796548183,,runail,0.38,574054039,1e8a5db1-dd21-4cdb-978a-550588f885c7
2019-11-20 17:53:12 UTC,view,5730207,1487580005092295511,,,10.63,554268459,44dc4281-4fd5-4cf3-9d70-79fa90742fe6
2019-11-20 18:59:18 UTC,remove_from_cart,5711069,1487580007432717250,,,1.59,562362621,16d1d1f6-c461-47f2-9097-50716a6ca533
2019-11-20 19:18:29 UTC,cart,5813065,1487580005671109489,,masura,1.73,434266266,b6dc8466-2fbb-411a-b12c-d246ae6159d1
2019-11-20 19:19:15 UTC,cart,5751383,1487580005092295511,,uno,10.32,554663675,600652de-3018-4d48-844e-e9b10c9f133c
2019-11-20 20:00:38 UTC,view,5657303,1487580013950664926,,,7.94,574107859,ddbbf949-c311-4d1c-bfb0-95d979735b83
2019-11-20 20:51:54 UTC,cart,5854897,1487580009445982239,,irisk,0.32,573782026,8e4d1abc-57c6-433c-a699-58bf964c4309
2019-11-20 21:06:18 UTC,view,5906081,2177933350667289121,,,0.0,423029530,a3a40ee3-6eec-402a-85de-e50ab37feddc
2019-11-20 22:12:52 UTC,view,5807831,1487580005713052531,,ingarden,4.44,574133262,7eda3377-d789-4767-a27e-628cfcf6b004
2019-11-20 22:23:41 UTC,cart,5772472,1602943681873052386,,grattol,4.76,574148780,e5c29e2d-508d-4853-b9a8-9a2dd891ab0e
2019-11-20 22:32:17 UTC,view,5833321,1487580007675986893,,bpw.style,0.79,555357374,99c2fc2e-1e7f-4534-a810-928a95d0e4ab
2019-11-20 23:42:52 UTC,view,5901627,1487580007675986893,,freedecor,2.38,545961425,371bbd38-565b-fd75-92f6-50486ad5128c
2019-11-21 00:01:09 UTC,remove_from_cart,5726396,1487580005092295511,,,5.56,554992048,fc4f48a3-10e5-456b-a90d-fedeb9ab132d
2019-11-21 04:22:52 UTC,view,5823935,1487580006350586771,appliances.environment.vacuum,polarus,53.81,303221234,a02b56e8-1f60-45b7-9cce-dda0aa3267d2
2019-11-21 05:18:17 UTC,cart,5896178,1487580004916134735,,,4.76,573440658,3d1a845f-10d0-45e0-b914-9880cc29a42d
2019-11-21 05:37:06 UTC,view,5886338,1814592470537732872,,,6.75,472595789,27303cde-e955-4947-9426-1e2204f892db
2019-11-21 05:51:23 UTC,cart,5804663,1487580013581566154,,,1.9,554696003,e8b94fca-4047-4d98-befe-a3492c959f68
2019-11-21 06:06:19 UTC,cart,5804529,1487580005671109489,,masura,1.73,574233782,3c235c5f-4e2f-4a4d-b13f-62341d919540
2019-11-21 06:08:40 UTC,remove_from_cart,5899931,2115334439910245200,,,3.92,521177871,c7e36584-f784-4f6a-a193-f34245cf62d3
2019-11-21 06:30:27 UTC,view,5683350,1487580005671109489,,masura,2.84,506046592,60fd5586-fac7-4719-a7a8-849a9e76604b
2019-11-21 06:48:46 UTC,view,5550016,1487580005595612013,,,3.0,560528251,c5d25406-1503-412d-b617-820f4c2242f9
2019-11-21 07:03:52 UTC,view,5900651,1487580013950664926,,,19.52,546404106,4677b169-fffb-4bfd-98f1-b127756b8221
2019-11-21 07:08:41 UTC,cart,5799891,1487580009051717646,,,19.03,574279295,1037d286-a453-4063-a069-5e31940db7a8
2019-11-21 07:08:59 UTC,view,5678218,1487580012021285001,,runail,5.08,230849522,9ba00807-993f-4d8c-b022-18f2f12c8cf4
2019-11-21 07:14:55 UTC,view,5842139,1487580006317032337,,,1.59,253602434,7cd83f50-0d3f-4397-9818-f954a418dc3f
2019-11-21 07:30:38 UTC,purchase,5905641,1487580005134238553,,,1.97,571447584,b2190557-1f2d-43e0-a5d3-e4dad0b2952d
2019-11-21 07:58:40 UTC,cart,5779821,1487580005092295511,,pole,6.67,558535150,6c91a406-5f61-4e08-b6f1-94d813bfebe1
2019-11-21 08:00:33 UTC,cart,5809910,1602943681873052386,,grattol,5.24,410604549,5d644d37-3ac3-44a8-9ee9-1d8943c6ef73
2019-11-21 08:00:38 UTC,view,5872993,1783999072332415142,,,10.48,574301157,e9d4b3b0-2ed9-4761-9159-ba24ab8e8fc3
2019-11-21 08:12:18 UTC,view,5676038,1487580011283087468,,zinger,2.38,364336345,09adc6cd-8936-4e92-9409-3580b4e98581
2019-11-21 08:18:08 UTC,view,5881719,1819693959081886239,,kinetics,6.51,496943139,57674052-449b-4bf3-a5ba-a0c09b445d76
2019-11-21 08:28:25 UTC,purchase,5833321,1487580007675986893,,bpw.style,0.79,425831282,0dc7880b-a30f-4dbe-9458-92ad276958c6
2019-11-21 08:52:24 UTC,view,5628025,1605161575889502297,,,2.7,567483242,a34295a8-5ac1-4af7-9a99-467768050ff1
2019-11-21 09:03:24 UTC,cart,5845647,1487580007852147670,,yoko,22.0,533996464,eca5525f-52a8-4e1c-84e2-eebe502b5ce7
2019-11-21 09:08:00 UTC,cart,6735,1487580013027917999,,,14.05,479928991,ab142eff-5041-4127-90e7-86e7b952a117
2019-11-21 09:10:50 UTC,cart,5809910,1602943681873052386,,grattol,5.24,566272425,01b69e11-add7-43f6-a5a4-849c2fbca608
2019-11-21 09:22:54 UTC,purchase,5808567,1495705810662064688,,irisk,2.38,534690979,025d9f64-a13e-403a-be80-e289680690d4
2019-11-21 09:55:54 UTC,view,5751422,1487580005268456287,,uno,10.17,574350092,65a7dbaa-002d-4a6e-96d6-2222a88f5405
2019-11-21 09:56:50 UTC,view,5670334,2195085255034011676,,,2.14,408388020,8e25ef9f-25c7-ce76-dc0b-8b575e428522
2019-11-21 10:01:49 UTC,cart,5790563,1487580008263189483,,,6.78,574352361,5b298bf2-4906-4cb9-80dd-e9b006f98cbd
2019-11-21 10:07:34 UTC,view,5836837,1487580011996119176,,pnb,6.67,574353417,c59bac50-7986-4086-aeb0-e63470f112a0
2019-11-21 10:23:20 UTC,purchase,5818479,1487580007457883075,,,2.84,549074078,d0b49f40-4a62-4d0e-84d3-e09a5875a8e0
2019-11-21 10:27:12 UTC,remove_from_cart,5876797,1487580010100293687,,jessnail,1.43,574344547,1eaf07bc-bdc6-443d-ba81-58fa698b14d2
2019-11-21 10:27:59 UTC,view,5823535,1487580004916134735,,,5.22,561031667,cdd86d50-1a63-460e-ba22-3bf8920eed8c
2019-11-21 10:31:51 UTC,cart,5877612,1487580007675986893,,bpw.style,0.67,502044938,747359cf-11ab-4efc-a47a-3cfa5d70d7af
2019-11-21 10:46:52 UTC,view,5695496,1487580013841613016,,,2.48,172624552,f6c06509-ed6f-49ec-9776-2cdd3201d07d
2019-11-21 10:53:01 UTC,view,5856186,1487580006300255120,,runail,67.86,574371048,9ffed14f-3217-4587-b336-5b767301ca0b
2019-11-21 10:55:38 UTC,cart,5567764,1487580011408916594,,swarovski,1.9,568501190,87ba7c9d-ec6a-43a3-9977-0bb938fd67af
2019-11-21 11:01:45 UTC,view,5692888,1487580007910867929,,yoko,6.0,388380142,5c1a8816-d490-46b2-b091-0419d648495b
2019-11-21 11:28:42 UTC,view,5885418,1487580005092295511,,grattol,6.27,374683319,5469399b-26cc-47d7-9714-3d02e7932acd
2019-11-21 11:29:01 UTC,purchase,5812053,1487580005427839846,,irisk,2.48,569482926,0f102cdf-0b81-4323-a1c9-f01423e53585
2019-11-21 11:47:15 UTC,cart,5875299,1487580013581566154,,,6.33,572336022,b6a059dc-d6c6-479b-a236-b9b07fa674c9
2019-11-21 11:52:05 UTC,view,5772656,1604427094756950459,,sophin,9.43,480084240,91f1cd9b-1098-4880-a151-492a96bd1054
2019-11-21 11:59:04 UTC,cart,5840214,1944358258223350494,,mane,38.3,574401013,dc0028c7-cada-48d4-a1c3-2a1d42f0e1c2
2019-11-21 11:59:35 UTC,purchase,5724282,1487580005427839846,,irisk,2.35,560148597,6640e51e-fd41-474c-bdb5-6c61f75d0366
2019-11-21 12:02:14 UTC,view,5809906,1602943681873052386,,grattol,4.44,205149898,9e1f15e0-db6c-4a3f-94d3-4920cf071507
2019-11-21 12:17:58 UTC,remove_from_cart,5787890,1658462125284131265,,uskusi,3.68,365899439,ebb0c8d5-dfc8-4250-b1f0-1df70394f79f
2019-11-21 12:39:53 UTC,remove_from_cart,5897664,1487580006937789357,,,6.9,551501286,3b72c125-5c65-4232-94be-ec18de687179
2019-11-21 12:47:04 UTC,cart,5853414,2151191071378375538,,profhenna,3.57,574287513,d75abcc4-d847-485e-8d60-b0e377af389a
2019-11-21 13:18:15 UTC,cart,5649205,1487580013581566154,,concept,2.19,547105016,e21a3e04-f4bf-4530-a7d2-88faff7d6603
2019-11-21 14:13:39 UTC,cart,5815450,1487580009286598681,,bluesky,0.86,441013767,7aa52ca2-3e50-40ea-984c-fe1bcd63ac69
2019-11-21 15:05:46 UTC,remove_from_cart,5703438,1487580011501191286,,,1.81,560780630,06ba0568-566b-4447-8c88-406e8965556a
2019-11-21 15:11:27 UTC,view,5805493,1783999076551885399,,happyfons,5.29,545263048,3f328112-5e4f-409a-b68b-0256c59cd4ec
2019-11-21 15:20:46 UTC,cart,5809912,1602943681873052386,,grattol,5.24,462774911,ee58bebf-9f32-410b-b01b-48a8976ac412
2019-11-21 15:23:02 UTC,view,5731470,1487580004916134735,,,5.9,472525520,67e66d45-4f40-4352-b88e-82b35eff4a20
2019-11-21 15:32:09 UTC,cart,5850626,1602943681873052386,,grattol,5.08,570394254,c7c80650-34b6-4c16-9967-a508251cba2e
2019-11-21 15:40:32 UTC,remove_from_cart,5783354,1658462125284131265,,uskusi,3.37,558839602,ff3ea412-b3ab-44ff-91d8-7b1e9b2502f2
2019-11-21 15:52:42 UTC,remove_from_cart,5833330,1487580007675986893,,bpw.style,0.81,570179918,83584f98-4871-4d47-9f09-44cd97e02002
2019-11-21 15:57:47 UTC,view,5887756,1487580013279576251,,,3.37,573887559,5bf0e38c-18db-4d4b-b901-194f787aec6c
2019-11-21 15:59:59 UTC,cart,5738942,1487580005511725929,,,3.41,242890455,027557dc-a717-474d-8ca5-48a3eb5bf139
2019-11-21 16:15:40 UTC,cart,5804662,1487580013581566154,,,4.86,574516361,8644fa4e-67ce-4dfa-9543-972361736710
2019-11-21 16:38:06 UTC,view,5773373,1487580005134238553,,runail,2.27,427992214,e42ac056-b32a-428a-a914-a91d980c758a
2019-11-21 16:38:29 UTC,cart,5823597,1487580004916134735,,,4.17,513093991,7556d3a0-a077-4361-8e0a-fd02e4738e6e
2019-11-21 16:54:31 UTC,cart,5588612,1487580006317032337,,irisk,3.97,404987847,9984bb1d-fd25-479f-aa92-5a3818a4c7ff
2019-11-21 17:07:36 UTC,cart,5838959,1487580009387261981,,lovely,6.03,511047632,199e9903-caf5-4b62-979b-e5a4a7e49b9f
2019-11-21 17:07:43 UTC,view,5883342,1487580005671109489,,masura,4.13,574534933,418d8726-bb90-4872-9bf7-9ef23ff44d38
2019-11-21 17:15:08 UTC,purchase,5831501,1487580013522845895,,,2.02,443465577,80e1b35c-5af1-4e2c-9303-7032c1c4d1e3
2019-11-21 17:27:55 UTC,view,5852050,1487580005092295511,,,8.89,254433726,4c60cf9f-7b95-4ef1-b67a-0f855def25ae
2019-11-21 17:44:30 UTC,view,5837469,1487580005134238553,,runail,3.57,429807084,a60f972b-c6e2-49de-bafd-88b5aefb8b21
2019-11-21 17:57:59 UTC,remove_from_cart,5809861,1783999064103190764,,grattol,4.86,461174568,d99849f3-c89c-458f-ad6e-5e44d02c4e05
2019-11-21 17:58:53 UTC,view,5809793,1487580011853512836,,milv,2.86,466283318,b7a21cde-4301-4749-adab-e64ad2395fa2
2019-11-21 18:02:05 UTC,remove_from_cart,5815758,1487580007256556476,,domix,4.57,531594447,2bbbf37f-3a8f-4b4a-aa60-d4b6de32aa00
2019-11-21 18:03:47 UTC,cart,5848412,1487580007675986893,,freedecor,0.76,566724123,30530542-a6a7-4fbc-94b8-3bf18b4e284f
2019-11-21 18:21:44 UTC,remove_from_cart,5649178,1487580005511725929,,,4.05,410267030,34748d2d-56c4-4c83-a661-36bddcc7da96
2019-11-21 18:25:52 UTC,cart,5809910,1602943681873052386,,grattol,4.86,527213047,921cee5f-1230-428b-9d15-ed65c890a7b9
2019-11-21 18:36:23 UTC,remove_from_cart,5801478,1487580008246412266,,kerasys,7.38,510976246,aa079d38-195a-4879-bfd3-998e9b878910
2019-11-21 18:37:03 UTC,cart,5649522,1487580007457883075,,,6.16,574582186,e86d8659-79fe-4a95-863f-d4340442c948
2019-11-21 18:40:52 UTC,view,30196,1487580010922377308,,runail,0.32,485384555,7c142b7e-fc07-406f-a986-89243d8842ed
2019-11-21 18:48:49 UTC,cart,5813291,1842735760499802745,,kinetics,7.71,571475157,b5ddcb72-3d88-4589-8b0f-1e085cf61901
2019-11-21 18:49:47 UTC,remove_from_cart,6652,1487580006241534861,,runail,1.78,505640840,19a9beba-67fd-46f3-a9ee-ecde9de8e543
2019-11-21 19:11:52 UTC,purchase,5833694,1487580005268456287,,,7.22,306962426,32c54981-2371-4a2f-b728-faa67488165d
2019-11-21 19:15:23 UTC,view,5848081,1487580013950664926,,,71.75,574130393,4b834180-312f-4bf2-9c07-22b738a4905a
2019-11-21 19:23:33 UTC,cart,5906122,1487580007675986893,,bpw.style,0.79,517172583,f9e10da1-49b3-4ef5-9e21-5386d22aad3b
2019-11-21 19:29:13 UTC,remove_from_cart,5905200,1487580005092295511,,,8.73,430670632,f72b1daf-f248-4c6e-9a05-2753b6ca9a36
2019-11-21 19:37:41 UTC,view,5622677,1487580007281722301,,severina,3.0,562960743,aff57f9d-1bf3-4517-a6ff-33c6f6f4367d
2019-11-21 19:45:33 UTC,view,5837087,1602943681873052386,,grattol,4.62,422721602,cf46cd8e-399b-4ca6-85f5-c2a4d8933507
2019-11-21 19:54:24 UTC,cart,5560970,1487580005595612013,,,2.7,422721602,2cc5ca76-1fee-433e-9288-9f35dd9d5d9e
2019-11-21 19:54:34 UTC,view,5877612,1487580007675986893,,bpw.style,0.67,492711528,6fb8f048-dabc-4ffb-a4e4-7a0ad95232b3
2019-11-21 20:09:27 UTC,cart,5835169,1487580008774893569,,oniq,5.71,503420353,796bb6d2-5c65-4f2e-a174-b2ebfb56c583
2019-11-21 20:17:38 UTC,cart,5622678,1487580007281722301,,severina,8.83,568444235,f2e1c386-e6de-4bd4-ac46-1f768786eb24
2019-11-21 20:18:45 UTC,remove_from_cart,5870827,1487580007675986893,,milv,0.67,574600616,7f76a139-365a-4213-a003-98ae4f6e8428
2019-11-21 20:20:09 UTC,purchase,5857334,1487580005134238553,,runail,2.41,537817716,243a7c34-cc37-4ece-99c0-21408e0c0ca6
2019-11-21 20:27:16 UTC,cart,5563766,1487580005595612013,,,2.84,574597852,02f95099-9af8-45fb-a815-03b2f76146dc
2019-11-21 20:54:01 UTC,cart,59002,1487580013581566154,,refectocil,7.08,572285001,12b2e04a-3941-4f2d-a34d-2eccb9f5755f
2019-11-21 21:01:27 UTC,purchase,5802446,1487580005855658874,,,1.89,574631440,bcfac9e9-380e-4ae2-b936-73bc43ba6012
2019-11-21 21:29:49 UTC,cart,5692367,1487580004857414477,,lianail,5.54,569352493,8912efbb-8e5e-4216-bb06-aa99ae86d98e
2019-11-21 22:04:24 UTC,view,59975,1487580012096782476,,,5.35,402816002,67433b73-2045-408a-b862-72b2cf2decb1
2019-11-21 23:31:16 UTC,purchase,5587752,1487580006317032337,,irisk,1.71,573625347,9194fca5-cc9e-4616-9b4f-bfb899e6eee1
2019-11-22 00:26:56 UTC,remove_from_cart,5859484,1487580005671109489,,masura,1.73,551117086,7e09af0d-8571-4ac7-9160-7bf18849331d
2019-11-22 00:57:23 UTC,cart,5812497,1819693959081886239,,kinetics,5.86,517372752,433389ce-afe6-4fba-afde-f729ea9313dd
2019-11-22 01:54:48 UTC,purchase,5902683,1487580007675986893,,freedecor,1.24,494588523,635bcedc-fc44-45fb-b39a-3891a559b4b8
2019-11-22 03:28:19 UTC,view,5587656,1487580008145748965,,roubloff,3.38,445939422,09fb581d-cc74-4894-a6c2-4680a25b2a68
2019-11-22 04:01:11 UTC,cart,5677604,1487580010100293687,,,1.17,339391386,a02a790d-d4bf-4dfb-bedd-1fa0167a5322
2019-11-22 04:17:52 UTC,view,5859403,1487580005671109489,,masura,2.29,294488787,b3e717e7-59a9-433d-99a7-f38e8c3994a1
2019-11-22 04:28:11 UTC,purchase,5706778,1487580005268456287,,beautix,13.41,510353214,bd631a15-b95e-4f6e-ad02-a4c70303516c
2019-11-22 05:04:07 UTC,remove_from_cart,5843777,1487580008246412266,,,9.76,445786281,6e782ec3-95c9-f1bd-ee93-22c2c7fb57a4
2019-11-22 05:11:19 UTC,cart,5857007,1487580009496313889,,runail,2.86,569420526,9e868a49-2df5-4167-b19c-506871618308
2019-11-22 05:23:43 UTC,cart,5882644,1487580004983243602,,orly,17.87,536018657,3385de72-27b7-4eb0-a6d0-e78e6658bd9d
2019-11-22 06:17:16 UTC,cart,5700037,1487580009286598681,,runail,0.35,574763810,d9562c73-11bc-4cb0-afe8-d320f3eec948
2019-11-22 06:26:00 UTC,cart,5853549,1487580005050352469,,haruyama,3.44,574769957,60d23588-6e1c-412e-9b2f-b0c6c43792d6
2019-11-22 06:43:24 UTC,cart,5773606,1487580006317032337,,irisk,1.48,407425308,6a25be8d-1b62-4828-acd7-fffc139ce768
2019-11-22 06:46:07 UTC,view,5818980,1842735760499802745,,kinetics,7.71,558593939,019f978c-c6df-42f3-9b54-617e5a23d685
2019-11-22 06:56:20 UTC,cart,5736097,1487580005050352469,,haruyama,3.84,556690543,bd31591d-f230-d265-4123-b69931d1d5c3
2019-11-22 07:02:10 UTC,remove_from_cart,5809289,1487580007675986893,,bpw.style,0.71,557456875,07d70974-b250-4f51-a285-fa1ff1376f45
2019-11-22 07:57:46 UTC,view,5848101,1487580013338296510,,,8.21,574385245,ee16b0d0-a6b3-06b9-eea7-04fe0a2bd001
2019-11-22 08:22:40 UTC,remove_from_cart,5809270,1487580007675986893,,bpw.style,1.32,532453764,ddd95946-98c0-40fb-8eea-78757e3712c4
2019-11-22 08:22:56 UTC,cart,5854568,1487580010100293687,,jessnail,0.84,574807208,0f48c8ca-f013-4546-8334-dd792ede2b70
2019-11-22 08:26:53 UTC,view,5806549,1487580004916134735,,,9.03,574406416,b3fba414-3eed-4536-8ff5-4cce588763a3
2019-11-22 08:27:01 UTC,view,5759348,1487580012021285001,,milv,7.33,509952928,1f73eb75-3453-49f3-9d22-6a8ce9e7f636
2019-11-22 08:32:43 UTC,remove_from_cart,5843836,1487580009286598681,,,0.35,574818820,df4dd84d-27a5-47bc-ba13-a265d19eb48c
2019-11-22 08:32:59 UTC,remove_from_cart,5767970,1487580013430571202,,,1.46,478315459,8b1aacef-c7ce-403d-92be-39865c08736f
2019-11-22 08:42:36 UTC,view,5850569,1998040852064109417,,,4.83,414690401,70cba409-f18c-4ad9-aabf-588b0dba6374
2019-11-22 08:47:20 UTC,cart,5749199,1487580013053083824,stationery.cartrige,italwax,1.78,529755760,562c2f1e-b22a-4416-84c0-92eed967b88d
2019-11-22 08:52:54 UTC,remove_from_cart,5549838,1487580005092295511,,,3.1,567603063,25c680ea-a2df-4448-9fd8-19b857a639e4
2019-11-22 08:59:22 UTC,view,5813494,1487580005553668971,,,9.92,530580362,cd5472d3-166a-4d95-bbba-e7751de4657b
2019-11-22 09:03:19 UTC,purchase,5818394,1487580007675986893,,bpw.style,1.35,483083256,0efef537-7872-7f4d-cec7-ff66734c8bba
2019-11-22 09:04:26 UTC,cart,5847854,1487580005092295511,,irisk,3.54,248712984,7e8ceea0-7459-44f6-a464-90b384c4b3b5
2019-11-22 09:12:49 UTC,view,5313,1487580012683985055,,cnd,11.84,487243737,d46dde76-f56f-4b63-8104-f07b0de9b795
2019-11-22 09:12:52 UTC,view,5818397,1487580007675986893,,bpw.style,1.35,542681828,2bcfd91f-2d66-4dd4-9020-a4da06ca7446
2019-11-22 09:21:55 UTC,remove_from_cart,5881775,2084144451428549153,,,1.98,563571506,819b3b98-dbff-73e8-a8f0-6ab67957e206
2019-11-22 09:24:10 UTC,remove_from_cart,5883100,1487580005713052531,,ingarden,4.0,524434718,5e7b1585-e7ca-4483-ae71-31139e05e632
2019-11-22 09:27:11 UTC,remove_from_cart,5819245,1487580005713052531,,ingarden,4.0,524434718,5e7b1585-e7ca-4483-ae71-31139e05e632
2019-11-22 09:27:49 UTC,view,5680443,1487580013841613016,,estel,5.08,574839585,b81ac6e3-c388-4060-9834-0161f6a3cd7e
2019-11-22 09:39:45 UTC,remove_from_cart,5773610,1487580006317032337,,irisk,1.71,503749287,e0393d57-0e17-4450-ab9e-f41d99e672bf
2019-11-22 09:41:32 UTC,view,5809900,1602943681873052386,,grattol,4.86,574768953,d22d7f40-a484-4d12-b935-a01f76ca6a0f
2019-11-22 09:42:36 UTC,remove_from_cart,5826994,1487580005671109489,,masura,1.67,574305624,552d8ebe-7e7c-47cd-b127-d924c400ef26
2019-11-22 09:49:03 UTC,remove_from_cart,5902185,1897124478404526487,,,6.75,526344245,c9cd07e0-96a4-483b-a7f0-ed3337a83549
2019-11-22 09:54:46 UTC,cart,59893,1487580007634043851,,runail,0.86,519822116,2a3cd5b7-f293-4d3a-9551-73e9494897bb
2019-11-22 09:55:26 UTC,cart,5815792,1487580011585077370,,,1.97,544671404,1cb31b31-d5ec-4468-8492-2004a37e3a8d
2019-11-22 09:55:43 UTC,cart,5711077,1487580005008409427,,f.o.x,5.43,556003908,ea6ae02d-a971-4c65-9901-739b77c3b714
2019-11-22 10:13:58 UTC,cart,5809288,1487580007675986893,,bpw.style,0.67,352082607,98567312-c565-451e-bc09-4eed7195dccd
2019-11-22 10:34:28 UTC,remove_from_cart,5603933,1487580007717929935,,,0.05,462644241,ab6dc32d-eaf7-489a-896a-9da9ffaceb07
2019-11-22 10:39:51 UTC,purchase,5825017,1487580013229244601,,,10.9,551323478,8243c12d-0966-4180-8747-94cf0b9b1b93
2019-11-22 10:45:45 UTC,cart,5904717,1487580007675986893,,,1.35,521930744,9533baf1-524d-4f80-aef2-481f609e6837
2019-11-22 10:48:21 UTC,cart,5550110,1487580005595612013,,,2.84,574868675,5a00f32a-c04e-498f-a4ab-d618aaad0e8a
2019-11-22 10:53:02 UTC,remove_from_cart,5739125,1487580008246412266,,kapous,4.06,521362732,cd96c68a-3c32-4e36-a45a-2945d570e36b
2019-11-22 10:55:39 UTC,cart,5862325,1487580007675986893,,freedecor,0.67,567700378,16689f81-0799-4bfb-913e-1fc1e5022897
2019-11-22 11:09:04 UTC,purchase,5956,1487580006241534861,,runail,6.43,372246203,2451bc4d-99a3-439e-aaad-0fa2c8ad63aa
2019-11-22 11:13:30 UTC,view,5847319,1982860244379763042,,,6.06,548356824,6dd8daf1-a3e7-4364-af2d-988f91cd68d3
2019-11-22 11:14:37 UTC,view,5770055,1487580013841613016,,kapous,2.67,483245002,8ae0b8a8-2418-4e1d-b8fb-1cb784a43cd8
2019-11-22 11:23:19 UTC,view,5734515,1487580005050352469,,haruyama,2.78,548581184,74135eb2-7432-4ea2-aee4-e76b99d39ab4
2019-11-22 11:32:34 UTC,view,5765553,1487580011853512836,,domix,4.24,328721924,bd047e9e-b98e-451e-bb9e-706b85c650bc
2019-11-22 11:34:32 UTC,cart,5814046,1487580005092295511,,grattol,5.95,424545817,4f6ac714-cd95-4c39-a38f-0c2219b3e3a6
2019-11-22 11:38:32 UTC,view,5814052,1487580005092295511,,grattol,5.63,544212858,834af29a-d935-46ec-8beb-b1b982f50a29
2019-11-22 11:39:06 UTC,cart,5633838,1487580005343953762,,entity,9.4,438494791,e8b81bc8-c4d8-4f5f-8ca5-bcc8a3abae93
2019-11-22 11:40:23 UTC,purchase,5649214,1487580005268456287,,,5.27,526316465,3a8c2e15-4d1b-48dc-a290-750bd50734fc
2019-11-22 11:42:10 UTC,view,5833330,1487580007675986893,,bpw.style,0.81,484335223,9aaf008c-a961-4807-973d-0d8c4320f452
2019-11-22 11:48:34 UTC,view,5833330,1487580007675986893,,bpw.style,0.81,574357674,899b76d2-8a71-498c-9e4c-2991cde77c88
2019-11-22 11:50:10 UTC,view,5772309,1602943681873052386,,grattol,4.29,546789052,1a3f40d9-5d85-49d5-bc99-01ba08c2fa17
2019-11-22 12:09:03 UTC,cart,5820773,1487580006317032337,,,3.68,388227847,29270979-5c3a-47fa-bc2c-81cdbf396eb6
2019-11-22 12:24:18 UTC,view,5739097,1487580007910867929,,,13.11,548970512,808aab68-a57a-4d90-aaf9-b3026d8edb30
2019-11-22 12:33:39 UTC,view,6495,1487580007910867929,,runail,2.41,574910114,c56e7af8-467f-41a6-9f60-c930faf6b220
2019-11-22 12:38:28 UTC,remove_from_cart,5797789,1638456119066100510,,pole,3.9,231614480,3e8b823c-be45-45ec-a86d-ed918dab6382
2019-11-22 12:48:14 UTC,cart,5905039,1487580011534745720,,,1.29,547601702,80ba9af4-91aa-445d-a9d3-ecd39ff7a965
2019-11-22 12:56:04 UTC,view,5677043,1487580008246412266,,estel,12.92,574939591,0ce25de1-9e76-4f38-9543-a6a28bafffd5
2019-11-22 13:02:40 UTC,purchase,5867072,1487580007634043851,,de.lux,0.73,548581184,74135eb2-7432-4ea2-aee4-e76b99d39ab4
2019-11-22 13:20:02 UTC,purchase,5816170,1602943681873052386,,grattol,4.97,564007220,2eef43f9-cbf6-4402-8d92-8734bcbc1e93
2019-11-22 13:27:44 UTC,cart,5773602,1487580006317032337,,irisk,2.29,433837261,3cebd4f6-b668-46c3-a3ae-96269438db22
2019-11-22 13:30:54 UTC,view,5899838,2115334439910245200,,,3.37,574825411,216d6d0d-2002-985a-d20b-4d342c7b26e5
2019-11-22 13:46:35 UTC,remove_from_cart,4210,1487580005411062629,,cnd,15.54,574959021,36aa0bec-658e-4067-be74-b3fcc066b660
2019-11-22 13:55:24 UTC,remove_from_cart,5876945,1487580008288355308,,,3.32,562255540,e09c578d-3d71-4b01-ad8d-415d9b2cf8d2
2019-11-22 14:12:00 UTC,remove_from_cart,5645620,1487580005411062629,,cnd,15.22,454455809,466ad180-476a-47d9-bba2-922a47a089bf
2019-11-22 14:19:47 UTC,remove_from_cart,5724230,1487580005092295511,,,18.25,569816790,c05e644c-612a-4f3a-b33a-e60ab829164c
2019-11-22 14:20:21 UTC,purchase,5698327,1487580012205834384,,estelare,2.22,550792448,80200e0d-5f68-4045-ba05-5e29274d746c
2019-11-22 14:22:27 UTC,cart,5683745,1487580005595612013,,,2.9,444097218,3cdf244a-ebdc-48ab-ae56-ec3c3c528a69
2019-11-22 14:23:08 UTC,view,5767364,1487580005092295511,,lianail,3.59,438205052,29535bf6-ff80-439f-bce0-c9cfd9be21da
2019-11-22 14:25:45 UTC,purchase,5701858,1487580005385896804,,,3.52,438205052,29535bf6-ff80-439f-bce0-c9cfd9be21da
2019-11-22 14:38:56 UTC,remove_from_cart,5897387,1487580011677352062,,,31.19,427891474,17832a4b-a3c9-4e96-9ca6-280a3d463291
2019-11-22 15:24:47 UTC,cart,5851069,1487580013841613016,,kaypro,7.68,538533019,6aeda44b-913c-49cd-836d-e7044816c778
2019-11-22 15:28:22 UTC,cart,5700047,1487580009286598681,,runail,0.35,449056271,d46c765e-fb0a-4842-9663-b8ea245b336e
2019-11-22 15:40:08 UTC,purchase,5810083,1487580006350586771,appliances.environment.vacuum,irisk,22.87,574700651,31c84d26-11ba-4a5b-b63f-f076c5b80c1c
2019-11-22 15:40:08 UTC,purchase,5818396,1487580007675986893,,bpw.style,1.35,574700651,31c84d26-11ba-4a5b-b63f-f076c5b80c1c
2019-11-22 15:56:30 UTC,view,5814542,1783999063314661546,,runail,3.44,575005998,c6e1cd41-e1b2-4c42-b23f-902855923e41
2019-11-22 16:09:59 UTC,remove_from_cart,5709119,1487580007575323592,,,1.35,479619624,0b9338cb-e8b6-4faf-974b-0411aba7a72c
2019-11-22 16:15:06 UTC,purchase,5628493,1487580008984608779,,,8.27,447324276,414ea730-0919-4395-a3f8-2ac9ec1e4ec3
2019-11-22 16:15:06 UTC,purchase,5815265,1487580008263189483,,,4.43,447324276,414ea730-0919-4395-a3f8-2ac9ec1e4ec3
2019-11-22 16:17:30 UTC,purchase,5700043,1487580009286598681,,runail,0.35,564942351,3ea53dc7-16ff-4d76-aa22-45437b5e7029
2019-11-22 16:39:02 UTC,cart,5885419,1487580005092295511,,grattol,5.95,118539394,848a439f-c8c0-46ae-af44-b2a954cd7b01
2019-11-22 16:41:55 UTC,cart,5700043,1487580009286598681,,runail,0.35,418460999,8b7072bd-fd40-456e-a081-809c113e23b2
2019-11-22 17:04:16 UTC,view,5797786,1638456119066100510,,pole,3.7,564171058,236a11ec-f2ed-4bd8-95c3-b1f6deae7e93
2019-11-22 17:14:55 UTC,remove_from_cart,8200,1487580010100293687,,,2.84,574032814,0a46e04e-ea8c-4e93-b734-73484c825e5a
2019-11-22 17:15:08 UTC,view,5850569,1998040852064109417,,,4.83,574334614,680f4934-9cd9-3421-5671-df8cf88da27a
2019-11-22 17:16:37 UTC,view,5809910,1602943681873052386,,grattol,4.86,575058179,eb398e02-8572-402c-a8e0-00058123834f
2019-11-22 17:17:48 UTC,cart,5834376,1924049110428549877,,oniq,7.73,562362621,33e7cfcf-869e-4bc6-8c30-6f468d31dbb4
2019-11-22 17:28:35 UTC,cart,5786621,1783999068867920626,,smart,9.59,532296801,26aaa386-1229-4b2a-b779-106232e28cb7
2019-11-22 17:34:44 UTC,remove_from_cart,5597372,1487580005411062629,,cnd,15.54,575063883,ef47e589-310b-4edb-a26f-f132a1ac2cf9
2019-11-22 17:38:41 UTC,remove_from_cart,5804166,1487580005671109489,,masura,1.6,575056233,b4a32777-a894-4f78-b558-dd2530f972d7
2019-11-22 17:44:41 UTC,remove_from_cart,5885379,1487580007675986893,,bpw.style,1.35,405700283,3735f14f-dd16-4451-82b0-36768080636d
2019-11-22 17:45:49 UTC,view,5757582,1487580005511725929,,,3.41,575023401,a85a5821-306b-4426-915f-4df479a0d60e
2019-11-22 18:09:34 UTC,cart,5869152,1487580005268456287,,cosmoprofi,7.14,562257008,aaf0fae8-50db-486a-adca-53071dff8067
2019-11-22 18:22:52 UTC,view,5674670,1487580005595612013,,,1.84,418781310,05d3cccb-62bb-42f3-bbad-b61886dea909
2019-11-22 18:25:29 UTC,view,5851277,1525995662934540829,,,3.76,228337277,a1f49aa2-4d9f-4e49-b4f2-9d1d19c76d01
2019-11-22 18:27:45 UTC,remove_from_cart,5801871,1597769965795017114,,tertio,2.78,417386931,02265b8c-fd46-440f-96b3-230d4d4e7f03
2019-11-22 18:32:55 UTC,remove_from_cart,5739443,1487580008288355308,,kapous,8.57,575059305,6d7ee759-3960-446e-8bcc-3a45bda1af29
2019-11-22 18:43:36 UTC,purchase,5603933,1487580007717929935,,,0.05,550031373,3ddae5e7-eca7-4e4b-97f7-b925299ba0df
2019-11-22 19:05:21 UTC,view,5706159,1487580007910867929,,,4.97,260385958,e8b03719-3c20-4312-a9d2-99fe77325684
2019-11-22 19:12:03 UTC,remove_from_cart,5683541,1487580005595612013,,,1.84,573801749,a0937eec-e80d-4970-8a0c-4e5d8817c8ab
2019-11-22 19:39:57 UTC,view,5612762,1487580012994363565,,,7.14,480354234,7a649dc4-de76-400f-840b-ab6cbc1925b7
2019-11-22 19:43:58 UTC,purchase,5714118,1487580009521479714,,irisk,1.4,341522365,69f5e4bf-2b4f-4302-9d5e-c1d552a06711
2019-11-22 19:45:56 UTC,view,5861618,1487580008246412266,,lador,16.16,569479976,97a747e2-d7c6-4a93-9d64-0dcb7dfe3316
2019-11-22 19:51:05 UTC,remove_from_cart,5843370,1487580004857414477,,lianail,5.38,575122746,2454bd59-37ec-40e7-accf-f44f66d05b38
2019-11-22 20:00:47 UTC,cart,5700140,1487580009118826513,,concept,9.1,443660327,54323eb9-cad0-4843-9d14-81a61c0b7a64
2019-11-22 20:49:34 UTC,cart,5852528,1658462125284131265,,uskusi,3.76,518470836,acf81d89-1168-4dd4-b9c4-72c8495f365f
2019-11-22 20:55:49 UTC,cart,5818481,1487580007214613434,,,2.98,534395106,acdbf0d3-9ea3-4c5c-93eb-5d25970be9a7
2019-11-22 20:58:54 UTC,purchase,5649219,1487580005268456287,,,6.92,575100771,cc639cbe-262a-4b58-87c9-9e14df51511b
2019-11-22 20:58:55 UTC,remove_from_cart,5568210,1487580005754995573,,,4.27,484455172,dc172c4e-be7b-4246-89ec-d7cacfc7a816
2019-11-22 21:04:36 UTC,view,5689170,1487580011585077370,,dizao,19.68,566682177,1fc52106-7371-4abf-8bdd-0b8b391e723c
2019-11-22 21:30:58 UTC,view,5755859,2151191071378375538,,,5.0,396404137,ed3b3371-921b-4bff-b71a-2b74722f4d04
2019-11-23 01:08:00 UTC,remove_from_cart,5618277,1487580006434472855,,jas,23.9,458893968,78471626-d88f-494e-9f20-21efa7b1ccb1
2019-11-23 02:59:33 UTC,view,5833334,1487580007675986893,,bpw.style,0.67,575221868,6040d4ad-aeda-476e-99b9-ed12e03201ec
2019-11-23 04:05:34 UTC,cart,5809269,1487580007675986893,,bpw.style,1.21,423232225,bfad9ad3-1a18-4bb0-962f-6c805b264538
2019-11-23 04:19:29 UTC,remove_from_cart,5900870,1487580005511725929,,,5.0,494927872,ea057e14-48e4-481f-aafe-09f1c2746c65
2019-11-23 04:28:17 UTC,remove_from_cart,5712801,1487580007256556476,,,2.86,556937541,f2157d21-f014-4f45-abe9-d0855a413d04
2019-11-23 04:44:14 UTC,view,5838121,1783999072332415142,,levrana,8.11,559223658,8d1b4a0f-72c6-48b8-8a66-2b5ffabebe0f
2019-11-23 04:58:39 UTC,remove_from_cart,5904807,1487580007675986893,,,1.35,525759581,3f9663d8-14ac-4833-ac66-cc75e2410ef3
2019-11-23 05:20:09 UTC,cart,5857901,1487580008246412266,,,2.63,443607263,b71d0a07-3f0e-4187-a10c-7957f404a0f9
2019-11-23 05:27:22 UTC,cart,5885388,1487580007675986893,,bpw.style,0.73,531387866,342c9c3b-7dc8-4da9-8add-c813b50da742
2019-11-23 05:50:22 UTC,view,5739447,1487580009118826513,,kapous,4.6,572500689,ee6f4203-df23-4905-97f0-0b623b30549a
2019-11-23 06:03:59 UTC,view,5688840,1487580012902088873,,,77.86,537000568,c719d0c3-c403-4d99-999d-20fbb78e7a08
2019-11-23 06:23:03 UTC,purchase,5870368,1487580009496313889,,,4.71,535382838,f66542c5-935c-4661-bd09-fdceb8bb25c7
2019-11-23 06:26:35 UTC,purchase,5655023,1487580012096782476,,,5.35,391705110,e2229de9-2746-44e2-baa8-760c3c88e9c5
2019-11-23 06:38:52 UTC,view,5808330,1487580009311764506,,kapous,1.76,575153948,a9206e55-63b0-4f34-aef9-e478a51a72e1
2019-11-23 06:40:38 UTC,view,5804460,1783999063574708423,,bluesky,17.14,317591123,3581f090-5415-4c97-a319-05f80c68acf4
2019-11-23 07:08:20 UTC,cart,5884924,1487580004857414477,,lianail,4.43,551636944,4fa03918-d93b-4e34-95d5-f1b2266fef4c
2019-11-23 07:42:32 UTC,view,5876806,1487580010100293687,,jessnail,3.0,574827990,59083da8-5ee7-4538-9f7c-ebc47b1c3a35
2019-11-23 07:56:58 UTC,cart,5834721,1487580007046841266,,,4.19,473920146,76ed41a3-eb27-4728-9165-5289d6c9ee40
2019-11-23 08:01:26 UTC,cart,5587648,1487580008145748965,,roubloff,3.56,551825947,cd04edb3-7373-4318-bdd1-9908a2d8bf00
2019-11-23 08:15:41 UTC,view,5808292,1487580005511725929,,,5.56,572483202,3d3e769c-36b7-41cf-b6ee-5f1bad87972c
2019-11-23 08:33:28 UTC,view,5815662,1487580006317032337,,,0.83,501490296,aba1f6f7-6f35-4bcc-86b0-0b134076fe3b
2019-11-23 09:04:16 UTC,view,5693529,1487580005511725929,,,5.38,565280257,f9778ca8-e343-4c9c-990f-a816286335cc
2019-11-23 09:05:04 UTC,view,5831145,1487580012096782476,,,4.48,564745409,0b15d9f9-e19a-4e84-b094-dd788325b140
2019-11-23 09:10:56 UTC,cart,5834463,1487580008187692007,,pole,0.71,530073415,f80c6a6f-6420-4cd3-b970-b10b393957a9
2019-11-23 09:24:13 UTC,cart,5863824,1487580005713052531,,ingarden,4.0,563373893,836ede78-5a07-44b2-a414-efba23d2145e
2019-11-23 09:47:06 UTC,cart,5858967,1487580007634043851,,de.lux,0.76,472937064,a19f8f63-6ec1-4d35-8e03-3a42eee68e5d
2019-11-23 09:52:51 UTC,view,5822300,1487580005595612013,,,2.7,476504596,f370c8c0-c5e0-46ea-9a53-b91e59ced60c
2019-11-23 09:53:59 UTC,view,5728072,1487580009177546772,,runail,26.35,358016111,b897fc1f-fa62-4483-a96c-95a22767b58c
2019-11-23 09:59:25 UTC,remove_from_cart,5840314,1487580005754995573,,,6.43,554951111,0b4575fd-0172-48ce-8009-20ee75267aac
2019-11-23 10:14:36 UTC,purchase,5739492,1487580012927254698,,,4.4,575352246,24c037c9-829b-4e5a-92cf-1f6f1dfe59ab
2019-11-23 10:19:21 UTC,cart,5886694,1487580006937789357,,,9.78,308655678,679ef128-5572-4428-aa02-8d7a8c31bbe9
2019-11-23 10:53:56 UTC,view,5796819,1487580005092295511,,,9.57,535906723,01a29900-3354-4330-96ab-08d08a20278c
2019-11-23 10:57:21 UTC,cart,5676783,1783999067156644376,,estel,7.54,575371789,16751444-d22b-44dd-8816-297ffcc4800e
2019-11-23 11:06:11 UTC,remove_from_cart,5889484,1487580009622143014,,severina,0.52,555287712,fc48539b-55e7-420e-ade0-c1e13412dce8
2019-11-23 11:15:15 UTC,cart,5811764,1487580005092295511,,pnb,5.6,575394689,ba67d066-bb30-4249-98e2-ef0060311a7f
2019-11-23 11:21:52 UTC,cart,5864287,1597770225539875791,,,29.21,575398339,54b8e0b5-6313-48ea-839f-b1d0f2e80372
2019-11-23 11:33:48 UTC,view,5771967,1487580013522845895,,,3.76,416035829,2d2cf869-cc36-4662-8cc5-511abe03a9f4
2019-11-23 11:43:23 UTC,purchase,5700079,1487580011585077370,,,13.21,411870530,8f672ed2-b953-4908-bbe8-ea5498d05ea0
2019-11-23 11:46:21 UTC,remove_from_cart,5830526,1487580005671109489,,masura,3.67,548400513,3e49e56a-9773-4bd8-8e44-b3633350109f
2019-11-23 12:51:42 UTC,view,5899848,2115334439910245200,,,3.41,456691661,cadcee87-48cf-bfa9-e862-136e9943cf77
2019-11-23 13:10:51 UTC,cart,5833321,1487580007675986893,,bpw.style,0.67,528227447,fe7a4616-07a6-44e4-9902-a9fb177e077b
2019-11-23 13:47:54 UTC,view,5774862,1487580005671109489,,masura,3.75,575465501,40bf1eae-97a4-4430-b9b2-1f8b3d977456
2019-11-23 13:50:23 UTC,view,5885388,1487580007675986893,,bpw.style,0.73,314595946,acd9b41e-5bbb-4de3-aaa6-90bb8a9d669e
2019-11-23 13:58:50 UTC,view,5651938,1487580012902088873,,,5.7,573981137,a61db913-a667-4e79-9e81-99d115bedb11
2019-11-23 14:16:05 UTC,cart,5864547,1487580011585077370,,,23.02,419887822,fbfd1c42-c00e-4c9f-bd7c-e6a2c1e25593
2019-11-23 14:17:13 UTC,remove_from_cart,5885419,1487580005092295511,,grattol,5.95,564856658,47495740-4b48-4923-ae50-844e960893ad
2019-11-23 14:57:31 UTC,view,4753,1487580006317032337,,,4.27,575482004,e43d0627-61ca-416a-91fa-444704023a71
2019-11-23 15:01:22 UTC,view,5899834,2115334439910245200,,,3.37,574291400,5bebbe2c-81a2-492d-9bbb-67080f42cd3c
2019-11-23 15:02:35 UTC,view,5809792,1487580011970953351,furniture.bathroom.bath,milv,3.81,435801307,0106c1e9-e692-e658-ca31-ee342ae7e133
2019-11-23 15:30:32 UTC,cart,5803439,1487580005461394279,,bluesky,4.71,367743268,d40eecd5-9e2a-46bf-af73-daa62f2319fe
2019-11-23 15:49:06 UTC,remove_from_cart,5819117,1487580007675986893,,bpw.style,1.08,426848356,16ef2fee-e767-490c-b52f-e18daeceedbb
2019-11-23 15:53:18 UTC,view,5859294,1487580011702517887,,almea,14.6,575046842,4c659abd-953f-621c-ea20-bb070f515da8
2019-11-23 16:04:16 UTC,remove_from_cart,5855332,2193074740552270669,,,4.35,445948511,5c5b50dd-8a0b-482f-a155-5a0f40d317d3
2019-11-23 16:04:42 UTC,cart,5749148,1487580007592100809,,,0.21,575527244,d6af81a0-dbfc-40ea-90ce-3caa305afc94
2019-11-23 16:55:04 UTC,remove_from_cart,5810424,1487580005092295511,,,9.19,440263658,979e5206-46ba-4303-bcf7-9f68bd10dc9c
2019-11-23 16:55:17 UTC,view,5833323,1487580007675986893,,bpw.style,0.67,572170350,333a33c4-e8d5-4f4f-b4cf-98e3d1cf0230
2019-11-23 17:00:26 UTC,cart,5868884,2018395024110125980,,,7.87,548169713,e968edb3-b402-40a7-9a59-42a4b6655156
2019-11-23 17:03:59 UTC,remove_from_cart,5807630,1487580011585077370,,,2.57,529429322,0a06b32e-2086-4c7b-876c-22c8df2d6377
2019-11-23 17:09:26 UTC,cart,5851278,1525995662934540829,,,3.57,530181687,fc062310-55b1-49c2-b041-d2dfd5b05347
2019-11-23 17:29:15 UTC,remove_from_cart,5753483,1487580013069861041,,italwax,2.41,555051735,30da00ce-bdd4-46f4-b6db-249be89e7675
2019-11-23 17:34:51 UTC,remove_from_cart,5877385,1897124478404526487,,masura,3.83,575561812,515b5f8b-4723-4919-9bb8-41d82cc8a829
2019-11-23 17:43:04 UTC,remove_from_cart,5886716,1487580005067129686,,,2.02,504118526,564e687d-275d-4594-b148-57d6190ccf6c
2019-11-23 17:54:59 UTC,view,5877001,1487580004857414477,,candy,4.43,367523764,f761d970-b867-4396-93f7-11a314ea6565
2019-11-23 18:38:01 UTC,view,5788139,1487580005754995573,,,5.59,268849449,cea00a90-24ed-447a-a80a-e31ac685205d
2019-11-23 18:49:57 UTC,view,5894928,1487580004857414477,,lianail,5.38,295966676,83dce213-26b6-49be-ad3c-fb9851e44ec8
2019-11-23 18:52:25 UTC,view,5809912,1602943681873052386,,grattol,4.44,536074545,dc8875a0-a2a3-452d-ac7e-7696b7b8dfd1
2019-11-23 19:14:34 UTC,view,5755859,2151191071378375538,,,5.0,361241145,d34ca043-8972-4128-8f41-6e31cd119455
2019-11-23 19:25:33 UTC,cart,5831146,1487580012096782476,,,6.29,575608489,195e579a-a53d-4ff7-95d9-58cffd50d481
2019-11-23 19:27:38 UTC,cart,5304,1487580009471148064,,runail,0.29,552749577,a22290b4-1b04-4109-a4aa-1eafb8bda907
2019-11-23 19:30:48 UTC,cart,5893846,1487580005671109489,,masura,1.6,439573488,208d9782-64db-49b8-bfdb-7c42c8ad0058
2019-11-23 19:45:28 UTC,purchase,5835755,1487580005268456287,,,5.71,531061504,480d8992-b16d-4a13-ad8b-487002825607
2019-11-23 19:48:15 UTC,cart,5854897,1487580009445982239,,irisk,0.3,575595667,a356f129-a636-4213-ac75-f44a5f1d2ea9
2019-11-23 19:54:22 UTC,view,8110,1487580013690618064,,,4.16,575609530,ee925f9b-53d2-40cf-9761-1ab66c09cbd7
2019-11-23 19:56:38 UTC,cart,4809,1487580010821714008,,runail,0.37,575626492,c6f771c8-729a-4a8b-92aa-2691e5ec2667
2019-11-23 20:11:04 UTC,view,5712836,1487580008011531230,,,42.81,575639056,3361dd20-c5d1-4232-8dbf-a93a8a9fec22
2019-11-23 20:17:38 UTC,view,5817149,1487580005092295511,,,5.59,560723050,1364636a-6e0b-418c-92ed-a7e788792c21
2019-11-23 20:27:50 UTC,cart,5881341,1487580012205834384,,fedua,25.37,575644867,7df1cf41-563a-40d6-b895-c243fcfe3408
2019-11-23 20:52:17 UTC,view,5685883,1487580007575323592,,,1.38,470295574,8b31d63a-6368-4b6a-bed1-649460944c8f
2019-11-23 20:55:50 UTC,cart,5688094,1487580006409307030,,airnails,2.71,575653547,0f369071-c47d-4699-9263-9b9ec6e52c8e
2019-11-23 20:56:58 UTC,view,5905704,1487580005092295511,,,9.03,464848709,7950b709-3c24-405a-b5d7-e125cc7670cf
2019-11-23 21:19:33 UTC,view,5859320,1487580007776650194,,,1.14,557304711,8a906b13-322b-41f2-be2f-fc29a43ba08a
2019-11-23 21:44:49 UTC,view,4810,1487580006317032337,,,5.79,362003063,7bfb8fb6-d657-41e8-bc84-085dcfbaf304
2019-11-23 21:50:40 UTC,view,5837618,1487580007675986893,,,1.62,362003063,5187c379-8dce-48b0-9659-d6db2fad9f58
2019-11-23 21:57:39 UTC,view,5773360,1487580005134238553,,runail,2.27,575672241,3f2cfa48-6409-4bb5-81de-27647017a82a
2019-11-23 22:11:26 UTC,view,5899851,2115334439910245200,,,3.78,527387039,60995331-5487-4309-8fb9-83253e62e742
2019-11-23 22:43:52 UTC,view,5760335,1487580009261432856,,zinger,1.9,91136858,8b1cbc49-cda9-45b5-ad8f-42acffaa48d1
2019-11-23 22:45:47 UTC,cart,5875319,1487580010100293687,,,0.87,575678237,fed68e88-3b8f-4f8a-8227-0c8020925d06
2019-11-24 00:08:14 UTC,cart,5707957,1487580007717929935,,milv,0.63,521793841,50508b53-666e-4683-b107-62174f455b5d
2019-11-24 00:16:24 UTC,remove_from_cart,5905772,1487580007675986893,,freedecor,0.67,408085978,a30fe7da-5580-46f1-a60f-5fd7b0a67fc9
2019-11-24 00:25:08 UTC,view,5838738,1487580007457883075,,bluesky,3.57,521793841,50508b53-666e-4683-b107-62174f455b5d
2019-11-24 00:43:09 UTC,view,5809249,1487580007675986893,,bpw.style,1.21,521793841,50508b53-666e-4683-b107-62174f455b5d
2019-11-24 02:35:14 UTC,purchase,5760096,1487580013522845895,,,6.43,394922425,b4a9bf20-3007-433b-80ec-317b204aef8c
2019-11-24 03:04:06 UTC,view,5816170,1602943681873052386,,grattol,4.97,497308053,976b564a-e641-4e7e-aac2-b6d4855a5fe4
2019-11-24 04:04:11 UTC,cart,5847335,1982860244379763042,,,6.92,231076778,4ba017e5-bc26-7d31-816a-f28341908cca
2019-11-24 04:56:47 UTC,remove_from_cart,5850371,1487580011702517887,,bioaqua,5.0,513746116,28f29b8f-3c27-4fb9-b813-7f14bcfec1d5
2019-11-24 06:22:53 UTC,cart,5739031,1487580008288355308,,kapous,4.6,575777529,ad0554f4-d781-46ce-8814-60655ecc7fc7
2019-11-24 07:10:30 UTC,cart,5810080,1487580005268456287,,irisk,5.86,304084908,c3cf3821-4227-4f28-ba85-a8b3913b6c7a
2019-11-24 07:25:18 UTC,purchase,5834732,1487580009496313889,,,4.19,446713658,df944dc9-fcda-4a69-8a2d-a1aa7fe5b542
2019-11-24 07:43:38 UTC,cart,5823611,1487580004916134735,,,4.7,511286935,a5d8c797-4249-4dda-8879-f482c3936c01
2019-11-24 07:47:18 UTC,cart,5876072,1487580011677352062,,,3.46,575812161,06dc896b-ddeb-4919-91ee-507c22eedda8
2019-11-24 08:25:37 UTC,cart,5804169,1487580005671109489,,masura,1.6,558185595,8186748b-a2ae-47ad-995f-af0fc45d3e31
2019-11-24 08:33:11 UTC,view,5881662,1487580013522845895,,lovely,1.63,551168671,dead3f63-2343-440b-aad9-5dd9bd2a417c
2019-11-24 08:38:44 UTC,cart,5643943,1487580010100293687,,,0.94,514656993,f831f60b-5acf-488e-b7a1-b70829ccfe1e
2019-11-24 08:50:32 UTC,view,5868294,1487580013489291461,,,4.86,575839009,d76b0cf3-3661-4d91-af6c-3bcc8748b5da
2019-11-24 08:57:51 UTC,remove_from_cart,4958,1487580009471148064,,runail,1.06,457165998,6a5cb37c-6ad9-4d32-b318-f86cac07641b
2019-11-24 09:32:48 UTC,view,3806,1487580005411062629,,cnd,14.43,436435590,58753b08-6ca7-49ab-887f-e0c6a3ed25a6
2019-11-24 09:36:58 UTC,view,5759492,1487580013011140782,,italwax,2.13,434141208,a9ed0c0f-b03c-4cc4-93e3-986b669ec215
2019-11-24 09:48:16 UTC,remove_from_cart,5885417,1487580005092295511,,grattol,5.83,566658552,274273a8-d170-48fa-9a91-8b5de0bc86fc
2019-11-24 10:21:06 UTC,view,5726158,1487580005595612013,,,2.84,393741833,dfb02e1e-e9ef-44b8-880a-ac9dac3725d7
2019-11-24 10:21:46 UTC,cart,5761411,1487580007432717250,,ingarden,2.57,455474266,de88bafe-fbde-4ce0-827d-e32be9d15a43
2019-11-24 10:27:02 UTC,purchase,5879015,1487580013170524342,,,3.68,575866117,91241a06-5298-4d63-9877-e4e773f2f5d6
2019-11-24 10:29:21 UTC,cart,5803082,1487580013858390233,,kapous,3.22,536993658,6de69fc7-c831-4ac6-bb2a-f9c84bb2274c
2019-11-24 10:41:50 UTC,view,5869577,1487580012096782476,,milv,1.02,401952898,106ed4c8-9deb-4ea9-8ea1-8152405c26c2
2019-11-24 10:47:46 UTC,remove_from_cart,5854114,1487580008657454075,,,2.43,533779236,3ba89a0e-65d2-45f2-9797-b83aefcd8fff
2019-11-24 10:49:22 UTC,remove_from_cart,5841327,1487580010628776014,,,2.62,355374962,55257901-7b97-cec1-f56c-f3ba0a8ee329
2019-11-24 10:50:11 UTC,cart,5598854,1487580011283087468,,,2.57,573855287,e416622c-5a69-45c6-812e-d69adecd793c
2019-11-24 11:04:17 UTC,view,5809892,1602943681873052386,,grattol,4.43,575892719,95142537-b7c7-4d6a-81a6-b990097055f6
2019-11-24 11:18:56 UTC,view,5700046,1487580009286598681,,runail,0.35,527036277,64083d4e-6570-cb7e-e22e-aa0d972a288f
2019-11-24 11:21:27 UTC,cart,5835856,1715102762414375164,,,4.0,575417511,d5f1769b-a2f9-4a30-95b9-65c130aa58cb
2019-11-24 11:38:02 UTC,cart,5842646,1487580013841613016,,,11.6,572985140,42b3f8c2-81f7-480b-8013-dfb565fa18b5
2019-11-24 11:49:22 UTC,remove_from_cart,5844320,1487580006317032337,,,1.49,467314952,55e8dd2c-e05b-4e62-9e48-377b9cfa977c
2019-11-24 11:52:09 UTC,cart,5889456,1602943681873052386,,grattol,3.57,575902351,9ab39f0f-5366-4b5c-a795-05ab6afd87ea
2019-11-24 11:52:28 UTC,cart,5857359,1487580008145748965,,runail,1.43,551728824,265dfb47-e6d9-460a-b846-946252e4941a
2019-11-24 12:00:49 UTC,remove_from_cart,5826986,1487580005671109489,,masura,3.56,558631928,de723276-70e3-4c2b-a725-773d4326daa6
2019-11-24 12:13:33 UTC,view,5854574,1487580006350586771,appliances.environment.vacuum,jessnail,18.21,575922825,1ae43f8f-43ef-47b8-a214-f8ace30684f9
2019-11-24 12:13:39 UTC,cart,5875273,1487580005553668971,,,7.22,542456703,66841a01-0bb8-4e9d-87b8-da69dbca8b33
2019-11-24 12:31:11 UTC,view,5897544,1487580009311764506,,,2.43,550388516,b1e324fa-6c35-4e67-b1c4-8c145ba45c0d
2019-11-24 12:42:21 UTC,purchase,5894147,1487580010100293687,,ingarden,3.29,532720781,47c51d67-2029-4a4f-b395-c11f6c5792cc
2019-11-24 12:49:51 UTC,cart,5749154,1487580007592100809,,,0.21,478495368,2a1c4d30-e56e-42f8-a16b-ebc316f398c7
2019-11-24 12:56:44 UTC,view,5878148,1783999064136745198,,cosmoprofi,5.71,571190565,2a142494-f066-4ad9-b6ce-4fd9a7bd591b
2019-11-24 13:20:16 UTC,cart,5876793,1487580010100293687,,jessnail,0.84,510190982,5e51e5f0-74fc-405c-b9f2-5b66cce0b63c
2019-11-24 13:22:19 UTC,purchase,5754991,1487580005092295511,,,5.75,315718820,61bedf55-24fa-41bf-8a83-96d94e1e6ac9
2019-11-24 13:34:05 UTC,view,5831584,1487580011677352062,,,24.14,574120795,d4ac1e4e-86a3-4503-9b67-03250e33288b
2019-11-24 13:49:14 UTC,cart,5857298,1487580005134238553,,runail,2.27,478274794,fa7fb73d-f5fb-4e88-a374-8b8bf12181e3
2019-11-24 13:58:25 UTC,remove_from_cart,5857263,1487580005134238553,,runail,2.27,476062827,d650cc6b-2805-44bc-ada3-2873c138ad9c
2019-11-24 14:18:04 UTC,remove_from_cart,5695622,1487580013581566154,,estel,5.22,511635823,34b7f77d-f760-4a06-85cd-92b6c324d5da
2019-11-24 14:19:53 UTC,view,5835856,1715102762414375164,,,4.0,546712523,d98d3a5b-e967-4859-b1f1-860de526d179
2019-11-24 14:26:33 UTC,cart,5809250,1487580007675986893,,bpw.style,1.35,382261190,ea76a05b-a5e6-486b-80f0-188f0d391cfb
2019-11-24 14:27:13 UTC,cart,5797963,1487580005671109489,,masura,1.6,568169001,d4685b29-546b-47f8-af67-88ed530ebb21
2019-11-24 14:38:15 UTC,cart,5889464,1602943681873052386,,grattol,3.1,526380174,d1ab52b9-626a-4225-852a-cf91f84312b9
2019-11-24 15:00:38 UTC,cart,5854897,1487580009445982239,,irisk,0.3,576002141,e4a0ce5b-8714-4d01-a79a-16654028d239
2019-11-24 15:19:12 UTC,cart,5683526,1487580011585077370,,elskin,1.05,576006027,92711a49-61cc-4229-bfd2-486ab4d645f8
2019-11-24 15:30:18 UTC,purchase,5851311,1487580005268456287,,lianail,5.38,277853305,57ac9d9e-37f1-4ae7-9c47-f89db61db65a
2019-11-24 15:33:06 UTC,purchase,5838091,1487580011627020412,,levrana,5.9,576012993,c429ca4e-25c4-4c50-b99a-7ee2ad92b496
2019-11-24 16:04:36 UTC,view,5938,1487580006241534861,,runail,5.44,576035590,09bb6edf-16b9-4a8a-92eb-73e377325d6b
2019-11-24 16:08:25 UTC,cart,5875391,2084144451428549153,,,1.94,576034893,7f31fbe2-eef6-498b-8251-51731c05cc09
2019-11-24 16:09:48 UTC,view,5840087,1487580013212467384,,,4.13,576036845,87222b59-3ed0-4d22-a554-2e94a24c6b13
2019-11-24 16:27:24 UTC,purchase,5838677,1487580012969197740,,milv,2.86,575970028,b860e2b0-54bd-4f15-9a07-cf0fd9842ae4
2019-11-24 16:59:16 UTC,purchase,5797801,1638456119066100510,,pole,3.81,575454085,c9f94c29-a729-4233-83f3-6ec7d9ca92ba
2019-11-24 17:11:16 UTC,view,5789896,1487580006132482952,,runail,0.06,551616817,d064f77e-c2cc-40f1-a25d-7f3254e873f7
2019-11-24 17:19:19 UTC,view,5770053,1487580013841613016,,kapous,2.59,576071794,32c6e26f-1de4-48bc-8dd3-b6c63a180b01
2019-11-24 17:40:38 UTC,view,5884356,1487580010561667147,,oniq,9.59,562839285,6f2cba3c-c0d8-48d9-845c-d99c019e7ae3
2019-11-24 17:48:14 UTC,view,5798923,1487580007894090712,,staleks,16.73,480616846,ed7d6dae-084b-43a7-ba70-d01afb24bad6
2019-11-24 17:49:00 UTC,cart,5866566,1487580005268456287,,,5.57,538863124,9fd667bb-2c6b-47bd-97d3-988eb8ad0ed3
2019-11-24 17:55:08 UTC,view,36407,1487580009672474664,,balbcare,2.86,576089357,806363f6-cb30-46f6-8c2c-f3b3e8ddfa2d
2019-11-24 18:07:18 UTC,remove_from_cart,5824145,1487580005511725929,,,3.89,552462297,97001b0e-5111-4ee9-a072-5a89bef67c36
2019-11-24 18:26:29 UTC,cart,5869136,1783999064136745198,,cosmoprofi,5.71,511879690,4bdb9f2c-dbb0-4bdb-a0b4-758102b83e25
2019-11-24 18:30:03 UTC,view,5878647,2095736144888071137,,,3.51,173803868,83d22a24-13cb-4be2-8962-1d8b99e8bbb8
2019-11-24 18:41:05 UTC,view,5763413,1487580009605365797,,ingarden,5.43,576112025,9c43ebd8-c434-4d22-9491-00c23958c7b0
2019-11-24 19:13:56 UTC,view,5858595,1487580005268456287,,,6.57,561001527,54a21153-76cc-44b4-80aa-1f4f3b564f04
2019-11-24 19:16:49 UTC,remove_from_cart,5904000,1487580007675986893,,,1.35,545159684,7b0626dc-ee8f-41bf-927c-89b19b85d884
2019-11-24 19:19:02 UTC,view,5810777,1487580013657063630,,,16.51,547828998,994bfb77-c9e5-4df4-b2e8-06846b5626c6
2019-11-24 19:33:15 UTC,view,7527,1487580009605365797,,,2.71,549751875,92450d09-ed8d-424d-a5fe-d9ef7d991f47
2019-11-24 19:40:08 UTC,cart,5816171,1602943681873052386,,grattol,4.97,576132102,581f5039-c21a-466c-9625-f3375be05a7d
2019-11-24 19:41:22 UTC,view,5904692,1487580007675986893,,,1.35,526048273,f90a4488-eb72-4265-9aa2-421b03eb8878
2019-11-24 19:42:34 UTC,view,5792800,1487580005268456287,,,9.59,550780284,1a125094-9f4e-4499-84da-534631564b26
2019-11-24 19:51:18 UTC,view,5561044,1487580005595612013,,,2.84,461799286,0f37ce3c-0e41-4f92-9d3d-80e6d52bd6f0
2019-11-24 19:57:14 UTC,remove_from_cart,5824887,1487580005595612013,,,2.0,484327690,37aa7959-c189-4b68-b2dd-d62dc7d91e96
2019-11-24 20:05:54 UTC,purchase,5890841,1605161575889502297,,irisk,4.0,405091200,1358d5b6-f67b-4e27-bb47-1b939c513886
2019-11-24 20:26:44 UTC,remove_from_cart,5686089,1487580009471148064,,,1.29,556730379,c2428738-8b6f-4bc7-a12f-7509f230b9f8
2019-11-24 20:40:58 UTC,view,5734507,1487580005050352469,,haruyama,3.84,274581297,c6149366-3291-4e09-a546-81072cec174b
2019-11-24 20:52:27 UTC,view,5675490,1487580007852147670,,zinger,14.02,538717897,52e4ff6f-e574-4a0d-bd04-e74edcc8ebf0
2019-11-24 21:36:01 UTC,cart,5746899,1487580006317032337,,irisk,5.9,565072401,9cb988c9-8b7d-4b80-9b7f-c25f49592043
2019-11-24 21:38:55 UTC,view,5736334,1487580005050352469,,haruyama,3.57,335683026,7b61b831-d696-4622-bcf8-ec957a16de3b
2019-11-24 22:01:14 UTC,view,5814523,1487580005092295511,,runail,4.0,573475925,34a3b3ae-7b49-400e-8b4d-acc4d23e893e
2019-11-24 22:05:34 UTC,view,5785144,1487580013950664926,,runail,11.83,532855528,dca94aa0-9f7d-43f5-824a-6a6181dc0a12
2019-11-24 23:12:20 UTC,cart,5854578,1487580010645553231,,jessnail,57.13,555323564,9e907b57-4c28-4fd6-a9d0-69f9ed7c0ecd
2019-11-25 03:19:55 UTC,cart,5749198,1487580013053083824,stationery.cartrige,italwax,1.98,575015977,7d7c5cdf-7eda-4621-b8cc-904d6e6e468d
2019-11-25 04:42:00 UTC,view,5892051,1487580010377117763,,,4.29,535738256,27281ca2-610d-45e2-9937-c70a2527ba1e
2019-11-25 04:51:09 UTC,remove_from_cart,5811688,1487580005427839846,,irisk,2.48,9794320,95a25ae8-1359-4108-8c5c-38df4289db5f
2019-11-25 05:01:13 UTC,view,5879035,1487580013279576251,,,4.29,546320796,bde7f24f-04d8-804f-11f0-fc17d2489ffc
2019-11-25 05:47:58 UTC,remove_from_cart,5723270,1487580010872045658,,ingarden,1.56,574757344,c6b39655-9d96-44d9-a24e-14e553e38e03
2019-11-25 06:02:40 UTC,view,5763379,2141560642253881670,,,4.6,576299609,2d3397fa-8d25-42b7-acea-8c1996d66717
2019-11-25 07:10:00 UTC,purchase,5669231,1487580009311764506,,,0.54,538584804,35b89e06-1548-41f6-99fc-870138beb418
2019-11-25 07:10:38 UTC,cart,5836517,2151191071118328683,,nagaraku,2.38,569089110,b23a0f06-d30f-4b2b-8cde-e33eeecd037f
2019-11-25 07:19:59 UTC,remove_from_cart,5899849,2115334439910245200,,,4.46,555715814,9173ecdf-308a-4da0-84b4-2b902052232a
2019-11-25 07:49:09 UTC,view,5771641,1487580004857414477,,lianail,5.54,568486224,8c10b509-f005-47fd-ac98-d6b1f3f2c420
2019-11-25 08:17:23 UTC,view,5889102,1487580005092295511,,,4.76,333148290,e80b0be5-d647-433c-84c9-82597aca2119
2019-11-25 08:28:27 UTC,remove_from_cart,5793703,1487580006509970331,,irisk,2.22,567124557,5d6892b3-0238-4d91-bd29-770248b77081
2019-11-25 08:50:34 UTC,view,5560760,1487580006300255120,,strong,201.59,549479071,3aab6ccd-71d5-46e2-ae7e-6f2f36c34bcd
2019-11-25 08:55:26 UTC,cart,5904299,1487580007675986893,,,1.59,522542945,e71ea54f-35e2-8196-c298-de3e21d6fc03
2019-11-25 08:56:23 UTC,view,5696858,1487580009286598681,,irisk,1.11,568258822,d8c377eb-1505-4742-83c1-53c05010b517
2019-11-25 09:02:46 UTC,cart,5849033,1487580005092295511,,uno,10.32,435541620,d347f2af-49ab-42f1-91cf-8687224a534a
2019-11-25 09:03:29 UTC,view,5902876,1487580007675986893,,,0.0,542681828,5de8280f-f56d-4268-b108-0c801d98725a
2019-11-25 09:15:53 UTC,view,5841297,1487580010645553231,,irisk,46.83,532833681,5f14c8a4-057c-45bc-b3e9-898d85ec528a
2019-11-25 09:17:00 UTC,view,5851215,1525995662934540829,,,3.97,293909737,7d5e722a-f545-4e74-8588-6c1cc1e76540
2019-11-25 09:26:55 UTC,view,5884088,1487580005268456287,,,4.75,575103487,36844a7a-dda3-4ae1-bb51-b32ad4421606
2019-11-25 09:30:32 UTC,view,5770032,1487580013841613016,,kapous,2.81,576396748,faff5573-fec7-4648-8bc8-47b0811cdd5e
2019-11-25 10:45:23 UTC,view,5854899,2151191071118328683,,irisk,2.86,527740384,c380813f-728e-4f04-abd5-bed7022f6adc
2019-11-25 10:46:05 UTC,view,7786,1487580005411062629,,cnd,16.03,576431021,c9f921bc-4104-4474-bb59-9cb7684dd657
2019-11-25 11:22:26 UTC,cart,5858900,1487580007634043851,,,0.79,312521090,d1eba328-10ef-464d-a095-60d6b20c21e4
2019-11-25 11:29:49 UTC,cart,5700502,1487580005268456287,,,4.29,576414362,71376c42-2444-4709-83b1-9ef7ffec3e1f
2019-11-25 12:08:41 UTC,view,5809921,1487580010100293687,,grattol,2.06,407175528,d9c7ac15-7c6d-4563-9615-e560ffb4891d
2019-11-25 12:11:53 UTC,remove_from_cart,5885420,1487580005092295511,,grattol,5.95,576439518,af0f2a28-c610-4bb8-b2e6-7f2eb4635116
2019-11-25 12:19:00 UTC,view,5836843,1487580009261432856,,pnb,0.71,484244218,a09cba7b-edda-4281-9ecf-656c0469d9cd
2019-11-25 12:19:57 UTC,view,5906534,2151191071378375538,,matreshka,1.27,385589302,8644685c-64b2-41bc-974f-fd1f05113f84
2019-11-25 13:07:45 UTC,cart,5814522,1487580005092295511,,runail,4.44,554262401,32fa325c-e7a2-4f07-a12a-f4c51c6f86f8
2019-11-25 13:09:33 UTC,view,5906198,1487580005553668971,,,9.52,436100886,8858f009-0f7e-4635-a36c-f25045c131bf
2019-11-25 13:14:23 UTC,remove_from_cart,5677604,1487580010100293687,,,1.27,558474021,44dd2260-8e76-0f3f-f73b-4171c781215d
2019-11-25 13:17:34 UTC,view,5898371,1487580008246412266,,ecolab,5.25,567647527,e6f07dd0-c448-4f5b-b582-64a63225b93d
2019-11-25 13:24:55 UTC,cart,5700070,1487580009362096156,,runail,0.95,576463360,32e2c059-ec8c-4796-8ab9-3a5eac7b109e
2019-11-25 13:47:12 UTC,view,5696896,1487580012021285001,,severina,9.21,473024294,c47c42b2-0d52-4cd4-9aff-facb12e820ec
2019-11-25 13:47:28 UTC,remove_from_cart,5802651,1487580005754995573,,,3.89,401591652,facf7255-833e-4dcd-879d-25619a17d08b
2019-11-25 14:18:22 UTC,cart,5767376,1487580005268456287,,lianail,5.54,573376657,c83c5b2d-f7c5-4894-92c4-805f77ddfd14
2019-11-25 15:18:46 UTC,cart,5764716,1487580012902088873,,italwax,14.27,523988986,19c3ccfd-be44-4739-b398-3d6a04e83a47
2019-11-25 15:42:58 UTC,view,5666574,1487580008984608779,,,44.44,569560993,1fc05f50-d182-48c5-bb75-ad1f40a23c51
2019-11-25 15:58:06 UTC,remove_from_cart,5846096,1487580013950664926,,,52.22,563916825,14d56a30-8085-43c6-8648-b8013d39e941
2019-11-25 17:26:58 UTC,remove_from_cart,5700859,1487580013539623112,,irisk,14.21,392525759,dec60c8d-19c3-4017-a34d-722e0b1f9665
2019-11-25 17:37:20 UTC,view,15215,1487580008447738866,,cnd,10.0,576643831,94694eb6-addd-4477-b64b-ce150c251a9a
2019-11-25 18:13:08 UTC,view,5736325,1487580005050352469,,haruyama,3.97,436214801,3fca1ce5-b47d-4e15-917a-12775804eed6
2019-11-25 18:29:49 UTC,view,5807541,1487580005092295511,,meisterwerk,17.06,462314921,0e766929-9f06-4cff-9e70-5ad15d893ac6
2019-11-25 18:37:31 UTC,view,5804820,1487580013950664926,,,63.33,576685757,ee07cd0e-266b-4ce4-ac06-8cc8b3b70463
2019-11-25 18:44:05 UTC,cart,5750374,1487580005671109489,,masura,3.95,285083269,36e10f73-fe7a-487a-88df-9ce183a7a19a
2019-11-25 18:49:33 UTC,view,5849954,1487580008246412266,,keen,7.49,406201126,05eef1db-e5be-475f-b1ea-bfc73b4838b2
2019-11-25 19:30:20 UTC,view,5809911,1602943681873052386,,grattol,5.24,381530429,5db27842-34bb-447c-b66d-c88628c77f90
2019-11-25 19:36:50 UTC,view,5809910,1602943681873052386,,grattol,5.24,560392734,f2b7c73e-4005-4b07-80c8-e08382d53397
2019-11-25 19:42:52 UTC,view,5906191,1487580005553668971,,,7.14,566337206,43521be7-d1cb-4092-89cf-10058518e52f
2019-11-25 19:54:03 UTC,remove_from_cart,5732016,1487580007281722301,,domix,4.9,576157917,429b2d90-3157-472c-aed2-7f655a5575c5
2019-11-25 21:01:28 UTC,remove_from_cart,5815659,1487580006317032337,,,0.92,292340147,11df8d1b-bce1-465a-8d2a-e54a904425c1
2019-11-25 21:52:05 UTC,cart,5887573,1487580005595612013,,,3.0,575131467,8f680c23-e6d9-4edd-b4af-89ac572ea24c
2019-11-25 22:05:34 UTC,view,5892179,1487580013950664926,,,18.89,532501255,c1f6611d-bc34-4c0e-8662-5f1ee17a034d
2019-11-25 22:08:35 UTC,remove_from_cart,5859413,1487580005671109489,,masura,2.37,513931240,e803a47c-df40-440f-ad88-cd097b0d767f
2019-11-25 23:22:27 UTC,view,5735080,1487580010125459512,,irisk,2.38,576742487,c30d77e9-8ca8-49df-9daa-21960456545d
2019-11-25 23:37:42 UTC,view,5899926,2115334439910245200,,,3.92,575021406,baa13f51-a484-4f32-bc98-819c62a175bf
2019-11-25 23:38:21 UTC,cart,5683894,1487580013841613016,,,2.62,576786720,cd4b6348-07bd-4049-b7ae-2573d638c3bd
2019-11-25 23:53:53 UTC,cart,5848037,2151191071118328683,,nagaraku,0.32,576793313,a2cdf078-cbe2-4bda-ac60-122b765c4781
2019-11-26 02:43:07 UTC,view,5838659,1597770225539875791,,,10.32,432369670,88f6263e-f204-4512-bd51-9e8155d36431
2019-11-26 02:46:50 UTC,view,5884578,1487580006350586771,appliances.environment.vacuum,max,63.33,523021646,0b15f9c9-5718-461f-8c18-71fccc6482c7
2019-11-26 02:47:21 UTC,cart,5886775,1487580006317032337,,,1.59,509049963,ac8024ff-e132-4b1b-a080-ad3962938beb
2019-11-26 03:21:54 UTC,view,5818484,1487580007214613434,,,3.14,331310548,fda3cfa1-7efa-42e6-8280-6777cce1fea0
2019-11-26 03:29:31 UTC,view,5859402,1487580005671109489,,masura,2.37,576839850,6c5d2b32-b964-4450-a1e0-f32abf171808
2019-11-26 03:42:32 UTC,cart,5833331,1487580007675986893,,bpw.style,1.27,530550366,4055b05a-57db-4546-9e07-08892cba10a1
2019-11-26 03:48:34 UTC,remove_from_cart,7527,1487580009605365797,,,3.02,540684577,2159bac9-3037-494c-ae11-dfbcf62d6fb7
2019-11-26 05:31:06 UTC,view,5870214,1487580008288355308,,levrana,2.38,356539965,c9c32ef4-863d-4202-b31b-5c3a9b975a71
2019-11-26 05:50:00 UTC,view,5885831,1487580013254410426,,provoc,7.0,576879150,0ec33479-fdeb-4c6a-94a9-f21bb9bb2299
2019-11-26 06:03:28 UTC,view,5883317,1487580007634043851,,de.lux,1.27,571076804,4b494bdb-357d-49e3-86ee-6374b5e0b23e
2019-11-26 06:51:56 UTC,cart,5774240,1487580009051717646,,,39.67,519876065,412e96d3-7855-4aeb-9cf2-4fc4c6fe3a1e
2019-11-26 07:12:15 UTC,view,5685384,1487580012096782476,,farmona,27.46,576919814,359b9f6e-6568-4f1c-81b7-f2c03b5a680d
2019-11-26 07:37:28 UTC,purchase,5888098,2141560642253881670,,shik,8.73,300753928,ae9a4bcd-8a4d-4821-a348-ea6e82d1e179
2019-11-26 07:46:36 UTC,view,5809865,1487580005092295511,,grattol,6.27,551120946,67607af1-69a0-4230-af4c-a22187788a9e
2019-11-26 07:49:54 UTC,view,5695648,1487580013841613016,,,2.62,576934785,62a941e1-7e23-4a29-8352-35dd6eeca4cf
2019-11-26 08:12:05 UTC,view,6730,1487580007256556476,,,7.92,576920520,e4945634-e5b0-4527-b8bf-2b3c12b19b86
2019-11-26 08:26:35 UTC,view,5827009,2193074740552270669,,,4.38,556267594,024b9411-7f1d-41f4-ad5a-d0142052be87
2019-11-26 08:30:28 UTC,purchase,5896456,1487580007675986893,,milv,1.59,558240245,da605c56-adce-eb8b-a6a9-8110509481e0
2019-11-26 08:30:30 UTC,purchase,5714119,1487580006317032337,,irisk,5.08,568087125,681b1bf9-accb-435f-9ff1-dd942fe559ad
2019-11-26 08:41:27 UTC,cart,5685678,1487580009311764506,,,0.32,551120946,67607af1-69a0-4230-af4c-a22187788a9e
2019-11-26 08:48:22 UTC,view,6801,1487580013011140782,,,7.54,490782682,00700ab8-a4b8-4bf9-8ec3-f195a2072008
2019-11-26 08:54:33 UTC,view,5742415,1487580009051717646,,,34.9,576954951,580f8f4a-d72c-49ba-9dab-9ae2bfe40269
2019-11-26 08:58:57 UTC,view,5752164,1487580006937789357,,,3.97,569428410,22b5a317-d95f-4e10-a276-2a461f898cb1
2019-11-26 09:06:33 UTC,purchase,5726182,1487580005595612013,,,3.0,382716322,cf452e65-dd58-434b-876d-7f29e7db2feb
2019-11-26 09:17:44 UTC,view,5886282,1487580013950664926,,,21.59,368969173,9035c9d4-f9a6-4166-9d97-e04db80e51f1
2019-11-26 09:36:31 UTC,view,5877796,1487580009051717646,,,63.49,236968869,32f20ce6-527c-4941-a7e3-52be73d270e3
2019-11-26 09:51:47 UTC,cart,38744,1487580006317032337,,runail,1.11,510160242,f01f9466-bae9-44da-8217-14d06b8ab241
2019-11-26 10:06:22 UTC,remove_from_cart,5700069,1487580009362096156,,runail,0.63,571791716,d96829b6-2b96-4e26-8eb1-b48d7eda6e39
2019-11-26 10:24:15 UTC,view,5886282,1487580013950664926,,,21.59,536380009,c65eae66-3668-42cb-bc59-3aaff2a67f26
2019-11-26 11:11:17 UTC,cart,5875408,2084144451428549153,,,2.05,361353694,559c181e-42a3-4007-996a-fce14d288af7
2019-11-26 11:15:44 UTC,view,5864464,1487580011677352062,,,47.94,554201708,b8915b83-7c26-4cd2-ac04-4085e037d78a
2019-11-26 11:38:44 UTC,cart,5635068,1487580005754995573,,,4.44,389453885,8717f567-0694-4aea-9ee9-1022f0c73929
2019-11-26 11:40:10 UTC,cart,5837083,1602943681873052386,,grattol,4.76,439169911,cd8512cd-843e-423f-afc9-65da2731294e
2019-11-26 11:45:42 UTC,cart,5835366,1924049106385240809,,,4.13,577046109,b4b7df8d-493b-4341-a097-485ea232fa47
2019-11-26 12:04:03 UTC,view,5698881,1487580006317032337,,,1.27,323241708,33a7e27e-fec7-46b5-926d-cc608fbe5bb8
2019-11-26 12:04:25 UTC,purchase,5850625,1602943681873052386,,grattol,5.24,543399524,73715b17-3bec-79d7-9b37-51285bbd2ce8
2019-11-26 12:47:09 UTC,cart,5844755,1487580006317032337,,,3.16,510160242,f01f9466-bae9-44da-8217-14d06b8ab241
2019-11-26 13:18:39 UTC,view,5726405,1487580005092295511,,,5.56,577090659,1573ae7f-4a6a-4f8d-84d6-029b0e72c835
2019-11-26 13:20:42 UTC,remove_from_cart,5772164,1487580005268456287,,grattol,6.27,439169911,cd8512cd-843e-423f-afc9-65da2731294e
2019-11-26 13:20:51 UTC,remove_from_cart,5814051,1487580005092295511,,grattol,6.27,439169911,cd8512cd-843e-423f-afc9-65da2731294e
2019-11-26 13:23:22 UTC,view,5613538,1487580008984608779,,,9.51,476523758,77257d59-7008-438d-b265-d9bb21448a3f
2019-11-26 13:38:23 UTC,view,5819114,1487580007675986893,,bpw.style,0.79,569429186,2436f31a-38bb-40df-a331-5e3f50653002
2019-11-26 13:38:57 UTC,remove_from_cart,5861968,1487580008246412266,,estel,14.29,548400513,58e4792a-2d43-4a13-93b1-386e499182d4
2019-11-26 13:53:54 UTC,view,5802432,1487580009286598681,,,0.32,449161661,d8a456e5-6353-48de-bf9f-ffd1f379b367
2019-11-26 14:06:08 UTC,cart,5651975,1487580012902088873,,,16.19,577103170,89e01ae4-f623-4fe8-9a98-58f277b1be54
2019-11-26 14:43:20 UTC,view,5830334,1487580010335174721,,mielle,11.17,502049876,e061b545-cd01-45b0-b04b-2f9a023cf6ec
2019-11-26 14:48:30 UTC,cart,5749198,1487580013053083824,stationery.cartrige,italwax,1.98,535140144,45ffcdfa-acd6-4ff9-8a63-9f90d8cdd402
2019-11-26 15:00:02 UTC,view,5877603,1487580007675986893,,bpw.style,1.27,437126170,7f47564e-d88b-4661-9eb8-c13959e6c36d
2019-11-26 15:15:40 UTC,purchase,5800350,1487580005553668971,,,7.46,522130011,8e34a1be-8dff-4d58-afb9-7f15adfff4e4
2019-11-26 15:18:28 UTC,cart,5802440,2151191070908613477,,,2.16,413975238,6598e491-c54c-4e86-9046-15d9d313223d
2019-11-26 15:38:14 UTC,purchase,5668419,1487580005511725929,,,5.56,577100315,75896d43-f48d-4040-b5fd-517c135377e8
2019-11-26 16:04:49 UTC,remove_from_cart,5875337,2084144451428549153,,,2.05,486659043,e57fcb50-1daf-493d-9ba8-3eeba59dc9e1
2019-11-26 16:16:27 UTC,cart,5838678,1487580012969197740,,milv,3.17,242609841,c1b0de80-f6d5-47ac-845e-a5945765bd5a
2019-11-26 16:17:22 UTC,cart,5695950,1487580007575323592,,,1.43,570664859,4fe9ee7e-1e8d-40af-a135-57851c482abb
2019-11-26 16:47:06 UTC,view,5809260,1487580007675986893,,bpw.style,1.59,563786540,7f1d4f01-d9d3-4d93-91bb-96fe95446998
2019-11-26 17:35:46 UTC,remove_from_cart,5812114,1487580013145358517,,art-visage,3.65,417656215,2e85480a-cc5d-4207-8c34-b61bcb81e670
2019-11-26 17:41:01 UTC,purchase,5904270,1487580007675986893,,,1.59,559025856,8d7218b6-3c83-457b-9940-0ff730bacca9
2019-11-26 17:46:05 UTC,remove_from_cart,5692463,1487580005092295511,,irisk,6.19,500881178,fe976269-0f71-42b9-ab98-2352a148c805
2019-11-26 17:50:56 UTC,cart,5700052,1487580009286598681,,runail,0.4,557631481,b023d370-f7c7-4f0e-8e55-463c2ee7289c
2019-11-26 19:02:54 UTC,remove_from_cart,5854320,1487580005134238553,,runail,2.38,565370540,214b42fe-bff7-4bb5-8822-c8853012bc0a
2019-11-26 19:29:30 UTC,view,5809910,1602943681873052386,,grattol,5.24,474156561,97c9a27f-7391-497c-9c79-2dd27b9a59d5
2019-11-26 19:53:31 UTC,view,5618277,1487580006434472855,,jas,25.71,570464599,f9ac8cee-68ca-435d-b240-14009a8df93b
2019-11-26 19:59:50 UTC,view,5783987,1487580005268456287,,,4.75,560025626,7c09eaad-09a4-480a-9d18-dce72eec29cd
2019-11-26 20:34:58 UTC,remove_from_cart,5850621,1602943681873052386,,grattol,5.24,539066585,85253c4b-abc4-440e-9cef-66205ebd8175
2019-11-26 20:42:45 UTC,view,5781256,1487580012927254698,,,7.78,567841155,f31853eb-cf6e-4093-83cf-9ed0284c2f4f
2019-11-26 20:58:28 UTC,remove_from_cart,5850313,1487580005754995573,,,4.75,323241708,8202a4b2-daae-48c5-ade1-9450a0f40e1b
2019-11-26 21:07:30 UTC,view,5869134,1783999064136745198,,cosmoprofi,6.35,460743521,50f31602-bb6d-47da-b477-221a524225fc
2019-11-26 21:07:58 UTC,cart,5734533,1487580005050352469,,haruyama,3.97,577315925,ed605813-fef6-4778-be3e-3fc6466ea575
2019-11-26 22:22:57 UTC,purchase,5736284,1487580007281722301,,severina,1.27,494569755,b3e004e8-f362-7f3a-070d-8f06e674c0e0
2019-11-26 22:46:38 UTC,view,5700956,1487580005268456287,,,6.22,509995626,5fd130a0-e45e-4409-a78d-685d812d4b4d
2019-11-27 02:12:36 UTC,view,5868465,1487580013027917999,,,1.98,562578458,ac38e76a-49b1-407c-8a92-40c53a8316c2
2019-11-27 06:38:28 UTC,purchase,47612,1487580007717929935,,,0.79,563929033,32e42c2e-b659-4d56-a13c-2ce6279f434e
2019-11-27 06:40:09 UTC,purchase,5556144,1487580012096782476,,,11.75,486659043,b8f9316b-7d47-4070-be35-f24dbd8dc645
2019-11-27 06:51:48 UTC,view,4969,1487580008162526182,,runail,3.78,565759348,2628f845-cb56-4c9f-942b-df4ad483f331
2019-11-27 07:07:36 UTC,remove_from_cart,5596128,1487580005595612013,,,1.25,503872595,e515c1bf-e1bf-4992-b009-d57ef760c778
2019-11-27 07:13:19 UTC,view,5563768,1487580005595612013,,,3.0,544308895,f5a2cef8-731b-4bb9-8105-01eeae5b53ba
2019-11-27 07:16:00 UTC,view,5908188,1487580007675986893,,,0.0,500927959,9cd4e81a-13f3-4c15-9cce-bab7fe9c94d8
2019-11-27 07:39:19 UTC,view,5893843,1487580005671109489,,masura,1.73,493358918,a564dc18-d0d3-4767-90a0-3bfc462475bf
2019-11-27 07:39:52 UTC,remove_from_cart,5904324,1487580007675986893,,,1.59,563879851,ed43c422-10df-44c7-9b90-22b0e85453fb
2019-11-27 08:06:06 UTC,remove_from_cart,7891,1487580007936033754,,runail,3.17,467810091,ea3b36b3-edcf-4598-a261-b068c6b08d6b
2019-11-27 08:08:12 UTC,remove_from_cart,5762831,1783999071325782053,,,0.41,467810091,ea3b36b3-edcf-4598-a261-b068c6b08d6b
2019-11-27 08:10:15 UTC,view,5797968,1487580005671109489,,masura,3.95,258836295,aa813fcd-0f4e-48fe-801e-7aab584ffe6e
2019-11-27 08:11:13 UTC,view,5823779,1487580013749338323,,estel,2.38,409460326,81ab8e07-a48e-471e-8e26-f3dfe0c6b70a
2019-11-27 08:58:08 UTC,view,5714910,1487580005511725929,,,5.38,242375041,10affca5-68ab-406d-b3ae-ca5ea6b85ff5
2019-11-27 09:00:42 UTC,view,5839635,1487580005671109489,,masura,2.37,559107135,8f9aa0f5-e43f-4582-9308-5e38dd8de746
2019-11-27 09:20:19 UTC,view,5852045,1783999067156644376,,insight,5.76,550353491,470757af-e857-4f5a-8b09-2ae90067ea0e
2019-11-27 09:20:51 UTC,cart,5818268,1487580013640286413,,supertan,0.71,559074103,8e76f2d8-f91a-4bf8-a749-5960ce03a8af
2019-11-27 09:51:48 UTC,remove_from_cart,5739117,1487580008288355308,,kapous,9.05,577544077,4336fc2c-8deb-439c-9223-d4508366c12b
2019-11-27 10:14:57 UTC,cart,5844245,1487580010318397504,,osmo,21.78,498980732,e99fd662-8f19-4ac2-9ac0-37057d04a112
2019-11-27 10:28:31 UTC,cart,5699773,1487580004882580302,,,2.7,577567609,09891741-3162-47f8-a6a1-5fc9319f17e6
2019-11-27 10:58:00 UTC,remove_from_cart,5841302,2151191071118328683,,irisk,0.71,576791706,c9cab274-d114-462d-aee5-ec2bd7e67d6d
2019-11-27 11:10:03 UTC,cart,5668432,1487580005511725929,,,2.68,555370863,3ba07023-1028-4779-81ce-ee3b1d4dd96a
2019-11-27 11:16:43 UTC,purchase,5708981,1487580005671109489,,masura,3.16,104808268,66b78128-7ca7-4e72-a59c-be93b53bb1e3
2019-11-27 11:48:18 UTC,view,5856193,2193074740619379535,furniture.living_room.cabinet,runail,82.54,528095796,8b613dc8-1ef5-4068-b80b-c6b3093560a5
2019-11-27 12:15:23 UTC,remove_from_cart,5857288,1487580005134238553,,runail,2.62,577054041,f753721f-02bc-41b5-9005-a9e88527e217
2019-11-27 12:35:38 UTC,remove_from_cart,5839651,1487580005671109489,,masura,2.37,565346687,6fb96f09-19db-4e4a-823f-5d2ff74e86ef
2019-11-27 12:40:12 UTC,view,5649270,1487580013749338323,,concept,6.19,570964470,844bde6e-ca9d-4cdd-b090-0e7592e52068
2019-11-27 12:46:10 UTC,remove_from_cart,5843773,1487580009118826513,,,11.35,447433250,6f8ca767-e9a2-4537-9b0f-86fd8aeda811
2019-11-27 13:21:52 UTC,view,5900646,1487580005713052531,,ingarden,4.44,577628516,ab337d69-c58f-44bc-9c67-0542556f409c
2019-11-27 13:23:36 UTC,cart,5886282,1487580013950664926,,,21.59,567929466,294ca774-347e-469f-8c1e-6b961357da96
2019-11-27 13:40:55 UTC,remove_from_cart,5646937,1487580005511725929,,,5.56,528221448,76f38ca9-3011-4b20-bd13-59404bd3e0da
2019-11-27 14:08:55 UTC,remove_from_cart,5819263,1487580005713052531,,ingarden,4.44,555029767,cca72041-80d2-460b-9f64-9af652eecab4
2019-11-27 14:12:24 UTC,purchase,5802449,1487580005595612013,,,2.86,452096269,4d6dcb60-3d9e-4f20-8c02-1e3a56c89cd9
2019-11-27 14:29:03 UTC,cart,5754991,1487580005092295511,,,6.19,570020374,09cff919-847c-4750-bd45-8842d72b9b20
2019-11-27 14:42:47 UTC,remove_from_cart,5739493,1487580012927254698,,,5.87,577673468,34da7d04-b730-4fb0-bff8-6dee539fe5ce
2019-11-27 15:43:15 UTC,remove_from_cart,5870650,1487580006451250072,,airnails,1.59,573640750,7e343cd2-7b40-4a53-a072-83f9cde54cf9
2019-11-27 16:01:34 UTC,cart,5802432,1487580009286598681,,,0.32,567808708,0db6fd8f-da9b-4983-8fa6-e0e806693158
2019-11-27 16:25:06 UTC,view,5843546,1487580010628776014,,,3.97,546131228,160d8991-0db8-4aac-8da6-c259d5dd846c
2019-11-27 16:33:52 UTC,remove_from_cart,5836507,2151191071051219817,,nagaraku,4.76,569871594,ec856855-7f21-4311-b583-85e916794777
2019-11-27 16:43:54 UTC,cart,5754990,1487580005092295511,,,4.76,256813627,4365c816-18d0-4113-8773-50086ea3eeb8
2019-11-27 17:02:55 UTC,remove_from_cart,5723265,1487580010872045658,,ingarden,1.56,543521465,8026e31e-c6da-4191-b12b-86be4277331f
2019-11-27 17:35:19 UTC,view,5552914,1487580007675986893,,,0.54,577786202,62fbcae0-1df9-4e4e-8dc8-fac92b6b43a7
2019-11-27 17:48:02 UTC,view,5715618,1487580006300255120,,,79.35,577793802,f0936fde-05e5-4dee-9b2e-e8a084a046dc
2019-11-27 17:50:39 UTC,cart,5833332,1487580007675986893,,bpw.style,1.27,512756314,0fcf9f20-5aeb-46e7-a2c2-e852d6ba2580
2019-11-27 18:32:05 UTC,purchase,5839671,1487580005671109489,,masura,2.37,575614579,8e826b8c-f1e0-4b74-854f-6bcbbcf6c49f
2019-11-27 18:57:14 UTC,cart,5877484,1998040849203594085,,freedecor,11.11,527021202,a620c8f0-d0e8-4280-b6e9-2120631a25ea
2019-11-27 19:21:57 UTC,view,5861590,1487580009143992338,,lador,20.92,577839270,5c71f8a2-b6c0-467c-a8f1-30ddcdb0b669
2019-11-27 20:21:54 UTC,cart,5706331,1487580004832248652,,beautix,12.06,576635357,92367063-23da-45ea-98e7-d9f88145644c
2019-11-27 20:23:25 UTC,view,5699074,1487580009311764506,,zinger,4.13,344055793,f05ad450-f717-467c-88e6-d2a8754b76ce
2019-11-27 20:52:14 UTC,remove_from_cart,5695529,1487580005595612013,,,3.33,427992214,f077aa2b-04db-4557-8904-aab655170142
2019-11-27 20:54:33 UTC,remove_from_cart,5881765,1487580010628776014,,,5.56,530233943,40698c3c-d821-4285-9aed-dc50665e37b1
2019-11-27 21:20:36 UTC,view,5823935,1487580006350586771,appliances.environment.vacuum,polarus,53.81,497964732,9b8b0ed5-2744-415b-a1e6-22455108079c
2019-11-27 21:36:42 UTC,view,5859329,1487580007675986893,,,1.75,558090898,445da34f-175f-4057-b3ad-5fde13bd7aaf
2019-11-27 21:59:36 UTC,view,5696196,1487580005134238553,,runail,2.38,577895179,8b631e6d-ce66-446b-a0a1-549fbfa12423
2019-11-27 22:09:02 UTC,view,5904488,1487580007675986893,,,1.35,527021202,118bf1c5-b21c-4fba-8450-20e380063a07
2019-11-27 22:33:38 UTC,view,5878189,1487580007575323592,,freedecor,1.27,527021202,22bcf471-97ac-40d5-a78a-818f94ab52f0
2019-11-27 22:37:46 UTC,cart,5808332,1487580013858390233,,kapous,0.86,424678527,84fcc0b7-ceee-48f1-9566-3aaa81c16b35
2019-11-27 22:55:41 UTC,view,5846436,1487580013950664926,,browxenna,45.24,511188209,e11f85e5-e578-4327-b093-94d30bfae314
2019-11-28 03:21:01 UTC,view,5816396,1487580009445982239,,irisk,1.57,320485601,4481771d-71f6-4f51-86bc-a10980cf9e98
2019-11-28 03:36:54 UTC,cart,5815635,1842735764509557576,,rosi,6.03,554547558,5b2ef7ab-a57c-4e1a-a661-dada6d468665
2019-11-28 04:21:05 UTC,view,5884349,1487580010561667147,,oniq,9.79,382737391,2cf92af6-f871-a857-d5d3-9eccf06923c5
2019-11-28 05:39:21 UTC,view,5858329,1487580011627020412,,limoni,11.37,540916640,14826229-1824-42dd-9f4d-29d42fbf0f16
2019-11-28 06:47:37 UTC,view,5861279,1487580006317032337,,,30.02,525279312,53e99139-a902-4ca9-a913-2409a8050fec
2019-11-28 06:59:09 UTC,remove_from_cart,5772287,1602943681873052386,,grattol,5.84,402811249,cc18e5e3-74f9-4845-a3d1-dfe9ac09d3c9
2019-11-28 07:48:47 UTC,cart,5700038,1487580009286598681,,runail,0.37,463988999,8bd63596-ba8b-4583-816d-0c33b1895c67
2019-11-28 07:49:21 UTC,purchase,5771958,1559261858748170632,,,6.35,578056466,d21c9b1c-7e50-4c0a-8081-bbd81d29ef5d
2019-11-28 08:22:01 UTC,view,5744133,2193074740552270669,,,8.0,557956487,bc17dd9d-bb24-4f05-9ac9-a6988eab4949
2019-11-28 08:34:51 UTC,view,5819230,1487580005713052531,,ingarden,4.22,500137042,a6138a8c-f265-4b25-97a3-70c6d0b7ee7a
2019-11-28 08:52:35 UTC,remove_from_cart,5723529,1487580005268456287,,runail,2.73,512264004,65fb63dc-b763-48b4-a742-85df355ed69d
2019-11-28 08:57:07 UTC,view,5902638,1487580009143992338,,lowence,1.27,578097697,2107601c-db08-4a36-b65c-257b598a3901
2019-11-28 08:59:26 UTC,cart,5868382,1487580012121948301,,oniq,6.16,511779409,32d9807c-13dd-49ca-bdbb-6094185d57e7
2019-11-28 08:59:41 UTC,view,5836149,1487580008263189483,,,4.67,578099868,0cd0a438-59fb-4758-b29d-b65a62315be4
2019-11-28 09:20:20 UTC,remove_from_cart,5814516,1487580013539623112,,,12.14,558933479,bb9010a2-9631-4c32-b9a3-16ad9c158c4b
2019-11-28 09:33:19 UTC,cart,5824810,1487580007936033754,,domix,0.79,243184747,864259e0-5de4-4258-ac8d-e9bc9d7403cd
2019-11-28 09:34:22 UTC,view,5536916,1487580011283087468,,runail,1.25,406715774,c3cfe2dd-dac2-42a6-bec0-6d9e2009cf90
2019-11-28 09:42:52 UTC,cart,5838932,1487580005713052531,,ingarden,4.0,578119086,ac226500-7b86-4466-b3dc-28bb2407a783
2019-11-28 09:46:47 UTC,view,5765554,1487580012021285001,,domix,10.98,463466927,b1f240ad-ece7-4232-b6f8-4eae1e290d9a
2019-11-28 09:47:17 UTC,view,5787954,1487580004832248652,,beautix,8.89,555410482,cb08cd6f-3600-4bb1-b24a-5769829fc63b
2019-11-28 09:58:40 UTC,view,5781719,1487580009051717646,,kosmekka,27.62,545539188,45b1c635-7742-45dc-8b66-6ac11cdcb83f
2019-11-28 10:01:19 UTC,cart,5650698,1487580010268065854,,concept,5.29,578127612,1483e0ae-e7e0-463d-b07b-1c59baa37e4b
2019-11-28 10:06:29 UTC,view,5867412,1487580008246412266,,,18.57,476577170,fe54dfe1-86f8-4dfa-b272-5c0cd842c5c9
2019-11-28 10:26:58 UTC,view,5838651,1897124478404526487,,,4.54,511086550,6830a8ea-17aa-44d1-a1f2-3db825c53fce
2019-11-28 10:32:01 UTC,remove_from_cart,5819083,1487580008288355308,,zeitun,4.76,459377142,b47d43ce-f53e-4f16-abdf-ddc711dfc663
2019-11-28 10:32:45 UTC,view,5822330,1487580005595612013,,,2.4,417412691,a83b5332-55ae-4c2f-8037-7ab1098654b6
2019-11-28 10:33:58 UTC,view,5884577,1487580006350586771,appliances.environment.vacuum,max,47.46,472102380,6870418b-3d37-4fcf-a2ca-dd92127df1d9
2019-11-28 10:36:08 UTC,remove_from_cart,5787927,1658462125284131265,,uskusi,4.29,578126337,f0ac4b00-3919-4980-952a-b26b65415eb2
2019-11-28 10:58:24 UTC,view,5716845,1487580013950664926,,beautix,26.19,525848002,e6fcf2b1-8892-451b-8e65-0a9c3f6e1bbb
2019-11-28 11:00:53 UTC,remove_from_cart,5773325,1487580005134238553,,runail,2.27,552908674,fc9a7690-ff8f-4fe5-8fbf-0512958ab670
2019-11-28 11:02:10 UTC,view,5829692,1487580013841613016,,concept,2.37,442005483,326f3355-00cb-41a3-9b16-95c7326d1772
2019-11-28 11:03:27 UTC,cart,5855332,2193074740552270669,,,4.44,578153500,bcd7738c-73d7-4f90-b9b4-1519680ea267
2019-11-28 11:08:46 UTC,remove_from_cart,5854819,1602943681873052386,,grattol,5.24,234398685,74f11b51-4bf0-415a-a173-2c436fdde14a
2019-11-28 11:18:35 UTC,view,5884061,2115334439910245200,,,3.11,552908674,fc9a7690-ff8f-4fe5-8fbf-0512958ab670
2019-11-28 11:19:07 UTC,view,5836204,1487580013539623112,,irisk,11.73,563098019,69796652-f4f8-48f6-94ba-1d4b48f4b706
2019-11-28 11:22:13 UTC,remove_from_cart,5852086,1924049106385240809,,,3.92,515361788,31fe3bff-999c-4604-8244-eb8c4925a288
2019-11-28 11:48:18 UTC,view,5814970,1487580005050352469,,haruyama,3.76,438857833,db79739d-9510-4e75-8dbc-52a7a3bd63d2
2019-11-28 12:26:01 UTC,remove_from_cart,5787895,1658462125284131265,,uskusi,3.37,516533034,acc733fd-a8bc-4d87-9634-840dc9ab4b8a
2019-11-28 12:35:52 UTC,view,5827356,1897124495995438074,,concept,4.43,574844254,c86a8a75-9c8b-4fda-a5dd-85be1f4f8b35
2019-11-28 12:38:37 UTC,remove_from_cart,5794153,1487580005671109489,,masura,1.6,559069603,2433676b-904d-4e1b-b18b-b0b50bfb4bbb
2019-11-28 12:38:58 UTC,view,5809910,1602943681873052386,,grattol,4.97,578163645,69670d94-6d34-41da-a07f-aa1242eb5fe2
2019-11-28 13:08:31 UTC,remove_from_cart,5812225,1487580005427839846,,irisk,2.4,452192805,5309b4a1-b80f-4546-9551-ec73de5b0f2b
2019-11-28 13:21:14 UTC,purchase,5815167,1487580005461394279,,bluesky,3.57,548476063,fbfb7a1b-f818-44db-b39a-4a48445b926a
2019-11-28 13:23:59 UTC,view,5856186,1487580006300255120,,runail,65.59,358910850,aa15380d-70bb-8538-b0f5-7740b1c960b2
2019-11-28 13:28:38 UTC,view,5873317,1487580008246412266,,likato,6.3,578223197,59e38f7e-0f31-45f0-b84b-2e672d180718
2019-11-28 14:21:34 UTC,cart,5893678,1487580005754995573,,,4.43,415804654,adb4b723-be07-474f-a411-f74e67a7a862
2019-11-28 14:23:43 UTC,purchase,5957,1487580009387261981,,runail,2.57,433339403,09b3737f-6585-4950-8116-3a44a2513905
2019-11-28 14:50:37 UTC,cart,5766377,1487580008246412266,,kaaral,10.41,556828565,ebb77d2b-52dc-463d-a336-cd51863ff37f
2019-11-28 15:04:44 UTC,view,5849992,1487580005595612013,,,2.84,468907816,5193da67-94bd-4172-86bc-503524625779
2019-11-28 15:18:43 UTC,remove_from_cart,5686278,1487580007432717250,,masura,1.52,542238816,b005b5e7-08a8-4a17-af5a-ef41288871f7
2019-11-28 15:27:45 UTC,purchase,5655060,1487580008145748965,,,1.32,578305872,978d6d58-3757-4a09-85bd-bbfc1c6c0357
2019-11-28 15:35:54 UTC,view,5891373,1487580013279576251,,art-visage,2.78,489103608,70c814b9-4bfb-4ec6-83ea-1d126f13e95b
2019-11-28 15:40:43 UTC,view,5875508,1487580005092295511,,,2.17,545610887,0de41df0-d4e5-4c1b-8ed5-5fff0a93fcd5
2019-11-28 15:48:37 UTC,view,5809880,1602943681873052386,,grattol,4.62,568577798,f1e016cd-59e8-462a-85cb-327a7dbed616
2019-11-28 16:02:20 UTC,remove_from_cart,5884237,1487580007675986893,,,1.62,566414478,431c573f-7b8a-4c07-9d05-aff3bee8ca10
2019-11-28 16:08:09 UTC,remove_from_cart,5813840,1487580006644188066,,,3.67,564747658,e999b18a-1e35-4849-a4f2-2bf4b01eeb8d
2019-11-28 16:09:54 UTC,purchase,5873660,1487580009445982239,,,4.37,476309087,b18f5159-9549-4a46-9cb4-8a0183fc440a
2019-11-28 16:16:03 UTC,view,5696306,1487580013581566154,,estel,5.13,476313895,4034293d-4dad-41c8-ade9-afbae669681c
2019-11-28 16:21:47 UTC,view,5881332,1487580005092295511,,beautix,14.92,308344330,665af575-620a-44d9-9878-458c22112edf
2019-11-28 16:42:59 UTC,remove_from_cart,5567922,1487580005595612013,,,2.84,578294832,4e51b532-f64a-4299-88da-0b3b2d8f2d97
2019-11-28 16:43:11 UTC,cart,5746388,1487580005671109489,,masura,3.43,477547775,a33d41b3-4dae-6674-c24b-dff10f9848ff
2019-11-28 16:45:42 UTC,cart,5823968,1487580009387261981,,,1.86,504889723,25fca9d7-db01-453f-9398-8f9078eff2a6
2019-11-28 16:51:40 UTC,remove_from_cart,5560962,1487580005595612013,,,2.7,531761569,9f27ea9a-ef75-4f37-b8f7-540b955b5175
2019-11-28 16:53:30 UTC,view,5832271,1783999064036081896,,,15.51,478582215,15b6dcc0-5e06-46c4-87f2-577aaf65e5c6
2019-11-28 16:54:27 UTC,cart,5587648,1487580008145748965,,roubloff,3.67,524707447,8c6b0943-3dca-42d8-b9fe-06f1ade759b7
2019-11-28 17:10:17 UTC,cart,5881774,2084144451428549153,,,1.94,568067933,1c0d06e4-f6a4-4f90-af30-f7a722e7b287
2019-11-28 17:22:01 UTC,cart,5835867,1487580010821714008,,,1.32,538820691,158100bd-ddd9-0e5d-6c51-d2b6cb426356
2019-11-28 17:23:20 UTC,remove_from_cart,5716844,1487580013950664926,,,10.32,515460595,d9d5b16e-e83c-4536-996c-ea84417655d9
2019-11-28 17:35:19 UTC,view,5771940,2151191071378375538,,,8.56,578368878,ca4b4d68-16bf-4c18-961f-23c28a1820a3
2019-11-28 17:46:36 UTC,view,5897982,1487580007675986893,,de.lux,1.43,572971719,fa3fa5c6-5112-44e5-89b2-8a273e61a472
2019-11-28 17:51:12 UTC,view,5826831,1487580006317032337,,,11.11,577432676,8b9fdec7-3b57-44fe-8311-50c666852d82
2019-11-28 17:53:15 UTC,cart,5816178,1602943681873052386,,grattol,5.08,389015211,7c113fef-479a-43e6-bf98-0e0615ec4db6
2019-11-28 18:22:23 UTC,cart,5676828,1487580008246412266,,,6.94,559561158,32c8fb47-dee4-4cf1-a61b-77ce6b1a2360
2019-11-28 18:30:07 UTC,view,5574996,1487580010628776014,,,2.29,557353093,d3fd0f80-8d1f-43d9-9374-2a3ba46a5662
2019-11-28 18:43:23 UTC,view,5850852,1597770225539875791,,coxir,17.62,568782174,85d51833-7b7c-4b16-8ea4-dea6320aa4c8
2019-11-28 18:53:02 UTC,cart,8098,1487580006350586771,appliances.environment.vacuum,,1.06,302430985,b003f165-1263-414e-99f2-12256b9c1116
2019-11-28 18:53:08 UTC,view,5899849,2115334439910245200,,,3.78,569854751,bfd1e5e9-f34b-49ef-ad69-222fa3bc7aeb
2019-11-28 19:05:29 UTC,remove_from_cart,5656125,1487580006509970331,,,0.67,547430123,cde99aca-f6d6-c3ef-743a-9082e56f6212
2019-11-28 19:22:02 UTC,view,5759381,1543705961326182546,,,4.22,577267104,f12202f7-32e8-4039-88d1-e0343a746b5e
2019-11-28 19:29:04 UTC,cart,5827356,1897124495995438074,,concept,4.43,496796927,9a9d0d72-0b15-4ff5-a0a3-7fc3b079cddf
2019-11-28 19:29:39 UTC,cart,5875350,2084144451428549153,,,1.98,578453676,01a1a81f-4eb7-4470-924e-c33ce8254902
2019-11-28 19:32:03 UTC,purchase,5812216,1487580005427839846,,irisk,2.4,404970435,a74d64ee-6900-ac68-7d17-4f2248a9aa18
2019-11-28 19:43:43 UTC,view,5896420,1487580006300255120,,jessnail,47.73,493172211,a95b925b-0029-4fcb-ba3b-8a870b79912d
2019-11-28 19:44:30 UTC,cart,5859221,1487580013388628160,,,1.25,577031941,ddd54f02-edb7-4791-9595-b657d1630075
2019-11-28 19:49:09 UTC,purchase,5854897,1487580009445982239,,irisk,0.3,547785233,ed348a27-dd5e-49ef-8fb6-dd9b56d7d04e
2019-11-28 20:03:51 UTC,remove_from_cart,5687838,1487580009622143014,,,0.19,558207022,a6c68e95-1d0e-49c0-ba40-6575bd743bc7
2019-11-28 20:19:16 UTC,view,5696184,1487580005134238553,,runail,2.02,489998179,693339c5-6c2a-446e-b8df-b2f83bd92d91
2019-11-28 20:21:55 UTC,remove_from_cart,4246,1487580005411062629,,cnd,14.9,577862496,b6be4fbc-2117-4d03-b9e7-c84d03f069ac
2019-11-28 20:27:07 UTC,view,5805102,1487580012096782476,,domix,2.86,577671769,65679602-a5fe-435c-b650-eaca90f730a3
2019-11-28 20:30:11 UTC,purchase,6501,1487580007877313495,,runail,1.32,575854562,87319239-93fb-4ba4-82f6-56effd342e32
2019-11-28 21:49:47 UTC,view,5681619,1487580005511725929,,,4.83,343149344,1697946a-e740-94ef-0c57-a0e28d5a1dfc
2019-11-28 22:13:32 UTC,view,5884254,1487580005268456287,,,8.11,426633837,ed518511-95f1-401d-9901-33710920d60d
2019-11-28 23:08:54 UTC,view,5814062,1487580007432717250,,grattol,4.29,516659458,085a9289-9803-437c-96bb-2f56f90e3fa6
2019-11-28 23:33:47 UTC,remove_from_cart,5819579,1487580009622143014,,,2.33,558231338,40091354-0ba5-4fbd-94d7-00af7cee0900
2019-11-28 23:58:17 UTC,view,5808980,1487580008028308447,,,21.7,578553902,b1eb2156-0bb1-4a2e-bf16-533950c02cad
2019-11-29 00:14:29 UTC,remove_from_cart,5834742,1487580004857414477,,lianail,6.02,559619392,8c847db8-c9f7-4c34-bf20-c8d65aa51e96
2019-11-29 00:48:43 UTC,view,5868293,2022516588854378951,,,10.71,449240547,287fd603-ae7c-d7ac-210a-1c54953dfd54
2019-11-29 01:57:45 UTC,view,5826995,1487580005671109489,,masura,1.67,578586997,f0dcc557-52bd-4726-a748-6733891d74a9
2019-11-29 03:44:06 UTC,remove_from_cart,5876017,1487580011677352062,,,17.78,452773913,ddc3b7ac-ccaf-4593-a73d-2d6d69a144e7
2019-11-29 04:54:54 UTC,view,5700843,1487580007936033754,,irisk,0.21,393994826,e6b5c9ef-506d-4857-880c-97f50e35c40f
2019-11-29 05:11:57 UTC,cart,5789668,1487580005595612013,,,2.49,576424835,b515c3d7-94bf-4e45-b311-7653f317325f
2019-11-29 05:36:53 UTC,view,5861102,1487580007659209676,,,0.27,525973201,32124480-d2a0-40e5-ab96-c140d8704e29
2019-11-29 05:40:57 UTC,cart,5875350,2084144451428549153,,,1.98,577045184,a8488fde-6793-4124-947a-df39dc8aefdb
2019-11-29 05:42:12 UTC,cart,5836528,1487580013522845895,,nagaraku,0.87,570416345,8a113b35-0a8e-4764-9638-4a1c4a303d20
2019-11-29 06:00:18 UTC,purchase,5875451,2084144451428549153,,,1.94,578688572,3c168b4d-debc-40f0-947d-97a49ccda67b
2019-11-29 06:14:40 UTC,cart,5908183,1487580007675986893,,,1.43,578711230,9a78980a-9fe8-470c-8423-6e670a7321dc
2019-11-29 06:30:25 UTC,remove_from_cart,5788520,1487580005671109489,,masura,1.67,500978391,43ad4797-f96d-48b2-b58e-d9792c917be5
2019-11-29 06:40:40 UTC,view,5751383,1487580005092295511,,uno,9.59,522980164,0998f814-71dc-46c3-b40f-41b1244cc70b
2019-11-29 07:23:47 UTC,view,5823935,1487580006350586771,appliances.environment.vacuum,polarus,50.03,578750337,926b8646-a784-4c85-bb1e-2a81168abffd
2019-11-29 07:43:07 UTC,view,5751219,1511892746070131099,,uno,8.43,578757997,c6ab24d6-7906-498a-9900-54d47a7adf46
2019-11-29 07:55:57 UTC,view,5860157,1487580011652186237,,,3.11,578751866,f9a4566f-46fc-4a44-a673-6d9348471d62
2019-11-29 07:57:53 UTC,cart,5695951,1487580007575323592,,,1.29,519889626,3cd449ea-761a-41dd-8037-f72fe8251f06
2019-11-29 08:55:57 UTC,cart,5754991,1487580005092295511,,,5.87,577267104,e9ffc95e-0609-f092-13e5-7572d1457bca
2019-11-29 09:04:04 UTC,view,5896509,1487580008313521133,,concept,4.63,578801900,ab526f54-ddcd-4ce3-908a-a6c07fa380b3
2019-11-29 09:09:26 UTC,view,5692888,1487580007910867929,,yoko,5.87,578209232,3db9f4e5-810c-42eb-ad85-ca6f54938735
2019-11-29 09:34:38 UTC,cart,5884070,2115334439910245200,,,3.11,536454521,b1d407f1-b3b2-49af-9308-805787ac9927
2019-11-29 09:57:03 UTC,view,5726236,1487580005268456287,,,5.16,578819274,ce710250-b991-4a36-b3db-ff273e0671ef
2019-11-29 10:18:03 UTC,view,5875430,2084144451428549153,,,1.94,500960797,a236a1f5-1e24-4fb5-838e-3a809433308e
2019-11-29 10:38:13 UTC,cart,5739116,1783999067156644376,,kapous,5.73,573607735,cf8ffdb4-06e9-448f-b8ff-1a0dd06cd425
2019-11-29 10:45:53 UTC,view,5862564,1487580008145748965,,roubloff,1.65,478977014,ddd28deb-2137-4bb4-8b76-d4c16a253874
2019-11-29 10:46:50 UTC,cart,5659834,1487580007717929935,,airnails,0.9,578852164,6cbcd0bb-6d36-4739-b56b-9a62332549b8
2019-11-29 10:48:01 UTC,view,5894116,1487580013229244601,,,30.67,578854333,81164f24-baa2-4f34-8402-41254917f109
2019-11-29 11:02:11 UTC,cart,5853711,1487580009286598681,,runail,1.9,563306919,d05c261e-34e0-4832-a83c-febc658d7652
2019-11-29 11:08:19 UTC,view,5808547,1487580008313521133,,kapous,3.52,557956487,120f5f4b-3199-4589-9047-c3eb75cc32ce
2019-11-29 11:15:03 UTC,purchase,5528034,1487580005553668971,,,9.05,303076174,8ac184c1-0e7a-44cb-8c8e-fbbf52117990
2019-11-29 11:17:15 UTC,view,5536916,1487580011283087468,,runail,1.25,567605406,bbfb23c1-e3fb-b9e9-fd76-a9db14363847
2019-11-29 11:28:52 UTC,view,5783987,1487580005268456287,,,4.13,451174102,13714221-e867-44d7-8426-610726eccb26
2019-11-29 11:32:46 UTC,view,5856186,1487580006300255120,,runail,65.59,226028618,965aec7f-87be-4070-a4ce-79a4948abcf5
2019-11-29 12:28:03 UTC,view,5818482,1487580007214613434,,,2.83,578850815,30967c91-5a78-44a5-a699-f2246dafdc06
2019-11-29 12:35:34 UTC,purchase,60000,1487580012994363565,,,5.11,430962202,d704dec5-7ba4-4220-b426-886cc4cd6d29
2019-11-29 12:37:29 UTC,cart,5853709,1487580009286598681,,runail,1.95,381380229,ce4dc905-478c-4c9c-99a3-ae170a5d70b8
2019-11-29 12:46:41 UTC,cart,5810157,1487580009445982239,,irisk,1.32,488358917,c1e912cb-e687-4d1b-b286-4a17b46e0f98
2019-11-29 12:53:27 UTC,remove_from_cart,5691026,1487580009387261981,,,2.71,469171116,7bcd930e-278d-4c75-bfa9-90fdbad5f1bb
2019-11-29 12:55:33 UTC,cart,5792800,1487580005268456287,,,9.59,384444812,3678c349-04b3-4413-8148-b2dae591dda4
2019-11-29 12:56:51 UTC,cart,5820774,1487580006317032337,,,4.43,578941386,c01caf89-5046-4716-ac85-5666e48a653c
2019-11-29 12:59:15 UTC,view,5699778,1487580004882580302,,,2.29,578941980,c87c717e-4800-4146-b3df-cdb0d5fb8c86
2019-11-29 13:11:28 UTC,view,5906165,1487580005268456287,,runail,5.49,464845223,80cde2eb-4da3-4b83-be98-d72765d6f467
2019-11-29 13:13:30 UTC,view,5844002,1487580010217734204,,,3.16,578955055,b15c7ace-3ef2-4b8b-a5ef-c77b10ce95a8
2019-11-29 13:25:52 UTC,cart,5753055,1487580009286598681,,,0.35,576957601,83e294b2-422f-4d16-8722-02eb7051db73
2019-11-29 13:37:03 UTC,remove_from_cart,5852648,1487580011283087468,,f.o.x,4.71,402902866,4182ae88-98d1-53e4-4f70-72e96b7960d4
2019-11-29 13:41:35 UTC,purchase,5304,1487580009471148064,,runail,0.3,550248260,bc08a48e-7945-4377-9253-2f79f7937efc
2019-11-29 13:49:35 UTC,view,5622080,1487580007306888126,,,3.7,470046937,a6dff13c-fa66-4981-984a-651f1542e8a4
2019-11-29 13:58:16 UTC,cart,5312,1487580009471148064,,runail,1.22,575392804,da771e93-47be-4e9a-8a67-165a96a8e1e4
2019-11-29 14:04:40 UTC,view,5622682,1487580006484804506,,severina,1.73,554844464,91159ff6-e1db-47aa-b840-cc1aec55412c
2019-11-29 14:16:10 UTC,cart,5830552,1487580005671109489,,masura,1.67,492009466,314e776d-bffc-4e76-bab7-95ca2f20db0f
2019-11-29 14:39:43 UTC,cart,5877770,1487580010100293687,,,2.71,365567430,83e134c7-72d8-49c6-a2d4-af47d6d2b562
2019-11-29 14:40:33 UTC,remove_from_cart,5819114,1487580007675986893,,bpw.style,0.67,523103101,a0e8a0a5-fa92-42bd-8f91-0523404c2292
2019-11-29 14:47:08 UTC,view,5687152,1487580010645553231,,,14.75,578980579,a15e05aa-cc8d-47ce-beea-e976c4de1ee4
2019-11-29 14:51:12 UTC,view,5699414,1487580006409307030,,airnails,11.9,538022131,8198cae6-1795-4c76-b553-9bb0ecda44ed
2019-11-29 15:29:27 UTC,view,5736504,1487580012902088873,,,18.57,579048670,43d7f3af-f1e2-46d5-8fdc-06547e6ad5b6
2019-11-29 15:40:19 UTC,cart,5801437,1487580008447738866,,cnd,9.7,578809053,92c6133f-3a59-527a-b64f-2fe4a2885244
2019-11-29 15:44:24 UTC,remove_from_cart,5899250,1487580013229244601,,,4.21,577309274,f32127c7-137e-4bcd-b0db-a5cfdaa0e0da
2019-11-29 15:56:37 UTC,remove_from_cart,5816170,1602943681873052386,,grattol,5.08,436641250,cdb6237a-90a3-4112-97e4-826c021120ec
2019-11-29 16:05:57 UTC,view,5864626,1487580007675986893,,bpw.style,1.08,352919225,742c4b97-7666-462d-8412-5a8d85113cc4
2019-11-29 16:12:33 UTC,view,5760789,1487580005134238553,,runail,2.48,562351833,77cd86fa-2028-41b6-a2e6-135cbd1caa44
2019-11-29 16:19:09 UTC,cart,5854897,1487580009445982239,,irisk,0.3,574934126,0f8cc8da-a094-4d36-8b72-802ff001b28a
2019-11-29 16:28:12 UTC,cart,5872978,1487580013489291461,,browxenna,9.43,435615943,983b7832-dfb8-45d8-9f4a-5e0bd7f94bae
2019-11-29 16:57:07 UTC,cart,5650138,1487580008246412266,,concept,7.0,552137502,8ae3f3fd-ac33-46fe-8e28-1a963722ee14
2019-11-29 17:02:43 UTC,remove_from_cart,5893840,1487580005671109489,,masura,1.73,514094384,3f77dfca-a894-553a-fa1e-5e925012a867
2019-11-29 17:03:06 UTC,cart,5866559,1891434214553813877,,,3.84,524540270,d2c52f00-0d7e-4c3c-9241-63e42637c00e
2019-11-29 17:07:27 UTC,remove_from_cart,5699074,1487580009311764506,,zinger,4.13,551908086,0499640b-3195-4488-aace-63e9ab7a16ab
2019-11-29 17:18:16 UTC,view,5847328,1982860244379763042,,,7.02,565373028,6001d5a7-8076-4d77-8d58-899b3c7a5d7f
2019-11-29 17:31:09 UTC,view,5907834,1487580007675986893,,,1.43,462510085,eb5660d1-0637-41e2-a9f1-9293b6834088
2019-11-29 17:41:47 UTC,view,5775876,1487580005427839846,,irisk,4.57,519431347,7a056a17-1aef-46ec-9754-9b09efe15b4c
2019-11-29 18:03:36 UTC,view,5904368,1487580007675986893,,,1.35,243849445,7e5e501b-a9d2-4595-b44d-dd3a2f0a17ee
2019-11-29 18:07:23 UTC,view,5823667,1487580008246412266,,kapous,4.6,578972047,1e6048a7-25e1-446a-96d8-fedc1a7ef532
2019-11-29 18:23:18 UTC,view,5809910,1602943681873052386,,grattol,4.97,494948794,86b75653-7964-409c-bcf1-12fc819eb180
2019-11-29 18:28:50 UTC,cart,5867181,1487580007910867929,,staleks,9.35,541211218,d396a650-a56a-47d3-bfa3-9b2451003db5
2019-11-29 18:44:43 UTC,cart,5747356,1487580010821714008,,,0.92,578790367,cbc5f87e-a1c7-5184-5a06-bab57e9c5cf9
2019-11-29 18:56:36 UTC,view,5359,1487580010100293687,,runail,2.68,579185392,31fed85e-0c75-4d21-a11a-4b0c1a99e5cc
2019-11-29 19:00:13 UTC,cart,5809871,1605161575889502297,,grattol,2.86,463774715,5f86e3fb-f1ca-4ffd-93ff-c491e592a140
2019-11-29 19:07:38 UTC,cart,5841799,1487580009471148064,,,0.13,506189053,cde6d1b9-9611-4301-a8f5-1cb260c31f12
2019-11-29 19:39:39 UTC,view,5896413,1487580009076883471,,jessnail,1.14,579206179,650edb52-4e52-4236-ab08-470ed48e4f01
2019-11-29 19:45:55 UTC,remove_from_cart,5886756,1487580006317032337,,,1.35,529239127,1abc5586-bc40-4c95-b1ff-f00dd63ea941
2019-11-29 19:54:47 UTC,remove_from_cart,5627738,1487580005713052531,,ingarden,8.49,577568986,0bd8e950-72d2-41d9-bae2-e08bf4e7dce4
2019-11-29 20:08:31 UTC,view,5871042,1487580005754995573,,,4.43,282223441,98678a9a-0575-420d-88fc-ca84ba0e28f0
2019-11-29 20:24:21 UTC,cart,5842141,1487580006317032337,,,1.43,568298212,7557fda5-e3c7-467b-880b-b2d7701313a5
2019-11-29 20:31:49 UTC,cart,5788122,1487580005754995573,,,4.0,520491788,388c1a60-d650-4e73-92aa-7096b748d510
2019-11-29 20:49:03 UTC,view,5798923,1487580007894090712,,staleks,15.86,578855314,39b113d7-9bc5-482b-be2f-dd84a67629cd
2019-11-29 20:50:24 UTC,purchase,5734267,1487580005050352469,,haruyama,3.37,237077278,e60467ef-e612-465f-b695-3929bc187ffd
2019-11-29 20:51:05 UTC,cart,5906121,1487580007675986893,,bpw.style,1.08,550523504,d74125f4-ab46-48d9-936f-828177f5259a
2019-11-29 22:28:32 UTC,remove_from_cart,5904330,1487580007675986893,,,1.35,579287268,96e9114b-f84d-4ee6-9ab1-baee57fa7b8d
2019-11-30 02:31:48 UTC,cart,5859336,1487580007675986893,,,1.57,490285449,d15e40c1-aa0b-4431-bd71-98592316bcfe
2019-11-30 03:43:29 UTC,remove_from_cart,5565100,1487580005595612013,,,2.78,468792562,3485c89d-d6f2-44bd-a8b3-eff7051cc1d2
2019-11-30 04:27:11 UTC,remove_from_cart,5770529,1487580005511725929,,,5.16,525644751,5c1049e1-0098-446e-adc4-37f6bfa9468b
2019-11-30 05:12:40 UTC,cart,5930,1487580006241534861,,runail,1.78,473827310,7e720581-4460-4f8e-8598-14d5fa670a7f
2019-11-30 05:52:17 UTC,cart,5757451,1783999067156644376,,matrix,22.6,569372245,cd7a4cbd-1ce6-48e5-b2e1-6fdbe4d604d1
2019-11-30 05:56:23 UTC,cart,5826629,1487580009286598681,,,0.51,565717811,ce79a023-4bb0-4f93-9dec-3901271c4fee
2019-11-30 06:12:33 UTC,remove_from_cart,5745261,1487580009445982239,,,1.05,405440310,b7136641-9bc4-42be-a76c-0d8e14cd2cb2
2019-11-30 06:19:54 UTC,view,5884283,1487580013413793985,,,3.1,512627625,0a375d0e-0190-4297-82cb-3e0dc6751da6
2019-11-30 06:28:25 UTC,purchase,5854897,1487580009445982239,,irisk,0.3,333053044,71056fc7-331d-4e88-8142-112b05f91da5
2019-11-30 06:38:01 UTC,purchase,5736333,1487580005050352469,,haruyama,3.76,418755363,ab91c62b-7354-455e-848f-8af5005190c8
2019-11-30 07:23:48 UTC,view,5814520,1487580005092295511,,runail,4.22,579487599,32b5d8b2-f77a-43ba-9794-8c047d0e4164
2019-11-30 07:31:24 UTC,view,5809910,1602943681873052386,,grattol,4.97,551843858,19ebf0a2-89a9-4f4b-8d56-50856547c535
2019-11-30 07:37:27 UTC,view,5869155,1783999064136745198,,cosmoprofi,3.57,579493315,caa46e08-3b70-4195-9f16-1d5485fe6c28
2019-11-30 07:47:15 UTC,remove_from_cart,5655328,1487580007457883075,,,5.14,516716310,fdb6439b-4230-44f4-8cc8-f2a968f9b3ac
2019-11-30 08:10:29 UTC,cart,5865807,1487580007634043851,,,0.76,566671777,8226bee5-faa3-443c-9274-25f2fe99f047
2019-11-30 08:47:51 UTC,view,5755171,1487580009387261981,,,2.22,579524765,7963ea60-070b-4ca6-9d00-e947de8ab381
2019-11-30 09:00:00 UTC,cart,5857325,1487580005134238553,,runail,2.43,506476459,3e9da723-efdc-4f41-9f57-99b486218124
2019-11-30 09:06:21 UTC,cart,5887575,1487580005595612013,,,2.84,475132001,be689dd6-81cb-4fe5-84ed-43274d049c35
2019-11-30 09:15:52 UTC,view,5809911,1602943681873052386,,grattol,4.71,461897874,dfbd3ea8-5f4e-492a-8d36-6db54646791b
2019-11-30 09:48:50 UTC,view,5689471,1487580007852147670,,staleks,11.86,579555797,3159a3ae-2782-45dd-8580-b772e296b7c1
2019-11-30 10:12:40 UTC,view,4607,1487580010796548183,,runail,0.35,559751624,8704de5f-6aa3-424b-17d5-41997a7fa256
2019-11-30 10:28:56 UTC,cart,5847577,1487580009202712597,,italwax,6.14,579563164,e1d97590-ff7a-469d-9e7b-bab3c3a1ca57
2019-11-30 10:39:22 UTC,view,5856186,1487580006300255120,,runail,65.59,529346778,7635f8a1-f964-491b-8c07-2f13a2d265ea
2019-11-30 10:45:29 UTC,cart,4609,1487580010796548183,,runail,0.33,445976988,d4a8cb57-b882-41c3-bcfa-f413aead53a7
2019-11-30 11:02:30 UTC,view,5674484,1487580009026551821,,runail,14.14,579580448,612dab3a-525a-4c4b-8f39-a6e6468fff01
2019-11-30 11:08:16 UTC,view,5900642,1487580005713052531,,ingarden,4.0,579179073,e695435e-f895-475c-ac49-89c830fe567d
2019-11-30 11:24:07 UTC,view,5772165,1487580005092295511,,grattol,5.63,574031155,8e66fff9-88b8-4b9b-9ef0-2b95015a6e31
2019-11-30 12:13:44 UTC,view,5758043,1487580004882580302,,,2.43,362123526,8172c9e4-c833-44f6-90b1-4a94df090b62
2019-11-30 12:14:32 UTC,view,15176,1487580008447738866,,cnd,9.7,579621432,b1aa76c8-1e06-42de-afc5-abf45d28775a
2019-11-30 12:21:01 UTC,view,5754990,1487580005092295511,,,4.29,388424567,8e13b06f-f90c-4eac-ac9f-c7ce6a23306f
2019-11-30 12:30:42 UTC,cart,5627738,1487580005713052531,,ingarden,8.49,579632827,4284bc8c-965d-403c-904e-d81fb51d7cf3
2019-11-30 12:40:46 UTC,cart,5890130,1487580013279576251,,,4.02,539300706,1696b67c-57aa-4a42-ba24-44723d1bf39b
2019-11-30 12:51:14 UTC,view,5761038,2195085255034011676,,beautix,6.03,579291847,812ebab2-68a4-4e3a-51b5-f60e23e5ccb0
2019-11-30 12:53:18 UTC,view,5809910,1602943681873052386,,grattol,4.97,545961425,701b73ce-4961-48c6-bb06-32be4152a7d2
2019-11-30 12:59:32 UTC,purchase,5706782,1487580005092295511,,runail,4.22,412920907,f2afd8b1-ddee-4a78-b8a4-37a7231d0c38
2019-11-30 13:54:19 UTC,view,5814047,1487580005092295511,,grattol,5.83,492321842,7f18e0b0-12f7-4e92-8d48-b47d903d1e7f
2019-11-30 14:08:42 UTC,view,5875430,2084144451428549153,,,1.94,251770621,7190b27e-b222-4014-b172-e0c23e6c6379
2019-11-30 14:47:14 UTC,cart,5877490,1487580007675986893,,freedecor,2.14,423215482,f91fd191-96eb-4540-bb8d-5d1328059da8
2019-11-30 14:49:05 UTC,cart,5799054,1487580008313521133,,,3.78,538536440,69e83fbd-c7c5-40d9-a580-cd342d4e4148
2019-11-30 15:02:59 UTC,purchase,5849033,1487580005092295511,,uno,9.29,579715590,c3209e68-4e30-4c64-b266-cbb5c2cc608f
2019-11-30 15:23:16 UTC,remove_from_cart,5816177,1602943681873052386,,grattol,4.97,50764735,85427d90-596c-4fa4-bc55-0885a1b81008
2019-11-30 15:27:52 UTC,remove_from_cart,5848115,1487580013489291461,,,3.98,576395115,032a0f2e-bb50-4db3-b4fd-99ad5c8bd345
2019-11-30 15:44:00 UTC,view,5586142,1958278551207674674,,inm,6.46,579732867,70ebfa70-184d-4678-8aa5-397880339e80
2019-11-30 16:09:24 UTC,view,5793266,1487580009118826513,,,14.92,292033337,025fa5b6-e3c2-4d49-abe6-e9e6ca04faf8
2019-11-30 16:12:29 UTC,remove_from_cart,5651967,1487580005595612013,,,1.98,573872024,72166774-f685-48ce-b803-053be26a167f
2019-11-30 16:18:01 UTC,view,5823778,1487580013749338323,,estel,2.25,576544360,7511390f-b02c-4b21-8232-5cfa778a8808
2019-11-30 16:28:31 UTC,cart,5823968,1487580009387261981,,,1.86,574796812,b84a50fe-4672-4173-8a95-b14714065b42
2019-11-30 16:36:21 UTC,remove_from_cart,5843081,1487580007256556476,,,2.78,445749451,6694c1a8-76b4-4ed1-936a-e787bc177faa
2019-11-30 16:37:18 UTC,view,5695527,1487580005595612013,,,3.0,544461907,d71d5762-75ed-4edc-9968-5bccf96c1952
2019-11-30 17:17:15 UTC,view,5657301,1487580011517968503,,bodyton,14.76,579775472,50054443-965d-452e-8818-1602f87cd565
2019-11-30 17:33:35 UTC,cart,5749149,1487580007592100809,,,0.22,579803978,a9ccd441-c92c-4452-91fa-82428e026836
2019-11-30 17:38:39 UTC,cart,5723495,1487580005134238553,,runail,2.27,512012713,531d61ba-62a9-4e4e-98b9-175d8db8f534
2019-11-30 17:42:37 UTC,remove_from_cart,5023,1487580007952810971,,runail,4.75,579394614,3f5e40d5-483b-408f-bd21-0367e3488c8c
2019-11-30 17:51:19 UTC,cart,5801773,1487580005671109489,,masura,1.63,461021060,531d45a9-01e7-4d16-a21d-78ce3ec91375
2019-11-30 18:00:12 UTC,remove_from_cart,5736426,1487580012994363565,,,6.35,511587395,9da1aa6a-39dd-4fd8-be4a-617e47dc858a
2019-11-30 18:01:57 UTC,remove_from_cart,5855559,1487580008288355308,,,3.98,579687312,4c46ea15-bc48-4665-a9f4-ca4d6ad98d5d
2019-11-30 18:14:10 UTC,view,5649238,1487580005511725929,,,4.05,532926363,3600abdb-bb25-464a-95c2-93f9faf5e515
2019-11-30 18:15:12 UTC,purchase,5687146,1487580009445982239,,,0.49,579563545,ca20d492-8bca-48d9-a54a-4e14bc4d8d54
2019-11-30 18:16:28 UTC,remove_from_cart,5861282,1487580005092295511,,lovely,10.62,578508676,627f3781-cd15-413d-9564-5ae7dff55294
2019-11-30 18:34:38 UTC,cart,5788143,1487580005754995573,,,6.03,444648318,5405a48c-c450-4176-9822-7c032fef851f
2019-11-30 18:53:31 UTC,view,5885846,1487580007910867929,,,4.71,579837845,22ce50e1-df4a-43ad-b207-dfaa1df5e62b
2019-11-30 19:06:46 UTC,view,5751383,1487580005092295511,,uno,9.59,574325947,53c94187-8f60-4c8d-a324-79fb0cd079f7
2019-11-30 19:09:46 UTC,view,5810083,1487580006350586771,appliances.environment.vacuum,irisk,23.37,514750767,7af496e5-2d2d-4bb6-b303-25723cb2d59b
2019-11-30 19:27:41 UTC,cart,5786936,1658462125284131265,,uskusi,3.37,579814565,b21f8477-b717-4955-b8dc-611f1391eeb5
2019-11-30 19:46:48 UTC,cart,5570736,1487580005268456287,,,5.57,438304489,1ab50330-54d0-4df5-83a6-f6dc30a6de9e
2019-11-30 19:52:47 UTC,view,5907856,1487580007675986893,,,1.43,527021202,72a2ecc4-f56e-45c0-ada7-06da7c83d705
2019-11-30 19:55:44 UTC,remove_from_cart,5854161,2013754353822728372,,jessnail,2.79,579051906,f84253dc-6e5e-4781-989d-665332144168
2019-11-30 20:07:26 UTC,cart,5739470,1487580008246412266,,kapous,4.38,494067918,66a91641-f38c-4906-955a-8581ae9c29e1
2019-11-30 20:14:31 UTC,view,5823449,1487580004916134735,,,4.54,579179073,d4e272d8-2181-4465-ac9f-4ce5acf7e8fd
2019-11-30 20:22:52 UTC,remove_from_cart,5809912,1602943681873052386,,grattol,4.97,579874804,ae0421b7-2098-4ac8-bc5c-4d22fddc60f2
2019-11-30 20:36:46 UTC,cart,5883102,1487580005713052531,,ingarden,4.0,568268149,223fb71e-6f15-47d5-a1d3-7ff2af4d2ec4
2019-11-30 20:41:41 UTC,view,5807855,1487580010645553231,,irisk,5.52,548144997,4008e9cf-c94e-4e1e-b366-68c343a4a245
2019-11-30 20:53:40 UTC,purchase,5731697,1495705810704007729,,,1.43,462298557,57bd5257-f82b-4333-af00-6e0b0849daa9
2019-11-30 21:05:21 UTC,remove_from_cart,5832037,1487580008313521133,,pole,5.1,268974125,ff07a5e0-7084-4b01-bec1-3f7da4bfdac4
2019-11-30 21:07:19 UTC,view,5838962,1487580011283087468,,lovely,7.54,578343652,14ff30ed-391d-4930-805c-8e467a69e06b
2019-11-30 21:31:35 UTC,remove_from_cart,5867073,1487580007634043851,,de.lux,1.22,577877361,e969bed0-9600-4940-8226-d69d0d84c5c3
2019-11-30 21:40:12 UTC,cart,5695489,1487580013581566154,,estel,2.6,465010210,9c421277-6ca1-4e9f-a38c-f17ae588396b
2019-11-30 21:51:49 UTC,cart,6627,1487580009445982239,,runail,0.37,568963281,eac28042-5632-447e-8b98-59dc91ee959c
2019-11-30 21:56:58 UTC,remove_from_cart,5788532,1487580005671109489,,masura,1.6,572630347,501202bc-b7d4-4639-947b-27f4e2c81599
2019-11-30 22:42:15 UTC,view,5763379,2141560642253881670,,,4.6,579947955,95de941b-8bab-44a3-813c-d668180d8ebe
2019-11-30 23:00:41 UTC,purchase,5885863,1487580007852147670,,,3.81,444691153,80c8083f-ee48-4344-8664-e361c86a015a
2019-11-30 23:18:04 UTC,view,5750301,1487580005713052531,,ingarden,15.71,446069299,a67f8383-4c6d-4530-9a8b-f59dfd0e488b
