event_time,event_type,product_id,category_id,category_code,brand,price,user_id,user_session
2019-12-01 02:31:10 UTC,view,5847863,1487580006317032337,,,9.52,536575089,3ebaf98a-0bca-4840-86c7-458d732c5e83
2019-12-01 06:55:36 UTC,remove_from_cart,5823260,1487580008087028706,,,3.0,549070279,c60e6dea-0666-458f-848c-a2519e522cf5
2019-12-01 07:07:36 UTC,remove_from_cart,5788102,1487580013522845895,,irisk,2.7,510995425,039cc60a-dd94-4a99-b23a-0e01b8f855d2
2019-12-01 07:30:42 UTC,view,5881664,1487580013522845895,,lovely,1.83,480821669,ab6f02dd-6a40-41c1-8318-11df4ed1af92
2019-12-01 07:59:13 UTC,remove_from_cart,5792800,1487580005268456287,,,10.32,404214756,42338715-2456-4379-8007-58feb9eaad52
2019-12-01 08:14:26 UTC,cart,5853711,1487580009286598681,,runail,2.06,564658360,6299f6b8-7398-42a2-93ff-7e9f7afca4f6
2019-12-01 08:26:29 UTC,view,5900651,1487580013950664926,,,19.52,562883565,000437d0-dacd-4b8b-bad7-8f25f6ce8230
2019-12-01 08:28:21 UTC,view,37457,1487580008984608779,,runail,9.44,578722902,bb2d7404-25d3-48cb-a33d-43ca60b27ab9
2019-12-01 09:23:04 UTC,purchase,5731394,1487580004916134735,,,6.35,442763940,498d868d-22ba-b856-38d2-60f051848935
2019-12-01 09:40:02 UTC,view,5816884,1487580013841613016,,kaaral,8.67,553777302,f2c321fe-bb61-4994-8cb8-95026aac1b02
2019-12-01 09:43:16 UTC,cart,4497,2195085258272014535,,runail,3.11,289267186,ad7809bc-f069-4180-a928-07e339850df7
2019-12-01 09:52:15 UTC,remove_from_cart,5687155,1487580010645553231,,,5.89,315654119,2f0e70b8-5c48-4d6d-997a-10a45eaf94e3
2019-12-01 09:57:32 UTC,view,5809910,1602943681873052386,,grattol,5.24,448793794,c9da3963-934b-4596-9930-f30813b30cd3
2019-12-01 10:18:44 UTC,remove_from_cart,5816170,1602943681873052386,,grattol,5.08,527732676,6cc67a6b-ce2b-4618-a53f-0aa4888f8d18
2019-12-01 10:34:44 UTC,cart,5847434,1487580005754995573,,,4.44,487506891,5cb0005a-fe21-42db-91af-2a16cae527a7
2019-12-01 11:03:36 UTC,cart,5881465,1487580013506068678,,lovely,10.79,570221770,d1d8cc4f-9e50-40b8-89cb-481d056c7d23
2019-12-01 11:25:40 UTC,view,5674738,1487580005595612013,,,3.0,490855178,babf69d6-e603-4b13-a33e-29c466e7a2ac
2019-12-01 11:30:00 UTC,remove_from_cart,5764747,1487580004916134735,,,6.35,521985163,87feda2e-3dbe-4bc3-8e6c-1bad56e0ac5c
2019-12-01 11:40:19 UTC,cart,5735269,1487580005268456287,,haruyama,3.97,556695042,cfc6d509-ac5e-4e09-a09a-48be94d85eae
2019-12-01 11:44:06 UTC,cart,5832447,1487580007675986893,,de.lux,1.59,580171948,44c83366-b92e-41aa-a846-d18865a337ec
2019-12-01 11:46:28 UTC,view,5870011,1487580008246412266,,levrana,5.56,476577170,70106695-a339-4740-b3e5-7f726b14e5c6
2019-12-01 11:49:57 UTC,view,5879286,1487580008800059394,,masura,9.51,580225226,f575ab7c-f76a-40f1-8021-2684f91a8a27
2019-12-01 12:03:50 UTC,view,5861310,1487580008145748965,,,3.02,418343737,8a510feb-0860-4a41-a8d5-a85fc26129a1
2019-12-01 12:10:05 UTC,view,5908246,1487580007675986893,,,0.0,527021202,eba120a0-10cc-451b-b2aa-7f3880c360d6
2019-12-01 12:14:51 UTC,cart,5903985,1487580007675986893,,,1.59,576788467,0616037e-0f48-43b4-9ac9-93e889c9cf3d
2019-12-01 13:07:07 UTC,remove_from_cart,5784574,1658462125284131265,,uskusi,3.97,435289288,6017155a-8eea-45e9-a85c-cc928a1c329b
2019-12-01 13:22:33 UTC,cart,5608703,1487580005553668971,,,9.52,578901643,62b37458-787f-44f9-bf19-49e2f276034f
2019-12-01 13:33:40 UTC,cart,5650293,1487580007835370453,,metzger,4.29,580061356,25bde5ea-d57b-4e96-aa24-9a12b07102ad
2019-12-01 14:06:21 UTC,cart,5526,2196456817641391019,,ingarden,5.24,554880049,dc3d8d84-6694-42ec-b259-f3a4f58b994e
2019-12-01 14:18:58 UTC,view,5862710,1487580008263189483,,keune,47.0,580289337,95f687f2-32ea-4ea2-925f-cdcb5b4a556a
2019-12-01 15:23:46 UTC,view,5862943,1487580007675986893,,freedecor,0.79,539357478,c766fb18-17d3-441d-b0f2-074f99aa3c28
2019-12-01 15:25:01 UTC,remove_from_cart,5744132,2193074740552270669,,,6.48,410136435,38da7ea4-5ff5-46aa-aaa2-06e4ecfbc91f
2019-12-01 15:26:26 UTC,cart,5773361,1487580005134238553,,runail,2.62,478760531,1cb25b36-36a8-4843-df90-cdb398014b3b
2019-12-01 15:27:16 UTC,purchase,5660114,1487580007717929935,,airnails,0.95,565568570,e9084a41-e2cf-c0ab-f20d-453d644d10da
2019-12-01 15:38:32 UTC,remove_from_cart,5836837,1487580011996119176,,pnb,6.67,579687312,3bbacaf5-716d-43f0-a2b7-34f146c49a80
2019-12-01 15:38:45 UTC,view,5900651,1487580013950664926,,,19.52,410215576,779a3c08-b8a5-436d-aad7-fb67d2eb6134
2019-12-01 15:52:18 UTC,purchase,5865600,1487580006551913373,,,6.35,540989194,a08ac993-0377-4d23-865f-a40efde13750
2019-12-01 15:57:55 UTC,view,5866135,1487580008263189483,,s.care,103.17,580357877,cab20096-b9c6-406e-a27d-1aed75bed778
2019-12-01 16:31:45 UTC,cart,5854905,1487580009387261981,,irisk,2.86,575632929,b8a87519-ef88-4b0e-988b-085e73b77b67
2019-12-01 16:39:19 UTC,view,5809912,1602943681873052386,,grattol,5.24,535153168,13dcd2c3-122d-4772-be82-50a1a8798c8a
2019-12-01 16:41:05 UTC,view,35735,2151191071051219817,,,9.37,580380877,b2edde2d-5c45-4e14-8dce-c2966ff12ed2
2019-12-01 17:09:00 UTC,cart,5838938,1487580005713052531,,ingarden,4.44,575600172,7e8cb8d3-43cb-4fc2-b3ee-e1681ec3d585
2019-12-01 17:14:50 UTC,view,5887963,2130081478220972046,,,8.87,555055525,9761c72e-2852-4763-a3a7-1dfc1a203ee9
2019-12-01 17:18:45 UTC,cart,5906222,1487580013749338323,,,2.86,559604923,481f3899-077e-40e6-af9d-9845adad6a72
2019-12-01 17:51:18 UTC,cart,5883101,1487580005713052531,,ingarden,4.44,454451351,b8aef1f2-5536-4c03-a427-de2e40cbc344
2019-12-01 18:02:03 UTC,remove_from_cart,5790689,1487580009445982239,,nitrimax,3.97,560934346,f4d9ccb0-b895-4ded-84e5-5b9ecbc2a9e4
2019-12-01 18:12:07 UTC,purchase,5563766,1487580005595612013,,,3.0,575600172,7e8cb8d3-43cb-4fc2-b3ee-e1681ec3d585
2019-12-01 18:27:45 UTC,cart,5809287,1487580007675986893,,bpw.style,0.79,567831198,c5ce4b1b-cc0c-4fd3-915a-73f6fe3e69b0
2019-12-01 18:30:13 UTC,view,5819894,1783999067156644376,,kapous,4.92,567940774,11eeb2f5-1d15-4275-aec3-78a2b3c96678
2019-12-01 18:33:07 UTC,cart,5649270,1487580013749338323,,concept,6.19,580439432,d7c6eda7-f701-44fe-8e5a-8a88d5ed83cf
2019-12-01 18:45:35 UTC,view,3928,1487580005411062629,,cnd,16.03,545585555,67a631a5-c5a8-4eff-af98-d6622571d4f4
2019-12-01 18:49:32 UTC,cart,5763379,2141560642253881670,,,4.6,565151263,6e981661-91fe-473a-ae8f-6af9bd611c36
2019-12-01 19:14:23 UTC,remove_from_cart,5854906,1487580009471148064,,irisk,0.14,453092157,6cc1b7f2-2507-4164-820e-a631ededc06f
2019-12-01 19:22:48 UTC,remove_from_cart,5836509,2151191071051219817,,nagaraku,4.76,561457388,0f01acc3-ce1b-4cca-9175-7ffc80d537af
2019-12-01 19:22:58 UTC,remove_from_cart,5686278,1487580007432717250,,masura,1.52,579482964,d9649202-fdb7-4e13-92b1-9edae95f1ee3
2019-12-01 19:31:14 UTC,view,5899845,2115334439910245200,,,4.02,370385858,01f13af6-1f1d-44b5-a41c-634164d10fe4
2019-12-01 19:37:35 UTC,cart,5789896,1487580006132482952,,runail,0.06,573060822,05e1b5bf-1fa2-4b05-8376-e2e1f312961d
2019-12-01 20:13:56 UTC,cart,5854109,1487580008774893569,,,1.9,509092218,4cb63072-2b5d-4faf-886a-3f7bfe613b4a
2019-12-01 20:23:23 UTC,view,5879280,1891434214553813877,,masura,3.95,580502502,a17b7b46-134f-401f-a2e9-816d1bc7a12e
2019-12-01 20:31:50 UTC,view,5740018,1487580005092295511,,irisk,3.02,564323739,2aafb336-99eb-4bd2-9d3b-8e1397028f6e
2019-12-01 20:39:47 UTC,cart,4229,1487580005411062629,,cnd,29.05,580494749,52491796-9ab3-4724-9278-5ec8b2410ebb
2019-12-01 21:12:52 UTC,view,5859407,1487580005671109489,,masura,2.37,576673513,e9abedd3-40dc-4036-b1fd-fb8cb563cb2a
2019-12-01 21:25:28 UTC,cart,5822360,1487580005595612013,,,3.0,575709540,4b8377a1-cb36-43f9-8551-f27f2a1214a9
2019-12-01 21:29:38 UTC,view,5873648,2029082628195353599,,,2.38,496759346,e5b1e336-2694-4b26-9b6b-ae54f30fa103
2019-12-01 21:40:34 UTC,cart,5847366,1982860263572898112,,estel,4.29,580524254,1765ac3d-282a-46d2-9f82-94012b5aa4a2
2019-12-01 21:46:45 UTC,remove_from_cart,5766746,1487580009445982239,,irisk,3.49,389074219,e434a7ff-4ff7-4ad3-a4f7-ae11bf1bf4bd
2019-12-01 21:59:38 UTC,cart,5714059,1487580004832248652,,beautix,9.37,382419614,8ebad08c-bf7b-4889-a869-bc117360a46a
2019-12-01 22:14:12 UTC,view,5893068,1487580005134238553,,runail,3.97,580234399,94e9a342-af56-449b-879d-39ded73c9e9e
2019-12-02 01:53:59 UTC,view,5834927,1487580005511725929,,,5.56,563130011,f1f4adb4-583a-4eb5-99a6-676916f8a062
2019-12-02 03:20:46 UTC,view,5692916,1487580005092295511,,lianail,6.33,346983743,da9a8146-9fe9-40d8-95d1-16df94f40f7c
2019-12-02 03:26:52 UTC,view,5826657,1487580006350586771,appliances.environment.vacuum,,29.71,302844641,9d24585c-e6e6-4c7a-87d4-f159bc315406
2019-12-02 03:59:07 UTC,remove_from_cart,5759492,1487580013011140782,,italwax,2.37,475372718,04068d82-45a0-4425-b375-4257f4e5f693
2019-12-02 05:10:24 UTC,remove_from_cart,5689318,1487580007852147670,,staleks,16.67,387741625,c071d4fe-df6a-40f4-af93-b4d8473ff02b
2019-12-02 05:44:50 UTC,purchase,5909810,1487580013950664926,,,18.73,428070653,ffc2ef4d-25b4-4f91-9649-6b06a32cd1c9
2019-12-02 06:32:06 UTC,view,5899852,2115334439910245200,,,4.46,580673852,fbec1336-9f28-44b7-848f-174670c20514
2019-12-02 07:28:57 UTC,view,8200,1487580010100293687,,,3.0,573440658,581c6303-46cd-4166-9072-7635b323e849
2019-12-02 07:39:04 UTC,remove_from_cart,5412,1487580009076883471,,runail,2.38,580697212,dbf84293-41d0-427a-9900-f601f30fe1fb
2019-12-02 07:39:51 UTC,view,5771614,2193074740619379535,furniture.living_room.cabinet,kosmekka,105.56,413330876,ee05a033-83dd-4c4f-8ffd-fe66def82dfb
2019-12-02 08:03:23 UTC,view,5814533,1783999063314661546,,runail,6.27,358025391,2faf02af-6bef-4d60-8fc2-b5edfe4a3d3b
2019-12-02 08:13:25 UTC,view,5859083,1891434214553813877,,pnb,4.51,441253204,d36f526c-4a56-48a0-ac8e-cb1c91b7c948
2019-12-02 08:20:21 UTC,purchase,5696900,2195085255034011676,,severina,6.35,407365501,9355d527-5d31-47ea-9aec-a94282454356
2019-12-02 08:33:57 UTC,view,5850355,1783999072332415142,,bioaqua,6.19,580725667,1d52f48d-4a29-404a-9664-649952e9a3c6
2019-12-02 08:51:06 UTC,cart,5685688,1487580009286598681,,,0.32,522787245,bb8d3927-cf9d-4a43-a6c9-b54f7b0597f9
2019-12-02 09:13:32 UTC,cart,5667107,1487580006317032337,,,3.81,554852416,4dd056b2-f802-4a72-9fe5-a1172a4d8e5e
2019-12-02 09:25:08 UTC,view,5848097,1487580013145358517,,,4.21,509412799,191e665d-6e3e-4fdd-90fb-cc9176ccbb4f
2019-12-02 09:48:23 UTC,view,5610854,1487580009471148064,,runail,0.87,508511696,109ab96f-1bac-425c-9af6-02b4d3f9f82f
2019-12-02 09:48:33 UTC,view,5751383,1487580005092295511,,uno,10.32,393425073,c039d34e-0250-4680-ac34-ec2d180b5c58
2019-12-02 10:26:57 UTC,view,5737391,1487580008347075566,,sophin,6.51,563929392,1498e583-8141-40c4-9025-8fb1bbac662c
2019-12-02 11:17:11 UTC,view,5652771,1487580013950664926,,,13.49,545881777,cf4ccda0-e4c9-4dd3-8cd7-115a1f30c16a
2019-12-02 11:19:01 UTC,view,5709119,1487580007575323592,,,1.43,510669236,5d9836f3-9960-426e-8fa8-84ec9f45d97d
2019-12-02 11:22:52 UTC,cart,5908264,1487580007675986893,,,0.0,570226572,1d773d05-7dbc-489b-15ba-34bac7b6404b
2019-12-02 11:33:30 UTC,view,5830541,1487580005671109489,,masura,1.73,450415437,83a67b57-1f89-4673-9b4d-e377957e9912
2019-12-02 11:38:56 UTC,view,5734499,1487580005050352469,,haruyama,3.97,537106229,a8be035f-1d1d-4765-96c9-4cfbae6162de
2019-12-02 11:54:19 UTC,cart,5809911,1602943681873052386,,grattol,5.24,550878238,f277b575-1de6-4f72-9127-5787924f4861
2019-12-02 12:03:37 UTC,view,5813466,1487580006300255120,,,86.51,486680988,3359a20c-3e82-4cf5-867c-ff307d79ca49
2019-12-02 12:07:47 UTC,view,5904828,1487580007835370453,,,52.38,408983488,85bde518-7d48-4909-b012-5181abadecbe
2019-12-02 12:10:47 UTC,view,5809910,1602943681873052386,,grattol,5.24,347284884,a594f64c-74eb-4fc7-8a44-2ab06ed844de
2019-12-02 12:21:47 UTC,remove_from_cart,5822345,1487580005595612013,,,3.0,487098902,e49b0805-2c70-4005-ad43-9cd5c2f421ee
2019-12-02 12:27:41 UTC,cart,5651974,1487580012902088873,,,18.25,424168491,3bd27a4e-21d3-4dc0-9961-b21e90958bae
2019-12-02 13:21:15 UTC,view,5904289,1487580007675986893,,,1.59,527021202,bb8c3e4b-a11e-4c4a-ac71-b245f99b1bd8
2019-12-02 13:48:40 UTC,view,5876739,1487580012642042013,,,5.48,322348968,5d54b89d-8c94-4e9c-8210-3afb556ea4a3
2019-12-02 13:57:34 UTC,view,5700491,1487580007634043851,,,0.43,567151809,1cd896a6-91a3-4e8f-a807-c5c88661888c
2019-12-02 14:10:45 UTC,view,5839686,1487580005671109489,,masura,3.95,235663559,2f14f232-4f37-41ba-9e52-f27567774782
2019-12-02 14:12:31 UTC,remove_from_cart,5732018,1487580007281722301,,domix,2.52,574575918,0f2d9b4c-dd77-4465-a469-205c105cc5e1
2019-12-02 14:39:34 UTC,view,5820777,1487580006317032337,,,3.97,530221441,94d815cd-4889-484e-a097-ec4bc6a945ae
2019-12-02 14:40:08 UTC,view,5906108,1487580007675986893,,bpw.style,1.27,511462003,ec87a942-f92c-4057-87eb-0e759b4c990c
2019-12-02 14:41:28 UTC,cart,5903776,1487580007675986893,,,1.59,574850614,5ade32e4-2799-4ebf-a535-1d54e959ecec
2019-12-02 15:04:15 UTC,remove_from_cart,5839638,1487580005671109489,,masura,2.37,440670129,b7beed6c-d373-4ef8-95a0-514a2bd7beb6
2019-12-02 15:09:38 UTC,view,5873655,1487580006300255120,,strong,180.95,570478498,3f88e3ff-85c8-4a1b-99e9-e5bb319521aa
2019-12-02 15:27:39 UTC,cart,5884577,1487580006350586771,appliances.environment.vacuum,max,47.46,457127937,b47f0e19-c369-496c-9d71-1960ec355d07
2019-12-02 15:27:59 UTC,cart,5847102,1487580012457492629,,,15.79,498360567,29995f6d-d051-4d5e-8327-6830e3f43b06
2019-12-02 16:15:55 UTC,remove_from_cart,5826816,1487580006317032337,,,2.35,480065086,7f7ebc8c-5e8b-49a3-93fb-294b5b9d717b
2019-12-02 16:51:53 UTC,view,5848115,1487580013489291461,,,4.29,438100270,14f45b4e-fade-4cdf-a8b0-afbf2fed3f5d
2019-12-02 17:31:07 UTC,view,5908710,1487580007675986893,,,1.59,544018545,0182eb7f-e864-4a2a-a5d8-aae15d4186e9
2019-12-02 17:32:56 UTC,view,5908278,1487580007675986893,,,1.43,544018545,0182eb7f-e864-4a2a-a5d8-aae15d4186e9
2019-12-02 17:42:45 UTC,remove_from_cart,5773373,1487580005134238553,,runail,2.62,493674201,0b63b88b-cc5c-4295-877b-a7ef829404e1
2019-12-02 17:56:08 UTC,view,5900317,1487580007675986893,,freedecor,1.43,523174688,b36c6660-5949-42ac-8287-7b8c7b9813d5
2019-12-02 18:37:53 UTC,view,44152,1487580006317032337,,,9.52,580750845,1137a43b-bf95-46b3-8cb2-fc44b286d174
2019-12-02 18:39:19 UTC,view,5691637,1487580008422573041,,cnd,6.19,581025596,435ebfc9-e355-4144-8c64-5055510358da
2019-12-02 18:41:57 UTC,view,5836843,1487580009261432856,,pnb,0.71,447464220,e8d5bea4-7138-48e6-8ee2-52b2451f5b8f
2019-12-02 18:42:51 UTC,remove_from_cart,5699801,1487580005268456287,,runail,6.11,322320312,8433d613-0600-4946-8feb-2a4c56b444c6
2019-12-02 18:44:11 UTC,remove_from_cart,5734535,1487580005050352469,,haruyama,3.97,441176084,1e9aa8d3-80b2-40c1-afaa-ac990570ccd0
2019-12-02 18:50:14 UTC,cart,5747406,1487580005671109489,,masura,6.33,573456573,c79a145b-3623-447a-a4a2-12a2b1739e3e
2019-12-02 18:56:15 UTC,view,5873640,1487580009605365797,,,0.63,576701365,8a73b271-ef29-4a5b-9641-7321fcafa007
2019-12-02 19:06:04 UTC,remove_from_cart,5742734,1487580009605365797,,,1.9,402397963,31f478ef-54a9-4bdc-b657-7e850e3f5565
2019-12-02 19:17:22 UTC,view,5806553,1487580004916134735,,,10.63,309314159,a82582aa-95b7-4045-8257-7c334024b3a2
2019-12-02 19:44:04 UTC,remove_from_cart,5800842,1487580005553668971,,,9.21,526793379,77455e5b-8f02-4e61-be44-6ae31281c6df
2019-12-02 19:49:18 UTC,view,5598854,1487580011283087468,,,2.86,564125575,53eaf5f3-560b-4406-9d2f-790862026d4b
2019-12-02 19:59:26 UTC,purchase,5908978,1487580009311764506,,irisk,0.95,531939291,5eac2b93-1b86-4dd8-f1e0-988cc626c286
2019-12-02 20:16:19 UTC,cart,5542260,1487580005411062629,,cnd,16.03,581074693,2f429819-9951-4292-a66c-2551cf1b5c38
2019-12-02 20:20:12 UTC,purchase,5877387,1487580005671109489,,masura,3.95,386893454,6c9cda72-3c81-411b-a8ca-79e07b34f772
2019-12-02 20:37:26 UTC,remove_from_cart,5707751,1487580011383750769,,swarovski,3.89,512375248,3512367f-4f00-4d37-b69e-2f17fd8c927e
2019-12-02 20:39:35 UTC,cart,5664657,1487580011383750769,,,0.83,564420230,931740f3-5e08-4339-957a-d8cc4e1a2946
2019-12-02 21:08:43 UTC,view,5885378,1487580007675986893,,bpw.style,1.9,565830080,372021fd-97b4-45e5-8f61-0e599dc284bb
2019-12-02 21:25:26 UTC,view,5803464,1487580005461394279,,bluesky,5.24,563470826,707ee983-4f74-6ec1-c5dc-7edb8f9abe14
2019-12-02 21:31:35 UTC,remove_from_cart,5820749,1487580006317032337,,,7.14,86528611,0837eb19-189d-48c4-8e8f-3d506d911cb7
2019-12-02 21:34:52 UTC,remove_from_cart,5832477,1487580007675986893,,de.lux,1.59,526413058,0195e5fd-cabf-402a-b610-bcccd5e5b4ce
2019-12-02 21:36:30 UTC,cart,5900639,1487580005713052531,,ingarden,4.44,572013384,62961a8e-96e4-4fd9-a8fe-f79a4ad4faf7
2019-12-02 21:43:03 UTC,remove_from_cart,5904542,1487580005427839846,,irisk,2.48,505428757,d90081e8-7e12-433a-b4c3-d4e1986502ff
2019-12-02 21:52:24 UTC,cart,5834732,1487580009496313889,,,4.76,564184755,2c758197-918f-4f2e-8b2d-463e930db563
2019-12-02 22:38:34 UTC,cart,5890838,1783999063314661546,,irisk,8.41,519246567,6d6eef69-34ad-e226-9aa3-6680cbd2fd9c
2019-12-02 22:49:01 UTC,cart,5725890,1487580011383750769,,swarovski,5.56,484207396,4bf158c0-863b-443d-a381-cf1c60ad75d4
2019-12-02 22:52:35 UTC,cart,5731460,1487580004916134735,,,6.35,441044742,9cd4986b-0340-4621-8bf1-b416f4235250
2019-12-02 23:04:28 UTC,remove_from_cart,5861342,1487580010645553231,,,1.81,523878239,1ba18c3c-adc5-477d-b333-a4f94a9c9170
2019-12-03 02:44:05 UTC,cart,5693517,1487580005511725929,,,5.56,202049973,93101903-46de-400e-9287-a210d441f04a
2019-12-03 02:52:08 UTC,view,5885109,1891434351850160381,,limoni,26.03,488043720,ae86f82f-898a-4f62-913d-a46feaaeedc8
2019-12-03 03:59:01 UTC,remove_from_cart,5823936,1487580006350586771,appliances.environment.vacuum,polarus,57.94,574770793,24dc573b-e89d-4e97-9cae-336aa7b89f61
2019-12-03 04:06:30 UTC,remove_from_cart,5854847,1487580007634043851,,,1.27,511286935,53bcdccd-31d1-45e1-b647-90a28daad133
2019-12-03 04:41:48 UTC,cart,5899834,2115334439910245200,,,3.97,432998582,0a780a15-7efb-4940-ab4b-27e336db4545
2019-12-03 04:51:58 UTC,purchase,5809857,1783999064136745198,,grattol,5.4,420629649,31aed9ab-91b5-7be5-ba6e-45f45daa668a
2019-12-03 05:29:51 UTC,cart,5908225,1487580007675986893,,,1.43,250143618,0b5dc512-97ad-49dd-b649-c91eba546c24
2019-12-03 05:36:29 UTC,cart,5754994,1525995662934540829,,,3.97,543016360,0c713e0f-4a7e-4902-9df2-31bd2c79485b
2019-12-03 05:41:45 UTC,remove_from_cart,5843546,1487580010628776014,,,3.97,529449382,1cd4046f-2762-41ce-8e49-d265d22e53eb
2019-12-03 05:43:39 UTC,cart,5811402,1487580005528503146,,pnb,5.56,366873876,433d7ade-4ffd-46ae-b19e-461a5b3a1405
2019-12-03 06:01:14 UTC,remove_from_cart,5775987,1783999063314661546,,,3.97,553098522,29247176-84fb-4739-ab08-490b1ba2b540
2019-12-03 06:41:56 UTC,view,5770041,1487580013841613016,,kapous,2.81,581246730,c499eb32-cc6e-437a-adfa-3e4b6948e8b0
2019-12-03 06:54:23 UTC,cart,6938,1487580007936033754,,runail,2.14,563564978,c34e37ec-cf1b-471e-bdf1-f408344c5b4c
2019-12-03 07:22:24 UTC,cart,5688034,1783999072332415142,,markell,4.84,470945766,293b2a3a-fef5-48ef-b393-77f91bb5c04a
2019-12-03 07:24:21 UTC,view,5801056,1487580005553668971,,,9.21,581233282,6be10ead-499b-4adf-8622-fc676087ebf6
2019-12-03 07:36:03 UTC,purchase,5790688,1487580009445982239,,nitrimax,3.97,533648402,87a22aa6-71e9-4321-89f1-4f2951ca1864
2019-12-03 07:40:18 UTC,cart,5811686,1487580005427839846,,irisk,2.48,254974330,4114127f-3a08-4882-aeba-6bce6df294ab
2019-12-03 08:02:13 UTC,view,5649271,1487580013749338323,,concept,12.22,572873809,4c9734b8-7afb-465a-810f-d3f410fde440
2019-12-03 08:37:31 UTC,view,5597836,1487580005713052531,,ingarden,2.6,573884414,bd2267d7-6d77-46a9-8590-e7f78610f69e
2019-12-03 09:04:06 UTC,view,5465,2195085255034011676,,ingarden,3.49,472212510,79a76861-093c-495e-a316-7aacf86e5154
2019-12-03 09:20:03 UTC,cart,5813489,1487580005671109489,,masura,1.73,581310880,4dc2e9e2-2df7-48ec-967b-91a57bc751c1
2019-12-03 09:40:15 UTC,purchase,5776130,1487580013472514244,,art-visage,1.98,581336961,b6eca7d8-ef5e-4502-940f-ee5f7a7be91d
2019-12-03 10:01:11 UTC,purchase,5726163,1487580005595612013,,,3.0,461008929,9f8c0f09-f7d3-4fbd-b3f7-1f807d6c0a5f
2019-12-03 10:01:41 UTC,cart,5830901,1487580005092295511,,,15.08,581345174,d1506c9c-ee08-4462-a565-6a53aa8c3f6e
2019-12-03 10:16:52 UTC,view,5864045,1487580008246412266,,farmavita,33.73,581352540,9267bd25-bf3a-43ad-8fda-3305abc965f9
2019-12-03 10:51:21 UTC,remove_from_cart,5739057,1487580008263189483,,kapous,4.75,439869708,ae287fe4-d618-4dba-8c1a-7b1037b49b81
2019-12-03 10:54:46 UTC,purchase,5859419,1487580005671109489,,masura,2.37,471591154,bf796c63-a0ad-66e1-cb76-52a340c274bc
2019-12-03 10:58:26 UTC,remove_from_cart,5836520,1487580013522845895,,nagaraku,0.95,307836517,65508956-51c0-4460-bc9d-f7abe88ebde6
2019-12-03 11:20:17 UTC,cart,5788435,2151191071378375538,,,0.79,229999526,0686a66c-f5e4-41c6-ab00-3d2118b5c399
2019-12-03 11:47:04 UTC,cart,5691520,1487580004857414477,,lianail,5.54,490285449,601e0768-5017-440c-b223-0ee9e5bd099c
2019-12-03 12:18:43 UTC,view,5465,2195085255034011676,,ingarden,3.49,551406809,0f438385-5335-480b-9b4f-08585ac78156
2019-12-03 12:43:59 UTC,cart,5888962,1487580012574933146,,laboratorium,5.24,345609330,4dde5030-b96e-4c53-8e86-e5ac9e37e07c
2019-12-03 13:23:01 UTC,view,5838938,1487580005713052531,,ingarden,4.44,581050496,624f81bd-ebcb-4fff-8ebd-6c3dc994849f
2019-12-03 13:47:52 UTC,purchase,4554,1487580010796548183,,runail,0.38,551557189,96c0fe49-2961-4850-913b-e3fe33f272f4
2019-12-03 13:57:02 UTC,remove_from_cart,5838932,1487580005713052531,,ingarden,4.44,160905182,6ea8802d-7d23-423b-934e-68478de0d2c6
2019-12-03 14:05:52 UTC,remove_from_cart,5879278,1891434214553813877,,masura,3.95,422214197,5cb156fe-de83-496c-b9c7-25cd5bde9b0a
2019-12-03 14:07:15 UTC,view,5850562,1998040849203594085,,,13.97,581469296,7bb45c71-e6a6-4d46-bbba-63b757d9d910
2019-12-03 14:23:20 UTC,view,5761411,1487580007432717250,,ingarden,2.86,578097117,37a3d400-4d25-44f9-b974-6f494c89dce6
2019-12-03 14:25:40 UTC,view,5877460,1487580006350586771,appliances.environment.vacuum,jessnail,21.43,577052403,688fba24-2af5-4275-a856-f9ea856801f3
2019-12-03 14:26:21 UTC,cart,19162,1487580008447738866,,cnd,10.29,537518413,823e16cd-1c58-4a7c-b582-eca1bf3123df
2019-12-03 14:26:39 UTC,view,5760783,1487580005134238553,,runail,2.62,561562918,981ace87-2183-423a-86f5-e46a40b4e3f4
2019-12-03 14:30:34 UTC,view,5794072,1487580005511725929,,,5.56,561135193,c08ab205-f82a-4d67-a182-b4f0713bdb56
2019-12-03 14:57:58 UTC,remove_from_cart,5863823,1487580005713052531,,ingarden,4.44,568236317,c1533634-ccc4-4314-8ef6-4e7831e3ed01
2019-12-03 15:39:18 UTC,purchase,5908220,1487580007675986893,,,1.43,249405500,47a17927-e298-479e-95fc-b292151c8d40
2019-12-03 15:56:04 UTC,cart,5826707,1487580008145748965,,,6.35,568236317,92b06d6b-ba8e-47cc-99b0-fd0022a914ae
2019-12-03 16:23:34 UTC,view,5824184,1487580006551913373,,domix,3.49,480200003,90a1f6f9-0132-4eac-8bdc-d29992a668bf
2019-12-03 17:00:25 UTC,view,5885370,1526733091857498510,,,5.56,509193355,491e386e-b152-48f6-921c-234d5dbcd4f6
2019-12-03 17:08:44 UTC,view,5875431,2084144451428549153,,,2.05,578152193,d8c2ab72-cc7c-4d3b-215a-63cd31e48de5
2019-12-03 17:09:23 UTC,view,5910173,1487580013522845895,,,4.6,581561912,53e8b1fe-6712-49df-85bf-fcea899787b1
2019-12-03 17:17:35 UTC,cart,5861595,1487580008263189483,,lador,5.76,581564860,03d46d1b-c169-493d-9e7e-62dae771ab05
2019-12-03 17:25:26 UTC,remove_from_cart,5843545,1487580010628776014,,,3.97,581558626,affd2422-307a-4951-a951-ba57248c166e
2019-12-03 17:30:17 UTC,view,5848081,1487580013950664926,,,89.68,439238622,dd1a7d42-5778-437b-b149-6ec6c31b1784
2019-12-03 17:35:29 UTC,view,5827009,2193074740552270669,,,4.38,557567677,b3363bd5-ca96-4c4a-a9fd-669699922251
2019-12-03 17:36:01 UTC,cart,5801329,1487580005511725929,,,6.35,580682833,99b5e4fc-758e-41df-bd07-e9008e952ca1
2019-12-03 18:10:24 UTC,cart,5769931,1487580013841613016,,kapous,3.65,524557511,ea900908-d532-48c2-8cf2-f56ef19eb6b2
2019-12-03 18:21:38 UTC,cart,5304,1487580009471148064,,runail,0.32,581597216,44a16747-102c-4cd7-9957-fb4c1d915b06
2019-12-03 18:56:25 UTC,cart,5894923,1487580004857414477,,lianail,6.33,581611872,044781c9-9394-4f7e-93d2-e29a623af23c
2019-12-03 18:56:57 UTC,remove_from_cart,5724577,1487580005427839846,,irisk,2.48,486682994,99681088-5d19-4821-8704-742f047c52b9
2019-12-03 19:00:23 UTC,cart,5820788,1487580006317032337,,,2.86,581603528,92c1f4bd-7cd5-4f00-a10c-71a84126e502
2019-12-03 19:18:19 UTC,view,5864851,1487580005268456287,,,11.11,373606827,841e9ca9-86a0-4dd3-83cf-52e4fae1f6ac
2019-12-03 19:25:43 UTC,remove_from_cart,5854897,1487580009445982239,,irisk,0.32,454719911,1d8a6d10-9618-4e7e-9b2a-1b97332bc535
2019-12-03 19:32:03 UTC,purchase,4841,1487580010796548183,,runail,0.38,575913364,38ce5616-31d1-42a2-9c7c-7799f227a2f4
2019-12-03 19:39:54 UTC,cart,5833332,1487580007675986893,,bpw.style,1.27,566391167,83785878-b551-4521-9a0a-8ae02781c72a
2019-12-03 19:40:40 UTC,cart,5854379,1783999064103190764,,jessnail,3.49,251977532,9fec0615-ef3f-4684-becd-8bc2de148c03
2019-12-03 19:41:07 UTC,view,5699796,2196456817758831535,,runail,7.14,362214726,907b3a9f-215e-42a1-9ceb-0b484ff6bf35
2019-12-03 20:03:45 UTC,view,5753479,1487580013069861041,,italwax,2.68,581643377,a6da209a-5c53-4aa2-9e86-f46a976858b6
2019-12-03 20:11:26 UTC,view,5802437,2151191070984110951,,,4.92,563129000,2818faec-339c-4fc0-abc6-a847af2d6a6f
2019-12-03 20:11:54 UTC,remove_from_cart,5900589,1487580007675986893,,freedecor,0.79,446531518,e711ae87-1e3f-bb25-89f8-503333248b85
2019-12-03 20:35:15 UTC,view,5856191,1487580006350586771,appliances.environment.vacuum,runail,24.44,581655354,5f31d76f-f1f4-42ac-bdf3-6551762d8e3b
2019-12-03 20:40:59 UTC,remove_from_cart,5875550,2084144451428549153,,,2.05,570060525,2fe6419d-ee54-467d-90b0-8f22743e565b
2019-12-03 20:49:18 UTC,remove_from_cart,5752747,1487580010100293687,,milv,3.17,465210633,d66ccdaa-868b-42c4-844f-e44a8e87a98a
2019-12-03 20:53:58 UTC,remove_from_cart,5850838,1982860263572898112,,kaypro,13.02,456261108,d9710bd7-bde0-4e65-9077-ebf455158a64
2019-12-03 21:33:31 UTC,view,5903597,1487580007835370453,,naomi,19.83,526800312,3f11f700-cdb3-4bd0-8c69-f5b1f15ea036
2019-12-03 21:39:08 UTC,cart,5769875,1487580013841613016,,kapous,3.65,581675659,2b4cae41-b43f-4ab8-a7a1-10b0b0707802
2019-12-03 21:51:50 UTC,view,5811386,1487580005528503146,,pnb,5.56,550062654,e2489ce8-7aad-4a78-8fc2-899d783deee7
2019-12-03 22:25:35 UTC,view,5739493,1487580012927254698,,,5.87,409875530,749e065e-a5ed-4090-96c9-47665f23b07c
2019-12-03 23:05:20 UTC,purchase,5852059,1924049106385240809,,,4.13,466051755,71fc3c31-399c-48c0-9a45-f19f5395bd4c
2019-12-04 00:02:21 UTC,view,72450,1487580008263189483,,skinlite,1.75,469431922,7b54cf01-7aef-4d02-bbc8-639efc821f57
2019-12-04 03:27:28 UTC,remove_from_cart,5773361,1487580005134238553,,runail,2.62,489639933,e475b3d0-0547-47e8-942f-7054a09a7d1e
2019-12-04 03:56:08 UTC,view,5839153,1487580009362096156,,sophin,2.11,318950688,f0b80061-b1ae-4122-8ded-447092837ddd
2019-12-04 04:21:42 UTC,view,5686079,1487580008145748965,,,0.51,579752742,e648504a-833c-4f73-aee5-b20c284bc8f4
2019-12-04 04:46:33 UTC,remove_from_cart,5868352,1487580010100293687,,oniq,4.76,499234097,796672de-8d91-4aaf-9e8d-4c7278e7a9f5
2019-12-04 04:54:20 UTC,purchase,5850011,1487580005595612013,,,3.0,568808409,2b449f90-3fb5-41c1-bcff-f4d5e589ed67
2019-12-04 05:04:46 UTC,remove_from_cart,5735268,1487580005268456287,,haruyama,3.97,505850160,166a823d-86d9-4d76-8438-39b4c1674b2f
2019-12-04 05:10:10 UTC,view,5736333,1487580005050352469,,haruyama,3.97,572456152,613947c9-a04c-4169-bebc-a4d10739219d
2019-12-04 05:38:12 UTC,cart,5906096,1487580007675986893,,bpw.style,1.59,501186648,aff97b07-696f-4f97-9ea6-94dc5ef5c88d
2019-12-04 05:57:30 UTC,remove_from_cart,5804307,1487580005411062629,,cnd,14.13,581517146,4e7cb3ba-161b-4227-8f3f-5de41c37012a
2019-12-04 06:00:13 UTC,cart,5696855,1487580009286598681,,irisk,1.11,578297547,4ad13dee-43f2-426e-8228-a1e7a177804e
2019-12-04 06:15:36 UTC,view,5674694,1487580005595612013,,,2.52,394487557,8d5449d4-dc5a-4326-980e-a850d23d69ff
2019-12-04 06:32:39 UTC,view,5785144,1487580013950664926,,runail,11.83,581808230,e223de67-7104-4666-b9c0-cd90ec27e608
2019-12-04 06:55:30 UTC,view,5804166,1487580005671109489,,masura,1.73,492378109,4606389b-d517-4ec2-986d-3788ab14eca9
2019-12-04 07:34:15 UTC,view,5608703,1487580005553668971,,,9.52,581833094,a1d7d81e-2aac-4550-9ff8-5b88230e1462
2019-12-04 07:37:32 UTC,view,5733776,1487580005050352469,,haruyama,3.97,581536217,466c9c03-2c80-4bf8-818e-d4dd8fff1a87
2019-12-04 07:39:01 UTC,view,5560754,1487580006300255120,,strong,194.44,553060323,d4430e9f-8cfb-41c1-9720-30e9d82f5cf3
2019-12-04 07:39:46 UTC,view,5843785,1487580009143992338,,,10.54,581831056,edbc2c71-dd42-4031-83b2-b60a38cf278f
2019-12-04 07:54:31 UTC,cart,5782109,1638456119066100510,,pole,4.11,470050252,35a40ed4-2982-46b7-92e4-0f15b65e87ca
2019-12-04 08:10:15 UTC,view,5751422,1487580005268456287,,uno,10.95,569871725,eb8c54a2-35e6-4b72-9b6c-46b6a567b69f
2019-12-04 08:30:12 UTC,remove_from_cart,5729011,1487580007776650194,,ingarden,0.79,497084196,33913619-6008-e78f-05c6-90377af0389f
2019-12-04 08:35:51 UTC,view,15763,1495705810662064688,,enas,2.21,573829528,1ddf2812-a3bd-465e-9e8f-b519606c7496
2019-12-04 08:41:42 UTC,cart,5704385,1487580008246412266,,estel,6.11,581859379,1e001a4a-a0e4-43b4-a391-efa1b68f44e3
2019-12-04 08:58:43 UTC,purchase,5769938,1487580013858390233,,kapous,3.06,413197147,b9415799-ca30-4a7e-926c-43afcc884700
2019-12-04 09:01:31 UTC,view,5757433,1526733091857498510,,,5.4,390480699,9647de19-6b06-4cd6-96fa-9f7958d1a5bd
2019-12-04 09:08:35 UTC,view,5677043,1487580008246412266,,estel,13.33,578262990,5ad0128c-f15f-43e8-bac2-5d5dedf82924
2019-12-04 09:17:57 UTC,view,5894795,1487580012994363565,,italwax,7.86,581876912,13f3beb8-5430-4453-9dec-f4e414393db8
2019-12-04 09:18:47 UTC,cart,5910474,1487580013950664926,,dewal,16.71,476263900,48ea89bf-6bba-46ba-8900-dda054567bad
2019-12-04 09:28:36 UTC,view,5749719,1487580005268456287,,runail,4.6,490859751,2927ccfb-9c19-46b9-93a6-35ffaa18302d
2019-12-04 09:36:06 UTC,view,5854573,1487580006350586771,appliances.environment.vacuum,jessnail,46.83,560793129,cc8ee85b-5be4-49fe-9f73-a0528da29ce0
2019-12-04 09:53:09 UTC,cart,5845273,1487580013069861041,,,9.21,444898737,b835996b-8573-4b32-8a5c-3f0fe06e80af
2019-12-04 10:08:51 UTC,cart,5728072,1487580009177546772,,runail,29.29,528971009,3374b4b8-f50a-4ff2-b735-36820764ec2f
2019-12-04 10:26:23 UTC,view,5844670,1487580007852147670,,bluesky,0.79,545698201,51fe18d6-77db-48b1-8d3c-fa90ccf93117
2019-12-04 10:29:50 UTC,cart,5787037,1783999068909863670,,smart,6.35,363450896,65214a82-b1d0-434d-8def-250d64ae515b
2019-12-04 10:35:15 UTC,view,5710527,1487580007894090712,,staleks,47.3,578335821,12847f0e-afec-4ef4-a561-2042d4ea02f4
2019-12-04 10:43:39 UTC,cart,5780032,1487580011501191286,,,2.38,581662471,1cb7b735-6ad8-401a-be30-a553624a786f
2019-12-04 10:45:34 UTC,view,4831,1487580006317032337,,,4.92,564136631,aafa5d1e-e766-438f-851e-13b340e3770b
2019-12-04 10:53:55 UTC,purchase,5692864,1487580007910867929,,yoko,6.83,556694764,a317d5e9-367f-4d32-bcdd-08faf8720b1a
2019-12-04 11:06:25 UTC,cart,5885595,1487580006350586771,appliances.environment.vacuum,polarus,66.51,414875421,a772beb8-df0e-475b-b4b3-73b561f66dff
2019-12-04 11:18:09 UTC,view,5910166,1487580006300255120,,strong,194.44,555375454,a5150ca5-c70a-4372-8855-b743aa8defc8
2019-12-04 11:21:34 UTC,cart,5568208,1487580005754995573,,,4.75,581900911,04405663-dfb9-4cbe-b132-d334255ddb2a
2019-12-04 11:32:24 UTC,view,5875296,1487580005092295511,,,7.22,552038950,f18ac0f0-00e0-56b8-5dc1-c7dbe603d843
2019-12-04 11:37:25 UTC,purchase,5811366,1487580005528503146,,pnb,5.56,417031398,facffa5d-ac1f-4e1b-baba-376d42ce9508
2019-12-04 11:40:23 UTC,cart,5877765,1487580005268456287,,,9.05,562582926,c2469189-745b-4d7b-9402-af99d8195be7
2019-12-04 11:46:03 UTC,view,5700038,1487580009286598681,,runail,0.4,465099191,8733e8fd-dee1-41f2-a0b5-b1f04016b896
2019-12-04 12:10:03 UTC,remove_from_cart,5804467,1487580005461394279,,bluesky,3.97,429795664,e60db1c2-d798-42a6-8854-d7fdf37b4b36
2019-12-04 12:15:39 UTC,view,5772165,1487580005092295511,,grattol,6.27,479928991,e62d5acc-4617-4d25-890f-f01d8ab5e878
2019-12-04 12:17:10 UTC,purchase,5885378,1487580007675986893,,bpw.style,1.9,472592744,5391b18b-c2c3-45ac-a6a7-83aab40a1b3e
2019-12-04 12:24:35 UTC,cart,5861785,1487580013690618064,,parachute,3.16,581949091,2a6ef1af-782b-40e5-8ce6-d03bd766f039
2019-12-04 12:58:42 UTC,remove_from_cart,5908220,1487580007675986893,,,1.43,577751849,267d0634-6266-2114-a3ff-2459efcc09df
2019-12-04 13:00:59 UTC,remove_from_cart,5779802,1638456119066100510,,pole,4.11,581946756,69fb6c63-21f5-42b2-bbf8-907ec65efa81
2019-12-04 13:01:11 UTC,remove_from_cart,5908213,1487580007675986893,,,1.43,561802737,bc5c2094-521c-4c21-9ac7-e13abe7fd20a
2019-12-04 13:12:23 UTC,remove_from_cart,5904752,1487580007675986893,,,1.35,455739348,98cc3eec-abba-463d-9372-36bab397cf9c
2019-12-04 14:12:36 UTC,view,5809908,1602943681873052386,,grattol,5.24,582000822,ebed3ffc-a755-4b88-b8d3-32f8e7908634
2019-12-04 14:16:39 UTC,remove_from_cart,5549822,1487580005595612013,,,3.0,468417852,d22168a5-6bcd-432d-ac09-c297d2762158
2019-12-04 14:59:47 UTC,view,5710115,1487580012994363565,,italwax,20.14,573656844,3b136ada-2d19-4e82-85f0-9aa0e44cdff2
2019-12-04 15:37:58 UTC,view,5854897,1487580009445982239,,irisk,0.32,581876995,103f73a8-4bcb-41fb-b459-7ea457ac34b3
2019-12-04 15:51:05 UTC,view,5745312,1495705810662064688,,,2.54,581891366,50e91213-d538-40bd-973c-2787f96c1cd2
2019-12-04 16:04:14 UTC,cart,5809116,1801635223591453292,,jaguar,45.27,582051207,01aed208-780e-4cf9-a353-5163678e366d
2019-12-04 16:09:46 UTC,cart,5843569,1783999071199952917,,,0.48,565581221,6d110c9f-b2ce-4814-b4c4-d715206f916c
2019-12-04 16:20:17 UTC,view,5839038,1487580005092295511,,,14.29,562524453,a9f6ba3a-796f-40dd-be3f-886a3df210c8
2019-12-04 16:30:38 UTC,view,5809910,1602943681873052386,,grattol,5.24,469130852,10167f1f-d6be-4568-8c48-c818238757fe
2019-12-04 16:34:57 UTC,remove_from_cart,5866471,1487580010335174721,,estel,3.33,580148045,0c0c2630-d36b-12f2-0e1c-4bd965587760
2019-12-04 16:34:57 UTC,cart,5839653,1487580005671109489,,masura,2.37,576472358,913a5c3b-1a3b-4f38-abb4-929f5c0f52fb
2019-12-04 16:50:57 UTC,remove_from_cart,5776131,1487580013472514244,,art-visage,2.7,565024388,1f5c77e7-eb93-4032-b5ae-fc6b125d2eae
2019-12-04 17:04:30 UTC,view,5562100,2195085255034011676,,runail,2.86,491315496,e6843228-bb6e-f468-28d3-6d888561f9db
2019-12-04 17:12:12 UTC,purchase,5843951,1487580008263189483,,,15.7,519846131,d5752641-06f3-4bf7-ba93-2abb8f560811
2019-12-04 17:18:53 UTC,remove_from_cart,5687155,1487580010645553231,,,5.89,551009483,107a7b7a-0a06-474f-bd19-d6462373a0c3
2019-12-04 17:23:51 UTC,remove_from_cart,5851242,1525995662934540829,,,3.17,386217666,512d4e6d-e951-4e10-81c4-aaef34168b2d
2019-12-04 17:31:34 UTC,remove_from_cart,5635070,1487580005754995573,,,4.44,282223441,901844b0-77cc-449d-a183-2a091baa4a59
2019-12-04 17:31:34 UTC,view,5797946,1487580008800059394,,masura,6.33,582078510,5243b6fb-3734-4441-a051-1af9f62504e2
2019-12-04 17:34:11 UTC,cart,5864740,2055161088059638328,,bpw.style,1.59,501203199,aa398b3c-a720-4fcb-876b-690b30812655
2019-12-04 17:41:04 UTC,view,5769926,1487580013841613016,,kapous,4.22,574459310,a6e36ff7-bf4f-46ef-90df-ef68027f29b6
2019-12-04 17:50:09 UTC,view,5810672,1487580013069861041,,italwax,10.32,582095992,29927847-7bb6-404e-94c1-6f24530fb009
2019-12-04 18:00:39 UTC,view,5885633,1783999064103190764,,,15.48,582073867,56b85b4f-e7d7-4929-84d7-2b877575932f
2019-12-04 18:01:20 UTC,view,5649468,1487580005511725929,,,5.56,582094545,3a6d9c95-0230-4312-9651-fa30849d9218
2019-12-04 18:04:33 UTC,view,5877387,1487580005671109489,,masura,3.95,576776318,1a0a1806-1daa-439f-97f7-c957bab577aa
2019-12-04 18:32:49 UTC,cart,5759182,1487580010100293687,,irisk,1.67,569490514,746a9ba9-a5c8-4321-9013-0096432fa96a
2019-12-04 18:33:45 UTC,view,5745717,1487580008246412266,,kapous,15.86,437964569,202a7a4f-63f2-4242-b515-e3a6910eca80
2019-12-04 18:33:59 UTC,view,5881775,2084144451428549153,,,2.05,582112123,904322fb-d580-4060-bebe-ef82239cb130
2019-12-04 18:36:47 UTC,cart,5662461,1487580009311764506,,irisk,0.63,518420302,16ec90a9-23d1-41a8-b254-9e979807bcc4
2019-12-04 18:43:49 UTC,remove_from_cart,5687140,1487580008145748965,,,0.48,408455061,20830179-b415-4f17-b1cc-49b622e040c8
2019-12-04 18:44:57 UTC,view,5866158,1487580007675986893,,,2.06,575082070,9849f6c9-27b6-47f3-9f8d-51d61097a929
2019-12-04 18:56:11 UTC,view,5857310,1487580005134238553,,runail,2.62,230935013,60a326c9-c999-4f1d-9789-8348980aebcb
2019-12-04 19:16:47 UTC,view,5723225,1487580009445982239,,,0.48,576082945,26d47c74-5cfb-41d9-9bf6-d51056c387a3
2019-12-04 19:29:35 UTC,remove_from_cart,5810897,1487580008263189483,,,8.03,538482947,8eded8b7-9ff3-4df5-b5c8-e928e8183740
2019-12-04 19:41:23 UTC,view,38661,1487580008774893569,,runail,1.22,582134753,3014f393-818b-461e-8fc7-2c11a04b9399
2019-12-04 19:44:27 UTC,view,5896424,1487580006300255120,,jessnail,32.54,525082613,d6ea2d08-addd-44bd-8b21-14af98578c8c
2019-12-04 19:55:18 UTC,purchase,5891362,1542195323827388674,,art-visage,4.73,548985210,e7392780-d20d-4f90-a619-67823ac5882b
2019-12-04 19:56:15 UTC,cart,5808333,1487580013858390233,,kapous,0.95,582142845,15e86840-b87f-4587-963a-a3ae285e3686
2019-12-04 20:05:12 UTC,view,5809910,1602943681873052386,,grattol,5.24,425185783,02882b71-9d51-4ed9-aeff-2bdeaa064b47
2019-12-04 20:25:19 UTC,remove_from_cart,5757287,1487580009051717646,,,73.02,582149085,ec8372e1-428a-47eb-b798-6fc7c3f34f2a
2019-12-04 20:33:53 UTC,purchase,5868889,2018395024110125980,,,9.84,558572298,b07f37bf-faa6-4b11-bfda-6a0cff5fef6f
2019-12-04 20:55:16 UTC,view,5809800,1487580012096782476,,milv,1.27,238900936,7a342e2f-c6cd-4005-bbc6-e8afd6433c11
2019-12-04 20:57:12 UTC,cart,5836529,1487580013522845895,,nagaraku,0.08,582157193,c525014f-9881-4572-b6cb-1d3dfa9953b7
2019-12-04 21:28:21 UTC,cart,5764750,1487580004916134735,,,6.35,561658948,fe83571a-5d00-48d1-a423-77310ea40beb
2019-12-04 21:43:16 UTC,remove_from_cart,5889109,2134354342373753638,,,3.81,582089304,f0365ca3-6ee8-46bd-b0f4-1ec717f67daf
2019-12-04 21:45:44 UTC,remove_from_cart,5705014,1487580009445982239,,irisk,1.11,454773845,173e1e94-876a-43bd-9c76-3d73acb9e006
2019-12-04 21:57:44 UTC,remove_from_cart,5875394,2084144451428549153,,,2.05,582175420,5bb24c19-3416-4af1-8dc7-5a61c7a30743
2019-12-04 22:21:01 UTC,remove_from_cart,5816178,1602943681873052386,,grattol,5.24,492321842,f86a9b11-d36d-4018-8057-257715505f1d
2019-12-05 00:36:01 UTC,view,5690794,1487580005855658874,,lianail,2.86,579546706,3f29914f-9752-4a6d-accd-bec1d414ec6c
2019-12-05 01:06:22 UTC,cart,5770049,1487580013841613016,,kapous,2.81,474363585,304a7f7d-0518-4ce2-b99c-120f153cd9a9
2019-12-05 01:45:41 UTC,view,5833330,1487580007675986893,,bpw.style,0.95,561791527,38639ecc-b79a-4ef3-ab8a-6184041888f6
2019-12-05 02:25:44 UTC,view,5851216,1525995662934540829,,,3.97,443402619,49b7d9da-f90e-4b23-8ed1-c7bf5e49beb9
2019-12-05 03:10:14 UTC,remove_from_cart,5733775,1487580005050352469,,haruyama,3.97,570546416,d1583e55-8528-4c4b-a78d-edfb81ee1cfb
2019-12-05 03:32:04 UTC,cart,5809912,1602943681873052386,,grattol,5.24,421811463,e573c280-1b6b-44d9-a48e-36f70fcf8270
2019-12-05 03:39:42 UTC,view,5822046,1487580005050352469,,haruyama,3.97,582211318,6cd6faf8-6af1-4942-8504-83e972f35bce
2019-12-05 04:18:16 UTC,view,5851888,1891434351850160381,,beauugreen,15.71,572902574,6c4e4c6c-ab16-490f-8e4e-774a22bead44
2019-12-05 04:22:54 UTC,remove_from_cart,5585658,1487580007256556476,,,0.71,523303671,7c16e253-2376-4de7-9ba5-32966ca8ad41
2019-12-05 05:36:19 UTC,view,5752490,1487580005511725929,,,4.27,562524453,1e0b6300-d85a-b73d-178d-072d51add3b3
2019-12-05 06:08:30 UTC,remove_from_cart,5849034,1487580007634043851,,uno,7.14,493366979,a0dea7bc-881c-42fc-aef7-e44268740ae6
2019-12-05 06:19:37 UTC,view,5890135,1487580013388628160,,,2.59,582275702,2b75c63c-0f47-4a08-b9f5-9bd815443a17
2019-12-05 07:33:33 UTC,cart,5809795,1487580012096782476,,milv,2.86,578522864,c980183a-5b30-4728-8015-52ba844bbd95
2019-12-05 07:40:19 UTC,remove_from_cart,5839662,1487580005671109489,,masura,2.37,469159201,fdb3a7e0-b4d3-40ef-87f3-3561a02282a5
2019-12-05 07:44:16 UTC,view,5838655,1783999072332415142,,,7.94,557616099,e4f8894e-0ea3-427e-a0be-e706519ad797
2019-12-05 07:49:15 UTC,cart,5847365,1982860263572898112,,estel,4.29,558868215,b8f925de-7414-43c0-ba36-f1e72331dfc2
2019-12-05 07:54:14 UTC,view,5897978,1487580007675986893,,de.lux,1.59,568593535,cf3c5160-ca44-4526-acb7-1fc4791ef77f
2019-12-05 08:00:55 UTC,remove_from_cart,5784670,1487580005855658874,,irisk,2.22,307510697,2aa594c7-f89e-44f8-b43e-5b7a372d1877
2019-12-05 08:01:41 UTC,remove_from_cart,5885028,2069804417665728971,,cosmoprofi,5.56,552419141,1c4c97c3-6630-40b2-aad2-c2fa612ac771
2019-12-05 08:02:10 UTC,view,5814047,1487580005092295511,,grattol,6.27,484132204,97a44e77-c0b2-45c4-8be3-114762243689
2019-12-05 08:08:14 UTC,cart,40098,1487580011383750769,,swarovski,2.06,349147371,72460d09-7055-40a2-b26b-86db4d9b5b2d
2019-12-05 08:08:30 UTC,view,5817113,1487580008288355308,,zeitun,15.71,576475821,c23070bd-c64f-404e-8f8c-357d8ad1ce2d
2019-12-05 08:58:09 UTC,view,5877489,1487580007675986893,,freedecor,2.38,462461123,953dc8df-780a-4ff7-bacc-ac7286f095ab
2019-12-05 09:06:28 UTC,view,5837635,1487580006962955182,,,5.56,484501445,eb8fb370-3aa0-461b-a64e-1af285a6f870
2019-12-05 09:11:39 UTC,view,5825561,1487580006132482952,,,2.22,513026898,bde10c99-24e1-4c4a-abfa-a22b19ce1123
2019-12-05 09:33:13 UTC,view,5812514,1487580008347075566,,kinetics,7.14,582355770,45a1e8ff-285a-4a35-994c-73a1b74a292f
2019-12-05 09:35:28 UTC,view,5550686,1487580008145748965,,,1.11,572934975,d0633c7b-2b58-4f60-9166-989a77d65f97
2019-12-05 09:37:26 UTC,view,5649830,1487580006434472855,,jas,3.49,531152832,cbbe67bc-c888-41c3-8f8b-8c00f358d00e
2019-12-05 09:56:31 UTC,remove_from_cart,24388,1487580009202712597,,depilflax,6.11,582327050,e361a1c9-cf95-43d3-999b-421bb680bfca
2019-12-05 10:00:26 UTC,view,5875810,1487580013229244601,,,31.59,570422717,f545f386-5180-4413-9c3f-174e190b817a
2019-12-05 10:37:57 UTC,cart,5659922,1487580006409307030,,airnails,2.86,582381372,3a6db20b-89a7-46e9-a503-c032432221a6
2019-12-05 10:42:59 UTC,view,5847332,1982860244379763042,,,7.14,463300757,7ca1f5b8-254a-4ce3-b0ac-cf5392932f0d
2019-12-05 10:49:32 UTC,view,5724610,1487580005427839846,,irisk,2.48,582311801,5332220c-e0d7-47b6-860e-addc7f243f23
2019-12-05 11:10:06 UTC,remove_from_cart,5826658,1487580009445982239,,,0.63,476008895,e4f61a41-b778-4b7f-998e-bc507cff019d
2019-12-05 11:22:27 UTC,view,5849559,1487580011585077370,,bioaqua,13.81,345748708,e636e5bf-d575-4640-f0a2-336fe7158180
2019-12-05 11:35:02 UTC,cart,5841742,1487580005268456287,,pnb,6.13,416166641,fc56e712-7bc0-4946-9cec-952e330aaf77
2019-12-05 11:58:39 UTC,view,5645620,1487580005411062629,,cnd,16.03,582164139,902b846f-82ab-e1f5-811c-691e9d9c75d3
2019-12-05 12:03:28 UTC,view,5868559,1487580006350586771,appliances.environment.vacuum,max,95.08,559578439,5aaa1f65-611a-4c42-861d-428220335f10
2019-12-05 12:20:20 UTC,view,5866196,1487580013841613016,,concept,3.16,527380603,6ae206fb-0b5f-4f6d-b486-9eba8d800da8
2019-12-05 12:26:50 UTC,view,5810721,1487580007675986893,,milv,0.63,553085492,c6cc3d16-5544-442a-897b-ccdd12c7897a
2019-12-05 12:28:06 UTC,view,5830557,1487580005671109489,,masura,1.73,383497849,1eae5986-b453-4107-a1f0-412f80fa1641
2019-12-05 12:33:40 UTC,cart,5867637,1487580011627020412,,kims,25.38,582425855,a19600f1-82aa-4563-bfda-a2d88e03e625
2019-12-05 13:05:54 UTC,view,5756761,1487580005268456287,,,6.35,582434241,c0e724db-7c38-4b7d-8f2c-e0a68e94c491
2019-12-05 13:06:08 UTC,cart,5677043,1487580008246412266,,estel,13.33,582151452,640066eb-7d87-4994-8250-cd7de54b5cca
2019-12-05 13:20:47 UTC,view,5902752,1487580006962955182,,ingarden,5.08,562467201,992daa42-4c8c-4d26-a12e-f5dcd0350ebf
2019-12-05 13:25:49 UTC,cart,5699744,1487580004882580302,,,2.7,417832954,016ef0e6-5ef8-40c0-91e0-5edcbf21a950
2019-12-05 13:33:53 UTC,cart,5835948,1487580007483048900,,irisk,2.06,412333123,2a6969d6-6426-4819-8134-3936633c05e0
2019-12-05 14:12:14 UTC,remove_from_cart,5899929,2115334439910245200,,,3.92,560019749,af2ec1b7-6a52-4cdb-8157-1f9c33a26d1d
2019-12-05 14:24:37 UTC,remove_from_cart,5764747,1487580004916134735,,,6.35,579180780,3f7d82fd-c31b-476c-9975-24c81da4f895
2019-12-05 14:26:26 UTC,remove_from_cart,5823262,1487580008087028706,,,3.0,419246960,e31d3c19-137b-4d6c-8ac0-f0a7c1dd1ad1
2019-12-05 14:45:25 UTC,view,5884356,1487580010561667147,,oniq,10.32,508906522,f0612c28-b1eb-45fc-b7de-4cd26ab878c0
2019-12-05 15:13:17 UTC,view,5771647,1487580007717929935,,airnails,1.43,578852260,fe0beebe-12e3-0e6e-4dcc-0d2f8965fe1d
2019-12-05 15:46:47 UTC,remove_from_cart,5712494,1487580005008409427,,f.o.x,6.03,579083763,11c7bc80-1db5-420a-83b5-e33ba70d549a
2019-12-05 15:52:33 UTC,cart,5596128,1487580005595612013,,,1.25,575911991,1a96caa4-83f6-44d9-bfa7-4686880ee6a7
2019-12-05 15:53:32 UTC,view,5723528,1487580005092295511,,runail,2.94,582081530,a88890d4-d2ab-4208-af4b-bb4fae1b3a1b
2019-12-05 16:12:51 UTC,view,5851606,2055161088059638328,,irisk,1.75,519539362,d08ebcdd-ca61-4d8e-ac1c-a91c63dd608d
2019-12-05 16:56:40 UTC,view,5904369,1487580007675986893,,,1.59,507896591,4c424e96-a7a0-4910-bf23-377fbb5bccce
2019-12-05 18:00:45 UTC,view,5802543,1783999063314661546,,,9.52,377571993,d30398bd-d906-4a93-a70b-09020c51566e
2019-12-05 18:01:20 UTC,cart,5603939,1487580007717929935,,,0.38,556446464,f205ec76-267f-457f-9771-aff0d6c71fe7
2019-12-05 18:08:07 UTC,view,5829304,1487580008145748965,,,23.65,489235465,e5fa588f-a01b-49a6-9e01-aa56bf1b4336
2019-12-05 18:12:20 UTC,view,5803519,1783999072332415142,,,14.29,548596234,256a2b69-c0ed-431d-bbbd-039dd7d40ab5
2019-12-05 18:40:46 UTC,cart,5744419,1487580009521479714,,,0.95,238244404,56fe99c3-db68-4550-9c3f-fa1d2514704c
2019-12-05 19:03:51 UTC,remove_from_cart,5574062,1487580006962955182,,runail,1.59,562601590,44b5456e-88b7-449b-ba27-1322dc2371d7
2019-12-05 19:04:19 UTC,view,5859402,1487580005671109489,,masura,2.37,516461519,13ffc026-5831-448c-b114-20a99d2d99a7
2019-12-05 19:19:45 UTC,view,5694464,1487580008112194531,,,4.68,582019315,99472b0c-915c-4c1b-aa86-37167f0fadef
2019-12-05 20:09:53 UTC,view,5850281,1487580006300255120,,marathon,137.78,582591293,dc1a5101-d504-4aa6-82f5-2cc8a6517fb7
2019-12-05 20:24:57 UTC,remove_from_cart,5836517,2151191071118328683,,nagaraku,2.38,470730526,e26552d7-1ae6-4f76-a568-dcb2179f81da
2019-12-05 20:33:49 UTC,cart,5846436,1487580013950664926,,browxenna,45.24,582613651,2a14a075-4ee0-4be5-a73d-17c24baf8767
2019-12-05 20:44:34 UTC,view,5760782,1487580005134238553,,runail,2.62,506888265,8cc25e38-bda9-43b6-aaf4-11a2e53bff1d
2019-12-05 21:03:35 UTC,view,5882576,1487580013581566154,,thuya,13.49,582628181,48c9545d-a88b-4291-ac2e-46ae65c2be36
2019-12-05 21:05:05 UTC,cart,5528051,1487580009387261981,,,6.19,582624227,4addf8dd-bdcc-4bc4-8aa0-d0321c6ed984
2019-12-05 21:14:53 UTC,view,5800354,1487580005553668971,,,7.46,582628595,8e44be67-87c3-454b-8a3f-010edc1a3a94
2019-12-05 21:15:42 UTC,cart,5757574,1487580005511725929,,,4.27,411362431,75b7173e-ca57-41aa-8cb5-7fd6ebe86233
2019-12-05 21:56:10 UTC,purchase,3762,1487580005411062629,,cnd,19.37,349436095,4316de53-02eb-406d-b067-7aa07de7ed8f
2019-12-05 22:33:58 UTC,cart,5809249,1487580007675986893,,bpw.style,1.43,564530725,0ad063cc-fdc7-4a46-83b7-73fff1ebb78b
2019-12-05 22:50:38 UTC,cart,6846,1487580007306888126,,,8.67,580617403,6357f11d-3f2f-4fd3-9ac4-084c6027d8e4
2019-12-05 22:59:14 UTC,remove_from_cart,5809921,1487580010100293687,,grattol,2.06,479562493,032bf555-4593-4db2-896e-7c8dbc22d229
2019-12-05 23:05:06 UTC,view,5814048,1487580005092295511,,grattol,6.27,502270982,e76fe45e-faad-4078-82fe-32ded4f816b6
2019-12-06 02:13:24 UTC,cart,5856840,1487580008288355308,,,2.95,533671748,2ac11c20-9a1b-4cf9-83bc-d0c861e20d87
2019-12-06 03:35:38 UTC,purchase,5850626,1602943681873052386,,grattol,5.24,564896870,a0f9d958-c525-4577-a7a2-143b5b5f7c6d
2019-12-06 04:05:54 UTC,view,5839635,1487580005671109489,,masura,2.37,507282545,2521e8b9-2294-489b-93e5-d6fbb363b567
2019-12-06 05:52:28 UTC,view,5884234,1487580007675986893,,,1.75,258836295,525dbf9e-40c9-450b-a22c-ed33c6224bfa
2019-12-06 05:53:03 UTC,view,5715277,1487580005713052531,,ingarden,4.44,560079800,389d8bb8-0f6b-9379-a398-2641496a157a
2019-12-06 06:33:45 UTC,remove_from_cart,6977,1783999064136745198,,runail,5.13,509021442,b6853716-ff76-4452-8fcd-d7b4550e1817
2019-12-06 06:33:47 UTC,remove_from_cart,5724232,1487580005092295511,,,18.25,534690979,f53cf5c0-fb32-40b5-b9fd-f6f7d5756e70
2019-12-06 06:53:29 UTC,cart,5702112,1487580007717929935,,airnails,0.86,578459778,39c3ce84-a56c-4ac3-8c6c-6701da0e1885
2019-12-06 07:03:22 UTC,cart,5875274,1487580005553668971,,,11.43,381932374,da3968de-4ea5-4a40-a8e9-bce74ed9cce5
2019-12-06 07:04:10 UTC,view,5875547,2084144451428549153,,,2.05,540912300,0cff7da7-e4be-4289-a343-932b9b1f31f5
2019-12-06 07:06:00 UTC,remove_from_cart,5907841,1487580007675986893,,,1.43,573973133,ede60a47-b85a-4471-9b40-beaacb7bf485
2019-12-06 07:12:55 UTC,cart,5629448,1487580005268456287,,,9.52,582626204,3d01d5b1-fc58-495f-8512-767472a2a3a1
2019-12-06 07:30:07 UTC,cart,5839656,1487580005671109489,,masura,2.37,540474970,74d02158-cec6-4634-a6fe-d9805713e327
2019-12-06 07:31:41 UTC,view,5751383,1487580005092295511,,uno,10.32,471335994,468c5917-18e4-4ef7-b359-ccd0c2154999
2019-12-06 07:39:27 UTC,cart,5773607,1487580006317032337,,irisk,1.59,570690556,6add3899-6259-40bb-a6ba-f3330402b78c
2019-12-06 07:57:21 UTC,view,5882434,1487580009286598681,,zinger,0.44,576361442,f9ef9106-7ff4-4659-acad-a1204fecf5fc
2019-12-06 08:33:22 UTC,cart,5635087,1487580005754995573,,,4.44,582788728,afdb1acf-9383-4ac5-bb3f-2ecd5b761903
2019-12-06 08:53:53 UTC,remove_from_cart,5676827,1783999067156644376,,estel,7.3,558056932,18ce04bc-4752-4195-a65f-39b0fa807f84
2019-12-06 09:14:47 UTC,view,5740015,1487580005092295511,,irisk,6.19,509336360,c0fbecff-b7a5-40db-81ca-5ce58455304c
2019-12-06 09:21:25 UTC,cart,5838185,1487580008347075566,,,3.49,577624131,de7d46cb-8a94-4e00-bae3-9ea3c05eae48
2019-12-06 09:40:26 UTC,cart,5797971,1487580005671109489,,masura,1.73,480406285,8f1bb665-70d8-4a83-bf10-df518c215ba6
2019-12-06 09:48:38 UTC,view,5839651,1487580005671109489,,masura,2.37,440543928,3e8c8790-f957-4b32-9b9b-ee9330c401ab
2019-12-06 09:51:55 UTC,view,5879281,1891434214553813877,,masura,3.95,551796905,53dcc05f-0ba9-476e-811c-140f94be0a60
2019-12-06 09:53:43 UTC,cart,5560758,1487580006300255120,,strong,187.3,456017031,77fcf1fc-fca0-48de-926a-a6d85a8e7b93
2019-12-06 09:58:41 UTC,purchase,5700088,1487580011677352062,,,10.95,436649234,5f735794-d846-42d3-af27-11f4607b7bb9
2019-12-06 10:06:01 UTC,cart,5847353,1487580005268456287,,,5.08,582100936,ab9a3295-df41-4d80-8a60-b46a97084952
2019-12-06 10:29:00 UTC,view,5804820,1487580013950664926,,,63.33,582840292,fce251d4-7bd5-4816-97a4-6f0c6d704d54
2019-12-06 10:32:37 UTC,remove_from_cart,4607,1487580010796548183,,runail,0.38,552497302,0c41c0af-f58d-4fd5-963f-9da09c3b1194
2019-12-06 10:44:38 UTC,remove_from_cart,5370,1487580009622143014,,runail,0.32,551012064,8f29f540-35c4-467a-b4db-3c476896c483
2019-12-06 11:05:36 UTC,view,5795273,1516331853567492962,,,3.41,416572059,0acf9847-8656-4c12-af5c-85d790cd3fac
2019-12-06 11:19:12 UTC,remove_from_cart,5880203,1487580012432326804,,grace,3.48,582526629,bc847393-6638-45a3-9ad0-2b845ac4ee7b
2019-12-06 11:20:14 UTC,view,5813493,1487580005553668971,,,11.03,435220256,a1713902-be73-48f3-8e4b-7a5893a71a57
2019-12-06 11:21:03 UTC,view,5851231,1525995662934540829,,,5.56,582862482,980858f2-5a7d-4633-a883-7347e244fbc6
2019-12-06 11:21:05 UTC,view,5659747,1487580007399162817,,irisk,0.95,505214473,d7fbc477-6b0b-4bcd-9d2e-d043b2c357b8
2019-12-06 11:54:48 UTC,cart,5658569,1487580011333419118,,,9.52,582761004,8b369c1b-2100-400c-9381-08c83a7c9e3d
2019-12-06 11:55:05 UTC,remove_from_cart,5833334,1487580007675986893,,bpw.style,0.79,416586392,1abfc0ef-adb1-4c0d-8b61-17f7fdd304f0
2019-12-06 12:53:27 UTC,view,5846437,1487580013950664926,,browxenna,45.24,555710647,b03b96db-b296-4f55-adc5-c817770742d2
2019-12-06 13:01:53 UTC,cart,5886707,1487580005067129686,,,2.38,572974930,d032e033-74c9-44b5-86dc-b3bf311964df
2019-12-06 13:23:14 UTC,view,5900645,1487580005713052531,,ingarden,4.44,568294640,41ac2aa5-5574-42f2-b4c0-1255963c7910
2019-12-06 13:38:23 UTC,cart,5816170,1602943681873052386,,grattol,5.24,484158995,735720d0-7ff4-44c0-b413-a27b01178899
2019-12-06 13:44:37 UTC,cart,5700046,1487580009286598681,,runail,0.4,581814335,54b3000d-40a2-4085-a0e8-eda7a9c3a77c
2019-12-06 14:46:30 UTC,view,5879280,1891434214553813877,,masura,3.95,549152742,336c0f68-7d7e-4564-ab5a-bacba7d6358c
2019-12-06 14:55:36 UTC,view,5706308,1487580004832248652,,beautix,12.71,476519348,40650358-29d0-441f-9d73-73d31505d4cf
2019-12-06 14:59:15 UTC,view,5842181,1487580006317032337,,,1.9,548169713,e82e3ca0-07a3-44f9-ad21-390b7cb01f7d
2019-12-06 16:10:33 UTC,view,5783778,1487580007910867929,,zinger,19.21,582982740,e0a6260e-c927-4289-888e-d83832162baa
2019-12-06 16:23:55 UTC,cart,5651702,1487580008246412266,,concept,5.48,436585827,1c1cb79a-494a-498a-8bcd-8191670630be
2019-12-06 16:38:26 UTC,view,5788436,2151191071378375538,,,0.79,559910559,9e98fdd7-3abe-4c11-baeb-6c0d8c7c4572
2019-12-06 17:06:24 UTC,view,5848275,1487580009521479714,,polarus,28.25,574890094,7a861191-d5a0-4ad8-8776-96c1f6fe752a
2019-12-06 17:12:49 UTC,remove_from_cart,5907904,1487580007675986893,,,1.59,437114488,f5a8609f-d717-00be-57a6-79afd0d97db9
2019-12-06 18:12:19 UTC,view,38005,1487580013581566154,,refectocil,10.13,397370635,b4b1c755-58e6-4059-a6d3-627511de888d
2019-12-06 19:05:25 UTC,view,5809225,1487580007675986893,,bpw.style,1.59,566731698,01c9815b-9d34-426d-addc-07ac6c68209c
2019-12-06 19:24:10 UTC,remove_from_cart,5834436,1924049110428549877,,oniq,10.32,478596983,83a8d069-917e-4807-afb2-eda046b10592
2019-12-06 19:24:12 UTC,view,5700035,1487580009286598681,,runail,0.4,583061130,86598cd9-9bca-4ec5-a6e0-52cc6589a400
2019-12-06 19:46:34 UTC,cart,5875547,2084144451428549153,,,2.05,579297642,ea552fea-06ef-489e-9bc9-21361f9226aa
2019-12-06 19:49:51 UTC,remove_from_cart,5781044,1487580008145748965,,irisk,5.71,473916812,b6105735-1733-4679-92be-fa069da50dd8
2019-12-06 20:25:09 UTC,cart,5730206,1487580005092295511,,,10.32,493295764,087825ee-9b67-49a6-8919-275ac2e51ae6
2019-12-06 20:40:33 UTC,view,5902324,2007399943458784057,apparel.glove,,8.89,504232946,d96296b9-0190-4d56-8365-bc70bcec94e2
2019-12-06 20:59:50 UTC,view,5851232,1525995662934540829,,,5.56,583092761,dcae835e-4924-41ad-b7f0-c367229fbc81
2019-12-06 21:08:50 UTC,remove_from_cart,5733746,1487580010100293687,,masura,3.16,548400513,90fb259d-8ed9-4ff2-aaae-5a6ec30c4ffe
2019-12-06 21:25:22 UTC,view,5833330,1487580007675986893,,bpw.style,0.95,583099374,a4376199-7c7d-4a48-bf4f-802e2b5edd63
2019-12-06 21:38:12 UTC,purchase,5886750,1487580006317032337,,,1.59,493837950,7c13b792-7742-4fb6-b8a1-0debf88c05b6
2019-12-06 21:50:29 UTC,view,5739361,1487580005671109489,,masura,3.63,479412915,9b4a53ed-c3d7-40c3-95b2-84c4e5cd8d50
2019-12-06 21:54:39 UTC,remove_from_cart,5814059,1602943681873052386,,grattol,4.76,453887546,65e211bd-c162-42a9-965f-ac998d0d7a35
2019-12-06 23:13:12 UTC,cart,5911861,1487580007675986893,,dartnails,1.27,408085978,8b9f4ac4-8c0b-4a27-a822-d5a06bda3cc2
2019-12-06 23:18:58 UTC,cart,5854569,1487580010100293687,,jessnail,0.94,430326290,94e010f0-692e-4673-8777-9e8f397da984
2019-12-07 00:11:53 UTC,cart,5826000,1487580005092295511,,lianail,6.33,540496315,15b621a5-00ad-4dbd-a9df-d6ae2fde5bac
2019-12-07 03:02:26 UTC,cart,5736333,1487580005050352469,,haruyama,3.97,566039552,9932e414-4ab7-4493-9d4e-cf88783a8804
2019-12-07 03:29:50 UTC,remove_from_cart,5834488,1487580008145748965,,pole,0.51,514684540,e3c24019-ae8c-4b9e-a79c-75bcb9f889d1
2019-12-07 05:04:37 UTC,view,5899926,2115334439910245200,,,3.92,531789537,5dc2d0c3-4339-97c0-815b-43747e9f8255
2019-12-07 05:50:21 UTC,remove_from_cart,5875363,2084144451428549153,,,2.05,583182011,a5b112ac-a278-4dbd-aff6-81368852f5e2
2019-12-07 06:39:22 UTC,purchase,5875429,2084144451428549153,,,2.05,582654819,c7905574-4b44-70cf-c3f6-41ad518f63b5
2019-12-07 06:52:34 UTC,remove_from_cart,5862570,1487580008145748965,,roubloff,6.03,465558024,ca5344ad-1d83-4f1f-a718-cf0c021e05f9
2019-12-07 07:03:21 UTC,remove_from_cart,5814051,1487580005092295511,,grattol,6.27,471901345,dac57b0a-cc5f-430a-ae45-e8dbaac0e61c
2019-12-07 07:10:42 UTC,view,5716844,1487580013950664926,,,10.32,564272751,11cf0193-634b-48b5-a657-b5cf1d5c63e0
2019-12-07 07:28:55 UTC,view,5745711,1487580013950664926,,runail,35.08,448413925,920c78e6-c3e8-43cc-8403-2ee2cea3e00c
2019-12-07 07:50:47 UTC,remove_from_cart,5810154,1487580006317032337,,irisk,8.89,550337061,be195639-45ac-435d-ace2-b30bbf9cc5cf
2019-12-07 08:56:11 UTC,remove_from_cart,5704412,1487580008246412266,,estel,11.57,495423104,d7495d0e-5ff9-4f21-b341-a0a12e0d0014
2019-12-07 09:12:58 UTC,remove_from_cart,5911263,1487580009051717646,,runail,33.33,460652444,18c9162e-a410-e5eb-776d-06b570e7b5a3
2019-12-07 09:31:55 UTC,purchase,5839654,1487580005671109489,,masura,2.37,516931829,fd49462e-cd7a-4a0a-beac-17e3bac18a06
2019-12-07 10:00:48 UTC,view,5797969,1487580005671109489,,masura,1.73,482646266,4f5a7ed7-b656-4c68-bd5f-b3e897a1bcca
2019-12-07 10:37:47 UTC,view,5654968,1487580007910867929,,metzger,3.65,524603960,27bb6fc6-eb7e-4ae7-960d-117e268e9e08
2019-12-07 10:44:09 UTC,remove_from_cart,5541652,1783999064103190764,,runail,8.37,499299135,b70c3d9d-e533-4b73-bb74-108fa60aefe5
2019-12-07 10:48:59 UTC,cart,5839635,1487580005671109489,,masura,2.37,567794121,d802543b-ada7-473b-bc5c-23c38ab49541
2019-12-07 10:55:08 UTC,view,5854819,1602943681873052386,,grattol,5.24,454732709,09979f24-d930-43c9-bd54-5f05479f91bd
2019-12-07 10:56:15 UTC,cart,5723766,1487580006434472855,,jas,3.89,526794262,12a6c68b-4e5d-4cf8-8345-29518d27bd7a
2019-12-07 11:19:22 UTC,remove_from_cart,6944,1783999064136745198,,runail,4.92,541674479,a4f16d65-f5e8-490a-b9f1-e71eb8543d02
2019-12-07 11:31:31 UTC,view,5835340,1487580010100293687,,,3.1,581039331,307fea48-519b-428c-8827-d93e76dc11eb
2019-12-07 11:52:31 UTC,cart,5816617,1487580005553668971,,,7.46,583318942,e080be40-ad44-4287-b78e-dfcb13128228
2019-12-07 11:53:46 UTC,view,5678311,1487580013841613016,,estel,5.24,583322428,442d08df-441a-4f7e-9a5f-bd05f18d720a
2019-12-07 12:15:53 UTC,view,5864050,1487580008246412266,,farmavita,32.06,580826307,9061973c-a7de-4a12-88ac-660f89aa4cad
2019-12-07 12:31:37 UTC,cart,5833695,1487580005092295511,,,7.22,232355126,4330d0e6-21b3-4abb-a3e5-1c0c9bc4363f
2019-12-07 12:35:39 UTC,view,5908254,1487580007675986893,,,1.43,527021202,1c466c84-021e-443c-b1f7-cc5955488280
2019-12-07 12:43:19 UTC,view,5863549,1487580007717929935,,,1.1,583168258,e1200994-3016-414e-8dbb-dd1699a738a1
2019-12-07 13:39:01 UTC,cart,5705014,1487580009445982239,,irisk,1.11,529944725,959cc251-4ebc-4ffc-a7db-b5f5dacdbbc1
2019-12-07 13:59:39 UTC,view,5567976,1487580005595612013,,,3.0,538520442,6d7eb03f-4077-40a6-8a67-d85a54ca4242
2019-12-07 14:08:33 UTC,view,5884355,1487580010561667147,,oniq,10.32,583375796,6272c239-99ae-4387-8b13-eaa9a5cca1c8
2019-12-07 15:01:34 UTC,view,5833327,1487580007675986893,,bpw.style,1.59,542749701,df100bcc-19d5-4826-9989-a013f5d0c2eb
2019-12-07 15:16:10 UTC,remove_from_cart,5714041,1487580004832248652,,beautix,9.37,583343548,b668bd06-9b5e-45b5-98b2-901b969bea6d
2019-12-07 15:20:49 UTC,remove_from_cart,5773363,1487580005134238553,,runail,2.62,485440188,5396e93b-021b-473b-96e1-5ebbecec25b5
2019-12-07 15:49:20 UTC,cart,5815662,1487580006317032337,,,0.92,547483150,77cd434b-fa1c-492f-888c-d84c5a006a2e
2019-12-07 16:03:19 UTC,remove_from_cart,5838935,1487580005713052531,,ingarden,4.44,438863395,a55f3fee-9bdd-49c1-b21f-3d32a2457d05
2019-12-07 16:17:42 UTC,remove_from_cart,5911779,1487580007675986893,,dartnails,1.27,569442172,5ddb7176-6e6a-47ee-adfb-aafab920ace3
2019-12-07 16:49:24 UTC,view,5816542,1487580005553668971,,,7.46,504584912,7066249c-7b65-4cbf-817e-7266e904268f
2019-12-07 17:10:00 UTC,view,5823938,1487580006350586771,appliances.environment.vacuum,polarus,94.44,560014805,4b1c6abe-e459-43f7-aa80-f8292e27d10e
2019-12-07 17:17:28 UTC,cart,5911001,1487580007675986893,,runail,1.43,558479429,ecbca9ae-a20d-4833-9a5a-0a4098a6fa8f
2019-12-07 17:35:42 UTC,view,5855716,1487580013522845895,,,11.11,530134721,d3660649-a0dd-43a3-a3f1-f47c9f094f54
2019-12-07 17:38:50 UTC,view,5849349,1487580008263189483,,bioaqua,12.06,583463356,ebfbc700-4d56-4b13-a4c4-9c45be9d318f
2019-12-07 17:44:47 UTC,view,5877454,1487580006300255120,,jessnail,44.29,568696529,48bc566e-db5e-49d1-a8a4-3004d362dfec
2019-12-07 17:57:27 UTC,view,5700096,1487580011677352062,,,10.95,501683076,3c847bed-3bb8-413d-b41d-200132f5a0fb
2019-12-07 18:15:38 UTC,view,5814046,1487580005092295511,,grattol,6.27,579608382,e85e14d6-0e9a-44d1-88ed-6b7a5afb7820
2019-12-07 18:28:29 UTC,view,5640953,1487580005671109489,,masura,11.43,535061542,d10e2b75-fd25-439e-b20f-ee03f8f12c0e
2019-12-07 18:37:50 UTC,remove_from_cart,5809300,1487580007675986893,,bpw.style,0.79,572631412,9a35b8d7-b2e4-4b25-8b0b-2c376220a51c
2019-12-07 18:47:24 UTC,view,5785144,1487580013950664926,,runail,11.83,583484807,ad06d029-e359-42f9-8933-82dd89bb774a
2019-12-07 18:50:40 UTC,view,5845094,1487580013841613016,,,5.06,583492201,90f133fe-15e6-4fda-bc1e-be9dbc0319d7
2019-12-07 19:09:50 UTC,remove_from_cart,5807238,2151191071051219817,,,2.29,574654706,e7a6c7da-f5d2-4a4c-96a8-e93a6a872ff2
2019-12-07 19:10:47 UTC,view,5873630,1487580009471148064,,irisk,3.97,538148361,980b6601-3328-4818-834e-5e2ceb3b5f2e
2019-12-07 19:21:41 UTC,view,5657781,1487580009143992338,,bodyton,6.98,583506423,4c634542-409d-4b5c-88b1-f6d62358a055
2019-12-07 19:47:37 UTC,view,5818481,1897124478404526487,,,3.14,527658630,ce53a398-5337-4a6c-a92d-9d0211233fba
2019-12-07 19:48:51 UTC,remove_from_cart,5882352,2151191071051219817,,enigma,13.17,573368217,cdd6f9c5-1937-4acb-96af-64ef384764e8
2019-12-07 19:54:50 UTC,remove_from_cart,5769107,1783999067156644376,,markell,2.98,577833508,8782b856-ad1f-4182-b45b-18de24e54899
2019-12-07 20:10:39 UTC,view,5883981,1487580013950664926,,lowence,26.98,583523502,9768b789-8236-4b9d-9aba-6efcb2ac6803
2019-12-07 20:29:48 UTC,view,5900616,1487580007675986893,,freedecor,0.79,528168333,f985a0ae-540d-4e12-baa4-a69e1d2bf075
2019-12-07 21:17:28 UTC,view,5826691,1487580009143992338,,,12.38,560289096,735548f7-c9e6-4966-855b-b6c7b62bcbe9
2019-12-07 21:23:19 UTC,remove_from_cart,5569512,1487580012994363565,,,5.24,583531137,bf304d30-3b93-4ea5-ac89-68961ce5f535
2019-12-07 21:50:00 UTC,cart,5903981,1487580007675986893,,,1.59,426110577,b90f7ab5-e4da-458e-9d40-e888d6849ace
2019-12-07 22:15:12 UTC,view,5692863,1487580007910867929,,yoko,7.83,583542818,23691cf0-1f8c-46e0-bda4-6fa3dc927ef6
2019-12-07 22:17:19 UTC,view,5904306,1487580007675986893,,,0.0,527021202,cd783420-8348-43e4-aab0-f8c637cf5031
2019-12-07 23:26:57 UTC,cart,5700086,1783999072407912622,,,7.78,583273361,b7115bd0-411a-ae85-426a-c3a2949c2c4e
2019-12-08 01:27:03 UTC,view,5911744,1487580005671109489,,masura,1.73,526048273,8ea19d99-d039-476f-92a2-a0dde65a37ba
2019-12-08 05:13:21 UTC,cart,5736080,1487580005050352469,,haruyama,3.97,535734892,12ae7976-5040-4e75-8d1f-25eb717bc2cb
2019-12-08 05:54:06 UTC,cart,5700037,1487580009286598681,,runail,0.4,567573414,10ab5567-9019-4fc5-853d-07dab072bfc4
2019-12-08 06:06:03 UTC,view,5739055,1487580008246412266,,kapous,4.75,583598014,c9f33c42-cff5-4f46-9167-a94a0cf541da
2019-12-08 06:24:52 UTC,view,5884366,1487580007675986893,,oniq,7.14,583643588,e80fd7f7-2d45-456b-8eac-7d5ea7ccea23
2019-12-08 06:32:05 UTC,view,4621,1487580006300255120,,runail,42.06,583646720,4def583d-a3b2-4af5-9d82-d146b6422521
2019-12-08 07:38:37 UTC,remove_from_cart,4940,1487580008145748965,,runail,2.3,583656222,c82d36c1-c19b-4d04-bbc3-49c70d7b1681
2019-12-08 08:34:42 UTC,cart,5815730,1487580005092295511,,,10.95,413810924,ee90af8a-4730-4364-ab46-92b9cc9691b3
2019-12-08 08:48:37 UTC,view,5809912,1602943681873052386,,grattol,5.24,444921553,4a0d3a65-ec7a-4d03-8ffe-2e8b6b009a37
2019-12-08 09:12:44 UTC,cart,5810720,1487580012096782476,,milv,1.27,472585001,a8adc47e-6877-4ca3-9c87-6ddf5eb0e5d5
2019-12-08 09:19:40 UTC,view,5813064,1487580005671109489,,masura,1.73,568925679,f45f4f74-356b-40c4-b419-fd3e34a5f936
2019-12-08 09:21:49 UTC,cart,5835859,1487580009445982239,,,0.63,388863338,7bf81602-2154-4fd3-ad74-990b1484cdd7
2019-12-08 09:35:35 UTC,remove_from_cart,5802432,1487580009286598681,,,0.32,583709798,cae28d62-c21d-4a7a-bec7-e44c0e7465fe
2019-12-08 09:35:41 UTC,cart,5742957,1487580009387261981,,,3.81,445321983,2a9c87bf-f586-4e1a-822f-420bd17204cd
2019-12-08 09:50:33 UTC,view,5769914,1487580013841613016,,kapous,3.65,583396714,51701712-045d-49b8-bb84-1ee4dd60d23e
2019-12-08 10:06:20 UTC,view,5908307,1487580005511725929,,,5.56,402306923,44d25f95-0de1-4fac-ad28-674141665377
2019-12-08 11:15:24 UTC,remove_from_cart,5622079,1487580007306888126,,,2.37,543252139,0a3c3379-3364-478a-9c80-db7282de8a1a
2019-12-08 11:19:56 UTC,remove_from_cart,5827009,2193074740552270669,,,4.38,310307018,1d706b98-4a47-451f-8164-21cd792ba693
2019-12-08 11:42:17 UTC,view,5751224,1511892746070131099,,uno,9.37,446194471,d67dddd3-b7d0-44ce-aea8-bb2f995d43e7
2019-12-08 11:48:16 UTC,remove_from_cart,5564558,1487580006962955182,,runail,3.17,543719572,b15c59bc-1b34-4e83-99bf-dedee8913fff
2019-12-08 11:59:45 UTC,cart,5747355,1487580010821714008,,,1.17,550867228,54e00e1b-d837-4a3f-bd5f-4ee896712db7
2019-12-08 12:10:53 UTC,cart,5773610,1487580006317032337,,irisk,1.9,581056309,0db67b76-381e-4394-8f24-c5d5c15fb6ef
2019-12-08 12:45:52 UTC,cart,5887248,1487580013338296510,,,4.48,326814006,67784c42-9cfe-4a83-8f5e-556a2bd2bb87
2019-12-08 12:47:59 UTC,remove_from_cart,5698855,1487580006317032337,,,1.27,443371608,6730722e-9c94-4fef-b7da-0b8bfc2ff1c3
2019-12-08 12:53:00 UTC,view,5608703,1487580005553668971,,,9.52,414160625,bd831f6b-4d87-a156-47a6-7e47f50cd723
2019-12-08 13:16:10 UTC,cart,5911857,1487580007675986893,,dartnails,1.27,582701729,eb75c779-d762-4d15-a2b3-3b42906c07b6
2019-12-08 13:20:42 UTC,view,5649236,1487580008246412266,,concept,8.65,583809180,4cebc283-b090-4240-bd62-c232db7a5e54
2019-12-08 13:25:21 UTC,view,5846319,1487580013841613016,,,4.14,583811229,65efb6d9-faf8-4a4b-9f22-0ef5ad1e9fbd
2019-12-08 13:41:18 UTC,view,5886282,1487580013950664926,,,21.59,583815921,da891c4d-51be-4cff-9a69-99930cc5ce66
2019-12-08 14:00:32 UTC,cart,5853130,1487580008263189483,,,20.0,342666067,3d3af2b6-ac36-42d5-afcb-9fc442dfc87a
2019-12-08 14:11:33 UTC,remove_from_cart,5646823,1487580009026551821,,,16.98,580525301,d655dc71-1e9e-43f9-92c6-d769dc18c392
2019-12-08 14:14:12 UTC,cart,5813053,1487580005671109489,,masura,3.95,572722791,4c51640d-af76-4604-bd30-749968349e73
2019-12-08 14:21:38 UTC,view,5770050,1487580013841613016,,kapous,2.81,583830731,ed57ef49-8dad-4eb8-a76d-59b0d19df214
2019-12-08 14:44:43 UTC,view,5687152,1487580010645553231,,,15.86,556447374,1bf75a32-abd5-4892-bd56-6c2089f2ab75
2019-12-08 14:51:41 UTC,cart,5811841,1487580008800059394,,masura,3.48,409875425,728a0ab4-8e4e-4b9e-947d-9a625b16785e
2019-12-08 14:53:06 UTC,remove_from_cart,5854897,1487580009445982239,,irisk,0.32,573872024,6eb59eae-9276-49e4-9d35-3ebff6a2b837
2019-12-08 14:57:51 UTC,cart,5810083,1487580006350586771,appliances.environment.vacuum,irisk,24.6,433826746,e2e27598-b5f1-40bc-b0ae-40ffb7458d52
2019-12-08 15:15:07 UTC,remove_from_cart,5869301,1487580008313521133,,siberina,5.08,478218205,7219fd30-2896-4584-a40e-e33d3d04070e
2019-12-08 15:33:19 UTC,view,5854573,1487580006350586771,appliances.environment.vacuum,jessnail,46.83,558179537,475bbdf6-5c70-469b-91cf-9dbb1f65c34b
2019-12-08 15:36:14 UTC,view,5770043,1487580013841613016,,kapous,2.81,565155916,fc234e97-e552-42fa-8083-9f0860b9a16c
2019-12-08 15:59:30 UTC,cart,5854569,1487580010100293687,,jessnail,0.94,582907945,ca5e9b9b-6769-46a2-98a7-d7c8fcc80c9c
2019-12-08 16:16:34 UTC,remove_from_cart,5821221,1487580005461394279,,bluesky,3.97,541521879,19566d45-6e68-461d-b432-53e083ed4f94
2019-12-08 16:21:33 UTC,view,5841323,1891434214553813877,,,3.56,572888374,dc9ee50a-99f6-4b0e-8430-e3b22faa99d5
2019-12-08 17:02:23 UTC,view,5734956,1487580005595612013,,,2.54,552211674,289d9aed-3fe2-0cf3-d48d-252fa8f8adb5
2019-12-08 17:09:58 UTC,cart,5808333,1487580013858390233,,kapous,0.95,444203213,f9cfaf3f-acc0-4232-a8b0-1226166b301b
2019-12-08 17:16:35 UTC,view,5804023,1487580009571811364,,,5.24,470052735,a5afb3a5-8fbe-419f-9e13-b2f645442129
2019-12-08 17:41:08 UTC,cart,59999,1487580012994363565,,,6.83,583924490,574f14f0-b5a1-4d74-8bc8-fe4ecd50d464
2019-12-08 17:54:13 UTC,remove_from_cart,5816555,1487580005553668971,,,7.46,583763811,fd7624f5-43e2-ce81-b364-fd77f503efce
2019-12-08 18:09:04 UTC,view,5843268,1487580008288355308,,,15.56,583938007,69d078e4-ab88-4947-be23-7d23fb058fe7
2019-12-08 18:09:13 UTC,cart,5801774,1487580005671109489,,masura,1.73,497192268,84fd08b2-ff41-458e-91a4-bc70f439a852
2019-12-08 18:11:13 UTC,view,5724649,1487580005427839846,,irisk,2.48,570288246,6a095326-d9f2-4e32-9640-cdf2020d68a7
2019-12-08 18:42:04 UTC,view,5681611,1487580005511725929,,,5.56,509057567,6f0f4bc2-a681-4e70-bd62-cbea5dc8347a
2019-12-08 18:48:21 UTC,remove_from_cart,5863933,1487580011585077370,,dermal,2.13,583924820,f8180e56-6438-4898-b9ee-26c3bc1bfe13
2019-12-08 18:59:17 UTC,view,5886999,1487580006317032337,,,2.06,450331775,26f61512-81b0-4586-a715-49ad333979d5
2019-12-08 19:25:34 UTC,remove_from_cart,5843794,1487580013749338323,,,6.68,583767127,52eb89f4-d65b-4861-82e9-2e7b9e3bb691
2019-12-08 19:43:15 UTC,view,37037,1783999064136745198,,runail,5.13,542341891,401337dc-1679-465a-a8dc-f0d9efb621dc
2019-12-08 19:49:38 UTC,view,5809909,1602943681873052386,,grattol,5.24,583980592,3a55d5b2-a993-40be-8d64-21e6672f4b07
2019-12-08 19:53:01 UTC,view,5703724,1487580013489291461,,zinger,2.37,503249422,2139e9ee-2505-49e9-8ca1-c9ac61d9da95
2019-12-08 20:21:57 UTC,remove_from_cart,5848430,1487580007675986893,,freedecor,0.79,582701729,f8563b1f-ea42-4167-87f2-a082ba46d802
2019-12-08 20:35:30 UTC,view,5743269,1487580008145748965,,irisk,2.38,583998262,0b3b846a-b48a-40d3-8d68-4a272090f5d8
2019-12-08 20:36:15 UTC,view,5759491,1487580013011140782,,italwax,1.94,496177814,fe570ec6-8179-4da5-b1c2-9bb58b0a517c
2019-12-08 20:46:09 UTC,cart,5836522,1487580013522845895,,nagaraku,0.4,571391219,8e032593-8197-44f5-81c8-41552dbf90ca
2019-12-08 21:10:57 UTC,cart,5774872,1487580005671109489,,masura,1.73,407155825,23159259-2343-4709-a4ed-30a09347f5dd
2019-12-08 21:41:20 UTC,view,5733776,1487580005050352469,,haruyama,3.97,411945785,cd54e89a-6089-4bdb-9df3-a9b04f8fbfb5
2019-12-08 22:09:33 UTC,view,5703436,1487580011383750769,,,1.44,557161060,075cbe9a-e8a2-41cb-b50c-8a388f826b9f
2019-12-09 00:41:33 UTC,remove_from_cart,5848901,1487580007675986893,,bpw.style,1.27,564184755,13d41156-f4ff-419b-b6be-2353bd653679
2019-12-09 00:58:04 UTC,view,5816178,1602943681873052386,,grattol,5.24,434000172,744d9ec2-c012-451f-90c0-9e71fe4a236c
2019-12-09 01:06:43 UTC,remove_from_cart,5587652,1487580008145748965,,roubloff,3.49,552122979,e44f643e-85f7-4707-9115-68ac0d95205f
2019-12-09 02:42:30 UTC,cart,5536916,1487580011283087468,,runail,1.37,546348375,fdad7bf3-9e57-4247-9da6-6280cf85bbb2
2019-12-09 02:43:07 UTC,view,5897978,1487580007675986893,,de.lux,1.59,541975884,2719572b-9454-44b1-b8f6-3230ee0110a9
2019-12-09 03:17:46 UTC,purchase,5845263,1487580011585077370,,,11.43,582691380,c349c1b1-1a82-4bfd-aa04-e96e4d661472
2019-12-09 03:55:35 UTC,cart,5622088,1487580008657454075,,,2.86,444573526,
2019-12-09 04:01:50 UTC,view,5908751,1487580007399162817,,,3.17,583916054,2e890036-0ede-4262-b13a-4c8862d583c7
2019-12-09 04:09:59 UTC,cart,5746056,1487580007717929935,,airnails,1.43,516530706,5d70cb19-2e6f-403f-8635-f0e1953f893d
2019-12-09 04:42:13 UTC,cart,8394,1487580012021285001,,gehwol,12.7,582249235,696ada39-e50c-4e38-a604-ddfc17576624
2019-12-09 05:12:22 UTC,purchase,5708580,1487580005511725929,,,4.27,510456389,b84460be-e32d-4b88-9016-ef811bef5541
2019-12-09 05:58:22 UTC,cart,5906098,1487580007675986893,,bpw.style,1.59,511562661,7c74c374-435e-4306-9a31-836dc76ace2c
2019-12-09 06:27:21 UTC,view,5677462,1487580013858390233,,estel,0.87,584127525,9b9ea6cc-3c4a-4197-b787-2444a7475771
2019-12-09 07:30:30 UTC,view,5885588,1487580006350586771,appliances.environment.vacuum,polarus,79.21,411458959,59e7b79b-07fd-4005-b7e4-d3a8e33bf24e
2019-12-09 07:48:30 UTC,purchase,5809910,1602943681873052386,,grattol,5.24,582888899,ae224199-5c13-6c14-c954-f4e908977b06
2019-12-09 08:21:19 UTC,view,5883075,1487580013841613016,,,7.33,584169942,2e37adef-3572-4900-8972-0eab04f45dbf
2019-12-09 09:01:58 UTC,remove_from_cart,5761623,1487580005754995573,,,4.44,461689241,8828b64f-01f4-428a-b16f-c8ef6c34bb4a
2019-12-09 09:25:09 UTC,view,5731071,1487580004916134735,,,6.35,352117255,b0eb0877-537f-458c-8060-59ad701851a8
2019-12-09 09:41:15 UTC,view,5867188,1487580006350586771,appliances.environment.vacuum,emil,55.56,430220205,0812794a-cc01-4b90-9eb6-06e0306aba7d
2019-12-09 09:50:14 UTC,view,5899852,2115334439910245200,,,4.46,495664844,516b1257-e444-4d47-8c9a-da1bdb932c34
2019-12-09 09:50:34 UTC,purchase,5020,1487580007852147670,,runail,4.08,553104492,174a48fc-ad30-87cb-15c1-20528405c8b1
2019-12-09 09:53:50 UTC,remove_from_cart,5899852,2115334439910245200,,,4.46,495664844,516b1257-e444-4d47-8c9a-da1bdb932c34
2019-12-09 09:56:14 UTC,purchase,5894918,1487580010100293687,,jessnail,1.1,476969926,f0371a82-ecc3-43cd-8734-ba9e689ce29a
2019-12-09 10:07:06 UTC,cart,5876792,1487580010100293687,,jessnail,0.94,537155601,68b137ac-0aa6-4298-8a48-0a5811d3d501
2019-12-09 10:09:50 UTC,view,5838650,1487580011283087468,,pnb,7.94,567441301,70e24f5b-f109-41b4-9ad1-2032b6797aa5
2019-12-09 10:10:55 UTC,remove_from_cart,5603933,1487580007717929935,,,0.05,438230478,af4c73c7-5f9c-4a79-8a80-21f10a679f5f
2019-12-09 10:16:15 UTC,remove_from_cart,5838753,1487580011996119176,,,2.78,263353870,642dad5e-7aee-4e2a-8c27-916af3a87b0a
2019-12-09 10:20:07 UTC,cart,5833330,1487580007675986893,,bpw.style,0.95,560360736,ced561b7-2f59-4d41-8375-c4c41054d1c4
2019-12-09 10:45:38 UTC,cart,5816174,1602943681873052386,,grattol,5.24,341557108,ae74cec4-ae31-4470-8484-84c3a75365d3
2019-12-09 11:12:48 UTC,cart,5839636,1487580005671109489,,masura,2.37,490243560,c8bf6a3b-41fc-4737-a215-faf0031e1033
2019-12-09 11:17:12 UTC,cart,5911248,1487580007675986893,,dartnails,1.43,584245706,27dcd977-fac3-4b35-a208-fca5865441c1
2019-12-09 11:18:18 UTC,view,5871048,1487580005754995573,,,4.43,533780235,fa091c06-75d8-49bd-908e-d1c6a699f58a
2019-12-09 11:23:33 UTC,cart,5855014,1487580008246412266,,estel,7.46,582311245,be2d8436-6a1c-4d1f-b544-41418ef578ff
2019-12-09 11:43:48 UTC,view,5723497,1487580005134238553,,runail,2.62,584144644,02d37609-8fa5-429b-9e8a-c5bb11cc6e59
2019-12-09 11:47:00 UTC,remove_from_cart,5808319,1783999076551885399,,happyfons,5.87,432843024,d01f3da0-90a1-4315-803f-dfa04519200a
2019-12-09 11:52:50 UTC,cart,5723529,1487580005268456287,,runail,2.94,578179271,8853f8f3-fcc9-4871-812b-05aa1eaa72b7
2019-12-09 11:53:03 UTC,view,5742412,1487580009051717646,,,33.32,464276204,9ac3f45b-80cc-450e-9ef3-0041f93c29dc
2019-12-09 11:54:17 UTC,view,5801436,1487580008447738866,,cnd,9.7,584272161,f0ff83d7-a8b1-4b2e-b595-7702c6e9974b
2019-12-09 12:35:50 UTC,view,5813292,1842735760499802745,,kinetics,9.44,584278923,0ff0846a-6f21-4cbc-80b6-97a14712b41b
2019-12-09 12:48:56 UTC,cart,5687151,1487580009605365797,,,1.9,534854460,2e6a43c9-4efc-4336-b251-a3375739194a
2019-12-09 12:54:32 UTC,cart,5752481,1487580005511725929,,,4.27,531533895,1c975eab-02b2-44a8-a30b-66b8fa6fceac
2019-12-09 13:05:03 UTC,cart,5911774,1487580007675986893,,dartnails,1.27,479443848,5d67bbad-856e-48fd-8113-76c80532df5a
2019-12-09 13:14:24 UTC,cart,5813840,1783999064069636330,,,3.79,562972374,19f5feeb-4d9d-418e-836c-425b78b80881
2019-12-09 13:26:59 UTC,view,5841190,1487580009051717646,,,47.59,584247931,45555a28-b85e-42e4-83d2-edf163390ccf
2019-12-09 13:43:39 UTC,view,5850321,1487580005754995573,,,4.92,584295432,bf537b8b-2ae9-42e7-8e9b-43d17af43e05
2019-12-09 13:47:47 UTC,view,5813812,1487580005754995573,,,4.44,427457981,e989d690-4fdb-b6a9-580d-9aadeb40ede8
2019-12-09 14:56:28 UTC,remove_from_cart,5726236,1487580005268456287,,,5.56,550376844,f99a9605-32f4-4e8a-88ea-e2ad36ac1c3a
2019-12-09 14:56:40 UTC,view,5820756,1487580006317032337,,,2.22,584257637,c78b77ea-cfbc-41b8-8dc1-2b1fbd32f112
2019-12-09 15:07:34 UTC,view,5868878,2018395024110125980,,,9.84,584358022,44c50d13-7b93-48dd-a196-616feac89ec0
2019-12-09 15:22:32 UTC,cart,5700079,1487580011585077370,,,13.21,578383290,fe883318-32be-4954-a777-a0d94412af26
2019-12-09 15:50:59 UTC,remove_from_cart,5911774,1487580007675986893,,dartnails,1.27,473549324,204bfceb-ebc7-4dd8-bf62-95e7589843d6
2019-12-09 15:54:42 UTC,remove_from_cart,5802645,1487580005754995573,,,4.44,502825187,6531a0cd-46e7-4f54-a951-0b1612c17aa8
2019-12-09 16:13:01 UTC,cart,5769876,1487580013841613016,,kapous,3.65,254869136,58910ea4-0884-4124-b6f5-c4c80bf2476e
2019-12-09 16:16:14 UTC,remove_from_cart,5885420,1487580005092295511,,grattol,6.27,508298753,8e7d0148-43b0-45d3-bae8-7ad150253c8a
2019-12-09 16:16:31 UTC,remove_from_cart,5814066,1487580005855658874,,grattol,2.3,584267763,ca1d905e-39cb-4db0-a158-229cddfb67c9
2019-12-09 16:30:18 UTC,purchase,5635074,1487580005754995573,,,4.44,575775446,1010e98d-1fc2-49d0-a74c-1922b69f4d30
2019-12-09 16:57:38 UTC,view,5911849,1487580007675986893,,dartnails,1.43,560327878,24bc5a1a-abd8-4b5a-b5d9-207dffb32b57
2019-12-09 16:59:03 UTC,cart,5782138,1638456119066100510,,pole,4.11,519690339,365110ee-8ad9-4a57-9286-443d2a4bfab5
2019-12-09 17:09:44 UTC,view,5904779,1487580007675986893,,,1.59,559190211,16038f0a-20ba-4656-b0e2-d4d7e299c13c
2019-12-09 17:11:11 UTC,view,5922,2196456817641391019,,runail,1.98,584411618,8059cf13-90bd-44b8-b7be-a321bad2f4bf
2019-12-09 17:18:40 UTC,view,5885101,1487580005713052531,,ingarden,9.44,558593100,0d63a9b4-1f02-43ec-b922-cc24d7bf8d25
2019-12-09 17:41:27 UTC,view,5902061,1487580007634043851,,de.lux,3.97,584420674,b5fae480-d245-4a7a-b632-5fb4f643d877
2019-12-09 17:44:56 UTC,remove_from_cart,5635102,1487580005754995573,,,4.44,551743057,d19b0cd7-f4dc-4264-afeb-01b1a5a1668c
2019-12-09 18:39:42 UTC,cart,5906122,1487580007675986893,,bpw.style,0.79,584451531,a33d3b63-3ba1-40e0-8e35-432bea01a636
2019-12-09 18:41:08 UTC,view,5906122,1487580007675986893,,bpw.style,0.79,488589254,f529fb5d-319e-4858-8cdf-2277f4ecbade
2019-12-09 18:44:30 UTC,cart,5821097,1487580005754995573,,,4.44,560431215,e5f19c48-0863-4176-84ae-dbb13003f7dd
2019-12-09 18:47:36 UTC,view,5910995,1487580005092295511,,runail,4.44,584113351,28bc97d0-9850-48a1-a262-7fdc50a9de2f
2019-12-09 18:50:18 UTC,view,5779809,1638456119066100510,,pole,4.11,519690339,88ded871-1d0f-477f-a0b9-a3759c3cbac2
2019-12-09 18:59:38 UTC,view,5792800,1487580005268456287,,,10.32,483042707,9f07d07e-0ac6-4bfd-9c40-7f28d28466a1
2019-12-09 19:02:01 UTC,cart,5751422,1487580005268456287,,uno,10.95,480899201,70dbf96d-67e8-4c77-8c91-7e2b4de8e35c
2019-12-09 19:16:14 UTC,view,5769877,1487580013841613016,,kapous,3.65,584467795,db53cd96-992a-416d-8d26-848ce3cd7429
2019-12-09 19:16:46 UTC,remove_from_cart,5895492,1495705810729173554,,oniq,5.56,538139609,80e7cc16-18b3-4a9e-918d-76a3ad10235c
2019-12-09 19:18:08 UTC,remove_from_cart,5743974,1487580013053083824,stationery.cartrige,italwax,1.98,584305071,9f1156cd-7b8a-4945-a67e-3dd6a0f460da
2019-12-09 19:20:09 UTC,remove_from_cart,5781355,1638456119066100510,,pole,5.56,398680291,e4c08c73-7f1f-4b83-9768-a072a7e938ba
2019-12-09 20:21:44 UTC,cart,5013,1487580008145748965,,runail,1.27,449350705,354e5399-504a-44a0-8a55-3e70c23caaaf
2019-12-09 20:22:58 UTC,view,5791010,1487580008028308447,,,61.11,242336001,c7cb652c-bbfc-45f4-a778-fd33a30c2bf5
2019-12-09 20:39:52 UTC,view,5857010,1487580005134238553,,runail,3.17,447703441,fa8b86bc-487e-4d77-8941-bde813404075
2019-12-09 21:00:01 UTC,view,5752164,1487580005092295511,,,3.97,577147281,be9f922b-8848-4f7f-a5c4-b06ad926bb14
2019-12-09 21:06:04 UTC,view,5772450,1602943681873052386,,grattol,4.76,441322258,be615f02-0335-49e5-ae4c-12cd3f7aa49b
2019-12-09 21:09:21 UTC,cart,5857775,1487580008288355308,,,4.44,214006764,4573ec95-fcb7-4541-b1b2-d5747a7e70d8
2019-12-09 21:11:14 UTC,cart,5835860,1487580011383750769,,,1.59,454589387,9c5cd4af-d76e-4124-a6d6-179538d7c6e6
2019-12-09 21:27:59 UTC,remove_from_cart,5782974,1638456119066100510,,pole,4.11,519690339,e72a235d-10d8-40fe-af3c-a272e242253a
2019-12-09 21:55:15 UTC,purchase,5797967,1487580005671109489,,masura,1.73,575854562,aef40356-bcaf-97e7-8de5-a9886708f613
2019-12-09 22:02:31 UTC,view,5692262,2140803113261466607,,staleks,4.44,522310706,343913c8-e7d0-4cbc-be6e-39dbbe64d68c
2019-12-09 23:35:04 UTC,remove_from_cart,5837918,1487580007634043851,,,0.63,552786708,f950c4cd-43d7-456d-b4c5-49b495bfec47
2019-12-10 02:46:19 UTC,remove_from_cart,5802650,1487580005754995573,,,5.56,576928457,acd54a9a-ae18-4857-b493-4555ceabe7b9
2019-12-10 03:48:33 UTC,remove_from_cart,5736312,1487580005050352469,,haruyama,3.97,542563603,7e45e309-42c1-4e25-912d-2d9900de94c8
2019-12-10 04:43:59 UTC,cart,5810445,1487580005050352469,,haruyama,3.97,268145802,5dfb4127-20f9-45d7-bfbc-d39984116307
2019-12-10 04:50:10 UTC,view,5814518,1487580013539623112,,,13.49,556692378,9dcc7ca5-94e8-41ca-b127-35d21fa547e2
2019-12-10 04:59:12 UTC,view,5584844,1487580013581566154,,levissime,4.95,564928105,387130fe-e17e-4e5b-80c6-6ba7732204b2
2019-12-10 05:14:33 UTC,view,5847433,1487580005754995573,,,4.44,523563792,9373ebce-5dd7-4f8f-94a9-40d4e4235b9c
2019-12-10 05:38:28 UTC,remove_from_cart,5909810,1487580013950664926,,,18.73,475333301,d33c6794-6c95-40bd-a8ba-a4494eb0cffe
2019-12-10 06:08:29 UTC,remove_from_cart,5862943,1487580007675986893,,freedecor,0.79,380757395,91627d0c-9326-47de-8968-d9a683899304
2019-12-10 06:34:10 UTC,purchase,5877191,1487580007675986893,,freedecor,1.43,582701729,2598cc3d-8e65-40c3-8d44-0bc302748942
2019-12-10 06:35:42 UTC,view,5842658,1487580013841613016,,,14.51,584629233,bbfefd20-dd47-4498-a28c-e2eb5b6ebdad
2019-12-10 06:53:52 UTC,view,5816175,1602943681873052386,,grattol,5.24,581378002,b1aec300-0dbf-46e1-90b6-daff87c42019
2019-12-10 07:16:52 UTC,purchase,5635098,1487580005754995573,,,4.44,523563792,de03cc13-0b9c-4728-a2a9-6432ea4e9958
2019-12-10 07:21:40 UTC,view,5906538,1487580005268456287,,,8.73,437077279,8ed4f6ac-0f53-4d4e-a2a0-694694cfdf86
2019-12-10 07:28:57 UTC,view,5799881,1487580010821714008,,,0.57,416042991,1b624ce3-e5bd-436d-aa5a-4fc3f29d5b97
2019-12-10 07:52:15 UTC,view,5809911,1602943681873052386,,grattol,5.24,339126091,f386f14c-0167-436d-b4de-459cf989ca14
2019-12-10 08:07:01 UTC,view,5825236,1487580013170524342,,,8.4,415135823,141ba649-098e-4fbc-adea-75a3bbfe2c33
2019-12-10 08:12:48 UTC,view,5852397,1487580005713052531,,ingarden,4.44,357868231,9acc1ab9-706f-4f1f-9ede-7aa2e4e132a6
2019-12-10 08:14:01 UTC,cart,5763238,1487580010125459512,,uno,2.38,346569182,e1a0bae5-d5d9-4498-b622-c1a7372bb6a3
2019-12-10 08:19:29 UTC,view,5899850,2115334439910245200,,,4.46,520704013,c3af5ff8-f874-b615-101a-7a9b9deb07c5
2019-12-10 08:40:34 UTC,view,5803580,1487580009445982239,,,1.56,564928105,387130fe-e17e-4e5b-80c6-6ba7732204b2
2019-12-10 08:45:00 UTC,view,5463,1487580009387261981,,ingarden,4.92,535778487,205291f3-dd43-4f09-9ac5-ffa7940a6d87
2019-12-10 09:00:43 UTC,view,5875513,1487580005268456287,,,2.54,528068226,b617ee1d-37cf-4086-9b80-d45f581daf5f
2019-12-10 09:32:13 UTC,cart,5758934,1487580005067129686,,,2.38,406215147,c1d13940-57bc-4d46-8e23-6e653f8fec9e
2019-12-10 09:37:45 UTC,cart,5820785,1487580006317032337,,,5.56,577628422,1dcbbb01-9ab0-4450-a453-9a4b47acb439
2019-12-10 09:42:19 UTC,remove_from_cart,5843836,1487580009286598681,,,0.38,505786398,327f454e-3553-4944-9324-489d2d6d12f4
2019-12-10 09:46:43 UTC,view,5747788,1487580009051717646,,,46.83,246927916,a907ba13-5541-4a8a-b659-cd15e193ac7c
2019-12-10 09:51:11 UTC,cart,5649219,1487580005268456287,,,7.14,383269951,978f5d5b-e596-4440-ae05-0092ec3f1c2d
2019-12-10 09:58:31 UTC,cart,5758952,1487580005067129686,,,2.38,530869805,50307fbd-17f2-4e62-bfac-71075ba6bc4e
2019-12-10 10:18:19 UTC,cart,5911827,1487580005671109489,,masura,1.73,186631290,a67665d4-bd76-4aea-a8a7-0cf5cc64c519
2019-12-10 10:24:23 UTC,purchase,5815662,1487580006317032337,,,0.92,453758644,3da96511-79fb-4598-b6a2-4a736494308a
2019-12-10 10:27:44 UTC,cart,5850006,1487580005595612013,,,3.0,575251448,e659ae84-d345-43ee-964c-ac71453293c7
2019-12-10 10:34:12 UTC,cart,5687151,1487580009605365797,,,1.9,562566640,5b8f5a77-a256-4736-9606-45ca6fa00d9e
2019-12-10 10:49:07 UTC,cart,5561284,1487580009605365797,,runail,0.44,246418939,6fc7f068-dbb9-4049-a77b-d121f8f685f6
2019-12-10 11:18:19 UTC,view,5549840,1487580005268456287,,,4.29,583446401,b7071a0b-cec3-4f85-9619-e006cda785b3
2019-12-10 11:45:17 UTC,remove_from_cart,5861760,1487580006350586771,appliances.environment.vacuum,emil,71.43,566697209,3f79101c-a217-4599-a5a0-a82d73ac8ff5
2019-12-10 11:50:28 UTC,cart,5810672,1487580013069861041,,italwax,10.32,440602147,fa4e6036-46d0-498a-a5aa-bab1e92d40af
2019-12-10 11:53:59 UTC,view,5714899,1487580005511725929,,,4.27,584765411,55244f0d-05d4-446b-bf01-c6d289428fa3
2019-12-10 11:59:01 UTC,view,5902760,1487580006962955182,,ingarden,5.08,567386843,88695ff0-2e51-437e-882e-37f6cb0046ba
2019-12-10 12:24:07 UTC,remove_from_cart,5808547,1487580008313521133,,kapous,3.81,505786398,c160eca1-3435-4e6b-ad17-6ad50cb51b12
2019-12-10 12:37:42 UTC,view,5700869,1487580013011140782,,irisk,1.59,545453010,38f0b778-2a03-4a7a-8787-202a4fb2fbc6
2019-12-10 12:40:25 UTC,remove_from_cart,5855011,1783999067156644376,,estel,7.46,579257150,94b57fca-ae57-4072-b39b-efe15738dad4
2019-12-10 12:47:24 UTC,view,5668430,1487580005511725929,,,2.68,527994501,33434488-37ed-465b-9019-a1c43843fa0f
2019-12-10 12:52:21 UTC,cart,5809910,1602943681873052386,,grattol,5.24,584795506,373ca672-1238-4358-986a-62d69593fd88
2019-12-10 13:48:13 UTC,remove_from_cart,5845387,1487580013858390233,,,0.9,543228204,0a16c13e-c385-4345-92d8-a5be6b88fa7c
2019-12-10 13:49:21 UTC,view,5866577,1487580005008409427,,f.o.x,6.03,568116374,5c86d158-bb47-41a0-a753-b06b30c80b7f
2019-12-10 14:09:43 UTC,view,5849034,1487580007634043851,,uno,7.14,584815618,bdafd748-d3c4-46ec-94ac-338d1d58dc46
2019-12-10 14:14:17 UTC,view,5907878,1487580007675986893,,,1.43,542749701,2bb7d1f2-b623-4471-8104-3c48cba9620e
2019-12-10 14:20:42 UTC,cart,59002,1487580013581566154,,refectocil,7.46,577703205,39e1b961-22ca-4075-9e4c-78e6e2754fa1
2019-12-10 14:39:10 UTC,remove_from_cart,5677604,1487580010100293687,,,1.27,472506428,4da08ae4-3439-4398-bc37-ec9fdd011c38
2019-12-10 15:04:00 UTC,remove_from_cart,5910994,1487580005092295511,,runail,4.44,409541637,e7b841e2-9d8e-4afd-b053-111afcfdeae7
2019-12-10 15:04:45 UTC,purchase,5901870,2007399943458784057,apparel.glove,benovy,7.46,429134388,bf11ac60-3ef0-42c6-9015-769d00afa350
2019-12-10 15:26:11 UTC,remove_from_cart,5769900,1487580013841613016,,kapous,3.65,584861156,eb6c08d8-4ade-4aea-bae7-4d1a795433e5
2019-12-10 15:33:38 UTC,cart,5776130,1487580013472514244,,art-visage,1.98,503340600,cdffd7d5-241f-445a-aeaf-2025e304a787
2019-12-10 15:52:28 UTC,remove_from_cart,5843836,1487580009286598681,,,0.38,471173100,af36d8ee-e96c-490e-9b7d-b4d4048771f6
2019-12-10 16:17:41 UTC,view,5884284,1487580013413793985,,,3.44,575444622,6692fe80-55aa-481e-a322-dbf7fa05250e
2019-12-10 16:47:43 UTC,remove_from_cart,5816169,1602943681873052386,,grattol,5.24,248780538,9e18ef8e-3e12-43f8-878a-dd807eac4371
2019-12-10 16:51:05 UTC,view,4905,1487580009471148064,,runail,1.19,584274360,b5cab804-4ce9-4df4-9261-7f55942e03bb
2019-12-10 17:03:16 UTC,cart,5670721,1487580010796548183,,,0.48,577628422,965dfca0-4e78-a9e6-1d53-a179e6e025b2
2019-12-10 17:09:43 UTC,remove_from_cart,5700025,1487580010100293687,,runail,1.9,570310363,7c16e9c0-4978-44e6-82db-a5f0a32bf6cb
2019-12-10 17:25:45 UTC,purchase,5797142,1487580005754995573,,,4.44,433645364,595a4013-5152-454a-8f5e-21c137df881f
2019-12-10 17:28:23 UTC,cart,5876793,1487580010100293687,,jessnail,0.94,584922755,d07d19b8-206a-43b1-9c68-27afff3031ca
2019-12-10 17:38:14 UTC,purchase,5783359,1658462125284131265,,uskusi,3.97,573428601,6fd39769-096a-4bc9-9a74-33d87bfa4a3a
2019-12-10 18:06:46 UTC,view,5783929,1487580005595612013,,,2.06,469522097,efe407f0-982f-4a92-980d-dc6c1160fd19
2019-12-10 18:31:28 UTC,view,5621739,1487580009605365797,,,2.05,557908515,96f1d76d-51ea-4f9c-bcd6-162bf40da220
2019-12-10 18:50:29 UTC,view,39918,1487580008657454075,,,2.86,584963891,63e33ded-0f43-4617-8413-3e87235733b8
2019-12-10 18:51:28 UTC,view,5655985,2140803113261466607,,metzger,5.0,517770688,76472cf8-9edd-4c8c-97fa-9f45092d18c6
2019-12-10 19:02:50 UTC,cart,5781942,1487580008145748965,,,5.37,523799008,97f1a8ec-9b73-49e9-a309-3abdff7ac906
2019-12-10 19:04:45 UTC,view,5635079,1487580005754995573,,,4.44,459540377,beac319a-88e8-43db-98e9-d6cd6184f444
2019-12-10 19:12:05 UTC,view,5885586,1487580006350586771,appliances.environment.vacuum,polarus,68.1,365791363,22bfa6b2-6ebb-48ef-9d1b-151d811e17ef
2019-12-10 19:19:22 UTC,purchase,5684587,1487580013841613016,,estel,2.62,567343031,430071b8-7e96-fb59-f511-2267bc921e11
2019-12-10 19:28:59 UTC,remove_from_cart,5891350,1487580010100293687,,,0.94,552164886,d9a28e11-94ae-4ff8-b9b1-05158c735ab2
2019-12-10 19:41:21 UTC,view,5809910,1602943681873052386,,grattol,5.24,471339588,dd97e59b-5594-4a28-b326-35c0fd695403
2019-12-10 19:56:26 UTC,cart,5818478,1487580009445982239,,,0.98,457507262,5222f07a-738e-4491-80c4-edc4e3e254bf
2019-12-10 20:03:32 UTC,view,5861979,1487580009521479714,,,20.57,584984779,36469a60-ec21-4513-8cd0-f1d7518132f9
2019-12-10 20:21:14 UTC,remove_from_cart,5635068,1487580005754995573,,,4.44,521907826,64c52e3a-639a-4f84-8ea7-33640a221bd7
2019-12-10 20:24:07 UTC,cart,5696306,1487580013581566154,,estel,5.4,560626136,06efaabf-973e-4b1b-b4f1-5a13570c7f2a
2019-12-10 20:24:14 UTC,view,5688825,1487580008145748965,,,6.27,438480091,3c20a8da-2c5b-4e28-921c-067d48ef134b
2019-12-10 20:28:16 UTC,view,5883961,1783999067156644376,,,8.22,570299466,0a3b6620-3976-4b65-b720-dff44b8236e3
2019-12-10 20:28:26 UTC,view,5887689,1487580013170524342,,shik,14.13,584938082,1c379196-298a-4d21-bab8-63fb5b532227
2019-12-10 20:48:02 UTC,cart,5912762,1487580010335174721,,keune,25.46,585010306,d0268c61-3cc3-4767-acf5-8121c5f7d4c2
2019-12-10 20:48:04 UTC,view,5785144,1487580013950664926,,runail,11.83,569444218,22179f78-f589-4e0f-96eb-1a5dad7772c3
2019-12-10 21:05:36 UTC,cart,5861595,1487580008263189483,,lador,5.76,529616351,7c423b63-d94e-4cc1-abc0-a299db09cd01
2019-12-10 21:23:42 UTC,view,39956,1487580010125459512,,,2.86,585004506,c2a43191-599d-4c8f-a02b-d0733158b400
2019-12-10 21:37:25 UTC,view,5870369,1487580007675986893,,,2.06,548228624,f57619e9-0080-42f0-8d81-6bc2e873bbd2
2019-12-10 21:39:55 UTC,view,5877490,1487580007675986893,,freedecor,2.38,438739428,78dbcd84-f5c9-433b-8104-da7d0c8c0f66
2019-12-10 21:46:00 UTC,cart,5843569,1783999071199952917,,,0.48,471997543,3e4f5e01-8d8c-4ff1-9d73-c07e81d10c23
2019-12-10 22:02:11 UTC,cart,5861591,1487580009143992338,,lador,2.22,525293800,18936e99-d168-4683-9ec7-5800d1dfdb98
2019-12-10 22:14:02 UTC,remove_from_cart,5854840,1602943681873052386,,grattol,5.24,476450673,79eb364b-21c0-4019-b9c9-7c9bc6c3fae2
2019-12-10 22:28:30 UTC,view,5911192,1487580008112194531,,dewal,2.29,559105618,fc360385-8294-4a5b-99ba-a6a113166d54
2019-12-10 22:31:46 UTC,remove_from_cart,5747356,1487580010821714008,,,0.95,446086754,45721d24-9ca9-45aa-91f0-37ac4930034b
2019-12-10 22:55:50 UTC,cart,5844670,1487580007852147670,,bluesky,0.79,506382407,e98ab75a-4b8e-4fcc-ad98-0a042acad78f
2019-12-10 23:28:52 UTC,view,5909810,1487580013950664926,,,18.73,585052942,3f3638bc-f0c3-4833-8ea2-fe0a94666833
2019-12-10 23:35:25 UTC,view,5853474,1783999067156644376,,,6.08,378421588,26c849f8-6b1e-40e2-ba05-de6ac7b0d619
2019-12-11 00:01:23 UTC,cart,5900874,1487580005511725929,,,5.56,585031257,87535dca-a9f6-40f2-9138-afb47b63db87
2019-12-11 02:35:45 UTC,cart,5900578,1842735760499802745,,kinetics,9.44,444939601,0a3ad25d-7b8b-46ea-9a97-903f9c250541
2019-12-11 03:00:18 UTC,remove_from_cart,5837928,1487580007634043851,,,0.63,585074395,9bdd42c6-0072-4e7a-b2b6-6a6265cead50
2019-12-11 03:32:59 UTC,cart,5843597,1783999071199952917,,,0.79,523082975,aab6fa00-b6c9-4704-abbe-acdd39ee7c42
2019-12-11 04:38:49 UTC,view,5861591,1487580009143992338,,lador,2.22,585085932,2f561f95-34ff-4265-a702-41bfb262bda6
2019-12-11 04:51:00 UTC,view,5676287,1487580006300255120,,marathon,137.78,555613264,c2b4dfd3-7a30-496c-bfaa-0939ce937e6a
2019-12-11 04:52:57 UTC,cart,5802441,2151191070908613477,,,2.16,585110176,78c2556c-d3cb-40e0-9c68-7f2d7d17a0c9
2019-12-11 05:28:00 UTC,remove_from_cart,5814066,1487580005855658874,,grattol,2.3,561521307,47d207cb-9dab-404e-bec6-2f15c432e44a
2019-12-11 05:41:20 UTC,cart,5806922,1487580005092295511,,grattol,6.27,407870215,956b7cd5-e373-412e-b2e5-41b29af94bbc
2019-12-11 05:53:10 UTC,remove_from_cart,4591,1487580007483048900,,runail,5.95,578118474,eef00d66-d500-4212-b842-a11bec1c11d4
2019-12-11 06:28:55 UTC,view,37987,1487580009177546772,,runail,42.86,570587864,b32c4b90-76c8-4b7c-946a-94715686405d
2019-12-11 06:31:13 UTC,view,5707957,1487580007717929935,,milv,0.79,585150761,186fc57a-abfb-41cd-a1ac-7344d8fb6d10
2019-12-11 06:35:23 UTC,view,5909810,1487580013950664926,,,18.73,490877202,c4a5077d-3c8f-4c1d-9cf3-0dda68c2d50f
2019-12-11 07:10:39 UTC,view,5700502,1487580005268456287,,,4.29,579775727,e1386675-5967-4197-93af-e519259ad1e1
2019-12-11 07:20:30 UTC,view,5896157,1487580006451250072,,airnails,1.43,552693830,e7ba74d4-981f-4dde-b57b-97dbb40128e6
2019-12-11 07:50:38 UTC,view,5713562,1783999064103190764,,,12.54,489992190,18e6fc53-9ad0-441b-a4a7-c8565ee161d8
2019-12-11 07:57:07 UTC,cart,5875317,2029082628195353599,,,1.59,557452162,71d7c734-7b11-4af4-a37c-ff676d6eaee9
2019-12-11 07:57:37 UTC,remove_from_cart,5840357,1487580011383750769,,,1.59,585191705,ef5917fb-0138-4a85-95ba-325e7a899e0f
2019-12-11 08:22:14 UTC,cart,5659900,1487580006409307030,,airnails,2.86,568697840,f9340b0b-006b-4f3c-a6ad-cc2eef99c1e6
2019-12-11 08:28:13 UTC,remove_from_cart,5870806,1487580007675986893,,milv,0.79,573973133,70de7359-3005-46f0-9643-9fb28c268030
2019-12-11 08:56:26 UTC,remove_from_cart,5904926,1487580007432717250,,runail,1.9,528015061,4308dfb3-09ce-4973-9100-773b919cf50e
2019-12-11 09:02:58 UTC,view,5867040,1783999064136745198,,de.lux,2.86,569679769,52c5e08a-3186-447f-ab38-47fcb9752cad
2019-12-11 09:04:02 UTC,view,5861970,1487580008246412266,,estel,15.87,564100705,43b4462e-ffb8-4bad-bf24-ee733787451d
2019-12-11 09:12:27 UTC,cart,5825292,1487580013170524342,,,10.3,584858288,248da930-689e-88c6-a92a-7aa139f38c7e
2019-12-11 09:15:06 UTC,cart,5700037,1487580009286598681,,runail,0.4,571549118,3e3cd75f-0a8f-4938-a6cc-8a4f3ac90b02
2019-12-11 09:25:50 UTC,cart,5911742,1487580005671109489,,masura,1.73,585216874,765729db-d7a9-4c69-8b37-04fa1102486d
2019-12-11 09:26:02 UTC,cart,5818464,1487580005855658874,,,1.84,460275619,eb9e8446-4bdf-4738-a2dd-ad862a8dc96b
2019-12-11 09:59:05 UTC,view,5902675,1487580012071616651,apparel.glove,naomi,7.87,540571524,5b96156c-cb52-40b3-a8b7-af13e939984f
2019-12-11 10:24:07 UTC,view,5670733,2196456817641391019,,,1.43,585270751,7fc08499-96e4-4659-836b-b4a96c8d5436
2019-12-11 10:40:21 UTC,view,5735080,1487580010125459512,,irisk,2.38,570210943,635d4cf7-31d6-2625-4e92-3adbd91d2808
2019-12-11 11:06:40 UTC,cart,5801494,1487580008246412266,,kerasys,11.11,247191570,7e40a9a0-c60e-4fe9-8fb6-5b19d4f7da3a
2019-12-11 11:12:58 UTC,view,5714240,1487580006434472855,,jas,123.81,576428476,0ff5ac35-dcb5-4db8-b8bc-717997787283
2019-12-11 11:53:22 UTC,view,5676287,1487580006300255120,,marathon,137.78,585310138,a9f94fda-0bb8-456e-9b17-6a554013530c
2019-12-11 12:15:40 UTC,view,5852022,1511892746070131099,,uno,9.37,538880967,a294e2c5-72b2-49c0-ae01-494b442d88e1
2019-12-11 12:25:28 UTC,purchase,5815758,1487580007256556476,,domix,4.57,443028970,5c05af80-fb1c-4a4d-8516-1639304c9f46
2019-12-11 12:57:07 UTC,view,5909810,1487580013950664926,,,18.73,585344542,0a9f1a6d-298f-472e-9d76-0d9936bd6b17
2019-12-11 13:06:10 UTC,view,5854824,1602943681873052386,,grattol,5.24,348455450,3c80eb05-98a2-4521-a585-887ab236a6ff
2019-12-11 13:22:06 UTC,remove_from_cart,5896431,1487580006350586771,appliances.environment.vacuum,jessnail,53.17,526171762,1908d7c1-75d0-488c-a847-ca3b9e2d5c8c
2019-12-11 13:57:11 UTC,cart,5912858,2018287324474901238,furniture.bathroom.bath,,5.87,585199923,557fbd75-421b-45c7-83c0-bbe58e79f400
2019-12-11 14:02:12 UTC,view,5877489,1487580007675986893,,freedecor,2.38,585334052,fdb09d37-8f55-404f-865d-cbcc8a332502
2019-12-11 14:10:16 UTC,cart,5622690,2195085255034011676,,,1.89,550178925,e6be54de-8bad-41db-a312-10e9e805e91f
2019-12-11 14:14:56 UTC,view,5843279,1487580008288355308,,,7.3,585383002,76d0a878-833c-4eac-9762-028bb0593d2b
2019-12-11 14:17:43 UTC,cart,5863541,1487580011627020412,,,6.19,573886104,9b84f74f-9738-4bf4-aa16-f75c31b32100
2019-12-11 14:37:15 UTC,view,5693501,1487580009445982239,,,0.6,568407203,459c065e-d47f-4dd9-b9dd-c7587a5fc993
2019-12-11 14:45:40 UTC,view,5726156,1487580006644188066,,,5.56,585396032,d816d38b-ab8e-414c-b1b9-28e9ea6b48e3
2019-12-11 15:01:35 UTC,remove_from_cart,5861811,1487580007675986893,,de.lux,1.59,539186441,4e8eba20-fea4-4fbb-ae58-55b06aa33d0a
2019-12-11 15:03:06 UTC,cart,5774340,1783999064136745198,,runail,4.13,548837598,d0dfefc1-e66a-4de1-bcf5-7eaf253fafc4
2019-12-11 15:36:37 UTC,purchase,5699737,1487580004882580302,,,2.7,508694349,925ab3b6-cd62-4503-b3ca-206abe7719a3
2019-12-11 15:41:27 UTC,cart,5894907,1487580010100293687,,jessnail,1.1,416569691,eaa057d4-a105-419b-8f5a-2720de68eb94
2019-12-11 16:15:48 UTC,view,5713014,1487580008011531230,,coifin,55.56,559612772,ee920d5a-18e9-4a00-b74e-122b39b2b10b
2019-12-11 16:43:05 UTC,view,5857937,1761186209054327497,,limoni,2.46,566557024,535d58fb-c35d-4ad2-b393-a63183fe3b9d
2019-12-11 16:49:53 UTC,view,5869459,1487580011534745720,,siberina,2.46,236146870,a39578c6-310e-4281-b739-e2fcc59c7cfc
2019-12-11 17:00:40 UTC,view,5779406,2151191071051219817,,,2.86,569661887,61f047b5-0cc6-4c1a-81f0-b069abb11906
2019-12-11 17:33:12 UTC,cart,5835343,1487580010100293687,,,3.1,418299478,f70169b9-eef2-43de-9e55-a34c5479ee40
2019-12-11 17:41:49 UTC,view,5863857,1542195323827388674,,missha,22.43,575905797,0a78439b-d50a-43ef-82da-14c94eaa2544
2019-12-11 17:45:00 UTC,view,5848910,1487580007675986893,,bpw.style,0.79,560393768,d2dce8e9-e3e7-4d94-9f25-fb07bf384b9c
2019-12-11 17:54:31 UTC,view,5821098,1487580005754995573,,,4.44,440990218,e73c03b5-687d-420b-bb2c-6099d793ed7d
2019-12-11 17:54:46 UTC,view,5833318,1487580007675986893,,bpw.style,0.79,273567538,e50d9464-a18c-4b9d-970c-ab0ebce4123c
2019-12-11 18:05:47 UTC,remove_from_cart,5875359,2084144451428549153,,,2.05,284512851,f4ff0b96-64c1-4e8b-8c90-8c51110949ab
2019-12-11 18:13:11 UTC,cart,5899848,2115334439910245200,,,4.02,336498223,db8593fa-f9da-4ec8-ae17-3fbec514974a
2019-12-11 19:03:46 UTC,view,5560754,1487580006300255120,,strong,194.44,585516759,2d89afd7-a112-4c48-8005-87563bed325a
2019-12-11 19:26:56 UTC,cart,6901,1487580010955931741,,runail,0.63,440280329,51503241-cba1-407b-aaf4-a5e7cb7754fb
2019-12-11 19:31:30 UTC,remove_from_cart,5884012,1487580008347075566,,,3.89,519517716,a5497c2f-e38a-44cf-a9fc-99e7d6c05847
2019-12-11 19:37:17 UTC,cart,5276,1487580010100293687,,runail,2.46,440280329,51503241-cba1-407b-aaf4-a5e7cb7754fb
2019-12-11 19:38:46 UTC,cart,5834722,1487580005754995573,,,4.44,540060805,133e718a-dd70-46a2-ac1f-dff8e5cf1efd
2019-12-11 19:41:59 UTC,cart,5801771,1487580005671109489,,masura,1.73,585531805,a0c41388-eae7-4458-8208-ce91c8ebaee5
2019-12-11 19:52:08 UTC,view,5769914,1487580013841613016,,kapous,3.65,585536614,77786236-df7b-4562-a76b-86b4d90b0919
2019-12-11 20:00:40 UTC,view,5587766,1487580006317032337,,irisk,2.54,584212706,f45402ca-453c-61a2-073b-38d3da66e667
2019-12-11 20:05:07 UTC,view,5736321,1487580005050352469,,haruyama,3.97,581477151,247bda30-572c-41da-bad6-502435b09c10
2019-12-11 20:12:00 UTC,remove_from_cart,5814046,1487580005092295511,,grattol,6.27,460119043,fa3d9339-4090-419d-b33f-9cb9583e0f37
2019-12-11 20:25:14 UTC,purchase,5846814,2140803113261466607,,browxenna,12.54,583538637,f75222fa-b99b-42b2-b96e-9a4430bc83f1
2019-12-11 20:32:22 UTC,remove_from_cart,5844745,1487580006317032337,,,3.35,370332097,8297e2fc-1ec1-4fa7-9c39-d6b679e185ce
2019-12-11 20:40:27 UTC,cart,5809910,1602943681873052386,,grattol,5.24,575128017,0f4a22de-54dc-4c1a-8299-5d6d8fe7dac6
2019-12-11 21:23:35 UTC,cart,5869138,1783999064136745198,,cosmoprofi,6.35,526977222,a5bc69e6-89ef-434f-aa4c-27c2701e3762
2019-12-11 21:54:06 UTC,remove_from_cart,5695643,1487580013841613016,,estel,2.62,580376686,14c38ec0-104a-4c28-83ef-cf5e33a8119e
2019-12-11 22:36:16 UTC,view,5908255,1487580007675986893,,,1.43,576757781,5887fde3-1898-4ba7-9645-da70dbd2ffed
2019-12-11 22:41:00 UTC,cart,5813288,1842735760499802745,,kinetics,9.44,443919464,4a4e2ad5-6fcf-aac5-f3f4-f1fdcecf0f6c
2019-12-11 22:41:07 UTC,view,5877453,1487580006300255120,,jessnail,54.29,585583530,16af7454-6352-4161-914e-493b46d5c45f
2019-12-11 22:47:38 UTC,view,5908188,1487580007675986893,,,1.43,542749701,4e00ec4b-2632-4e16-90f5-5681895d5888
2019-12-12 00:24:42 UTC,view,5869144,1783999063314661546,,cosmoprofi,7.94,463548559,20f3f3e3-0dda-67aa-6709-7ef9390cf1a1
2019-12-12 04:40:50 UTC,view,5375,1487580006132482952,,runail,1.35,585650912,9bb99468-f5d6-4d85-9eb3-76f8753d415b
2019-12-12 04:43:57 UTC,remove_from_cart,5815055,1487580005461394279,,bluesky,5.24,421988557,c89d9ec2-d3e2-4cd8-9e3f-38f6595d4278
2019-12-12 04:58:12 UTC,cart,5838941,1487580005713052531,,ingarden,4.44,464593664,2404a9dc-1aac-48f5-b199-e1d91626d9b5
2019-12-12 05:11:04 UTC,cart,5911708,1487580005754995573,,,4.44,522250037,71de1951-0523-4051-965e-f4ed00a0233a
2019-12-12 05:16:10 UTC,cart,5649830,1487580006434472855,,jas,3.49,466987048,2bf68af2-f8c7-490c-8148-917fd0cdadbc
2019-12-12 05:20:30 UTC,view,5677166,1487580008246412266,,estel,4.29,585460969,e80bdacb-0fe2-4654-a1bf-ed198b154483
2019-12-12 05:32:31 UTC,purchase,5817702,1487580009496313889,,,0.63,575255211,2f13992c-1b9a-4582-ada4-cd1038daf58a
2019-12-12 05:41:31 UTC,view,5885377,1487580007675986893,,bpw.style,1.9,585654512,da1520f2-b6a6-48c5-951b-7e9a4d32c172
2019-12-12 05:48:28 UTC,purchase,5550302,2195085255034011676,,,1.21,585658430,8417290f-20ec-4371-8b52-0a0dc8200ea7
2019-12-12 06:03:20 UTC,view,5806922,1487580005092295511,,grattol,6.27,287941097,ff73341e-f39d-42cf-b10a-55271104c699
2019-12-12 06:17:55 UTC,view,5700046,1487580009286598681,,runail,0.4,580660398,636d8bcc-886a-43b2-8ff3-d29d1bd96c6b
2019-12-12 07:04:42 UTC,view,5809910,1602943681873052386,,grattol,5.24,485307014,1b752cc4-829a-4b4e-9316-b54dc9a881a1
2019-12-12 07:09:42 UTC,remove_from_cart,5743751,1487580012642042013,,,6.19,571746407,6bfd68b5-b61d-5cf4-da38-55986cf35a14
2019-12-12 07:14:56 UTC,view,5861734,1487580008246412266,,,23.81,460310019,82d474c7-cf6d-4f00-a04a-39634fa54ef3
2019-12-12 07:16:16 UTC,view,5870851,1487580007675986893,,milv,1.59,405483488,f3d73bab-e0a8-4766-bd56-5bddc024761d
2019-12-12 07:19:46 UTC,view,5830600,1487580008246412266,,zab,19.27,492827342,44edae62-6127-4a7f-9320-9161dd0d53bf
2019-12-12 08:05:45 UTC,purchase,5843585,1783999071199952917,,,0.79,571906276,a218c87e-6a7f-43ad-81af-8fe3fe5800a7
2019-12-12 08:17:42 UTC,view,5867632,1487580004916134735,,,6.35,248460295,c8e79fb3-85db-4fe0-b358-6e30098d9b07
2019-12-12 08:44:52 UTC,remove_from_cart,5700025,1487580010100293687,,runail,1.9,498033622,2638da1c-d32d-463e-8a6d-1494b35d13fc
2019-12-12 09:05:11 UTC,view,5884033,1487580008347075566,,,4.06,453454624,f3168f72-4852-4e2f-a76f-d6200160994f
2019-12-12 09:07:41 UTC,cart,5650594,1487580007936033754,,metzger,5.16,512311483,5ffac2f1-eaae-44ce-bc56-5871beea49da
2019-12-12 09:31:10 UTC,cart,5875319,1487580010100293687,,,0.92,401391069,9e8d85a4-bcb6-4856-bb36-cf05147befc9
2019-12-12 09:45:51 UTC,view,5896496,1487580010318397504,,concept,7.86,585779886,de1bd902-91c3-4007-9acd-6f4433721b81
2019-12-12 10:02:57 UTC,purchase,5831613,1487580005268456287,,,15.08,533036939,db0ef85c-dd82-4960-8c61-722f05af16ab
2019-12-12 10:14:49 UTC,remove_from_cart,5834740,1487580009445982239,,,3.17,548294781,45427ba7-df2c-4d33-976a-04d5a750e99d
2019-12-12 10:27:10 UTC,view,5645126,1487580009286598681,,,2.38,584124257,d3a91b5b-5261-4672-b973-8ea65e6b0561
2019-12-12 10:37:52 UTC,cart,5813819,1487580005754995573,,,4.44,585804352,0edcada3-4e52-43e2-8afc-bcad697f1d58
2019-12-12 10:51:03 UTC,cart,5893943,1487580006962955182,,masura,3.95,418133724,c909bbf2-4ed5-2c3b-4c86-0fe95d9f0db6
2019-12-12 10:53:35 UTC,view,5711104,1487580005008409427,,f.o.x,6.03,408330929,d459988d-afea-40f3-820e-dcca595b3f33
2019-12-12 11:03:35 UTC,purchase,5817692,1487580010872045658,,,0.79,539691934,256f5267-3ccd-40b0-8e9b-ad505faeab26
2019-12-12 11:03:35 UTC,purchase,4768,1487580010796548183,,runail,0.38,539691934,256f5267-3ccd-40b0-8e9b-ad505faeab26
2019-12-12 11:27:35 UTC,view,5870802,1487580007675986893,,milv,0.79,474522249,5b9b60a8-f08e-4293-8c70-ca6925093199
2019-12-12 12:15:07 UTC,cart,5843573,1783999071199952917,,,0.48,562580997,73ffe022-12f5-4751-bc62-866b2985b576
2019-12-12 12:18:22 UTC,view,5700046,1487580009286598681,,runail,0.4,585596476,130c684c-2959-43fd-9609-4e23f8608ea3
2019-12-12 12:22:59 UTC,cart,5758958,1487580005067129686,,,2.38,543626961,acb4d752-cf6a-4938-92f1-fa5c03e84534
2019-12-12 12:35:05 UTC,cart,5869144,1783999063314661546,,cosmoprofi,7.94,557973547,845a228b-c4f5-4a50-88ab-360665126c1b
2019-12-12 12:53:17 UTC,purchase,5742414,1487580009051717646,,,34.9,505366547,ad5b4131-2cac-45c2-9381-67696f717cea
2019-12-12 12:53:35 UTC,view,5587768,1487580006317032337,,irisk,2.54,510932844,f9b623cb-3635-436b-a7d5-67cf5ee89853
2019-12-12 13:02:56 UTC,view,5854881,1487580009445982239,,irisk,0.24,351595172,8b687e40-219f-493e-bb41-4ab5116e1097
2019-12-12 13:10:57 UTC,view,5802727,2151191071051219817,,,2.86,585866084,dabb2720-f3d7-43ff-a538-bd75b3a50837
2019-12-12 13:27:41 UTC,view,5787963,2151191071378375538,,,14.13,552173830,f583cc95-b2c7-4d36-a7ff-4aef19d014d0
2019-12-12 13:34:56 UTC,view,5864806,1487580005595612013,,,2.4,541935444,e6a491ab-4965-4c2c-8b1a-3d3f2966fed7
2019-12-12 13:44:12 UTC,remove_from_cart,5811384,1487580005528503146,,pnb,5.56,555536632,7c1a82fa-c508-497e-9e0c-2c8fe3224ac7
2019-12-12 13:56:39 UTC,cart,5896436,1487580007575323592,,milv,1.59,565365157,9c7deabd-4797-4280-872b-8ff8689885af
2019-12-12 14:10:12 UTC,cart,5885420,1487580005092295511,,grattol,6.27,556168985,3f417d13-2c7d-4b80-833d-2472efa113c8
2019-12-12 14:12:55 UTC,purchase,5700073,1487580009362096156,,runail,0.95,585895891,5a8a1746-81ba-46d5-80ae-94dd0e6ea981
2019-12-12 14:21:05 UTC,cart,5823969,1487580005268456287,,uno,17.46,585895464,21d5acba-e3d7-4a5d-a1d6-e52f9752d5f0
2019-12-12 14:36:04 UTC,purchase,5815662,1487580006317032337,,,0.92,574312354,6951bbfa-82d8-4103-b099-5ed47d99451c
2019-12-12 14:38:42 UTC,view,5855565,1487580011627020412,,,3.17,571531764,6612374c-6e6f-43c6-b74c-15d93160d149
2019-12-12 14:40:53 UTC,view,5677366,1487580008246412266,,estel,7.3,569043417,9ceff56c-a3b4-46dc-8992-0d4aa4c4951d
2019-12-12 15:36:59 UTC,remove_from_cart,59973,1487580012994363565,,,5.87,524450383,c4c09739-1c06-4bb4-816b-fa1afcec3640
2019-12-12 16:01:08 UTC,view,5847433,1487580005754995573,,,4.44,581967235,63f8823f-eb79-4ca2-a6d1-7e3ed9b8834e
2019-12-12 16:07:47 UTC,cart,5903794,1487580007675986893,,,1.59,493851626,361d1d71-54ec-40e8-a43c-191188efd040
2019-12-12 16:22:40 UTC,cart,5902639,1487580009143992338,,lowence,1.9,525293800,795d2924-91c3-17c1-dcb1-16d728cdc6c5
2019-12-12 16:24:40 UTC,remove_from_cart,5809897,1602943681873052386,,grattol,4.76,446087302,00da39b0-bfe7-4d5a-a4ad-c5a3dcb46b06
2019-12-12 16:55:42 UTC,view,38483,1487580006300255120,,runail,64.29,491412598,bac05bbb-0368-4736-8652-5244b1a878eb
2019-12-12 17:08:59 UTC,purchase,5820072,1487580013749338323,,concept,6.19,550972157,b3cdab81-4841-4e83-b849-fd849509b9c8
2019-12-12 17:27:24 UTC,cart,5905559,1487580009605365797,,runail,2.86,546378463,105335c0-2be0-4b80-8815-c607dd3d84bb
2019-12-12 17:49:32 UTC,cart,5869144,1783999063314661546,,cosmoprofi,7.94,585966882,35c3eb14-1465-4aba-9d0c-11ac9e196739
2019-12-12 18:03:31 UTC,cart,5816173,1602943681873052386,,grattol,5.24,333657864,ab14d655-964e-4f9e-93bd-f8a2f30e2500
2019-12-12 18:12:54 UTC,view,5697545,1487580013950664926,,airnails,107.94,586003779,6686d9c5-f278-4fbc-a70c-3d9000bdf0ff
2019-12-12 18:16:36 UTC,view,5811594,1487580005528503146,,pnb,5.56,392858362,1f13edb3-973f-3ddd-f5d8-a6bd0e78657d
2019-12-12 18:44:06 UTC,remove_from_cart,5808291,1487580013858390233,,kapous,0.86,586004717,ccb40ec7-99b8-4085-8b60-2eac4e79546c
2019-12-12 18:48:08 UTC,view,5808567,1495705810662064688,,irisk,2.38,566256331,5c0213b2-31b5-4228-83fa-1401430e51c5
2019-12-12 18:51:21 UTC,remove_from_cart,5867873,1487580007717929935,,airnails,1.27,399507436,011a5061-d554-4df9-9707-407dd770f15c
2019-12-12 18:51:31 UTC,cart,5686079,1487580008145748965,,,0.51,586019384,a08e5cd6-1275-46a4-a8dc-e96d85f2cc25
2019-12-12 19:07:41 UTC,cart,5839682,1487580005671109489,,masura,2.37,586022542,e22d8c2a-cb55-493a-a7c3-9efb55defb20
2019-12-12 19:09:29 UTC,remove_from_cart,5835260,1597770225539875791,,,7.94,582733788,5eb8744f-0daa-476d-a442-fcf358e2691d
2019-12-12 19:09:54 UTC,cart,5688837,1487580012902088873,,,27.06,585987234,6888b66b-7293-45b2-aa5b-90cf20a60a5a
2019-12-12 19:13:52 UTC,view,5820764,1487580006317032337,,,11.11,586021588,78b9aa22-5e0f-4b54-a42d-276238cf8062
2019-12-12 19:20:45 UTC,view,5813886,1842735758805303837,,beauty-free,2.37,522441116,7ad3bcf9-fc4b-4b8c-b9c7-81dcf044fdd6
2019-12-12 19:25:04 UTC,view,5809315,1487580007675986893,,bpw.style,0.95,480415449,9ff60ab8-5088-4fa4-a2b3-c4de3d6d69f7
2019-12-12 19:42:56 UTC,remove_from_cart,5635081,1487580005754995573,,,4.44,577082486,7cee40ba-0c64-2ba5-2329-19036118d988
2019-12-12 19:55:22 UTC,view,5727738,1487580013917110492,,,30.0,466880223,b4f3e8cf-cde2-4162-ad69-0ea490d0a731
2019-12-12 20:08:24 UTC,view,5705015,1487580008816836611,,irisk,1.27,581967235,63f8823f-eb79-4ca2-a6d1-7e3ed9b8834e
2019-12-12 20:46:07 UTC,remove_from_cart,5862943,1487580007675986893,,freedecor,0.79,475173274,e7cdcca6-7d45-4ae1-a614-e007bd0763a1
2019-12-12 21:02:27 UTC,cart,5864264,1891434351850160381,,dermal,0.87,440983012,81291bc5-ea19-41c6-ac78-865c9bab7ce7
2019-12-12 21:05:06 UTC,purchase,5890147,2134354342373753638,,,3.97,413707540,0e706683-d627-4f43-bda0-0fcd126b9d7f
2019-12-12 21:22:22 UTC,remove_from_cart,5847810,1487580013522845895,,nagaraku,4.13,535504401,88b2c6ec-7cd2-4e70-965c-c5b6a235e030
2019-12-12 21:58:16 UTC,cart,5692891,2140803113261466607,,yoko,3.33,553051260,9f2192f3-e3be-45c3-b13e-f087ae1f1277
2019-12-12 21:59:28 UTC,cart,5911243,1487580007675986893,,dartnails,1.43,423232225,11284cb7-8be1-4363-b447-422a7ce948a6
2019-12-12 22:13:29 UTC,view,5849033,1487580005092295511,,uno,10.32,494539592,0357b2a9-8c09-4b7e-b2ec-cc949b9d8e28
2019-12-12 22:25:06 UTC,remove_from_cart,5899832,2115334439910245200,,,3.97,454836402,01fc39fc-b37f-487e-966f-9cf7b41ff017
2019-12-12 22:38:48 UTC,view,5825475,1547480590851244887,,,20.0,586089819,2a5ad764-faba-46c4-b321-0b8da6967fa5
2019-12-12 23:41:35 UTC,remove_from_cart,5834732,1487580009496313889,,,4.76,585954628,b780cdcf-f463-4586-b7a8-f8925c4840c4
2019-12-13 00:08:25 UTC,cart,5895405,1487580011652186237,,,10.49,425263836,8f1ca905-374a-4bf4-83b5-d4e0851ca613
2019-12-13 00:29:02 UTC,view,5904763,1487580007675986893,,,1.59,527021202,675c51d7-6b40-4e63-b3cc-33caf6fb81b4
2019-12-13 02:17:55 UTC,remove_from_cart,5714948,1487580005511725929,,,5.56,415981152,a745fe50-aae5-4902-8db4-3216e9b9fbf5
2019-12-13 02:20:44 UTC,cart,5902897,1487580007675986893,,,1.59,520672512,2c0e885b-199d-4390-853b-3bff60c6771b
2019-12-13 03:12:37 UTC,cart,5835951,1487580007483048900,,irisk,2.06,515762600,0001c9b9-a23a-45bb-99d7-cf30eae856b7
2019-12-13 04:54:27 UTC,view,5884038,1487580008347075566,,,4.06,582044765,e1465b0b-0bb8-495e-9098-dccd6d665fd4
2019-12-13 05:12:35 UTC,remove_from_cart,5757582,1487580005511725929,,,4.27,584289031,f774ee03-f2e9-ec9c-f9a1-f6a0e79e2dce
2019-12-13 05:16:08 UTC,view,5851708,1487580008263189483,,kaypro,25.0,415160020,56eccd32-939f-4be5-b6c3-dfdcf527dcaf
2019-12-13 05:34:24 UTC,view,5889664,1487580011585077370,,,5.24,361517360,53798df5-7799-49aa-9247-7995ee096366
2019-12-13 06:01:13 UTC,view,5813466,1487580006300255120,,,86.51,586179933,e584b160-dc8b-4911-b2f5-878763e27722
2019-12-13 06:19:13 UTC,view,5909810,1487580013950664926,,,18.73,565835961,78aaa4ae-c9a4-448b-8b3e-460defda772c
2019-12-13 06:56:41 UTC,remove_from_cart,5904313,1487580007675986893,,,1.59,429061987,e5d906e3-4156-4922-9910-579551729f51
2019-12-13 07:09:00 UTC,view,5677042,1783999067156644376,,estel,7.14,553351098,35f2f8ea-df03-46a5-8163-f8ff093c1cfe
2019-12-13 07:39:54 UTC,view,5909810,1487580013950664926,,,18.73,586219781,f72b31d1-5b0f-4f3d-b602-da9d59cf36c7
2019-12-13 07:48:37 UTC,remove_from_cart,5565822,1487580009286598681,,,0.71,397235522,9bd909e5-b725-4f38-838e-5923af927d9a
2019-12-13 07:58:28 UTC,cart,5732037,1487580011786403970,,domix,6.03,537155601,01796434-ed4d-4d0a-a904-10903e84f701
2019-12-13 08:39:14 UTC,view,5877454,1487580006300255120,,jessnail,44.29,586240718,5728c5a9-a7dd-4249-9024-f4effa139450
2019-12-13 08:52:21 UTC,cart,6941,1783999064103190764,,runail,4.71,488859912,c2cea5b9-fbdf-442e-b2a0-514128efe9cc
2019-12-13 09:18:32 UTC,cart,5931,2196456817641391019,,runail,1.98,584534176,4fa87b42-bc6d-46c6-a2f5-9f0db6ee5f90
2019-12-13 09:27:23 UTC,view,5700492,1487580007634043851,,,0.79,571840616,87d78b39-65d4-4eac-a57a-adffd75e913f
2019-12-13 09:42:07 UTC,remove_from_cart,5731391,1487580004916134735,,,6.35,548810441,f710ca22-54ed-423c-b2b6-37b0dd90cca0
2019-12-13 09:44:04 UTC,view,5879133,1487580007634043851,,,0.79,533866480,bf62d9fe-2bb5-4e9b-a5d5-2ee7b4392111
2019-12-13 10:27:53 UTC,view,5877456,1487580006300255120,,jessnail,122.22,444168476,0fe380ae-3466-4427-b9b4-6667a6b1282e
2019-12-13 10:30:15 UTC,view,5550700,1487580008145748965,,,5.4,318411926,e833b961-436d-497b-ac10-1abda55a55aa
2019-12-13 10:37:44 UTC,view,5852349,1982860263572898112,,,15.87,586296720,58031614-28e7-4d7c-b7ae-80acebf871ff
2019-12-13 10:57:00 UTC,cart,5866214,1487580013841613016,,concept,3.16,585196372,23a0b19f-7900-49b9-b2ad-4165501f95a9
2019-12-13 10:59:42 UTC,view,5861721,2235524499636224267,,,4.76,565265914,f23c743c-c9fe-4af3-ad56-89767cd8ad3b
2019-12-13 11:05:29 UTC,view,5888124,1921723506584715388,accessories.cosmetic_bag,shik,23.81,586309306,89ec47b7-1e1d-40a0-9687-db4d9e09a825
2019-12-13 11:32:49 UTC,view,5678041,1487580010662330448,,bodyton,6.83,498156638,e7fb98ed-da98-4458-8644-325a44a1771f
2019-12-13 11:51:40 UTC,view,5816166,1602943681873052386,,grattol,5.24,586216845,95f9670a-eb5f-082d-3549-759f66636a93
2019-12-13 12:01:33 UTC,view,5699747,1487580004882580302,,,2.7,564682586,214c3b0c-6cb7-eeae-d13e-cf1f514b7701
2019-12-13 12:03:01 UTC,view,5825587,1487580005754995573,,,4.44,512615106,430b8919-c7db-41c8-b137-dd705eb3bbdf
2019-12-13 12:15:25 UTC,view,5751383,1487580005092295511,,uno,10.32,586335846,0e6e923f-887c-4eea-a061-7d043ab25809
2019-12-13 12:20:16 UTC,view,5666553,1487580013824835799,,,1.59,586021651,dba2923a-a24d-4dbd-a2e0-3a2de0e906cd
2019-12-13 12:33:29 UTC,view,5853173,1487580005713052531,,ingarden,6.62,584909384,7bf12609-e212-43c0-b804-8eb9f5518b83
2019-12-13 12:43:19 UTC,cart,5812961,1487580010125459512,,kinetics,6.83,585491152,4cd23948-1e29-41ba-a42f-f1c840f4dc80
2019-12-13 12:57:35 UTC,remove_from_cart,5700182,1487580006317032337,,,8.25,410940282,25dd495c-917c-460f-b09a-282a5449a586
2019-12-13 13:24:23 UTC,cart,5651969,1487580005595612013,,,2.05,538022131,02172d81-dc68-4e90-a8a7-4fbe4b839ff7
2019-12-13 13:39:30 UTC,view,5877454,1487580006300255120,,jessnail,44.29,544783520,32736c61-d7e0-4748-8f14-962b36c2c34d
2019-12-13 13:52:56 UTC,remove_from_cart,5802642,1487580005754995573,,,4.44,547366719,37b83b06-3428-4148-b32f-a7bdcaa41176
2019-12-13 14:01:19 UTC,cart,5859416,1487580005671109489,,masura,2.37,510749890,d4dee7af-fa39-4cfc-801d-1dd9515caaca
2019-12-13 14:08:37 UTC,cart,5877328,1487580010754605141,,,1.51,454796542,691e126f-6161-4c79-a15e-8caa642deffa
2019-12-13 14:10:50 UTC,cart,5814523,1487580005092295511,,runail,4.44,442098138,55948856-de8c-42c2-a292-b22d15dd3814
2019-12-13 14:29:00 UTC,view,5862148,1487580013841613016,,farmavita,5.56,586394894,ddd8ba97-0493-4a8b-a684-ff11d1d51cf7
2019-12-13 14:33:06 UTC,remove_from_cart,5859484,1487580005671109489,,masura,1.73,510749890,9808d9be-84f2-4471-bd2a-d0ecb84d791b
2019-12-13 14:34:35 UTC,view,5817690,1487580010872045658,,,0.79,349082198,a06a2295-4705-4413-ae59-9fdbfd54e68a
2019-12-13 14:52:05 UTC,cart,5902688,1487580007675986893,,freedecor,1.43,534435741,0a6bd612-5bec-4f83-9d75-6278e7e04d32
2019-12-13 14:54:50 UTC,remove_from_cart,5886999,1487580006317032337,,,2.06,461169783,b9405958-ebf9-4af6-a5c0-2be1752fbb10
2019-12-13 14:55:33 UTC,view,5906197,1487580005553668971,,,7.14,177671294,32933fc5-918d-4f33-8f01-c9a383ada7a8
2019-12-13 15:09:37 UTC,view,5900655,1487580008347075566,,kinetics,7.14,586411403,2a873236-c7d6-4f0b-a9d1-afc6dd1ae695
2019-12-13 15:11:54 UTC,cart,5815666,1487580006317032337,,,0.67,487765273,d6663ad0-379f-aa57-8a2d-3150ead9825c
2019-12-13 15:40:08 UTC,cart,5815450,1487580009286598681,,bluesky,0.95,545086223,11b24b2e-0f97-4701-a369-6bdfab131fb0
2019-12-13 16:09:16 UTC,view,47611,1487580007717929935,,,0.79,526796642,c8d07bc6-e705-4fa1-80aa-6edc8491deec
2019-12-13 16:10:00 UTC,view,5902892,1487580007675986893,,,1.59,430318653,4c57e10a-a245-40ce-bd99-72ac8a0d0cc1
2019-12-13 16:26:15 UTC,view,5664656,1487580011383750769,,,1.27,484801396,928481b9-f653-4abd-bb97-116a7d66dbf7
2019-12-13 16:39:58 UTC,view,5567918,1487580005595612013,,,3.0,581250191,52426d0e-b114-4ee3-8c7b-78a6b8a4f816
2019-12-13 16:54:31 UTC,remove_from_cart,5859089,1487580009496313889,,pnb,4.52,526774042,7ad89ca2-7d62-4316-afbb-06f7b410ad53
2019-12-13 17:09:36 UTC,cart,5908192,1487580007675986893,,,1.43,458547952,e544f639-5b32-4e90-89b7-a4968c5230a6
2019-12-13 18:24:13 UTC,view,5886064,1487580013950664926,,,15.71,505295591,19d1572a-b2ac-4d0b-b37e-79721919832f
2019-12-13 18:36:19 UTC,remove_from_cart,5902703,1487580007675986893,,freedecor,1.43,586484276,f7d3b94e-2ecd-43bc-9bab-145c0bfafc51
2019-12-13 18:42:52 UTC,cart,5804467,1487580005461394279,,bluesky,3.97,441944223,dca81c34-9aac-4ad5-88e8-1785959d6af8
2019-12-13 18:44:56 UTC,view,5877454,1487580006300255120,,jessnail,44.29,586497882,c7f34ca4-baff-464e-8b9b-ced4addda2dc
2019-12-13 18:45:28 UTC,view,5855090,1487580011283087468,,,3.49,569631474,6ac59f76-37af-4157-ab87-48131587f33a
2019-12-13 18:46:35 UTC,remove_from_cart,5905095,1487580012373606546,,,3.65,372238001,87860d52-3b93-4993-88ad-778095a05c2b
2019-12-13 19:04:37 UTC,view,5694169,1487580007852147670,,yoko,15.56,551327891,6b23c2d1-ce26-46f0-8568-2a00e80a0061
2019-12-13 19:13:16 UTC,cart,5750302,1487580005713052531,,ingarden,15.71,223314977,aba7ebb2-cd58-4f62-8327-309eecd6f776
2019-12-13 19:19:57 UTC,view,5866555,1897124478404526487,,,3.97,452274141,a7b50c15-0c7f-4c14-9c59-a000341e3b69
2019-12-13 19:37:27 UTC,view,5649236,1487580008246412266,,concept,8.65,515201795,3fee619a-7ad4-47af-ad73-6ae15222246d
2019-12-13 19:47:30 UTC,view,5830905,1487580008347075566,,,4.75,477642137,26e2abe6-1034-4927-96f3-9eed3803ebfb
2019-12-13 19:49:14 UTC,remove_from_cart,5904358,1487580007675986893,,,1.59,576392301,26f90b70-c909-47d1-9016-b48d65d37e4b
2019-12-13 20:02:41 UTC,view,5879289,1487580008800059394,,masura,5.54,586532390,4a6977fd-d911-4920-afa0-798be62de7fc
2019-12-13 20:30:24 UTC,cart,5820750,1487580006317032337,,,7.14,543602540,883eae29-736d-13a5-7b8a-e0cb885c5c2e
2019-12-13 20:44:07 UTC,cart,5707930,1487580007432717250,,,1.84,572631412,d53d1c2e-9195-6051-cf7b-7332dfeae818
2019-12-13 21:12:08 UTC,view,5650294,1487580007835370453,,metzger,3.33,585893207,795e70ce-fddb-4f26-86e1-de220773dfdd
2019-12-13 22:34:11 UTC,cart,5751422,1487580005268456287,,uno,10.95,586421472,be4cd23e-4351-4fbb-a6a1-3ca643b10dbe
2019-12-13 22:38:14 UTC,remove_from_cart,40090,1487580011383750769,,swarovski,2.06,507609252,f7f01bb3-c0b8-4597-b9cc-794fa21af58e
2019-12-14 02:18:30 UTC,view,24755,1487580007759872977,,,1.9,476956519,290eb8a8-f25c-4732-b555-69dbf0f9738c
2019-12-14 04:18:42 UTC,view,5814533,1783999063314661546,,runail,6.27,543656041,eb60a918-4ec8-40a1-9671-151756328631
2019-12-14 04:40:19 UTC,view,5840363,1487580011383750769,,,1.59,382419614,c0cfd65a-a979-4d1c-af45-33a8239d15ec
2019-12-14 05:12:27 UTC,cart,5824148,1487580005511725929,,,5.56,548662462,befa1b53-f5e9-412b-b20d-d87993381508
2019-12-14 05:56:22 UTC,view,5762152,1783999068867920626,,,0.65,563549769,71d04fac-1944-40d4-ba6b-691fe08f9d05
2019-12-14 05:58:25 UTC,view,5538889,1783999064136745198,,runail,9.86,408904650,383eea61-83f3-41c7-b8a7-51017557e972
2019-12-14 06:06:46 UTC,view,5817680,1487580005092295511,,,6.35,586658699,9ab270a9-53e4-4780-9596-eb6b140bcb16
2019-12-14 06:36:26 UTC,view,5797790,1638456119066100510,,pole,4.11,280015074,57dd3b44-42f9-49ef-8945-3631b5abb3e4
2019-12-14 06:48:20 UTC,cart,5849742,1487580008246412266,,,8.05,485746747,82f10dbc-fae9-4b88-7449-23246e8f02ea
2019-12-14 07:09:44 UTC,view,5756368,1487580006962955182,,,2.86,585943996,c4a93ecd-b389-4fa9-9341-42f91e61fc8f
2019-12-14 07:30:55 UTC,purchase,5568210,1487580005754995573,,,4.75,586687158,167d3897-9d44-41a5-b934-92a969f06fce
2019-12-14 07:45:01 UTC,view,5861354,1487580006317032337,,,13.14,586693038,17178f1c-a167-4365-b1a9-745e55daf6c5
2019-12-14 07:56:12 UTC,view,5728118,1487580005092295511,,,8.73,583325592,1d7e4d1b-0dde-43d0-ad07-fe5813b1d2ef
2019-12-14 08:20:59 UTC,cart,5859474,1487580005671109489,,masura,1.73,487765273,4e1a6bb0-3283-617c-97b0-1d009b515287
2019-12-14 08:50:20 UTC,view,5622686,1487580007306888126,,severina,5.86,581385950,5d565410-310a-436f-9aee-9f7856724c4a
2019-12-14 09:04:30 UTC,purchase,4607,1487580010796548183,,runail,0.38,538481774,60f64906-b105-f952-3619-31c1e86f210c
2019-12-14 10:36:00 UTC,view,5766589,1783999067156644376,,kaaral,10.68,544514899,6121baa9-017a-4bee-9ee1-76955d3cdeac
2019-12-14 11:14:57 UTC,remove_from_cart,5699775,1487580004882580302,,,2.7,572631412,d53d1c2e-9195-6051-cf7b-7332dfeae818
2019-12-14 11:25:18 UTC,cart,5808547,1487580008313521133,,kapous,3.81,491679658,5638a2ff-e4d6-491b-a3f9-197ccbe6aeb0
2019-12-14 11:52:52 UTC,view,5751383,1487580005092295511,,uno,10.32,586703007,f4d660b7-3a58-4220-a87d-f02eab32c7ae
2019-12-14 11:54:25 UTC,cart,5736351,1487580005050352469,,haruyama,3.97,576594656,dce6a084-cb5f-4484-b942-647cc4a83f1f
2019-12-14 12:27:56 UTC,remove_from_cart,5810136,1487580009445982239,,irisk,1.43,580887000,bec1cfd9-53e4-4ab1-a141-1ab071f51b1a
2019-12-14 12:30:19 UTC,remove_from_cart,4632,1487580010821714008,,runail,0.38,583189726,9bec2a8e-286b-4b2f-be1e-67ca0e57ba14
2019-12-14 12:49:33 UTC,cart,5842705,1487580004832248652,,beautix,9.37,423369706,87f8e75d-3706-bb93-08c7-94b53a1c3120
2019-12-14 13:01:59 UTC,view,5650174,1487580008263189483,,concept,6.17,586815190,9439d8b6-9b50-4139-8a13-12e938bb9dc1
2019-12-14 13:05:00 UTC,view,5815633,1487580006962955182,,rosi,6.35,586819488,07e96f9c-001d-4831-a2fb-6a03d189f253
2019-12-14 13:11:00 UTC,view,5746011,1487580009051717646,,runail,34.92,491078513,92da688a-5a06-4dfe-8f17-3431ee9c0b00
2019-12-14 14:03:22 UTC,cart,5464,1487580010125459512,,ingarden,3.33,586836799,648e6561-4218-48c3-bdcd-3f64d1d5a623
2019-12-14 14:08:28 UTC,view,5769925,1487580013841613016,,kapous,4.22,586846457,3def8e26-ed45-4f3d-8b34-596afc1b691d
2019-12-14 14:19:56 UTC,view,5813916,1842735758805303837,,beauty-free,2.37,406452229,d7570bf8-b9e9-47f9-9d9d-d325e014fddb
2019-12-14 15:03:38 UTC,view,5809910,1602943681873052386,,grattol,5.24,578324097,9c99a765-c42f-4e2e-8f2e-5da3c8fa7d0c
2019-12-14 15:04:02 UTC,cart,5819592,1487580013086638258,,italwax,8.41,576647131,4eb904ca-3e7e-41b1-9d39-dcd0169fc835
2019-12-14 15:08:05 UTC,view,5810717,1783999073758478650,,milv,3.17,586703305,77ce9f26-1e91-4847-9a24-775a278c2553
2019-12-14 15:15:14 UTC,remove_from_cart,5683959,1487580005268456287,,,3.81,560564637,39ab1760-c4b2-4f19-90fd-2eae7b60d492
2019-12-14 15:15:18 UTC,view,5542260,1487580005411062629,,cnd,16.03,521676084,109a0c61-7f3c-4320-b87e-7ddae7e95dde
2019-12-14 16:03:07 UTC,view,5711044,1487580010872045658,,,0.79,572177559,43168815-19df-4258-a1b0-1f94c7124973
2019-12-14 16:35:24 UTC,view,5875438,2084144451428549153,,,2.05,511447075,c87bf5c1-b52f-4638-811f-b2ba44530a5f
2019-12-14 16:50:29 UTC,view,5887757,1487580013279576251,,,4.27,401214643,79d5e00e-395b-4305-9efd-68bfc242103f
2019-12-14 16:59:13 UTC,cart,5798928,1783999068909863670,,zinger,6.19,486201323,dc288414-5c0b-4b20-819e-a3b9320ac7df
2019-12-14 17:41:32 UTC,cart,5841315,2151191071118328683,,irisk,2.7,496784895,a28f554f-daee-4e97-805d-4ac32139ea63
2019-12-14 17:45:59 UTC,view,5867184,1487580007852147670,,staleks,15.08,584544926,0293437e-2c3c-43e0-a74e-de2a13d03650
2019-12-14 18:02:10 UTC,purchase,5875398,2084144451428549153,,,2.05,570650823,2b95e49f-d7f5-4722-b532-ae14c43373c3
2019-12-14 18:10:59 UTC,cart,5833322,1487580007675986893,,bpw.style,1.27,353444247,b55bf01b-74f4-48b3-b475-984a3d9df7b3
2019-12-14 18:21:09 UTC,view,5683559,1487580005595612013,,,2.27,577869867,77a7db80-bec1-4589-ac22-7774ccad688b
2019-12-14 18:23:51 UTC,purchase,5858524,1783999073758478650,,,3.03,395675705,4ef9f5dc-f5b4-4943-9d43-12a5a1e62da2
2019-12-14 18:28:49 UTC,cart,5825549,1783999064036081896,,,7.94,496034849,c0aa9061-336d-4da0-a802-383ee59fc7ed
2019-12-14 18:36:26 UTC,remove_from_cart,5774893,1487580005671109489,,masura,1.73,586915968,d6e584ab-32b0-4a98-a547-e401bbcec449
2019-12-14 18:37:30 UTC,cart,5908259,1487580007675986893,,,1.43,527021202,0503bc54-5ffe-47da-9538-766096d536f2
2019-12-14 18:44:18 UTC,view,5677456,1487580008263189483,,estel,10.32,586923105,e529dbad-b98a-44f8-a7ea-3b7643fbfc9e
2019-12-14 18:54:11 UTC,cart,5875302,1487580013581566154,,,6.33,586870491,aa1dd1d9-b5c4-4f01-8da4-0aad8677f684
2019-12-14 19:26:04 UTC,cart,5887266,1487580013229244601,,,2.76,569766195,5672302a-29b4-4ad4-989f-9086633dac3e
2019-12-14 19:27:24 UTC,cart,5906176,2029082628195353599,,runail,1.43,407157629,cb8dd2e0-390a-4e8c-a69d-45caf30586dc
2019-12-14 20:06:24 UTC,view,5761453,1487580013279576251,,,6.19,586021651,95a9174b-6967-3975-4f4a-48d4fddd7393
2019-12-14 20:11:26 UTC,remove_from_cart,5906205,1487580005553668971,,,7.94,586811341,a6ed37ec-5f5d-1f2e-7871-2edc8743dfd1
2019-12-14 20:24:44 UTC,remove_from_cart,5875350,2084144451428549153,,,2.05,572150449,ecf80d4a-ac9c-4752-9135-cfbce2c1143e
2019-12-14 20:28:21 UTC,view,5903809,1487580007675986893,,,1.59,527021202,99ca4493-88e1-411a-a281-85f82166f2db
2019-12-14 20:43:28 UTC,view,5731084,1487580004916134735,,,6.35,587007257,ed5974a9-f703-48de-8be4-459439c7dff9
2019-12-14 20:50:52 UTC,cart,5894667,1487580011677352062,,estelare,2.86,586988325,66156e47-70b0-49bd-9282-547909fdf3c6
2019-12-14 21:30:17 UTC,remove_from_cart,5875550,2084144451428549153,,,2.05,557338862,47fa9eb8-32ed-4e0e-9ca8-831018bc67b7
2019-12-14 21:37:17 UTC,view,5709119,1487580007575323592,,,1.43,271642594,bc25f867-a4f8-46b2-9fe5-50f62fd8572a
2019-12-14 21:37:49 UTC,view,5863906,1897124495995438074,,farmavita,26.51,498001749,68669281-692f-49a3-808f-fd4e72f9a507
2019-12-14 21:48:42 UTC,view,5883959,1487580011627020412,,,10.56,575537242,7c805f88-3329-47f1-b0a7-d1987a6e5a7c
2019-12-14 21:57:27 UTC,remove_from_cart,59886,1487580011098538083,,runail,0.79,378307468,e50553ed-3f7b-1bdc-6bea-5a17b33da58f
2019-12-14 22:16:58 UTC,cart,5770017,1487580013841613016,,kapous,2.81,587031769,
2019-12-14 22:34:29 UTC,cart,5869067,1487580009387261981,,,6.19,567168251,b217c1d2-c328-489b-a9e1-d16f253dfc12
2019-12-14 23:17:53 UTC,remove_from_cart,5809541,1783999064036081896,,,4.92,568399819,47be87a9-ce02-46b2-9513-28b8bcc01ede
2019-12-15 06:06:51 UTC,cart,5788120,1487580005754995573,,,4.44,541776655,b27ec9f6-2b6d-4352-997d-73696e795cf4
2019-12-15 06:16:34 UTC,remove_from_cart,40099,1487580011383750769,,swarovski,2.06,532222997,1c78afa0-74b1-42df-87e9-5549202d919f
2019-12-15 07:10:39 UTC,cart,5782029,1638456119066100510,,pole,4.11,420253442,e6ded709-6370-40e9-bd4f-7c60818fae1d
2019-12-15 07:25:10 UTC,cart,5651725,1487580008246412266,,concept,6.98,587144556,df0a07d9-ff4d-408c-b22f-ff1a5be1407c
2019-12-15 07:37:32 UTC,remove_from_cart,5877733,1487580007634043851,,de.lux,1.27,567761065,8d7cbab1-f288-4822-a6e9-c81f1c9e569f
2019-12-15 08:10:10 UTC,purchase,5689199,1487580011585077370,,dizao,1.9,586996712,043b9e97-141e-468f-870d-3d1ed8da7452
2019-12-15 08:56:41 UTC,remove_from_cart,5714045,1487580004832248652,,beautix,8.89,577598803,f9e05fc6-3ff9-4a17-9e54-866d0bf0fef6
2019-12-15 09:04:49 UTC,cart,5861282,1487580005092295511,,lovely,10.95,558485688,3641fd84-2843-4b21-a206-d78ef1eb3b72
2019-12-15 09:20:16 UTC,cart,5689725,1487580007852147670,,staleks,13.17,565321101,9335d57f-c9d7-416e-86fb-7843b25fa486
2019-12-15 09:51:36 UTC,view,5769923,1487580013841613016,,kapous,3.65,433079764,8747caed-d47b-47b5-9cb6-38f6b94c2815
2019-12-15 10:05:08 UTC,remove_from_cart,5556130,1487580012096782476,,,11.75,345516594,ffe6ee89-fd3a-48ba-bc43-71b36a5fd833
2019-12-15 10:12:47 UTC,view,5850300,1487580007524991942,,bluesky,4.76,534231769,65465ce4-a11e-460e-9e9e-171247c8e6c4
2019-12-15 10:24:51 UTC,view,5561474,1487580007952810971,,,8.49,525613372,88a8f825-40dd-4cf3-bbd8-1a9a617d900d
2019-12-15 10:35:58 UTC,remove_from_cart,5802650,1487580005754995573,,,5.56,499475550,d97b70bd-c589-4bfd-a30f-f25cf694dc70
2019-12-15 10:38:20 UTC,view,5891173,1487580009496313889,,bluesky,3.97,587220306,015c85fb-2e87-457d-8171-530c4e55feed
2019-12-15 10:41:04 UTC,view,5910553,1487580008246412266,,kezy,9.54,163006372,97ec4efc-70f6-4f7e-bcdb-e33ba8884592
2019-12-15 10:42:18 UTC,cart,5796096,1487580005754995573,,,4.44,547168154,96ca78fc-4c55-4532-8128-ecc2f7ef37f5
2019-12-15 10:57:53 UTC,view,5899832,2115334439910245200,,,3.97,462519193,121acaab-7854-4c4b-ae4e-505cf65cbf30
2019-12-15 11:20:45 UTC,view,5903784,1487580007675986893,,,1.59,587236098,a0a73f3c-7338-4386-8a82-ef50adb9abf2
2019-12-15 11:25:33 UTC,cart,5275,1487580009445982239,,runail,0.48,586475818,8737b647-cb04-4d0f-a521-084900fdaef4
2019-12-15 11:28:09 UTC,remove_from_cart,5899864,2115334439910245200,,,4.62,559681373,19b4b2bc-1ebc-40ef-a865-6d2ddc907575
2019-12-15 11:36:58 UTC,view,5859402,1487580005671109489,,masura,2.37,571589914,ea68d4aa-70f1-4abc-8c51-e923602ec675
2019-12-15 11:45:27 UTC,remove_from_cart,5714945,1487580005511725929,,,5.56,359485285,5face48f-11b8-45b1-a5b8-2562dd5e168e
2019-12-15 12:25:14 UTC,view,5758952,1487580005067129686,,,2.38,587244982,743640eb-941f-43fb-b35a-b658783e98bb
2019-12-15 12:54:57 UTC,view,5549840,1487580005268456287,,,4.29,587256808,7ade27d3-585b-4a61-a6ce-b7b3b468a928
2019-12-15 12:58:55 UTC,purchase,5696902,1487580006526747548,,irisk,1.9,553557409,2013e750-616c-4f6d-82af-a3e5e31d876a
2019-12-15 13:00:05 UTC,view,5899433,1487580008246412266,,,20.06,585305789,1d40dc59-23fa-403c-b943-1681f82ac652
2019-12-15 13:13:45 UTC,view,5635071,1487580005754995573,,,4.44,557788488,189b44b1-1086-4fbe-ab8e-625201f64244
2019-12-15 13:42:46 UTC,cart,5847811,1487580013506068678,,nagaraku,9.05,587296213,d785e254-714b-4116-bdc6-6cf63649d6f5
2019-12-15 13:48:24 UTC,view,5716844,1487580013950664926,,,10.32,587044512,c4e9d850-b56d-37e6-ded6-59abbb30dbb0
2019-12-15 14:12:11 UTC,view,5816172,1602943681873052386,,grattol,5.24,586966031,dc9d86e7-f05a-48a2-a5a1-2ec73f0779b2
2019-12-15 14:37:26 UTC,view,5776132,2141560642253881670,,art-visage,2.7,518839317,6df99791-8d44-4a29-9b67-5827d4b92a3d
2019-12-15 15:13:31 UTC,view,5807863,1487580009471148064,,irisk,2.54,552190104,127909df-1a93-442a-8974-a1d4a2842b31
2019-12-15 15:21:20 UTC,view,5854826,1602943681873052386,,grattol,5.24,423596290,801bc98f-8cfe-4a07-9fbd-67c6f18c6baa
2019-12-15 15:37:25 UTC,view,5749720,1487580005092295511,,runail,4.44,443512800,8d8c9ee5-7528-48e0-873a-be1b621039f1
2019-12-15 15:47:35 UTC,remove_from_cart,4560,1487580010796548183,,runail,0.38,566860386,ccdfb48c-1529-4895-a329-e5761c265a2d
2019-12-15 15:48:34 UTC,cart,5528035,1487580005553668971,,,9.52,577684876,78f6a5ac-7706-47f0-a146-94efd3809f2c
2019-12-15 16:19:54 UTC,remove_from_cart,5823561,1487580004916134735,,,5.22,529348120,9e9febc7-1748-4efc-a4ec-0e6097d61467
2019-12-15 16:46:05 UTC,view,5913319,2018287324474901238,furniture.bathroom.bath,naturmed,16.51,587387788,529f2369-634f-4d63-a64e-025ffd62ef86
2019-12-15 16:51:07 UTC,cart,5796977,1487580005671109489,,masura,1.73,541594229,29c90587-bd30-4e83-9751-76299da86d86
2019-12-15 17:10:58 UTC,cart,5797801,1638456119066100510,,pole,4.11,436521321,98d8738c-a18f-4637-81ab-4ef0a54a394d
2019-12-15 17:46:50 UTC,view,5736330,1487580005050352469,,haruyama,3.97,369113902,489a7859-555c-48cc-92a2-1a6002c7c77e
2019-12-15 17:51:39 UTC,cart,5897771,1487580012096782476,,ecolab,1.25,433645438,467feaab-a126-47e9-85cd-1db1676585f1
2019-12-15 18:00:36 UTC,view,15166,1487580008447738866,,cnd,10.0,426868645,9f2f0bd1-d8c3-424d-bb73-55621bee5b0e
2019-12-15 18:22:41 UTC,view,5815633,1487580006962955182,,rosi,6.35,585743531,7d0d27aa-a3da-4115-9471-d66ecd249fc0
2019-12-15 18:27:28 UTC,view,5734474,1487580005050352469,,haruyama,3.97,369113902,489a7859-555c-48cc-92a2-1a6002c7c77e
2019-12-15 18:58:09 UTC,cart,5788522,1487580005671109489,,masura,1.73,375450242,a1af37ab-c976-4d55-9645-71113d5e3c1d
2019-12-15 19:08:10 UTC,view,5839658,1487580005671109489,,masura,2.37,587322418,d1313499-db29-482c-9d44-c09ce729e167
2019-12-15 19:09:12 UTC,cart,5864736,2055161088059638328,,bpw.style,1.59,535521741,a5e28573-47d1-4b9c-8d42-812fda060c2f
2019-12-15 19:15:28 UTC,cart,5809868,1487580005268456287,,grattol,6.27,538287483,4d241295-33b2-414e-baf9-d044051826a7
2019-12-15 19:57:41 UTC,view,5865791,1487580005855658874,,,2.38,560680791,efcfc9f8-184f-4b58-a003-4f2ea954c9a7
2019-12-15 20:04:31 UTC,cart,5876793,1487580010100293687,,jessnail,0.94,571008803,da1e80c2-67b8-427a-aecb-28e2cde6e8fa
2019-12-15 20:11:40 UTC,cart,5836522,1487580013522845895,,nagaraku,0.4,547280460,da8889e4-2e92-4767-9f02-a42d4a62f3ea
2019-12-15 20:15:24 UTC,view,5627739,1487580007634043851,,ingarden,1.27,509752078,ac05d806-804e-43ec-bec5-867c10906d84
2019-12-15 20:15:58 UTC,view,5769925,1487580013841613016,,kapous,4.22,587480465,b66223d2-6944-4105-be82-b2f1987b1213
2019-12-15 20:19:33 UTC,view,5759491,1487580013011140782,,italwax,1.94,587175376,b571a17d-475e-4310-a9e3-cf82866b2a68
2019-12-15 20:32:00 UTC,view,5686079,1487580008145748965,,,0.51,575094446,18b1c88d-bdee-4083-bab8-6046bd559451
2019-12-15 20:37:26 UTC,view,5896420,1487580006300255120,,jessnail,49.21,585513861,95b11bae-a2a6-4f65-9f7e-df5bef5cd62d
2019-12-15 20:46:56 UTC,cart,5904920,1487580005134238553,,runail,3.17,587386734,a510f809-1b5e-4ad1-a596-77bb5c15782d
2019-12-15 21:31:27 UTC,cart,5866964,1487580009051717646,,sunuv,46.03,584335914,098a970e-4e51-4b59-b002-68be23036d78
2019-12-15 21:36:02 UTC,remove_from_cart,5723529,1487580005268456287,,runail,2.94,587386734,a510f809-1b5e-4ad1-a596-77bb5c15782d
2019-12-15 21:51:42 UTC,purchase,5809871,1605161575889502297,,grattol,3.02,587490987,7906ad43-e4cd-47d9-b6c4-457b1a03b18a
2019-12-15 22:13:20 UTC,view,5885848,1487580007910867929,,,7.22,563269375,52c8816e-5255-4db1-ad21-eeb1d9733d53
2019-12-15 22:15:03 UTC,remove_from_cart,5809289,1487580007675986893,,bpw.style,0.79,234024900,e5027cb9-54cb-40d3-841a-f1d82ff7ba14
2019-12-15 23:34:42 UTC,remove_from_cart,5770018,1487580013841613016,,kapous,2.81,563137234,e11abf37-2c25-4162-8de7-84600f58a4ec
2019-12-15 23:42:39 UTC,view,5770017,1487580013841613016,,kapous,2.81,505129228,998e3e8d-3511-45ae-a45a-6abf1ec51de5
2019-12-16 03:52:56 UTC,view,5712836,1487580008011531230,,,46.03,566125445,93c416a4-2125-4034-b68c-a2a69d162def
2019-12-16 04:38:47 UTC,cart,5855508,1487580006350586771,appliances.environment.vacuum,max,95.08,587578492,b3ab67d6-869d-4317-a807-0f6a9226b75a
2019-12-16 05:54:15 UTC,view,5841842,1487580007675986893,,milv,1.59,587332372,abcb6c61-81c2-4195-9e86-fc6a42d6fb3a
2019-12-16 06:38:41 UTC,view,5809911,1602943681873052386,,grattol,5.24,587622297,1fc9deb9-792f-4e45-af7c-b886e1af9541
2019-12-16 06:41:05 UTC,view,5816178,1602943681873052386,,grattol,5.24,487468657,2b780d0a-d239-80af-4070-1f8427946464
2019-12-16 07:11:38 UTC,cart,5724230,1487580005092295511,,,18.25,587634202,56aacd00-8e0c-421d-8781-3b2c10cd47f7
2019-12-16 07:42:54 UTC,purchase,5825945,1761186209054327497,,,11.73,432380304,460d1877-22a3-4973-bf0f-ac4b67a95f6f
2019-12-16 07:53:57 UTC,view,5685798,1487580009445982239,,irisk,0.16,436233913,37227c77-34f4-4ffa-99b2-5878f827a4e1
2019-12-16 08:03:54 UTC,cart,5772167,1487580005268456287,,grattol,6.27,387105682,ee81402c-4810-4616-80de-93b53bc799af
2019-12-16 08:06:39 UTC,view,5617817,1487580013145358517,,ardell,8.65,486338323,2041708c-0287-45da-865e-2b29e3f4c8fa
2019-12-16 08:13:04 UTC,cart,5686925,1487580009311764506,,,0.35,587645620,adbecad3-edba-4984-a29a-3980bc28a5d5
2019-12-16 08:18:24 UTC,purchase,5825214,1487580013506068678,,kiss,7.78,572895377,fa936498-f89b-4d39-b4dc-1e96711f63f8
2019-12-16 08:57:48 UTC,view,5805436,1783999076535108182,,,15.87,587652801,b472d52e-0af1-4085-a495-c3346dc7e995
2019-12-16 09:05:43 UTC,cart,59983,1487580009227878422,,,7.78,558435336,0addc03e-16ca-4cff-af5b-2114f8dedbc4
2019-12-16 10:12:38 UTC,cart,5820777,1487580006317032337,,,3.97,432994047,7a6fa648-ddc9-4d9b-b6d6-b4b062cc98d3
2019-12-16 10:25:01 UTC,view,5873649,1495705810662064688,,,4.92,430472544,340781e7-e6db-45b0-8997-edd53916d8b7
2019-12-16 10:28:29 UTC,cart,5723496,1487580005134238553,,runail,2.62,526304707,dd3a9e1b-148f-4fb2-8a4f-a57fb4578535
2019-12-16 10:28:40 UTC,remove_from_cart,5810145,1487580006317032337,,irisk,9.52,587716834,7d123370-51b3-49db-925f-c8fef7c5ab1e
2019-12-16 10:29:40 UTC,view,5825922,1487580004857414477,,lianail,6.02,582767839,1aad7472-e3ab-9453-dfb1-ffb29f09864b
2019-12-16 10:36:04 UTC,cart,5877190,1487580007675986893,,freedecor,1.43,332332252,cf65322d-f132-4a5b-a0eb-de14f3b33f4e
2019-12-16 10:59:00 UTC,cart,5643942,1487580010100293687,,,1.25,583609481,e6845317-59c4-4727-9e26-6fb2bd0dfb85
2019-12-16 11:52:43 UTC,remove_from_cart,5834732,1487580009496313889,,,4.76,538354175,ebfba374-6c6b-4bc8-8d19-fbd5883d2af7
2019-12-16 11:56:12 UTC,view,5804649,1487580007432717250,,,7.14,231765394,8a88f216-930a-434c-8e4e-5958a131155e
2019-12-16 11:57:28 UTC,remove_from_cart,5833331,1487580007675986893,,bpw.style,1.27,478472567,97431e61-1d7b-4b44-b058-b7c073b7b561
2019-12-16 12:12:30 UTC,remove_from_cart,5833323,1487580007675986893,,bpw.style,0.79,568342131,0bc6e36e-04b8-4abb-a8ee-50e7f6dab29b
2019-12-16 12:41:57 UTC,view,5849033,1487580005092295511,,uno,10.32,586185949,1ef2c8f0-92fb-419b-b283-6b24122304f3
2019-12-16 12:47:45 UTC,view,5770041,1487580013841613016,,kapous,2.81,537421394,9bbf77b4-4bd5-a7f8-be0f-db48f4b999a1
2019-12-16 12:51:31 UTC,view,5843375,1487580004857414477,,lianail,6.33,582767839,49d3742d-7ce3-427e-8ed5-523c4b55d49b
2019-12-16 12:56:11 UTC,view,5909810,1487580013950664926,,,18.73,582900589,c45ac9ae-5fb9-4a99-9e4b-9908b0af3a61
2019-12-16 13:03:25 UTC,view,5826189,1487580007432717250,,,3.02,587800141,31071914-1564-4ba0-b043-5f208888feae
2019-12-16 13:30:59 UTC,purchase,5706487,1487580013950664926,,,16.67,430417021,a4e2da0d-5a0f-497d-934b-a8599db85557
2019-12-16 13:58:47 UTC,view,5635098,1487580005754995573,,,4.44,432740690,4cc80d6c-a053-47c2-8673-500e82299683
2019-12-16 14:45:02 UTC,view,5785421,1487580007306888126,,,4.46,538796404,d1301502-5875-4a69-98ba-374af77548c6
2019-12-16 14:50:01 UTC,cart,5799113,1487580005855658874,,lianail,2.86,565549687,60b1f25e-439e-4cbc-afce-dc05e12298d6
2019-12-16 14:55:38 UTC,cart,5677450,1487580008313521133,,estel,5.08,579087462,05da3a2b-8eb9-48a5-97fe-0b8bc9bce0f8
2019-12-16 14:57:09 UTC,view,5809871,1605161575889502297,,grattol,3.02,587843978,daeae3a7-dd1d-4f61-b982-fd84b1fbe9c5
2019-12-16 14:57:40 UTC,cart,5804073,1487580005461394279,,bluesky,3.97,587270923,6b43352e-963d-4c67-9fcd-986f1f94b30c
2019-12-16 15:18:35 UTC,cart,5810136,1487580009445982239,,irisk,1.43,545675207,e288b1df-de2d-4fac-a383-7d09abafca15
2019-12-16 15:28:07 UTC,cart,5759360,1487580011585077370,,estelare,1.9,561059283,fd752a65-b848-4852-9244-0c6fb566386f
2019-12-16 15:40:25 UTC,cart,5885420,1487580005092295511,,grattol,6.27,530268993,b581c39d-d72a-4fc0-979a-d5420f0136f7
2019-12-16 16:08:45 UTC,cart,5692864,1487580007910867929,,yoko,6.83,463826215,c914c48a-6d0a-4855-a8d5-ed7b3521504f
2019-12-16 16:28:09 UTC,remove_from_cart,5905552,1487580006317032337,,runail,1.59,586857635,35c27db3-9c7a-4f7d-9485-1bece7ccf987
2019-12-16 16:33:45 UTC,view,5866161,1487580007675986893,,,1.75,528143271,266f34e3-636c-48be-8e99-63b1d18fe086
2019-12-16 17:08:57 UTC,remove_from_cart,5651938,1487580012902088873,,,6.33,534584795,b4d32535-de6b-4acb-80f0-8ce0e610bc8f
2019-12-16 17:29:21 UTC,view,5843546,1487580010628776014,,,3.97,578150358,30b28452-a5b5-49f5-931c-7cc740e95e6f
2019-12-16 17:43:50 UTC,view,5876857,1487580009445982239,,domix,13.54,587929848,08d76101-92a7-4bc7-a4d6-dd9bd4541345
2019-12-16 17:59:19 UTC,view,5758958,1487580005067129686,,,2.38,586277783,edcc6622-3087-7f01-08e1-b410db18e4f7
2019-12-16 18:17:45 UTC,view,5751742,1487580005092295511,,,14.6,474492581,ba1fd997-ffb4-4202-aea8-6c92f1d94712
2019-12-16 18:26:58 UTC,view,5784998,1783999067156644376,,,9.79,538369503,1b1b2759-622d-4458-9a77-356e9bfa82fc
2019-12-16 18:28:28 UTC,view,5850861,1487580011702517887,,coxir,22.51,587948770,dde76bba-eaba-4498-88e2-4fc46cf3ba01
2019-12-16 18:34:42 UTC,cart,6174,1487580007776650194,,runail,0.63,435936406,9e581eed-1506-4963-a36c-b550bd9957d2
2019-12-16 18:47:59 UTC,view,5560754,1487580006300255120,,strong,194.44,587939731,923b2d02-f405-43b1-8f9c-3d222c60698f
2019-12-16 18:52:09 UTC,view,5878151,1487580005268456287,,cosmoprofi,7.14,378842430,3db610fc-9b44-487b-9154-dad03f2b1fab
2019-12-16 18:54:49 UTC,purchase,5829298,1487580011585077370,,farmstay,0.79,477474251,8dbf05fe-8ad7-4747-802d-de70e6465871
2019-12-16 19:11:13 UTC,view,5769877,1487580013841613016,,kapous,3.65,587971791,5edd0453-7198-4a9d-af92-6cd85aaed33e
2019-12-16 19:17:29 UTC,cart,5825937,1487580013296353468,,,13.32,587968446,028d6d5b-c134-4977-abdc-c22eb278df4f
2019-12-16 19:37:05 UTC,cart,5867065,1487580010821714008,,de.lux,1.59,504064030,f062ef7d-287a-7699-f6a6-e2487756729e
2019-12-16 20:00:22 UTC,remove_from_cart,5716844,1487580013950664926,,,10.32,587972851,c0ca3002-0689-4cbc-9e4f-2e1b944d486b
2019-12-16 20:02:22 UTC,cart,5750301,1487580005713052531,,ingarden,15.71,486370016,3009fcdc-fc7f-423b-8594-058bccfb5abd
2019-12-16 20:04:53 UTC,remove_from_cart,5896170,1487580004916134735,,,3.97,466341884,2f270d65-07db-4455-b2d6-a11a8239322f
2019-12-16 20:06:41 UTC,remove_from_cart,5780032,1487580011501191286,,,2.38,375450242,8cf1a263-b964-4560-abd7-3cee4af3d4d8
2019-12-16 20:07:07 UTC,view,5689319,1487580007852147670,,staleks,16.67,530952240,3ff8b3be-8da7-0420-eb0d-9a1165586760
2019-12-16 20:24:11 UTC,view,5722985,1487580010779770966,,ingarden,4.75,587941286,ee3ac58f-4dbe-407e-9498-caaf85c0d2f2
2019-12-16 20:48:54 UTC,view,5764991,1487580011702517887,,bodyton,6.48,418354185,a43934f4-04b9-4a3b-ba4f-2ade8a7d7e08
2019-12-16 20:53:45 UTC,remove_from_cart,5857098,1487580004832248652,,beautix,9.37,492637723,75d78a71-2464-4d92-aac0-ec2e4e934bb0
2019-12-16 21:00:26 UTC,cart,5774333,1783999064136745198,,runail,4.13,300404754,735e93b6-3e12-40aa-a245-904f8f97e7d7
2019-12-16 21:15:59 UTC,view,5862572,1487580008145748965,,roubloff,4.76,576392301,074d052b-6b19-47ca-89d6-83197b217455
2019-12-16 21:22:26 UTC,cart,5622677,1487580007281722301,,severina,3.16,471385584,afb196db-f6c9-48ea-8203-cc501272b33e
2019-12-16 22:07:05 UTC,remove_from_cart,5826411,1487580005511725929,,,5.56,584289031,1ad0c22d-212e-4765-a8f4-45f76363f16e
2019-12-16 22:11:32 UTC,remove_from_cart,5925,2196456817641391019,,runail,1.98,584726696,1932e97f-9886-494b-ae11-6b1b3c6e1985
2019-12-16 22:33:15 UTC,view,5240,1487580009202712597,,runail,4.05,511314213,d465de02-d377-3492-2b58-4f9a85e11d1f
2019-12-16 22:45:38 UTC,view,5869459,1487580011534745720,,siberina,2.46,509992550,7d77e041-43e7-47dc-bdff-12ed2db403e7
2019-12-16 22:46:48 UTC,cart,5806553,1487580004916134735,,,10.63,292283025,bb97380d-44fd-4cfe-b947-f49d3217a8c8
2019-12-16 23:05:49 UTC,cart,5595976,1487580008263189483,,matrix,16.67,587549137,ecc0cc9a-736c-48fe-9433-86e65a984728
2019-12-16 23:22:50 UTC,view,5793057,1487580005754995573,,,7.62,580418251,49efc8a5-350d-4fb4-aaf5-48e04e0777c7
2019-12-16 23:36:42 UTC,view,5814516,1487580013539623112,,,13.49,588049688,b16283c2-4a93-43e9-9306-c8326b45c1de
2019-12-16 23:38:44 UTC,cart,5804667,1487580013581566154,,,5.4,584885749,1d0edc0d-9c45-4ef3-a3b0-e131b9779fbf
2019-12-17 01:52:39 UTC,remove_from_cart,5788134,1487580005754995573,,,6.35,588061986,c57a090e-88a0-4f07-a3e6-7f4ad369e444
2019-12-17 02:35:40 UTC,view,5804269,1487580005411062629,,cnd,14.13,322007750,e5e1a3d4-8c08-46bf-a32a-19b1cef1accd
2019-12-17 03:31:51 UTC,remove_from_cart,5900635,1487580007675986893,,freedecor,0.79,452657162,2dac8556-3a6e-43ba-8a50-576b01e2ca5b
2019-12-17 03:32:33 UTC,remove_from_cart,5809282,1487580007675986893,,bpw.style,0.79,452657162,2dac8556-3a6e-43ba-8a50-576b01e2ca5b
2019-12-17 04:09:01 UTC,remove_from_cart,5700037,1487580009286598681,,runail,0.4,523939534,d42fdeb1-cfa3-480e-97cb-51b9d1ceb2f9
2019-12-17 04:30:28 UTC,view,8226,1487580006551913373,,,5.95,528971009,704aad5b-bff4-4c5d-876b-2a96db510239
2019-12-17 05:05:14 UTC,cart,5773607,1487580006317032337,,irisk,1.59,588106178,e6c1068a-5068-418d-af14-1d5854721245
2019-12-17 05:55:03 UTC,remove_from_cart,5739493,1487580012927254698,,,5.87,553711574,e5c6714e-f535-4a27-8db9-0520d8034f57
2019-12-17 06:37:22 UTC,cart,5687288,1487580012952420523,,shary,3.57,575446479,86f94255-651d-4cfd-a0ae-ad561280e79b
2019-12-17 06:52:34 UTC,view,5549834,1487580007281722301,,,1.75,588132381,65d45026-fb19-44e2-9e16-2a733460e9ab
2019-12-17 06:58:54 UTC,view,4006,1487580005411062629,,cnd,16.03,570272339,07de191c-c90d-4b00-8097-c07531d40bcd
2019-12-17 07:58:59 UTC,remove_from_cart,5816919,1858245586344477369,,kaaral,23.33,587819270,055e3cd3-7c7d-6b32-0bfb-411d64a65506
2019-12-17 08:18:10 UTC,view,5883092,1487580012927254698,,runail,7.62,401097345,8bb8f2f6-6194-48f1-8d7d-c6e4cfb6dc1e
2019-12-17 08:28:31 UTC,cart,5795991,1487580013640286413,,,2.54,582032101,542bec3a-db00-4c68-b000-d70665f97b41
2019-12-17 08:29:57 UTC,remove_from_cart,5804770,1487580009445982239,,,5.86,563602414,591ba0a5-7bf0-42ee-a0d3-3a7e38575998
2019-12-17 08:42:48 UTC,remove_from_cart,5844894,1487580008313521133,,,6.22,397217117,50c63314-f609-4dc4-beb6-594e6695e992
2019-12-17 08:45:15 UTC,view,5700501,1487580007634043851,,,0.79,489485872,c4aca1ad-9460-4bcb-88a4-6c579c5cfe0d
2019-12-17 08:52:22 UTC,cart,5809871,1605161575889502297,,grattol,3.02,566308473,0fb37085-d31f-4e7c-89d5-45b52930d2ad
2019-12-17 09:11:45 UTC,remove_from_cart,5854897,1487580009445982239,,irisk,0.32,573809052,cf4f358e-3d68-41ed-ad25-9e8a62e6f162
2019-12-17 09:34:02 UTC,view,5885419,1487580005092295511,,grattol,6.27,588223708,bc39f2c8-d857-4b29-a024-833129d1bc0a
2019-12-17 10:18:31 UTC,view,5711711,1487580005008409427,,f.o.x,4.83,417456073,a99ac45b-d955-4ae9-beb3-16b74d1fe39b
2019-12-17 10:23:34 UTC,view,5814831,1487580005134238553,,runail,2.38,587989202,07514503-70bf-a830-b006-7c17d9b632ef
2019-12-17 10:31:35 UTC,cart,5700047,1487580009286598681,,runail,0.4,539741786,04aaebfc-bd8b-4fa2-b0a9-121dff67e4fc
2019-12-17 10:47:38 UTC,remove_from_cart,5842149,1487580006317032337,,,1.59,567761687,f4f6343b-585b-42b1-b3c2-f9b12b272886
2019-12-17 10:48:51 UTC,view,5819640,1487580008162526182,,irisk,26.98,572392244,f2ad1a9b-2a49-40e0-8b55-8134e7812353
2019-12-17 11:01:43 UTC,view,5766979,1487580013069861041,,italwax,18.25,551036816,2f5af149-2330-4e30-adfc-efcc5601133a
2019-12-17 11:23:53 UTC,view,5888097,1487580013388628160,,shik,179.05,588275565,fd56bb1a-4c16-4b6f-8b2d-df55efb78ed3
2019-12-17 11:32:25 UTC,cart,5854897,1487580009445982239,,irisk,0.32,486019285,b03c4af0-6ef8-457e-805a-0b5702fb0830
2019-12-17 12:08:14 UTC,view,5823010,1487580012373606546,,estel,15.87,585765815,39b76681-b143-3c80-f9f5-541cb65f1f44
2019-12-17 12:10:41 UTC,remove_from_cart,5809859,1783999064136745198,,grattol,5.71,438471293,b2ecdfd3-26ea-4e12-a1c0-1a58e680b137
2019-12-17 12:13:56 UTC,cart,5697542,1487580007717929935,,airnails,1.43,496479126,80673fed-3eb9-46b9-b18a-abbdb410debd
2019-12-17 12:32:22 UTC,remove_from_cart,5662460,1487580009311764506,,irisk,0.63,564648648,ab29c161-3a9a-4ec0-8371-cf05a9d0c636
2019-12-17 12:48:54 UTC,view,5769908,1487580013841613016,,kapous,3.65,572120363,018a16a5-d5fc-43e4-9831-38f9f75f2853
2019-12-17 13:17:58 UTC,cart,5800944,1487580005553668971,,,9.21,427095169,35caf1b3-4c63-4c69-b652-b9dc429271fd
2019-12-17 13:57:06 UTC,purchase,5724574,1487580005427839846,,irisk,2.48,491311756,63244e95-56b1-4357-bea3-147d2d632f53
2019-12-17 14:41:09 UTC,view,5863841,1542195323827388674,,missha,9.52,492340848,6fc3b3b4-191e-46ee-8da8-102faff55484
2019-12-17 14:41:09 UTC,remove_from_cart,5773610,1487580006317032337,,irisk,1.9,524391308,d5ea04e4-56e5-4b8f-aa7f-55a0247262a5
2019-12-17 15:31:47 UTC,view,5781942,1487580008145748965,,,5.37,479743230,70a66ec8-a055-4159-8968-218f1230b8d4
2019-12-17 15:59:45 UTC,cart,5836159,1487580008246412266,,,4.76,588402116,42e20794-4df7-4af9-837e-8c5fb8638bfc
2019-12-17 16:43:29 UTC,cart,5730211,1487580005268456287,,,10.32,588419614,996c654b-7f7a-4493-9d96-0094715bab90
2019-12-17 16:56:37 UTC,cart,5734268,1487580005050352469,,haruyama,3.97,477960409,848d1d1b-2c0b-4be5-9ff2-84af4c55e3f1
2019-12-17 17:13:37 UTC,cart,5692914,1487580006962955182,,lianail,5.24,200698039,bc48c439-c7cc-7f8e-efcb-ef488673276c
2019-12-17 17:49:49 UTC,view,5838938,1487580005713052531,,ingarden,4.44,588436698,a437be79-dd17-42ac-bd0f-7bdc3d20c32f
2019-12-17 18:14:35 UTC,view,5769915,1487580013841613016,,kapous,3.65,587485676,478842b6-8936-4200-a8a5-28b0be48ad5f
2019-12-17 18:19:45 UTC,view,5843793,1487580008313521133,,,5.97,587348939,086e2118-3d24-4ca3-b877-d6388b3ad30f
2019-12-17 18:32:03 UTC,remove_from_cart,5806448,1487580004916134735,,,4.29,440554947,38acbc2f-3a50-4316-a1c5-a8d43574a7fd
2019-12-17 18:34:00 UTC,remove_from_cart,5889092,1720400165430363096,,,3.65,407793828,d45ba154-696c-4a72-a7b9-b564813908f8
2019-12-17 18:36:59 UTC,view,5885419,1487580005092295511,,grattol,6.27,588470408,599cefc5-245c-405b-a0f7-a75f5c260675
2019-12-17 18:42:34 UTC,remove_from_cart,5843550,1487580010628776014,,,3.97,466331402,3576c26f-55be-4c25-b5ae-65c8ec3120d9
2019-12-17 18:48:18 UTC,view,5881739,1924049110428549877,,oniq,8.73,545613935,b2b0c874-bb80-4afd-abd9-faa44ca58e33
2019-12-17 19:06:43 UTC,view,5910429,1487580008028308447,,dewal,37.49,588481681,4c65a58d-929e-4f1a-a2f5-b6a6d0204b29
2019-12-17 19:13:39 UTC,remove_from_cart,5682506,1487580013841613016,,estel,2.62,527219865,a738b535-6606-869b-7a07-0c9a2b2daa5b
2019-12-17 19:22:12 UTC,purchase,5754149,1487580007936033754,,yoko,3.65,522289396,984deccb-2b08-470f-a96c-8d7cdbdf5e65
2019-12-17 19:46:00 UTC,view,5876202,1487580013950664926,,,101.27,561678082,50a7d3ad-a232-4161-97af-5756d08415ac
2019-12-17 19:50:14 UTC,cart,5796096,1487580005754995573,,,4.44,454401619,1af44acd-8535-4e0f-b54f-ca1fc580da95
2019-12-17 19:57:53 UTC,cart,5013,1487580008145748965,,runail,1.27,550002140,ee2c2d0f-6240-4a51-9f11-d67d1904bb23
2019-12-17 20:56:54 UTC,view,5782125,1638456119066100510,,pole,4.11,588520359,7769684d-2a91-4623-aaa1-6262411b8b28
2019-12-17 21:09:36 UTC,remove_from_cart,5587644,1487580008187692007,,roubloff,3.48,534389709,89636e85-8995-41ea-b6aa-b417a814a524
2019-12-17 21:12:10 UTC,remove_from_cart,47610,1487580007717929935,,,0.79,584504729,bf0d7673-69f7-4fed-8a85-1d3eebbd41f3
2019-12-17 21:21:01 UTC,purchase,5859421,1487580005671109489,,masura,2.37,588461652,ab757c52-fd7c-4ac1-a0d3-ce2c92a05d57
2019-12-17 21:28:40 UTC,remove_from_cart,5698320,1487580011702517887,,estelare,2.06,378821606,9c5e7111-51c7-4937-9249-bc0052e67fa6
2019-12-17 21:47:34 UTC,view,5781350,1638456119066100510,,pole,4.11,568958175,4c9798c4-71d6-4792-8b6a-bd6f3afbdbf0
2019-12-17 21:57:18 UTC,view,5864468,1597770225539875791,,,46.67,564512789,be6322f2-6b3f-4968-88d3-b584d20fff3d
2019-12-17 22:12:40 UTC,view,5801816,1487580008657454075,,,2.86,544492873,e00939cf-4dc5-430c-8362-a1e782b88d46
2019-12-17 22:42:11 UTC,cart,3959,1487580005411062629,,cnd,16.03,576448894,b6ebd49a-bcee-46a5-bcd6-3a20b8186ca4
2019-12-17 22:59:37 UTC,view,5864995,1487580007910867929,,zinger,5.03,562405020,9983b6d3-4bea-43b7-9e4b-4f1653489da0
2019-12-18 01:48:53 UTC,purchase,5861734,1487580008246412266,,,23.81,562782274,a3a16285-b4c2-4139-a106-390b17e8b898
2019-12-18 04:29:00 UTC,view,5771964,1487580013522845895,,,0.95,588613669,e6f77f37-3815-4ac3-88e9-7435f5c34ee8
2019-12-18 04:36:47 UTC,view,5816170,1602943681873052386,,grattol,5.24,509431964,58c60b21-9f4f-4632-90b8-80dbe2dae619
2019-12-18 04:39:55 UTC,view,5835120,1924049106385240809,,,5.71,381608607,b2fac614-f85c-4e26-af2c-86b2586a0445
2019-12-18 05:29:09 UTC,view,5651975,1487580012902088873,,,16.19,587606995,e3fd45d1-5173-4920-9640-4bddf7054131
2019-12-18 05:42:19 UTC,view,5881772,2084144451428549153,,,2.05,588196080,c4a674a6-de12-4e54-89d0-0b6f0858620e
2019-12-18 06:14:49 UTC,view,5877700,1487580007575323592,,freedecor,1.27,583939746,2686ec47-1b7c-4183-a6d2-22ba9a525610
2019-12-18 06:32:06 UTC,cart,5800299,1487580005855658874,,ingarden,2.38,586720850,52415dd5-59ae-4af8-b93d-50d8b9453d4d
2019-12-18 07:54:17 UTC,view,5848118,1487580013522845895,,,5.0,572877922,88539b78-49d1-4991-8167-70afe31f4e96
2019-12-18 07:56:13 UTC,view,5831617,1891434214553813877,,,7.78,588632605,8af8a3a6-76d0-43eb-ad95-147145ae0cf4
2019-12-18 08:04:09 UTC,remove_from_cart,5807832,1487580005713052531,,ingarden,4.44,552789584,8398ab8e-bc47-4ae3-9df4-78b9604f1e25
2019-12-18 08:04:52 UTC,view,5885418,1487580005092295511,,grattol,6.27,588695912,f2ffdc24-1f41-427c-815e-a19080112622
2019-12-18 08:19:56 UTC,cart,4785,1487580010796548183,,runail,0.38,429160653,01ce96b8-b2f4-46f4-b285-b5b2c523aa46
2019-12-18 08:28:31 UTC,view,5823597,1487580004916134735,,,4.95,585341105,bc8ede0c-41e7-4639-9452-55cdff8570e1
2019-12-18 08:46:30 UTC,view,5759491,1487580013011140782,,italwax,1.94,588718340,71fb3ae4-3c7d-4e81-962d-3b9ae34a545c
2019-12-18 09:14:54 UTC,view,5778935,1487580005092295511,,f.o.x,13.97,588623764,605389c9-fd41-45ab-b3be-ba19317814a6
2019-12-18 09:57:18 UTC,remove_from_cart,5913043,1487580008246412266,,matrix,8.46,561166233,38b7a47e-a495-473a-aaa3-8ce8622d8e35
2019-12-18 10:36:10 UTC,purchase,5839651,1487580005671109489,,masura,2.37,497735856,54c5a585-2e1c-4f37-b9b9-34ded1f0f43b
2019-12-18 10:48:34 UTC,view,5833652,1921723491720102387,,,4.57,588750734,ebf86cc4-5f9d-4fc3-aced-67e9128cfe38
2019-12-18 10:51:19 UTC,cart,5881519,1487580005268456287,,,7.86,587312987,be7759aa-c001-4432-9fca-27dd56bf4cd0
2019-12-18 10:54:14 UTC,view,5569526,1487580012969197740,,,4.6,395620723,a77ee9b1-8fc0-462a-b9d2-12a8f1481b5a
2019-12-18 11:01:25 UTC,purchase,5910921,2069804417665728971,,cosmoprofi,4.76,421822052,4ae1f192-142c-4b32-a3bb-cdc20f27cd86
2019-12-18 11:29:35 UTC,view,5861276,1487580006300255120,,marathon,137.78,586227137,f99e9b42-39bd-c770-ad02-782708c9a7ae
2019-12-18 11:36:10 UTC,view,5905556,1487580009605365797,,runail,1.59,462658472,5e67261c-442a-41c9-ac4f-43c5ce4bce42
2019-12-18 12:02:41 UTC,remove_from_cart,5585658,1487580007256556476,,,0.71,464008714,59b42c05-6357-483f-9edc-e75a323d6463
2019-12-18 12:16:55 UTC,view,5851758,1487580010645553231,,kosmekka,99.68,588795340,149b346e-8f80-4f38-aee7-cc3220e1e1f4
2019-12-18 12:37:42 UTC,view,5646693,1487580007986365405,,,16.51,582267471,86db4865-a0fc-45cb-8519-1a04cd8cdf65
2019-12-18 12:42:29 UTC,remove_from_cart,5814524,1487580005092295511,,runail,4.44,527657197,c909dde6-2653-48d9-9a31-72ba7b7574de
2019-12-18 12:53:56 UTC,purchase,5624087,1487580010628776014,,,11.0,573440658,64699ffa-111c-4bd9-8c1e-61257dfbc109
2019-12-18 12:57:21 UTC,remove_from_cart,5812128,1542195323827388674,,art-visage,4.73,588821620,9fbe2adc-df28-4f6c-ae50-40920982bad2
2019-12-18 13:07:57 UTC,view,5896420,1487580006300255120,,jessnail,49.21,442506237,b2d41482-f60c-4a70-a472-6396f1d5ea15
2019-12-18 13:29:27 UTC,view,5834173,2151191070908613477,,runail,2.62,588859761,25622951-662b-4006-849f-822c0a418289
2019-12-18 13:33:43 UTC,remove_from_cart,5809617,1487580005595612013,,,3.02,551761410,14f74893-bd45-42cc-b7c5-62a3b6d838d0
2019-12-18 13:36:01 UTC,view,5843737,2235524494015856752,,,8.75,588861013,eb4d9267-f461-47f3-b7c2-c92517e2cca7
2019-12-18 13:40:23 UTC,cart,5766117,2035665444290953519,,,5.24,422153796,eade5446-cf26-423f-abd7-623408cd6c28
2019-12-18 13:53:01 UTC,view,5877031,1487580010100293687,,milv,3.49,240417992,8869d388-6d09-4dc0-a1ad-16027b0ca267
2019-12-18 14:03:24 UTC,cart,5890138,1487580013413793985,,,3.57,482196607,7dd8bbf2-6b29-4e70-b525-a8b04755d754
2019-12-18 14:43:51 UTC,cart,5228,1487580008816836611,,runail,0.87,588891981,1c77c0c0-d988-4248-abb2-5fa0fb9f83ff
2019-12-18 14:57:00 UTC,view,5816170,1602943681873052386,,grattol,5.24,584372680,899e852e-b4da-43a5-9292-e0d46890f635
2019-12-18 15:11:20 UTC,view,5686278,1487580007432717250,,masura,1.57,554597886,1e438549-0678-4216-b807-09ad3945bf7a
2019-12-18 15:23:52 UTC,view,5904358,1487580007675986893,,,1.59,588908107,5ab98ff3-75f0-47dd-856b-4e773b6a7be5
2019-12-18 16:08:40 UTC,view,5882787,1487580013950664926,,thuya,92.06,588930808,72ae1706-ee20-4e4d-9873-4227f7c2a183
2019-12-18 16:12:31 UTC,remove_from_cart,5818361,1487580009336930331,,igrobeauty,1.03,375917662,1bc99ac0-6872-4ca4-bcdc-06290ccd0c03
2019-12-18 16:40:17 UTC,remove_from_cart,5769938,1487580013858390233,,kapous,3.06,499733180,78d4e1a3-3a02-4485-87cf-6db00b890ccf
2019-12-18 16:41:22 UTC,view,5598854,1487580011283087468,,,2.86,532125003,2e944906-0756-46ac-a553-1fc391fa3974
2019-12-18 16:47:30 UTC,view,5825034,1487580005595612013,,,4.76,525331444,b91167e6-65db-4413-b576-92bf9f04bf58
2019-12-18 16:52:08 UTC,view,5820711,1487580006317032337,,,2.22,545918229,9fbd7802-e82e-431d-a8fa-bf6bd18f0ea1
2019-12-18 17:05:41 UTC,cart,5742402,1487580009362096156,,,1.03,578189778,9ce18a10-2f70-4a46-aeeb-d62c08c81721
2019-12-18 17:09:51 UTC,cart,5811802,1487580005671109489,,masura,2.84,552763901,05ca51e3-2bfc-4585-be76-a5efcdb6cfbc
2019-12-18 17:17:12 UTC,view,5622678,1487580007281722301,,severina,9.11,556706933,e6285f58-1625-257d-9eeb-9bb19ecd1b8f
2019-12-18 17:27:27 UTC,view,5837641,1487580005092295511,,,10.32,410496233,7493c4f7-8d4d-45dd-9449-c89fffc6a6bf
2019-12-18 17:27:31 UTC,view,5886064,1487580013950664926,,,15.71,588963684,8be88111-9b7b-4eed-96a9-2f77fcc7a0f9
2019-12-18 17:32:31 UTC,view,5811668,1487580005427839846,,irisk,2.48,531299903,c669702e-11db-4e92-9ecb-8b6f8c48c472
2019-12-18 17:45:03 UTC,purchase,8098,1487580006350586771,appliances.environment.vacuum,,1.11,588389232,cb3692b8-6a8b-4345-aea9-f47d26ad9627
2019-12-18 17:57:12 UTC,view,5796984,1487580005671109489,,masura,1.73,558783633,e635d62f-d223-45a7-a1fe-96167e8388cf
2019-12-18 18:15:51 UTC,cart,5902322,2007399943458784057,apparel.glove,,8.89,525821970,b715f9da-dbaa-4284-8fbf-c8853a895995
2019-12-18 18:59:20 UTC,cart,5778108,1487580009311764506,,zinger,3.81,468411956,dd7aa83e-8543-4ced-bab6-5bf83d08020f
2019-12-18 19:09:05 UTC,cart,5819895,1487580008246412266,,kapous,4.6,523841847,eddcf9b6-da45-4fb7-b82d-16a7fbe003a5
2019-12-18 19:21:36 UTC,cart,5587740,1487580006551913373,,irisk,0.87,589000114,a13c25ab-4f17-41d5-93e2-2e2a3b5f7d7a
2019-12-18 19:30:43 UTC,view,5856186,1487580006300255120,,runail,75.4,560157416,a0b43126-8123-43b2-b408-c393962f7f22
2019-12-18 20:00:30 UTC,cart,6691,1487580009471148064,,runail,0.87,449541891,0cb4f367-d078-4640-952b-1d20aa6ec01b
2019-12-18 20:04:50 UTC,view,5780031,1487580011501191286,,,2.38,282432370,6fcbeb22-c220-450b-8744-75f2d4c5b612
2019-12-18 20:12:08 UTC,purchase,5763238,1487580010125459512,,uno,2.38,485208798,822d8a95-a381-490d-b1e1-293f7f567ad6
2019-12-18 20:40:13 UTC,view,5814520,1487580005092295511,,runail,4.44,568733905,98797610-46fb-4e13-a5f7-8f025caf9947
2019-12-18 20:51:57 UTC,remove_from_cart,5900633,1487580007675986893,,freedecor,0.79,542945376,277d44f3-f4f6-4f94-9bda-eb3f53f20fbf
2019-12-18 21:10:45 UTC,remove_from_cart,5528034,1487580005553668971,,,9.52,588409626,6b66314c-6542-4f71-be29-47d09227e878
2019-12-18 21:33:17 UTC,cart,5712809,1487580008112194531,,jaguar,3.97,510532656,c6c74180-d356-456d-9576-1753433026fb
2019-12-18 21:54:58 UTC,view,5875508,1487580005092295511,,,2.3,397841219,388d5daf-ed2e-4df2-aea2-9dd8b79ecf13
2019-12-18 23:31:50 UTC,cart,5914815,1487580009445982239,,irisk,1.51,490664357,7e3436de-2229-4939-ba80-ce352e0874cb
2019-12-18 23:51:02 UTC,view,5881663,1487580013522845895,,lovely,1.83,585034974,f66bac40-d2e8-4e4c-8b73-9f978e70ec56
2019-12-19 00:03:04 UTC,view,5896189,1487580011702517887,,missha,74.29,456771966,d0670b3d-500d-4e4a-920b-23a578d8ef88
2019-12-19 00:50:46 UTC,cart,5489,1487580005713052531,,ingarden,4.44,401233000,5abe0c73-5520-4c23-9f39-c9a5fa3e8fb2
2019-12-19 01:35:25 UTC,view,5782116,1638456119066100510,,pole,4.11,589099754,463c3a8d-1b70-426e-9682-7cc518a85101
2019-12-19 02:49:25 UTC,cart,5724566,1487580005427839846,,irisk,2.48,579243077,b9128c79-39a1-4f5b-939f-99b56f20cb82
2019-12-19 04:30:07 UTC,remove_from_cart,5797788,1638456119066100510,,pole,4.11,555064027,f23763cd-606e-4faf-b0af-0e0ef5aa93f6
2019-12-19 04:40:12 UTC,view,5891461,1487580007852147670,,metzger,2.06,589138103,7a39cdd2-7786-4fb3-ab3a-6f5159a0d7de
2019-12-19 05:00:19 UTC,cart,5848081,1487580013950664926,,,89.68,572162446,2a685092-ce6a-4fb6-b324-0cc77449c0e8
2019-12-19 05:12:02 UTC,purchase,5714908,1487580005511725929,,,5.56,588915215,2265564c-9e2c-0f73-9fe0-5987b211b6c9
2019-12-19 05:24:50 UTC,view,5886550,1487580013413793985,,,5.11,538033474,0a92600a-d8b8-4ea5-acfa-ff7b6210f7f3
2019-12-19 05:29:08 UTC,view,5654961,1487580007952810971,,metzger,7.22,588833767,39186d21-9e78-b997-a271-12f50f90fd26
2019-12-19 05:30:16 UTC,view,5561560,1487580007952810971,,,12.68,576965364,0106c941-d6eb-4066-a608-870aeb416214
2019-12-19 05:38:10 UTC,view,5689471,1487580007852147670,,staleks,13.17,411387606,92e1003d-ec4d-487d-b935-58392df4119e
2019-12-19 05:39:14 UTC,view,5914802,1487580008313521133,,,11.11,576685277,b01a8beb-7560-4406-b098-972a8ca8f54e
2019-12-19 05:40:44 UTC,purchase,5649078,1487580005511725929,,,5.56,584858294,b6094fab-0bfa-46a2-946d-7db702e2ac91
2019-12-19 06:05:19 UTC,cart,5591314,1487580005268456287,,,4.29,589162820,d1e52472-a930-4a58-832a-8224c5a807ba
2019-12-19 06:14:39 UTC,purchase,5797798,1638456119066100510,,pole,4.11,589146631,3b7fee51-95b6-4281-b416-a5d47dc460a3
2019-12-19 06:34:53 UTC,view,5756152,2151191071378375538,,,4.6,560528083,c45d0aba-3ec0-4a1a-8a33-323f95d2da3f
2019-12-19 07:09:48 UTC,view,5896421,1487580009051717646,,jessnail,28.41,589191694,a1c7d6fc-db9f-4d81-b06b-656d2a1aa5e5
2019-12-19 07:29:22 UTC,remove_from_cart,5835046,1924049106385240809,,,5.71,547009029,517f5999-d6ac-4878-b604-959e88587953
2019-12-19 07:29:26 UTC,view,5848296,1487580005595612013,,,3.0,565346687,57222b46-8fcd-df8c-b520-31178a425a1c
2019-12-19 07:34:47 UTC,remove_from_cart,5796977,1487580005671109489,,masura,1.73,563182909,4d04480e-5561-4ecc-9c1a-49429bacb3eb
2019-12-19 07:41:09 UTC,cart,5825955,1487580013145358517,,,4.59,565743488,64ec198c-b4fb-4223-8898-4c2e93c61ded
2019-12-19 07:57:46 UTC,view,5852637,1487580005268456287,,,4.73,587392032,e9e699e4-001c-4eca-baaa-67076d62b145
2019-12-19 08:20:42 UTC,view,5814046,1487580005092295511,,grattol,6.27,589220547,e791dd60-4f60-40c3-8442-bc51f5b98b1f
2019-12-19 08:42:21 UTC,view,5876075,1487580012574933146,,,5.24,243114218,fefe1bee-36f8-45e6-b399-116081ad34e4
2019-12-19 09:36:34 UTC,purchase,7681,1487580009227878422,,runail,4.44,565745379,965e208c-e73f-4946-b97c-4a9afd758d0d
2019-12-19 09:53:17 UTC,view,5687152,1487580010645553231,,,15.86,589272365,085953cb-fa2e-4874-8e23-00cf667cbe84
2019-12-19 10:03:11 UTC,view,5896180,1487580004916134735,,,4.76,589232566,3c944b1c-8df9-4eed-bfc1-1b4e9fc652ff
2019-12-19 10:16:37 UTC,view,5798039,1638456119066100510,,pole,4.11,589283381,44b334e5-8491-466c-aab7-59ef29a8a292
2019-12-19 10:22:37 UTC,view,5769925,1487580013841613016,,kapous,4.22,549078119,2d400188-87f2-4ac6-b6eb-5e4c1720c4d1
2019-12-19 10:51:46 UTC,view,5676246,1487580006300255120,,marathon,137.78,576977814,7f17a342-640c-46ae-91fa-78492e76138a
2019-12-19 11:01:38 UTC,view,5863841,1542195323827388674,,missha,9.52,575094446,6570b961-0474-4289-843e-3d3ead0206c8
2019-12-19 11:26:22 UTC,cart,5834736,1487580009445982239,,,3.02,531054990,e0cdb7d9-1574-bcc4-6ae7-d790b2ed8949
2019-12-19 11:56:34 UTC,view,5900651,1487580013950664926,,,19.52,582725222,e0cfc0bf-ab0f-48e1-87d2-c149ce2b3d66
2019-12-19 12:04:23 UTC,cart,5842110,1487580006317032337,,,0.79,493165124,0096b68b-a24f-452f-8462-8681639c693a
2019-12-19 12:08:09 UTC,view,5649219,1487580005268456287,,,7.14,414540579,69549d3c-82ce-4239-9274-f5f043f2f768
2019-12-19 12:13:44 UTC,view,5837165,1783999064103190764,,pnb,8.73,453758644,ae57090e-cf55-4e77-b408-f78576a7fd95
2019-12-19 12:22:55 UTC,cart,5809152,1487580005411062629,,cnd,14.13,589344620,2bd4d8f2-e162-4bff-a1a8-87324262059c
2019-12-19 12:23:08 UTC,purchase,5914809,1487580006317032337,,,1.59,585826926,dd424073-95e7-4807-8c09-57e0459882f6
2019-12-19 12:27:26 UTC,view,5849716,1783999063314661546,,bluesky,3.97,589298813,d2c04b84-97fa-452e-bd50-0a293bf5123b
2019-12-19 12:50:29 UTC,view,5862943,1487580007675986893,,freedecor,0.79,565079087,48b47464-5ab3-06e7-31e0-e5983640d270
2019-12-19 13:35:04 UTC,view,5910992,1487580005092295511,,runail,4.44,582916380,9efadce3-dbb6-be80-96df-cb3c5500c512
2019-12-19 13:47:35 UTC,view,5897387,1487580011677352062,,,31.19,589384968,614ab916-7386-40bf-aa47-f8b544d5db08
2019-12-19 13:59:18 UTC,view,5848119,2140803113261466607,,,3.02,478330961,1447c60b-3a00-441f-89b6-4eafb762e2aa
2019-12-19 14:00:08 UTC,cart,5810037,1487580005092295511,,,8.73,589384042,30f4fbd9-e072-48a8-bf80-f1c94b69ec5f
2019-12-19 14:33:09 UTC,remove_from_cart,5687131,1487580008187692007,,,0.79,588783422,8c7a4660-1e17-d9eb-906f-156c30425505
2019-12-19 14:48:43 UTC,view,5809910,1602943681873052386,,grattol,5.24,551177769,e742099e-260e-4e17-8e72-20daaf9bc4d0
2019-12-19 14:55:57 UTC,cart,5304,1487580009471148064,,runail,0.32,479213067,b61d7ce3-8ade-4578-b06c-1f40563eb306
2019-12-19 15:00:29 UTC,view,5841190,1487580009051717646,,,47.59,467637400,0576dbf9-53ff-405b-afe4-a2a881387282
2019-12-19 16:08:48 UTC,cart,5831518,1487580012524601496,,pole,2.32,589446753,59ff64b9-cfb2-4115-b473-628c8ec6bd23
2019-12-19 16:19:47 UTC,view,5909810,1487580013950664926,,,18.73,589453314,06b1e225-d2e6-4e8a-9674-bb059c4cf766
2019-12-19 16:20:38 UTC,cart,5906507,2151191071378375538,,matreshka,4.76,589440163,590865fd-c1b0-4f38-a9cd-673cf98c9af9
2019-12-19 16:32:38 UTC,remove_from_cart,5620924,1487580007256556476,,,6.65,555109542,67a2e5a8-181b-4652-8e6b-3a055f18e69c
2019-12-19 16:33:49 UTC,cart,5828679,1487580006509970331,,solomeya,0.79,464529479,569e456b-8e33-41f4-aa8b-30e217d49dc9
2019-12-19 16:34:01 UTC,remove_from_cart,5569524,1487580012927254698,,,2.86,412933801,7cd5be19-2ea1-4d99-befb-a7574a882482
2019-12-19 17:12:44 UTC,remove_from_cart,5815644,1487580005092295511,,rosi,7.86,573800417,991dcb99-e2b4-baa0-34d6-f625fac46652
2019-12-19 17:12:52 UTC,purchase,5900651,1487580013950664926,,,19.52,548562427,1bee88c2-4b1d-4801-9d2b-beb8649f2629
2019-12-19 17:25:42 UTC,remove_from_cart,5773381,1487580005134238553,,runail,2.78,585526203,6056888f-56a5-42ca-b554-d9f884105864
2019-12-19 17:39:43 UTC,remove_from_cart,5892288,1487580013279576251,,shik,10.32,589486054,19b3da7c-4276-416a-a7a8-2a0b9d70684a
2019-12-19 17:43:41 UTC,view,5905547,1487580006317032337,,runail,1.59,576729446,6ad5640f-4a90-435f-862c-3586996b9fdb
2019-12-19 17:51:41 UTC,view,5866398,1487580013657063630,,,15.71,474762577,8beafa08-e395-4a07-84d2-18f0eb395241
2019-12-19 18:26:59 UTC,cart,5779268,1487580006962955182,,,7.14,414540579,b5ffc098-1f2d-2d5a-7292-99d60d8d9dd7
2019-12-19 18:35:52 UTC,view,6210,1487580006132482952,,runail,0.79,589510840,63a4d72c-657e-4054-8503-1ded8db67f28
2019-12-19 18:42:22 UTC,view,5747405,1487580005671109489,,masura,6.33,582598834,6c3877c3-452c-49c1-8031-e247326c4a0e
2019-12-19 18:45:04 UTC,remove_from_cart,5877397,1487580005671109489,,masura,3.95,330139971,eb2bf417-7335-46c1-a913-80ac8af48fbc
2019-12-19 18:52:13 UTC,remove_from_cart,5886699,1783999063314661546,,,11.11,417379229,195e822a-4b5a-4eeb-a05f-ccb917c42908
2019-12-19 19:07:22 UTC,remove_from_cart,5853633,1487580010872045658,,,0.79,516764961,ff5989cd-51ce-40a4-ac79-e8174f5e1382
2019-12-19 19:08:50 UTC,cart,5700447,1487580013917110492,,,0.87,435500055,45bd6763-efb3-4368-9e47-b019249c2957
2019-12-19 20:00:58 UTC,remove_from_cart,5854289,1487580010100293687,,orly,7.7,579815989,140d0794-511c-40a0-b006-34a2fe9c881a
2019-12-19 20:22:17 UTC,view,5792800,1487580005268456287,,,10.32,586593983,67f6db81-305b-43f1-8471-21a643b7b4fd
2019-12-19 20:25:50 UTC,cart,5883313,1487580007634043851,,de.lux,0.79,546190374,da4edf92-aba6-419d-bb02-45feb14cfe55
2019-12-19 20:28:32 UTC,view,5686925,1487580009311764506,,,0.35,589551915,c6effc52-3b56-45c2-8799-30dcad08fef6
2019-12-19 20:52:32 UTC,remove_from_cart,5906122,1487580007675986893,,bpw.style,0.79,493295764,e1c9a14c-601e-4eb6-af4d-073a6f505f80
2019-12-19 21:13:37 UTC,cart,5826990,1487580005671109489,,masura,1.73,553612042,06588bac-f0ba-4d16-98c4-51b7de3c5138
2019-12-19 22:04:08 UTC,purchase,7681,1487580009227878422,,runail,4.44,526101267,3f7b5a2d-ea36-41ad-973f-adff1279665d
2019-12-19 23:06:24 UTC,view,5844889,1487580010293231679,,,4.7,589587187,8f1e713d-475b-4da9-b3c3-0b204de0a23c
2019-12-19 23:29:09 UTC,view,5897625,2029082628195353599,,,5.71,563754540,91f340f0-21c5-44f7-9cd2-d72e3a8072b3
2019-12-20 01:08:16 UTC,cart,5587774,1487580006317032337,,irisk,1.9,314322456,d1e75c73-4967-4526-a53c-52822c552e4f
2019-12-20 02:00:53 UTC,cart,5778722,1638456119066100510,,pole,4.11,492321842,299c6e46-321b-4975-9ceb-190b4030d883
2019-12-20 02:06:30 UTC,purchase,5913371,1487580008112194531,,dewal,5.83,576250771,2942f93a-7a41-45ac-bb9f-5ed1dfcc6c2c
2019-12-20 03:05:19 UTC,view,5869155,1783999064136745198,,cosmoprofi,4.76,589623550,5aabe6fe-a765-4f09-abae-9d99cc02e3d3
2019-12-20 03:43:18 UTC,cart,5733556,1487580010100293687,,,3.17,589630836,7ab82647-dfe2-4b52-b970-56ba87d6e70a
2019-12-20 06:04:33 UTC,cart,5906177,1487580009496313889,,runail,4.29,575288835,bc6233b5-5950-4d9d-a9ba-905a9220d11c
2019-12-20 07:00:43 UTC,remove_from_cart,5587652,1487580008145748965,,roubloff,3.49,549750079,51ba6ecc-cdc1-4a8d-bdad-01bb2e197257
2019-12-20 07:11:51 UTC,view,5883019,1487580013841613016,,,7.33,589694842,26fddd69-bde0-4d2b-a3f9-afaa099787b4
2019-12-20 07:13:36 UTC,cart,5826990,1487580005671109489,,masura,1.73,546986696,f954c979-8274-4321-b0dc-1d582c074853
2019-12-20 07:17:03 UTC,view,5528051,1487580009387261981,,,6.19,72655920,c5643d68-0641-4f40-9f1e-7019a49ec320
2019-12-20 07:44:54 UTC,cart,5912862,1597770225539875791,,,5.87,589683184,408f275c-fa3a-4e56-9828-373ae50a353e
2019-12-20 07:47:15 UTC,cart,5885416,1487580005092295511,,grattol,6.27,468709741,8eb327f3-853a-4ea3-93c0-b44a81be6419
2019-12-20 08:36:33 UTC,view,5864489,1783999072332415142,,,24.86,560776264,d7898c7d-d35b-4038-9e57-672fc935d89d
2019-12-20 08:39:21 UTC,remove_from_cart,5745712,1487580006317032337,,runail,8.73,582131287,8c46331f-4537-4f80-8260-23945b84d62f
2019-12-20 09:21:53 UTC,purchase,5903627,1487580013950664926,,bodyton,26.19,589726897,0a002fcf-6901-4e5d-b0cf-fc1b085e37fd
2019-12-20 09:35:56 UTC,remove_from_cart,5729864,1487580006509970331,,,0.41,581811273,2dcf85ce-b677-4e76-b110-205f8c983ec2
2019-12-20 09:51:25 UTC,remove_from_cart,5654959,1487580007952810971,,metzger,7.22,574275921,5a6529e5-a955-48bc-b914-f0857d757c9b
2019-12-20 09:52:20 UTC,view,5699815,1487580004882580302,,,2.7,589765420,9b156c29-be0f-4655-a4cf-8a0c119c3cf4
2019-12-20 10:11:28 UTC,view,5823778,1487580013749338323,,estel,2.38,589761747,1a8d5fdb-5dbc-4ec2-9db6-be83a7bbfbc1
2019-12-20 10:23:37 UTC,remove_from_cart,5767497,1487580012952420523,,italwax,2.06,377132934,62736e55-182a-43ac-88f5-49487f14e5c6
2019-12-20 10:42:55 UTC,view,5824227,1487580013539623112,,,13.49,587325371,d2331f8a-328f-4e24-8270-b55f24627efe
2019-12-20 10:54:46 UTC,view,5896179,1487580004916134735,,,4.76,538692204,0464db5e-c5bc-4bf0-8f9f-bb3c659d0076
2019-12-20 10:56:58 UTC,cart,5807866,1487580009471148064,,irisk,0.79,584840447,69e5c75b-d8f6-41f2-aa46-b4bed322232a
2019-12-20 11:03:54 UTC,view,5906096,1487580007675986893,,bpw.style,1.59,566070908,746b4445-1802-4b6a-9a3c-3c74c3f42ecf
2019-12-20 11:11:12 UTC,view,5861279,1487580006317032337,,,30.95,474603754,3ddc7ca4-9e82-4d88-8df6-f1cce3f261d7
2019-12-20 11:31:52 UTC,view,5828610,1487580009227878422,,solomeya,2.06,580858102,78febc50-10ae-e23f-4b71-4687726ab324
2019-12-20 12:26:24 UTC,cart,4590,1487580006317032337,,,4.92,589791760,20458ddb-97a7-4ed5-801b-b85d15d0c7b7
2019-12-20 12:32:16 UTC,cart,5893669,1487580005754995573,,,4.92,585748552,b10fd644-5453-4743-b2c9-d97d2b07d0a8
2019-12-20 12:39:41 UTC,remove_from_cart,5782125,1638456119066100510,,pole,4.11,579046940,3cfd912e-3bdd-4534-9c8e-b3f68824a6a4
2019-12-20 12:42:24 UTC,cart,5844301,1487580006317032337,,,1.57,585748552,b10fd644-5453-4743-b2c9-d97d2b07d0a8
2019-12-20 13:29:12 UTC,view,5885365,1526733091857498510,,,5.56,581267151,6e5ec106-f5c3-4854-acc5-20988899f45f
2019-12-20 13:36:42 UTC,view,5697286,1487580010779770966,,,0.38,589843383,59ea6ae5-265b-443c-9f2c-9695abcfa795
2019-12-20 13:44:37 UTC,view,5904805,1487580007675986893,,,1.59,538470291,8e49cf1f-f326-4e21-ad7a-a4b4c2b05127
2019-12-20 14:13:50 UTC,view,5829376,1487580008145748965,,,7.62,424659623,b5f870fd-48b3-486d-8c41-671cc92414ef
2019-12-20 14:54:38 UTC,view,5780102,1487580008246412266,,,12.06,525849749,9bc23dd3-0662-4541-bc5f-05e65da6f8e0
2019-12-20 15:14:04 UTC,view,4131,1487580005411062629,,cnd,16.03,586410237,9d999107-dc25-467f-926c-7b8a77d66544
2019-12-20 15:37:00 UTC,cart,5854812,1602943681873052386,,grattol,5.24,589709315,0e41c815-0913-422e-b33a-9c88e40ae48f
2019-12-20 15:40:42 UTC,view,5899598,2164688961165852944,,opi,7.41,589919306,388e46de-82f4-4df6-9733-21d690b432a3
2019-12-20 15:54:06 UTC,view,5773377,1487580005134238553,,runail,2.78,537515290,abcefbc7-85c3-4aca-baf8-9864b9132423
2019-12-20 16:49:27 UTC,view,5884212,1487580005092295511,,,10.63,512312209,08df2bf7-7686-434d-a020-2b624c54f375
2019-12-20 16:49:29 UTC,purchase,5836371,1487580011308253293,,,1.78,546843056,b9efe4ba-15d8-4fc6-94f0-fccefc963fd9
2019-12-20 16:52:39 UTC,view,5825586,1487580005754995573,,,4.44,465887787,f6137303-1844-4092-93cd-66849994d7f0
2019-12-20 17:33:35 UTC,cart,5811594,1487580005528503146,,pnb,5.56,589965031,6919d673-5aee-40af-afff-fb4492bbe517
2019-12-20 17:50:20 UTC,view,5687151,1487580009605365797,,,1.9,589972475,0aa647ae-cd96-4ff5-a7fd-3790764ab8bb
2019-12-20 18:46:42 UTC,remove_from_cart,5814046,1487580005092295511,,grattol,6.27,543370299,7467af10-d636-4df7-bd3c-cf3c854386b1
2019-12-20 19:10:47 UTC,remove_from_cart,5808547,1487580008313521133,,kapous,3.81,567454320,8c385dd0-4f42-47a5-9e53-e8fe64dcb53e
2019-12-20 19:15:35 UTC,cart,5829353,1487580011585077370,,farmstay,0.79,590004742,b0393e30-7e9a-4209-910a-a321a7fb34db
2019-12-20 19:31:55 UTC,view,5683737,1487580005595612013,,,3.0,590011972,13ce9523-784c-4768-9d09-bf8f990958a5
2019-12-20 19:45:36 UTC,view,5816177,1602943681873052386,,grattol,5.24,489369376,bc97d7f6-7e3c-4114-ab2c-525138c929cc
2019-12-20 20:24:13 UTC,remove_from_cart,5759279,1487580013388628160,,irisk,1.11,528907331,a18ea177-4d58-466c-83d7-dacbe248fb23
2019-12-20 20:50:55 UTC,remove_from_cart,5824810,1487580007936033754,,domix,0.79,589976422,4b7106da-cd4d-4c2b-977b-776097862877
2019-12-20 21:19:18 UTC,view,5826184,1487580007483048900,,,3.33,568302276,59c2dd31-62d3-4b00-b4f4-51cfee3c40e9
2019-12-20 21:20:25 UTC,remove_from_cart,5859418,1487580005671109489,,masura,2.37,531464408,192c1487-17e4-4b9a-98f8-378a006e68b8
2019-12-20 21:35:57 UTC,cart,5615144,1487580005092295511,,,4.76,549732003,c08dc703-f420-4802-992d-e23d41254a5a
2019-12-20 22:11:34 UTC,view,5884577,1487580006350586771,appliances.environment.vacuum,max,47.46,533606946,f63c22c0-183d-4199-990b-d45f93bf5cf5
2019-12-20 22:52:01 UTC,view,5587738,1487580009445982239,,irisk,1.59,590067128,6cdfa412-a191-46b3-a60f-3c5f7d5423aa
2019-12-21 01:05:32 UTC,view,5787969,2151191071378375538,,,14.13,582596833,730f7c06-7c3d-40dd-9805-ab05ec05b470
2019-12-21 02:48:13 UTC,remove_from_cart,5786397,1487580008288355308,,,11.9,488624147,2c3c5fba-753a-4967-a18f-6a5c61c9bab6
2019-12-21 03:32:24 UTC,cart,5753874,1487580012096782476,,,4.76,339551433,7efde14a-af3d-48c2-97a7-37552624333b
2019-12-21 03:35:19 UTC,view,5914449,1487580005713052531,,ingarden,7.78,288104467,7661aa25-5633-4a67-adc0-40bf4c97e13f
2019-12-21 04:39:46 UTC,purchase,4768,1487580010796548183,,runail,0.38,566589534,3d609cef-129a-4444-9f08-54d307d43587
2019-12-21 06:40:43 UTC,view,4901,1487580008162526182,,runail,2.54,590146544,294a56dd-32f9-413e-b1b6-5fae85b75f60
2019-12-21 06:46:49 UTC,cart,5651965,1487580005595612013,,,2.05,551145024,170ed103-845a-4596-a5a8-657b877a96f7
2019-12-21 06:51:13 UTC,view,5726170,1487580005595612013,,,3.0,551145024,170ed103-845a-4596-a5a8-657b877a96f7
2019-12-21 07:03:41 UTC,remove_from_cart,5815662,1487580006317032337,,,0.92,588233459,9af8b6a9-8eb8-434e-be2c-a19a8a0e8993
2019-12-21 07:12:36 UTC,view,19162,1487580008447738866,,cnd,11.27,475758222,8c9b312d-e84a-4de7-8e26-1bcc7154bd4a
2019-12-21 07:40:34 UTC,cart,5647109,1487580008246412266,,concept,4.92,590169697,7b9a5086-8da3-41c3-ab4f-08b43e9732a0
2019-12-21 07:59:24 UTC,view,5836488,2151191071051219817,,nagaraku,5.56,590175127,3e98bb7e-93ff-4d8a-854f-0a693cb68a1e
2019-12-21 08:09:32 UTC,cart,5730402,1487580009496313889,,,7.86,584930571,5fd8d5a4-5bca-4161-9bd0-51f49a610598
2019-12-21 08:33:25 UTC,cart,5810084,1487580006350586771,appliances.environment.vacuum,irisk,24.6,570656693,4330e598-329a-41fb-8213-f82e55176eb2
2019-12-21 08:42:47 UTC,view,5887573,1487580005595612013,,,3.0,590186625,a5f607f8-26c2-42b0-9210-b8956debcfd6
2019-12-21 09:37:11 UTC,view,5700077,1783999072332415142,,,15.71,590220824,e05409c5-d847-469d-b6ed-bbf6c38cf2c8
2019-12-21 10:37:01 UTC,view,5739493,1487580012927254698,,,5.87,590248238,6cd383df-da53-4f8b-8194-4637501a964b
2019-12-21 10:38:09 UTC,view,5910564,1924049106385240809,,,6.35,532875794,f8c2fe5b-0cd9-4e8e-b268-45cb2793ab8d
2019-12-21 10:46:11 UTC,view,5622687,1487580007281722301,,severina,1.81,365785546,43d756f6-8a83-49b1-a57f-3a5d7fc119b6
2019-12-21 12:31:54 UTC,view,5789670,1487580005595612013,,,2.68,565745379,91404ec0-2b89-439b-b745-37599991d008
2019-12-21 12:32:13 UTC,cart,5749154,1487580007592100809,,,0.22,580252105,cca6a1a2-f267-4bab-9710-849c2e458836
2019-12-21 14:03:31 UTC,view,5906119,1487580007675986893,,bpw.style,1.27,590334499,c7a3b8ed-e3d9-480a-92c6-b1df2a867777
2019-12-21 14:19:25 UTC,view,5862153,1487580013841613016,,farmavita,5.56,571601400,c03ef648-91b3-17c6-e8ba-f2e84a061ae8
2019-12-21 14:53:06 UTC,cart,5822330,1487580005595612013,,,3.0,526019327,fa9ffe76-80fe-4f46-998c-83b2d3cc372e
2019-12-21 15:22:20 UTC,view,5908247,1487580007675986893,,,1.43,529959547,3f5b7fe0-e5b2-2475-00bb-9b42ac560ec4
2019-12-21 16:15:38 UTC,view,5829525,1783999072332415142,,lebelage,10.52,590376649,086dc9fe-7198-4df9-bd60-510727ea00bb
2019-12-21 17:06:51 UTC,view,5704997,1487580007399162817,,irisk,0.63,505295591,eb0f38cd-addd-410f-81a6-b5876a788f65
2019-12-21 17:08:24 UTC,view,5808664,2089259162625114209,,ardell,6.37,590411938,b624ff49-845e-4956-8424-a5fd0fe25b73
2019-12-21 18:19:00 UTC,view,5879286,1487580008800059394,,masura,9.51,590442158,c251cce9-db0c-4b32-9804-771362642a34
2019-12-21 18:35:09 UTC,purchase,5910469,1801635223591453292,,dewal,10.17,590447851,fdc3be6a-f86a-4861-a45c-61b5f7e62e68
2019-12-21 18:35:48 UTC,view,5715617,1487580006300255120,,,72.22,590392302,056b60e3-52c4-47c2-8e9e-e5a15c9241a7
2019-12-21 19:09:30 UTC,view,5902863,1783999072332415142,,,6.97,389266658,a597a878-2d89-48c6-b47d-7e135418b5ec
2019-12-21 19:39:07 UTC,view,5899360,1487580007675986893,,,1.75,587062337,e03f73ba-f98f-46ed-83a2-57527ce4cd25
2019-12-21 19:41:19 UTC,remove_from_cart,5782037,1638456119066100510,,pole,4.11,570841145,ec1135e9-9407-4ed9-a323-8acccbb7472c
2019-12-21 19:57:59 UTC,view,5891173,1487580009496313889,,bluesky,3.97,452338725,42cea426-0944-4237-84f2-72947507de19
2019-12-21 20:06:35 UTC,view,5809910,1602943681873052386,,grattol,5.24,527488917,f30afe2f-eb6f-4f9d-a6df-232c22350158
2019-12-21 20:26:14 UTC,remove_from_cart,5847286,1982860263572898112,,estel,4.29,550588457,b036db23-24f1-4f84-9a0f-d4aca1b1300a
2019-12-21 20:33:33 UTC,view,5885305,1487580011283087468,,trind,9.37,546625526,acddc42f-ceca-48d5-a804-431620e4a916
2019-12-21 20:40:29 UTC,remove_from_cart,5859411,1487580005671109489,,masura,2.37,479344218,ac0070ab-9f5e-435e-af6a-461d7e529d3d
2019-12-21 20:59:11 UTC,cart,5792800,1487580005268456287,,,10.32,537068583,ecdbceab-bc87-4954-9a97-3b7d491f521f
2019-12-21 21:20:57 UTC,view,5779403,1487580013506068678,,,11.0,590498010,48e65c3d-1e10-47f5-aa2e-4d7104aecc40
2019-12-21 21:56:28 UTC,remove_from_cart,5797788,1638456119066100510,,pole,4.11,480313118,70229f04-bb4f-4222-8e4d-57633d145c00
2019-12-21 22:45:19 UTC,cart,5699746,1487580004882580302,,,2.7,539815011,bde21085-7303-452f-ad1a-8f372dcba241
2019-12-21 22:47:30 UTC,view,5689737,1487580007910867929,,staleks,8.25,567130189,52d41f32-6803-919b-ab68-44e85373cb91
2019-12-21 22:47:49 UTC,cart,5772465,1602943681873052386,,grattol,4.76,590530506,422614d0-35b2-4042-9d05-5d5dcf0dc5cb
2019-12-21 22:50:45 UTC,cart,5751383,1487580005092295511,,uno,10.32,560204600,eb0ba82a-a739-47a9-99d8-a7ae67924b06
2019-12-21 23:01:13 UTC,view,8071,1487580010721050707,,,1.59,590533085,227a5f34-6d0a-4c9f-b941-d82f6422517a
2019-12-22 00:34:56 UTC,cart,5854897,1487580009445982239,,irisk,0.32,590547242,e2bf96b7-0566-4a6d-9555-a1aa814bd100
2019-12-22 02:35:07 UTC,view,5788439,2151191071378375538,,,0.79,553070744,b758c69a-d109-456a-91cf-608080d8dc33
2019-12-22 03:31:37 UTC,remove_from_cart,5688840,1487580012902088873,,,86.51,590429866,6de10b25-45fc-443d-9b91-ef62731a9a07
2019-12-22 06:02:03 UTC,remove_from_cart,5904806,1487580007675986893,,,1.59,544946674,f25a2b21-d7b6-4e7d-a3b4-b8a1f464b865
2019-12-22 06:44:34 UTC,view,5815759,2193074740552270669,,domix,5.32,554106574,b4395eff-bc70-6b94-f111-d86cb3619333
2019-12-22 06:55:49 UTC,view,5463,1487580009387261981,,ingarden,4.92,561610496,7f8d76e8-6efd-4627-b9d5-8977c2b0a81c
2019-12-22 07:20:47 UTC,view,5862245,1487580013841613016,,farmavita,5.56,590262921,ecca9d6b-604d-4caa-9844-0cf6a3f57fa6
2019-12-22 07:31:51 UTC,purchase,5911883,1487580007675986893,,dartnails,1.27,587728207,f8e7ba32-b677-4222-a74f-76ed39e9d07a
2019-12-22 08:02:33 UTC,view,5649205,1487580013581566154,,concept,2.94,290849638,4aefed2d-d640-415e-a91a-b50e5be1b583
2019-12-22 08:08:48 UTC,view,5868407,1487580012096782476,,treaclemoon,5.08,590605434,86f34aae-c705-46fa-9dcb-650c7cf282d9
2019-12-22 08:27:35 UTC,view,5906122,1487580007675986893,,bpw.style,0.79,475459876,5c62ff74-7c15-4ca9-b3b4-d2119c96979d
2019-12-22 10:09:28 UTC,view,47612,1487580007717929935,,,0.79,410345210,9698ad53-fa81-4682-a942-8de275966da2
2019-12-22 10:51:39 UTC,view,5651986,1487580012927254698,,,5.68,379371656,6799b754-70cf-418b-9c3a-db11f2f2e869
2019-12-22 11:13:38 UTC,view,5840033,1783999071325782053,,irisk,2.38,589915206,b25556c0-2bc7-4127-9199-3e0af79acb68
2019-12-22 11:28:22 UTC,cart,5875320,1487580010100293687,,,0.92,590158942,67d3a68c-c12c-473e-8ed6-088b5469e307
2019-12-22 11:38:24 UTC,view,5677465,1487580013732561106,,estel,1.03,585332120,d9301fcb-61e9-4bce-9b41-c5c1512386e7
2019-12-22 12:07:10 UTC,view,5628025,1605161575889502297,,,2.7,551217185,e035aef1-7bf5-427a-bd72-fb632283d27d
2019-12-22 12:12:12 UTC,cart,5897981,1487580007675986893,,de.lux,1.59,590716225,381bfeab-77e6-4504-827a-9051b1df6bbe
2019-12-22 13:36:58 UTC,remove_from_cart,5811864,1487580008800059394,,masura,3.48,539488596,11e3a47b-c6d9-46e1-830b-ee434cd82af8
2019-12-22 14:45:58 UTC,view,5858908,1783999071199952917,,,0.79,580443465,7bcd1254-f5ac-4ac5-887a-e67a2c79cdcc
2019-12-22 14:47:58 UTC,view,5880204,1487580012432326804,,grace,3.48,589293015,ef7ad04b-8ee4-4c7b-8c9d-5a48f657e131
2019-12-22 15:43:01 UTC,view,5835706,2151191071051219817,,runail,8.73,587409444,4b2c7351-26f6-4a1a-a7ba-3fee8f39bf06
2019-12-22 15:55:23 UTC,view,5809912,1602943681873052386,,grattol,5.24,312561722,221642ab-ddda-4019-973b-d0bf46352c66
2019-12-22 16:06:40 UTC,purchase,5869333,1487580011585077370,,levrana,3.97,590872407,4096a3e4-97be-4bee-a2a0-8302680dec1e
2019-12-22 16:44:47 UTC,view,5781337,1638456119066100510,,pole,4.11,434539783,a1154778-8eea-441a-a2b5-34c636f7ccff
2019-12-22 16:55:12 UTC,view,5904488,1487580007675986893,,,1.59,431838593,3a9ffb39-2846-47f3-90da-7094f296dab1
2019-12-22 17:11:49 UTC,view,5877211,1487580013950664926,,lamixx,50.0,476872294,4fcf9fc4-3ade-4372-aeb0-def567f4c322
2019-12-22 17:40:52 UTC,cart,5899841,2115334439910245200,,,4.02,562323092,91278e89-9a21-466f-a1ab-3239cac8548a
2019-12-22 17:59:37 UTC,view,5779806,1638456119066100510,,pole,4.11,426382585,ffd03132-acc9-4f35-bba8-fcb8454f0a3e
2019-12-22 19:25:35 UTC,view,5911631,1487580010100293687,,,26.7,383286103,a9b7e8c8-ad24-43e8-b864-69984e986c43
2019-12-22 20:03:41 UTC,view,5833326,1487580007675986893,,bpw.style,1.59,590977958,33fa38ef-0390-4668-88c4-902f89ad02ae
2019-12-22 20:07:17 UTC,cart,5854383,1783999064103190764,,jessnail,3.49,590970536,bbe2dde0-d362-4ee1-9a4b-2ab138bd5607
2019-12-22 20:07:38 UTC,remove_from_cart,5657321,1487580012021285001,,,15.08,590971375,cd47c684-830a-4950-8ea6-409705643ce6
2019-12-22 20:17:25 UTC,view,13500,1487580008657454075,,,2.86,512295482,8abdd4f3-130c-4575-af3b-fa491adde525
2019-12-22 20:17:29 UTC,cart,5649726,1487580008774893569,,,2.86,588642232,8cd22ef1-4c7d-522b-7fcd-2b88bb5d1ca0
2019-12-22 20:24:53 UTC,purchase,5463,1487580009387261981,,ingarden,4.92,589387635,453d6f35-3e1d-4b59-bf08-ac8ea4d0c074
2019-12-22 20:29:52 UTC,view,5862698,1487580007986365405,,,9.37,537523129,9140609f-915b-4c23-89cb-46cc6e250ca5
2019-12-22 20:50:48 UTC,cart,5797163,1487580009605365797,,,3.81,534915022,c240bfa1-88df-471e-8257-db8fb7f0c956
2019-12-22 20:58:22 UTC,purchase,5724506,1487580005754995573,,,4.44,542439855,4b5a4f73-8d4d-81f4-a36b-a8ee15d9ecc8
2019-12-22 21:46:33 UTC,cart,60186,1487580008187692007,,runail,1.03,591009712,63ddaad0-0391-4074-9413-10fff86a5e22
2019-12-22 21:55:19 UTC,cart,5651975,1487580012902088873,,,16.19,591009565,072ef100-f989-4dcb-b791-63b782e75787
2019-12-22 22:00:09 UTC,view,5785651,1487580007432717250,,milv,1.59,591012072,180344c5-0613-4785-a863-528add3d6953
2019-12-22 22:38:01 UTC,view,5584842,1487580013581566154,,levissime,4.95,577465794,608d8c76-88d1-4f3a-903a-72977432e459
2019-12-22 23:29:44 UTC,cart,5837126,1487580012969197740,,,3.81,583091382,d994e2d2-1261-4d27-89b3-c7a6be0006b9
2019-12-23 00:27:15 UTC,cart,5867994,1487580008800059394,,masura,5.54,554774013,e0b21c52-e1c4-4ee6-923e-c9407eafca7f
2019-12-23 01:01:41 UTC,remove_from_cart,5819235,1487580005713052531,,ingarden,4.44,548923899,05847d0e-0992-4bd1-8def-2558ae658caa
2019-12-23 03:17:14 UTC,view,5751383,1487580005092295511,,uno,10.32,565245204,2521b3c2-f4fb-48a0-9a6e-af0a942f913d
2019-12-23 04:30:27 UTC,remove_from_cart,5782025,1638456119066100510,,pole,4.11,476779538,cdbac4fc-f4f8-4557-bb1b-3a10b6a00afe
2019-12-23 06:23:45 UTC,remove_from_cart,5891169,1487580012096782476,,grattol,5.24,445448971,f1e48a17-2506-4aa2-8438-0d47d5b1522f
2019-12-23 06:37:05 UTC,cart,19162,1487580008447738866,,cnd,11.27,571849047,e28b6536-b00f-42bf-b001-f2800e586302
2019-12-23 06:40:27 UTC,view,3978,1487580005411062629,,cnd,29.05,591143292,222cd6cc-4684-4e67-b373-39432db23d58
2019-12-23 07:48:26 UTC,purchase,5745720,1487580006317032337,,irisk,8.57,514111955,957cdb97-2cc2-4711-a00e-b4b50faec991
2019-12-23 07:54:55 UTC,remove_from_cart,5904358,1487580007675986893,,,1.59,429163508,895fe093-3846-43f4-88d6-fca1c8716470
2019-12-23 08:05:24 UTC,view,5888574,2151191071051219817,,,3.33,587681179,f99e31ec-fa4a-4e6f-aacf-27c96f44e37d
2019-12-23 08:16:43 UTC,cart,5561030,1487580005595612013,,,3.0,566092214,39a221f3-a534-4be4-aea5-86e23f574612
2019-12-23 08:20:34 UTC,view,6845,1487580007306888126,,,3.14,591142979,e6371ad5-c83c-4c77-a416-fccf827311dc
2019-12-23 08:50:16 UTC,view,5864993,1487580007910867929,,zinger,9.73,443668742,93469e2f-ebdf-4d53-a8eb-264e38d69887
2019-12-23 08:50:38 UTC,cart,5565076,1487580005595612013,,,3.0,407387848,6af97d43-59d6-4b87-bfb0-bad682a5e4dc
2019-12-23 08:59:19 UTC,remove_from_cart,5766380,1487580008263189483,,kaaral,12.25,576454038,ec96f4f6-1ba1-4c87-b6a9-f3438b73f433
2019-12-23 09:48:16 UTC,view,5651723,1487580009118826513,,concept,5.24,580086255,82afbeb3-f295-44a5-a4e6-ba9d42547127
2019-12-23 10:43:12 UTC,cart,5807805,1487580005713052531,,ingarden,4.44,590848136,27fada90-2117-44b3-bb0e-057dcf74906b
2019-12-23 10:53:08 UTC,remove_from_cart,5760783,1487580005134238553,,runail,2.62,420349438,576aee1f-a639-4349-bfd8-980d61a5e9ff
2019-12-23 11:01:06 UTC,cart,5836522,1487580013522845895,,nagaraku,0.4,591263261,c9b87f66-0ce8-44c7-9964-65d0ff2f8807
2019-12-23 11:13:37 UTC,view,5643943,1487580010100293687,,,1.05,578305368,58a72f65-5b9e-4a40-a105-3498546b7129
2019-12-23 11:23:31 UTC,cart,5804463,1487580005461394279,,bluesky,3.97,230911992,65ca96b2-c18b-4424-b4a1-5e0be915426e
2019-12-23 11:48:50 UTC,view,6734,1487580013027917999,,,14.37,591204869,5f50306d-7803-47eb-9a35-bb1190172c5c
2019-12-23 12:04:13 UTC,purchase,5887005,1487580006317032337,,,1.9,551338907,0047080b-e5bc-4e9a-bbed-bd8b71b804ef
2019-12-23 12:07:42 UTC,view,5712698,2007399943458784057,apparel.glove,nitrimax,10.16,562681856,150ab542-29e8-4a59-a978-14d781abe576
2019-12-23 12:21:45 UTC,view,5689469,1487580007852147670,,staleks,16.67,573372693,4325cef2-2c9d-4196-9bea-a93bbb0945a6
2019-12-23 12:24:16 UTC,remove_from_cart,5859468,1487580005671109489,,masura,1.73,492480438,2350d600-372f-d812-e156-5e8fdef21f28
2019-12-23 12:33:53 UTC,cart,6948,1783999064136745198,,runail,4.92,591316644,c1db2853-e5cc-4f54-b44e-f4b737f5b8d0
2019-12-23 12:43:21 UTC,remove_from_cart,5822363,1487580005595612013,,,3.0,499007293,f3590e0d-2b29-3646-2a0a-a72c52564037
2019-12-23 12:46:35 UTC,cart,5875350,2084144451428549153,,,2.05,551114613,4d2c6c40-91a4-41fe-b537-436e2bd039fc
2019-12-23 12:50:56 UTC,view,5846363,1487580013841613016,,,4.14,541227359,58175940-678a-4c5d-ac91-fe3714c7a1be
2019-12-23 12:58:56 UTC,remove_from_cart,5552940,1487580007675986893,,,0.43,546760116,9759be25-b13d-4bf1-b07b-2fc84ba1fe5e
2019-12-23 12:59:54 UTC,cart,5908259,1487580007675986893,,,1.43,587728207,4419097e-0d18-4ddf-a5c5-bae4a1e83aa9
2019-12-23 13:36:29 UTC,cart,5550010,1487580005595612013,,,3.0,571016623,e0013f9b-1914-427d-bea3-80adc326e76b
2019-12-23 13:37:42 UTC,cart,5785003,1487580008246412266,,,7.22,591345952,6b3d63d9-c1d6-425d-9ccd-503ca8d6da5a
2019-12-23 13:49:21 UTC,cart,5822645,1487580005461394279,,bluesky,5.56,585465370,c158fd63-61d8-4630-b5c6-3e9529075ae3
2019-12-23 14:07:48 UTC,view,5835387,1924049106385240809,,,4.13,393475492,da63d2f5-3afc-4213-aa25-6eba8e774b83
2019-12-23 14:16:30 UTC,view,5867595,1542195323827388674,,limoni,39.13,547431625,09f77636-97c8-4df9-ab9a-b4dc8ec017ad
2019-12-23 14:31:33 UTC,purchase,5526,2196456817641391019,,ingarden,5.24,591302459,ff6c6f27-ff47-0593-fdbd-341cd1846b34
2019-12-23 14:54:57 UTC,view,5888100,1487580013430571202,,shik,3.97,591166876,06beb97d-1333-4bfe-a30d-fd40f5ffc88d
2019-12-23 14:55:41 UTC,view,5886553,1487580013413793985,,,5.11,589058312,f489643e-7f61-da10-6af4-11ded457bdf1
2019-12-23 15:01:41 UTC,purchase,5804015,1783999063314661546,,,9.52,359209849,fec44105-09ab-4db7-9ea0-7e2ae469151f
2019-12-23 15:05:10 UTC,cart,5815097,1487580005461394279,,bluesky,3.97,564999400,9dfec3ac-c73c-4af6-ae0b-62c24d4446ee
2019-12-23 15:11:05 UTC,view,5650294,1487580007835370453,,metzger,3.33,591385997,859cf202-43c5-45f3-9ea2-bf9bf7da4ca4
2019-12-23 15:25:55 UTC,view,5844894,1487580008313521133,,,6.22,563047849,9ab032b4-4f80-41b9-93c1-cc74f512da9f
2019-12-23 15:26:24 UTC,remove_from_cart,5804269,1487580005411062629,,cnd,14.13,449299878,164df1a0-5539-4105-9a06-5e25d37db6c8
2019-12-23 15:54:38 UTC,remove_from_cart,5696900,2195085255034011676,,severina,6.35,570765857,fc9393bf-b430-45ab-9f9d-0f6b8c28783f
2019-12-23 16:09:56 UTC,view,5686088,1487580009471148064,,,1.33,586027087,e0a30f5e-32c1-4d3e-aeed-2e45bc8cb1fb
2019-12-23 16:15:39 UTC,view,5845348,1487580004916134735,,,5.22,505106336,6f2f2c76-f567-442d-95e2-becb56391a50
2019-12-23 17:29:37 UTC,view,5850281,1487580006300255120,,marathon,137.78,591442361,dd635de5-eb9a-4536-8b61-e9c35ad574bf
2019-12-23 17:51:32 UTC,remove_from_cart,5854897,1487580009445982239,,irisk,0.32,579862290,07a49b01-b0a3-4bcc-ab2f-a8782b62722b
2019-12-23 17:57:50 UTC,cart,88205,1487580007675986893,,,0.32,452613464,537a93d3-1f18-4d28-8e98-980ad03146ab
2019-12-23 18:03:04 UTC,remove_from_cart,5894918,1487580010100293687,,jessnail,1.1,528068105,b0eddcce-9afd-43c5-a19f-0fd1533cf7d8
2019-12-23 18:32:26 UTC,view,5599203,1487580011383750769,,swarovski,2.06,591465564,5a5f2d2d-af74-4345-9052-7b1b57c7e421
2019-12-23 18:41:19 UTC,cart,5685798,1487580009445982239,,irisk,0.16,490047065,2e4c20f5-df7b-4201-ac91-f25fe2499f66
2019-12-23 18:41:45 UTC,view,5815662,1487580006317032337,,,0.92,587946170,7812c806-be60-463a-beed-fa788de9178a
2019-12-23 18:53:47 UTC,remove_from_cart,5821241,1487580005461394279,,bluesky,3.97,538139609,5ee2ffe6-e817-4a18-a0f4-41794cee9e4d
2019-12-23 19:14:34 UTC,view,5769914,1487580013841613016,,kapous,3.65,591501625,300e7fc3-1166-45ae-b855-a2b437aae9cd
2019-12-23 19:22:57 UTC,remove_from_cart,5820746,1487580006317032337,,,2.54,524348059,c8d24eba-5f2a-4fe6-96fc-f319a9e6de3b
2019-12-23 19:38:11 UTC,view,5715617,1487580006300255120,,,72.22,587929999,6f855784-df3b-4d2d-8bbe-7e4b45a6f1c1
2019-12-23 19:40:42 UTC,remove_from_cart,5886485,1487580007432717250,,runail,3.49,571092419,9c490450-f421-4aeb-8874-2288a90de76e
2019-12-23 19:47:13 UTC,view,6375,1495705810704007729,,konad,1.19,492823809,b2c6c3ad-4003-49ac-a9ca-c541f2994d8e
2019-12-23 20:32:12 UTC,view,5738962,1783999067156644376,,kapous,5.24,399178658,8a6fffcd-2d4b-435a-81d4-05bbc7fbb6a2
2019-12-23 20:47:58 UTC,view,5700842,1487580013489291461,,irisk,1.43,590054893,5c377f0e-bfd5-488b-96ee-7df45504748e
2019-12-23 20:53:50 UTC,cart,5689322,1487580007852147670,,staleks,16.67,433957562,a4c84dd6-d90a-4484-a00d-33a0116d59a7
2019-12-23 20:56:11 UTC,remove_from_cart,5702872,1487580009311764506,,,0.38,506067670,0b0ad9ad-2f11-4775-ab0e-5ec87ba5584b
2019-12-23 21:11:50 UTC,purchase,5695544,1487580006317032337,,,1.59,499889686,51b7a43b-b20a-437c-991b-7ea8d4424faa
2019-12-23 21:12:42 UTC,view,5550052,1487580005595612013,,,3.0,390229292,6de0e1ac-237f-4491-95a7-4cf8eb9c0481
2019-12-23 21:55:17 UTC,view,5665855,1487580013900333275,,irisk,2.06,530689521,f46339e7-61d7-417a-a050-43d2a3503ba0
2019-12-23 22:02:56 UTC,view,5831152,1487580012205834384,,,8.63,573231164,fd856ce6-873d-4a79-a6ab-f385f4791eb1
2019-12-24 00:24:37 UTC,view,5908751,1487580007399162817,,,3.17,461952921,eb5642eb-4fd3-65d2-e27d-8dba1d4c3af0
2019-12-24 00:57:54 UTC,view,5698975,1487580006317032337,,,1.59,591563194,ad3a2773-72a1-48c7-90e9-4ce5d4894ef0
2019-12-24 04:20:23 UTC,cart,5571062,1487580014009385185,,,2.37,334320287,88f68dd6-3a18-4d76-ab83-0d21ed896e47
2019-12-24 05:29:19 UTC,view,8226,1487580006551913373,,,5.95,591619665,00c68db0-8f46-4727-9cdc-90d25c361a07
2019-12-24 05:41:29 UTC,view,5811704,1487580005427839846,,irisk,2.48,534690979,88aef49f-4b87-4d2f-807a-46e47bf8ee1b
2019-12-24 06:53:09 UTC,remove_from_cart,5773451,1487580011585077370,,,1.59,418354185,ca660b14-7707-4958-976d-1e741158ab7c
2019-12-24 07:03:47 UTC,view,5682469,1487580007910867929,,zinger,20.32,591680994,baa5157f-b752-4807-aae3-575af81250d4
2019-12-24 07:11:14 UTC,view,5767927,1487580005092295511,,,12.67,580680420,e88f55ac-ede3-46da-a918-656b62c5f131
2019-12-24 07:21:10 UTC,view,5568476,1487580005595612013,,,3.0,550720129,0f7c8fa3-34c0-4a4d-8fac-fb9a2f010755
2019-12-24 08:14:36 UTC,remove_from_cart,5860440,1897124478404526487,,,3.14,515762404,7a026473-dd6f-4a31-8b64-695461be3a3a
2019-12-24 08:35:33 UTC,remove_from_cart,4542,1487580006317032337,,,6.67,466021678,a1500e05-8594-4a50-b4e5-cfe852601a88
2019-12-24 08:38:48 UTC,view,6731,1487580007256556476,,,12.68,408658740,451cf836-8108-4ff4-a3ba-4b6d119b81cf
2019-12-24 08:58:42 UTC,view,5900458,1487580009311764506,,irisk,2.48,588171908,b316b8bf-343d-408b-a348-8aaa9f08194a
2019-12-24 09:01:02 UTC,view,5791037,1487580008145748965,,,5.95,463253802,4872d101-6a73-4e03-856d-93b4190553b7
2019-12-24 09:55:50 UTC,view,5808547,1487580008313521133,,kapous,3.81,553143490,5085e391-1045-4650-9779-f96e7b06b38c
2019-12-24 10:08:52 UTC,view,5910949,2069804417665728971,,cosmoprofi,4.76,542563185,e761242d-1d8d-4e85-8dba-ffab07bcab56
2019-12-24 10:27:56 UTC,cart,5833323,1487580007675986893,,bpw.style,0.79,588058863,f36b22c8-9248-420d-87f7-3a6c36547c33
2019-12-24 12:14:22 UTC,view,5875314,1487580013489291461,,,5.56,589584130,80aa2618-4426-4413-8566-6c494bd66842
2019-12-24 12:33:24 UTC,remove_from_cart,5557734,1487580005528503146,,pnb,5.56,590393112,aa9aa68d-6e67-4213-a1cb-4d9e3710a57e
2019-12-24 12:44:33 UTC,purchase,5835859,1487580009445982239,,,0.63,591743474,ededbd0b-aa95-46c4-ad2c-eadcb7d6a46c
2019-12-24 12:48:07 UTC,cart,5826185,1891434214553813877,,,7.14,503527355,237a4131-37b4-459d-a128-87ec81c4d667
2019-12-24 12:48:45 UTC,purchase,5866158,1487580007675986893,,,2.06,583980594,289befc3-cf42-44b0-9d78-36d725b67d5a
2019-12-24 12:53:49 UTC,remove_from_cart,5760530,1487580011585077370,,,1.59,500464932,33551c9d-9ca9-4681-a923-5afe08ca378f
2019-12-24 13:29:10 UTC,cart,5864581,1783999072407912622,,,29.21,565754547,29b587e8-1963-40a9-bd24-c88431843e65
2019-12-24 14:06:38 UTC,view,5896428,1487580006300255120,,jessnail,58.73,582533413,21782113-e3fe-4583-97db-ad88bec5a294
2019-12-24 14:50:36 UTC,cart,5783930,1487580005595612013,,,2.06,382747018,ab23025c-3b56-49de-9f3e-d3cc94ae68dc
2019-12-24 15:07:06 UTC,view,5838738,1487580007457883075,,bluesky,3.97,478615443,44e1b194-9b95-4632-8655-586b9d2cf987
2019-12-24 16:20:44 UTC,view,5549796,1487580005595612013,,,3.0,591934991,d6f8ec80-472f-45de-8a0b-ee96e34820ce
2019-12-24 16:20:56 UTC,cart,5838935,1487580005713052531,,ingarden,4.44,571596472,fcfc2b69-6627-4284-bb3a-19d09793e9ae
2019-12-24 16:52:29 UTC,cart,5813940,1842735758805303837,,beauty-free,2.37,514374591,4f70385c-0169-476f-aa1e-5dc8937817ab
2019-12-24 17:13:01 UTC,view,5768981,1487580006300255120,,irisk,82.54,591961434,7c8ebe72-0633-4b81-8b61-47f851e6fbc2
2019-12-24 17:16:57 UTC,view,5597835,1487580005595612013,,,6.83,312058721,a4f72d56-3e84-00fa-e65f-688c31aa3b7e
2019-12-24 17:18:18 UTC,view,5767806,1487580010645553231,,,3.65,591966806,950ef33b-3fbb-48cf-aab2-ab50e4c7812a
2019-12-24 17:19:13 UTC,view,5858956,1487580007634043851,,de.lux,0.79,591455025,bb5a4305-0dc0-41ca-8b9c-7e0075b76edf
2019-12-24 17:28:45 UTC,purchase,5549842,1487580005268456287,,,3.81,560564637,61231f96-2f9d-4b93-8095-f495f0c52b55
2019-12-24 17:58:26 UTC,view,5649271,1487580013749338323,,concept,12.22,555947246,0399052e-d9a7-409a-a244-532b3ac2f8bd
2019-12-24 18:01:41 UTC,view,5877110,1487580013506068678,,enigma,12.06,458068740,08188cca-99bd-409a-a573-4f95ace8857b
2019-12-24 18:17:06 UTC,cart,5724633,1487580005427839846,,irisk,2.48,591931652,2ab733ef-6813-4021-8fa6-b9c13e97b364
2019-12-24 18:27:05 UTC,view,5876835,1783999072332415142,,,7.62,585514838,8a624c37-8901-4a0a-abfa-3f7aab625a8b
2019-12-24 18:49:03 UTC,cart,5802432,1487580009286598681,,,0.32,580962415,e4554aae-47c2-4a9c-bf83-fe036c24fcaa
2019-12-24 19:14:12 UTC,view,5905552,1487580006317032337,,runail,1.59,559885393,a9d3dc1e-5cbd-4a86-add3-46063e9a4611
2019-12-24 19:26:47 UTC,view,5565078,1487580005595612013,,,3.0,576995617,3964e9fe-a983-45c1-9e26-305dd00cdf29
2019-12-24 19:30:14 UTC,remove_from_cart,60009,1487580012994363565,,,9.52,325084860,a049f320-c58b-4ccb-90ba-598d3ccd8b35
2019-12-24 19:55:40 UTC,cart,5820781,1487580006317032337,,,5.56,455144112,b9bce771-7348-487d-b5d0-89af2a5037fa
2019-12-24 20:04:13 UTC,remove_from_cart,5741035,1487580013841613016,,concept,3.16,526652529,1d11f71c-4c9e-4ca9-ab71-bc3f2d749a54
2019-12-24 20:04:33 UTC,remove_from_cart,5739028,1487580013858390233,,concept,5.56,526652529,1d11f71c-4c9e-4ca9-ab71-bc3f2d749a54
2019-12-24 20:04:40 UTC,remove_from_cart,5712836,1487580008011531230,,,46.03,526652529,1d11f71c-4c9e-4ca9-ab71-bc3f2d749a54
2019-12-24 20:58:19 UTC,view,5896420,1487580006300255120,,jessnail,49.21,572007906,79a71586-96c4-4020-97e9-26165255fb20
2019-12-24 21:02:35 UTC,view,5783987,1487580005268456287,,,4.75,517324039,498e4746-0223-4af0-a09f-363a1b6826f3
2019-12-24 21:16:52 UTC,remove_from_cart,5809294,1487580007675986893,,bpw.style,0.79,503141807,34e26497-945b-47dd-a3a1-c51d629758fe
2019-12-24 22:16:10 UTC,view,5567932,1487580005595612013,,,3.0,592071049,efa46cc3-9a4b-4fe6-b1a6-61433daf9bf7
2019-12-24 22:36:07 UTC,cart,5836488,2151191071051219817,,nagaraku,5.56,592080312,a56971b9-2a0d-4f71-910b-71158c6720ab
2019-12-24 23:00:31 UTC,view,5784897,1487580008288355308,,,1.78,592085171,dd3d3d55-219d-4345-9624-7ebdb394ebf9
2019-12-24 23:16:33 UTC,view,5560994,1487580005595612013,,,3.0,526126113,f945b7a8-873a-4eb0-8f40-544bb2976cd1
2019-12-25 02:45:31 UTC,view,5877454,1487580006300255120,,jessnail,44.29,592121893,7ee9a671-45a4-45fe-bcc5-dcd1b2432aa2
2019-12-25 04:45:40 UTC,view,5560756,1487580006300255120,,strong,207.94,567308012,ac62b3a4-b3ce-4216-9c97-d33c983e5862
2019-12-25 06:03:23 UTC,view,5854578,1487580010645553231,,jessnail,63.48,504250530,dc9cda40-4922-4d56-9fbe-e04c0c01d52b
2019-12-25 06:33:07 UTC,cart,5855307,1487580007852147670,,domix,2.87,484115937,6bd71b18-6c0d-466c-ae43-a2a284c54904
2019-12-25 08:10:18 UTC,view,5759279,1487580013388628160,,irisk,1.11,592229149,8f2924f1-57ea-4342-b738-ec6ac9e84db9
2019-12-25 08:43:24 UTC,view,5759279,1487580013388628160,,irisk,1.11,468211163,101e5fdb-6d4e-4981-8a03-32ace018f5da
2019-12-25 08:59:20 UTC,cart,37504,1487580009471148064,,refectocil,1.02,592249784,07952c7c-8255-4632-ad8a-22c69231e9e0
2019-12-25 09:11:37 UTC,remove_from_cart,5584842,1487580013581566154,,levissime,4.95,587891423,159a0594-7075-42c3-862c-ee1f7cad133b
2019-12-25 10:14:05 UTC,remove_from_cart,5657301,1487580011517968503,,bodyton,13.97,337187306,c3f188c3-498d-4796-84a4-6010e8c39031
2019-12-25 10:21:21 UTC,view,5865632,1487580008246412266,,bosnic,20.94,449305072,ad1c1828-109e-4154-a1c7-b3c03efd9c24
2019-12-25 10:26:27 UTC,view,5896420,1487580006300255120,,jessnail,49.21,575656095,8c48c85d-f5f2-453a-82f0-1b0ffd365425
2019-12-25 11:08:46 UTC,remove_from_cart,5549796,1487580005595612013,,,3.0,440412885,85547c95-fd2f-4a8f-83e0-ff4a8737230a
2019-12-25 11:17:35 UTC,purchase,5838625,1487580012121948301,,kinetics,11.43,307320466,5b4e123a-a71c-443f-b321-d34b2cf320b8
2019-12-25 11:19:27 UTC,remove_from_cart,5815060,1487580005461394279,,bluesky,5.24,552062581,4caa38c2-3c5b-4f6c-adf0-41a5e0c7389e
2019-12-25 12:34:48 UTC,view,5550082,1487580005595612013,,,3.0,552062581,4caa38c2-3c5b-4f6c-adf0-41a5e0c7389e
2019-12-25 12:40:07 UTC,cart,5895775,1487580012591710363,,,1.21,568116236,11839f6a-c586-4968-9beb-852a274e1531
2019-12-25 12:45:52 UTC,view,6237,1487580008347075566,,sophin,5.24,536374434,aaa87279-d73d-4826-86a5-d0abcc7a575c
2019-12-25 12:47:01 UTC,view,5674484,1487580009026551821,,runail,15.71,592357964,7eee5095-3f46-416d-b464-701839ff9da5
2019-12-25 13:16:22 UTC,cart,5884058,2115334439910245200,,,3.67,539964127,97226465-07a6-4ddd-a1d4-b0f97227eef4
2019-12-25 13:24:23 UTC,view,5794065,1487580005511725929,,,5.56,445177787,78885986-7ee9-418f-a3a1-ffa5cb0dfb6f
2019-12-25 13:35:49 UTC,view,5910201,1487580008246412266,,kezy,14.78,541483307,5bfd79ad-03e3-485a-a0be-2a50d5e7b7f3
2019-12-25 14:35:00 UTC,view,5844148,1783999067156644376,,,8.06,592305623,39eaffe1-baa4-4c02-86a5-3cd73338c675
2019-12-25 14:38:07 UTC,view,5649235,1487580008246412266,,concept,5.24,592406471,7a0df97f-b92a-4af8-b602-d10f66d4c58f
2019-12-25 14:40:09 UTC,remove_from_cart,5859414,1487580005671109489,,masura,2.37,592236340,a38c2438-06cd-d1fc-257b-c50c8824ae46
2019-12-25 15:25:33 UTC,view,5745096,1487580005008409427,,f.o.x,6.03,578322435,578ae648-7564-4bd6-8ec3-b45fbdc6ea45
2019-12-25 15:54:21 UTC,remove_from_cart,5869348,1487580005461394279,,bluesky,5.24,585439448,c4d2b81a-64c0-47dd-a2fa-25804cb17969
2019-12-25 15:57:57 UTC,view,5747405,1487580005671109489,,masura,6.33,590973904,ef11dcea-9409-4b55-8f59-0310b77e8816
2019-12-25 15:59:34 UTC,cart,5770014,1487580013841613016,,kapous,2.81,575367604,292c0ce1-3750-414a-bd63-d5bbbdc1f16c
2019-12-25 16:23:03 UTC,view,4645,1487580006317032337,,,4.92,592444319,22131a0e-99ae-4cd8-97e8-b5e8c19baabe
2019-12-25 16:37:05 UTC,view,5809861,1783999064103190764,,grattol,5.71,592458293,917fe78e-adb7-446c-b232-66a23b071af8
2019-12-25 16:45:30 UTC,view,5700037,1487580009286598681,,runail,0.4,592457698,019f0899-2814-4677-a306-14e22222749c
2019-12-25 17:21:40 UTC,remove_from_cart,5836172,1911999801088541491,,,8.65,447375080,33c712f6-a3d8-41e5-b884-f9a0ed42178f
2019-12-25 17:56:25 UTC,view,5687151,1487580009605365797,,,1.9,440412885,5052c66b-24d8-4e91-9f81-127d28b23af0
2019-12-25 18:01:38 UTC,remove_from_cart,5848419,1487580007675986893,,freedecor,0.79,525184662,ed4c2e33-b42b-4513-ac28-649009ca24be
2019-12-25 18:23:08 UTC,view,5803987,1487580005461394279,,bluesky,3.97,467715186,dd2447fa-af3f-4b32-a719-f43d7a719a92
2019-12-25 18:45:21 UTC,remove_from_cart,5769909,1487580013841613016,,kapous,3.65,531610093,9d530ed0-ae46-40de-9b87-8ad2e0c91149
2019-12-25 18:47:29 UTC,view,5815731,1487580005268456287,,,10.95,556166119,c9b11122-6701-4676-ac50-183ed26f2b58
2019-12-25 18:50:13 UTC,purchase,5812033,1487580005427839846,,irisk,2.48,572736426,95aaa559-c315-4dff-a7ed-a49e32dc47bc
2019-12-25 19:11:49 UTC,cart,6185,1487580011098538083,,runail,0.79,545100936,c7a04328-6c2d-4e98-a603-9017c8369869
2019-12-25 19:20:21 UTC,view,5549818,1487580005595612013,,,3.0,591439482,169fc8fa-0bd7-4df2-a91d-4f21870a57e5
2019-12-25 19:42:42 UTC,remove_from_cart,5683563,1487580005595612013,,,2.52,478493912,65b5e230-f03a-4476-89b4-ecd3cc5b1c20
2019-12-25 19:52:46 UTC,view,5865805,1487580007634043851,,,0.79,592543792,7dfc8c9c-b191-41da-8be2-704f6485896f
2019-12-25 20:02:32 UTC,remove_from_cart,5811414,1783999071325782053,,runail,0.71,550354120,c9708cda-c1ba-425a-9029-cde0e651756d
2019-12-25 20:28:40 UTC,view,5862744,1487580005461394279,,bluesky,5.24,592544594,3ffbc078-7722-48b8-91ec-ecf6cac5b1ce
2019-12-25 20:38:13 UTC,cart,5861760,1487580006350586771,appliances.environment.vacuum,emil,71.43,592561539,3409d9c3-2e2d-4e15-b168-c870506d70c5
2019-12-25 21:04:44 UTC,cart,5550058,1487580005595612013,,,3.0,501711265,e7a65d2f-6558-4738-992b-b64b460671a7
2019-12-25 21:09:52 UTC,view,4751,1487580006317032337,,,4.92,591328872,1ccbbdec-3ec6-4b34-b8b4-e19271aa4226
2019-12-25 21:19:55 UTC,view,5759388,1487580012683985055,,,3.81,592575091,59162e96-2a22-46bb-a10e-f48997c3b6c9
2019-12-25 21:28:56 UTC,cart,5889690,2007399943458784057,apparel.glove,nitrile,9.52,462526259,9e0b956e-a94a-40d8-b5c9-96cb5a079704
2019-12-25 21:31:06 UTC,view,5799088,1487580008246412266,,,8.79,447437704,572e1721-0f28-444f-47df-d20da5820109
2019-12-25 21:35:59 UTC,view,5769877,1487580013841613016,,kapous,3.65,592581096,7f8e4c56-7cc3-4db5-ad1f-65d38461e440
2019-12-25 21:47:19 UTC,remove_from_cart,5599264,1487580005553668971,,,6.43,588304679,bd45629e-d43e-4cba-b1a9-c0267c9b08b7
2019-12-25 22:21:11 UTC,cart,5565094,1487580005595612013,,,3.0,536934816,95c41406-c323-4807-857e-d6eb1552575d
2019-12-25 22:51:48 UTC,remove_from_cart,5808566,1487580011308253293,,irisk,3.49,543523600,713021f3-eb99-4b83-b016-d1e06da6fdeb
2019-12-25 23:15:31 UTC,purchase,5587764,1487580006317032337,,irisk,1.59,592583847,e7725f56-e823-4a86-8a7f-96eef44f9646
2019-12-25 23:18:01 UTC,purchase,5769896,1487580013841613016,,kapous,3.65,510567269,264e2dfa-9748-4a68-b8f0-506e60227fc5
2019-12-26 01:52:22 UTC,remove_from_cart,5890938,1487580007952810971,,metzger,5.56,578006085,b2b722ac-aba3-4881-9537-d0e32e81488e
2019-12-26 03:27:50 UTC,cart,5807832,1487580005713052531,,ingarden,4.44,540972345,7f2b2885-eb39-4f45-bb0b-66269925feb9
2019-12-26 03:49:52 UTC,remove_from_cart,5549796,1487580005595612013,,,3.0,502047819,7e9a4a60-c2e8-49a1-813c-d6877eb99a8b
2019-12-26 03:57:49 UTC,view,5565072,1487580005595612013,,,3.0,561894323,ea997654-aab9-49f6-af03-05f7c150d376
2019-12-26 04:03:10 UTC,cart,5702872,1487580009311764506,,,0.38,561894323,ea997654-aab9-49f6-af03-05f7c150d376
2019-12-26 04:20:01 UTC,cart,5837087,1602943681873052386,,grattol,4.76,587501414,a99e45c7-27db-45ac-92ba-ff4270b7b675
2019-12-26 05:44:53 UTC,purchase,5860438,1897124478404526487,,,3.14,487240618,5ff82893-f3df-4105-b107-e34eddb390ac
2019-12-26 06:16:03 UTC,view,5799895,1487580009051717646,,,19.03,592109336,1475ff8a-a7d6-4a79-a031-b1a2b856914a
2019-12-26 07:01:00 UTC,view,5916391,1487580013128581300,,,4.71,539462974,f5b7cde9-09a4-4f0e-97fe-da874c323195
2019-12-26 08:18:22 UTC,remove_from_cart,5837440,1933364344720982871,,,4.76,588990474,827b353d-95b4-4886-bbbe-f8fdb84e6d5f
2019-12-26 08:40:17 UTC,remove_from_cart,5674738,1487580005595612013,,,3.0,484640168,a0c57322-5889-4b91-b72e-e65c968083e7
2019-12-26 09:03:02 UTC,cart,5814048,1487580005092295511,,grattol,6.27,442708119,19eb7a17-14b0-464a-9cfd-8a5551bf487c
2019-12-26 09:17:20 UTC,view,5837831,1487580008347075566,,,3.49,592733771,9d03de13-3c99-4799-9ec8-1acdda96f0ac
2019-12-26 09:23:49 UTC,cart,5710587,1487580012096782476,,irisk,6.19,557889301,a3678099-085e-4c7c-bd93-a9117e91f535
2019-12-26 09:29:52 UTC,view,5653535,1487580008657454075,,,2.86,583903434,f43a3026-0e0b-4d9a-8602-5d040c6d32f4
2019-12-26 09:34:05 UTC,view,5908743,1982860263572898112,,,6.81,587840983,f99dd662-657f-4666-b781-68b2bf8c51ba
2019-12-26 09:41:14 UTC,cart,5763238,1487580010125459512,,uno,2.38,592790215,09f12d55-bbb5-450a-a061-caa3dd811469
2019-12-26 09:47:05 UTC,view,5802432,1487580009286598681,,,0.32,460927829,f7c7d0e4-ee06-4f05-9b38-0f5cec310e8c
2019-12-26 10:13:58 UTC,view,5695492,1487580013841613016,,estel,6.59,592808768,b5b330eb-2632-4f5e-9031-421490fbbe72
2019-12-26 11:07:15 UTC,cart,5596006,1783999067156644376,,matrix,14.13,592837698,568a914c-3a24-46bf-b4a5-765a4827abfa
2019-12-26 11:38:59 UTC,view,5747146,1487580005595612013,,,3.33,501874283,6fffd4f9-9c28-1f9d-833b-e5b0f23f7c8f
2019-12-26 11:42:09 UTC,cart,5899851,2115334439910245200,,,4.46,496677066,fe70a145-a08a-4f3b-bb02-3fb2b6812e83
2019-12-26 11:54:43 UTC,view,5828610,1487580009227878422,,solomeya,2.06,592859009,4dcc21ec-66f2-4dd8-a17a-bc5f1eb3d07b
2019-12-26 12:25:43 UTC,view,5661522,1487580011534745720,,,1.27,592874991,8631bc4a-727e-4623-8d13-a0d18527afb9
2019-12-26 12:32:27 UTC,view,5836508,2151191071051219817,,nagaraku,4.76,576461263,5bd95dd8-9c64-46ab-a76c-845712f74b13
2019-12-26 12:47:38 UTC,view,5649236,1487580008246412266,,concept,8.65,589942784,9016bc4e-1cc2-4c13-89cc-f0b4b0467863
2019-12-26 13:03:47 UTC,cart,5865800,1487580007432717250,,,0.95,561370786,43357f15-256d-0eeb-d229-1c4f65f2f9da
2019-12-26 13:23:17 UTC,view,5829300,1487580011585077370,,farmstay,0.79,592900715,81c0f5cb-be4a-460b-8ff5-3ae9207fbc37
2019-12-26 13:23:41 UTC,view,5567930,1487580005595612013,,,3.0,586278776,6fd2ac3e-16ec-45ce-b1cf-cc72bb954af4
2019-12-26 13:43:18 UTC,cart,5824192,1487580006132482952,,domix,1.05,561370786,43357f15-256d-0eeb-d229-1c4f65f2f9da
2019-12-26 13:43:48 UTC,view,5649236,1487580008246412266,,concept,8.65,592911173,ad7d258a-2ecd-45fd-adcf-68798db9b2b5
2019-12-26 13:59:29 UTC,cart,5847854,1487580005092295511,,irisk,3.81,576199694,708c01ae-54e3-48e7-9b0b-b14af24dcb19
2019-12-26 15:15:20 UTC,remove_from_cart,5757577,1487580005511725929,,,3.84,560199266,d025a640-7070-445c-8dda-1afb6fd7f20d
2019-12-26 15:26:31 UTC,view,5769879,1487580013841613016,,kapous,3.65,530518717,8f5d9591-815f-4f0f-b766-a61435539813
2019-12-26 15:34:51 UTC,remove_from_cart,5724628,1487580005427839846,,irisk,2.48,459723045,5afda390-86cc-44bc-97f9-4c6337c5f1d6
2019-12-26 15:45:03 UTC,cart,5831649,1783999068867920626,,,1.43,575114647,864c5465-572d-4f5b-87a4-daefa9aaa825
2019-12-26 16:58:10 UTC,cart,5885419,1487580005092295511,,grattol,6.27,592994549,d869dac2-acc6-4e18-a9a2-50c4716a1316
2019-12-26 17:23:40 UTC,view,5840367,1487580007432717250,,,4.6,591536911,54d77582-2ab1-9645-0cae-43a0a989e071
2019-12-26 17:29:49 UTC,remove_from_cart,5886198,1487580009286598681,,,0.63,579288456,2411632c-3ab0-4fb4-9cf2-d8c13112536a
2019-12-26 17:38:27 UTC,view,5859249,1487580009471148064,,,1.65,263353870,286279c4-3cfa-4e29-9f29-82dd2084dc57
2019-12-26 17:52:46 UTC,view,5854900,2089259162625114209,,irisk,0.63,593024821,f9fdea34-9ed2-452f-913c-821f91607be6
2019-12-26 17:54:27 UTC,cart,5700039,1487580009286598681,,runail,0.29,492574645,8dababad-b6f1-4c2b-b0bd-a8ec9b06b5f4
2019-12-26 18:00:36 UTC,view,5908748,1982860263572898112,,,6.81,573589600,fc5d03fa-a61b-4ee3-a347-f24075cbffa2
2019-12-26 18:12:07 UTC,cart,5801813,1487580008657454075,,,2.86,386556767,b97a33a6-a2e1-49b8-bc30-65a511681cd1
2019-12-26 18:40:37 UTC,cart,5770181,1487580004916134735,,,4.44,583988843,3d97bd71-a304-d196-0e52-dac5e27e9505
2019-12-26 18:48:00 UTC,cart,5549806,1487580005595612013,,,3.0,593049648,e5d2ef0a-3ffc-425b-b4cf-c2611c4aea07
2019-12-26 19:10:19 UTC,view,5836568,1487580013841613016,,,7.32,593052812,0128acf2-a391-40fb-8e10-42842cc7998e
2019-12-26 19:22:39 UTC,view,5750284,1487580006962955182,,ingarden,5.08,555534343,4a99bf83-e47a-4b75-ba33-0e8f4196bd45
2019-12-26 19:47:10 UTC,cart,5674707,1487580005595612013,,,2.52,316487634,3fd9fb2a-9e0e-47e2-8670-3cf523e35e51
2019-12-26 20:25:56 UTC,view,5842139,1487580006317032337,,,1.59,555410482,cb08cd6f-3600-4bb1-b24a-5769829fc63b
2019-12-26 20:49:31 UTC,view,6412,1495705810729173554,,konad,4.29,557341603,a2f5b597-892c-427f-a034-6a84c251fe05
2019-12-26 21:48:51 UTC,view,5859181,1487580007432717250,,,2.19,547545012,c02ef96f-40eb-4a3b-93fe-52e7120176e8
2019-12-26 22:03:55 UTC,view,5687152,1487580010645553231,,,15.86,593125049,175d3d30-f34a-4af1-96b8-167d9684589b
2019-12-26 22:15:23 UTC,remove_from_cart,5886517,1487580009143992338,,chi,7.22,568960022,5a98d561-d504-4588-b1d2-574c01d6d20a
2019-12-26 22:16:08 UTC,remove_from_cart,5870700,1487580008246412266,,,4.6,237644349,39fbc060-edf8-4065-a42b-2b84a5b999db
2019-12-26 22:31:17 UTC,cart,5809910,1602943681873052386,,grattol,5.24,461221877,b68f638a-787f-4d8a-996f-5ef715464aa7
2019-12-26 22:31:51 UTC,view,5896431,1487580006350586771,appliances.environment.vacuum,jessnail,53.17,593114877,78254ca6-df1b-41fc-97fc-d616661d8181
2019-12-26 22:41:35 UTC,remove_from_cart,5875998,1597770225539875791,,,28.1,593120571,81359403-29f0-441b-9a66-f90de0b01dc0
2019-12-26 23:03:44 UTC,view,5664642,1487580011383750769,,,0.73,580525301,0c66977a-5194-46c3-a877-0d4a70654859
2019-12-26 23:29:42 UTC,view,33957,1487580005411062629,,cnd,16.03,593136324,93708061-b044-4163-8f27-d8ce32e19d25
2019-12-27 00:09:49 UTC,view,5697463,1783999067156644376,,estel,12.14,593153013,5839803e-a062-4f88-a015-d904e7181a5f
2019-12-27 01:53:06 UTC,view,5628025,1605161575889502297,,,2.7,511007445,089f675d-e23a-4391-86ce-7d14cb01e863
2019-12-27 06:47:32 UTC,view,5772471,1602943681873052386,,grattol,4.76,562456169,69e417f0-08ab-4918-b2d8-c636e3fc58ca
2019-12-27 07:13:08 UTC,view,5870111,1487580006317032337,,,4.29,489550278,942f4bf6-abd0-4cec-824e-20d83762b461
2019-12-27 07:45:06 UTC,view,5809616,1487580005595612013,,,3.02,504809107,71ce69a1-63d2-44a1-b05f-6211091a88c5
2019-12-27 08:00:30 UTC,remove_from_cart,5889622,1487580010561667147,,,7.94,486682994,d2592ef3-e596-4f53-bef0-04ef315294f4
2019-12-27 08:43:15 UTC,view,5731091,1487580009051717646,,,27.62,553690037,ef2989b9-bc03-47fb-ab3e-f3553f5c4707
2019-12-27 08:55:23 UTC,cart,5836522,1487580013522845895,,nagaraku,0.4,427611802,a35d2f9a-0b66-41be-b045-331821008790
2019-12-27 09:25:27 UTC,view,5649236,1487580008246412266,,concept,8.65,562947255,cc4523b2-3400-4f7d-a639-e904dda86901
2019-12-27 09:51:52 UTC,cart,5822343,1487580005595612013,,,3.0,589873933,8de74111-97f6-49c9-a7b1-8b7d7982c0a7
2019-12-27 10:02:00 UTC,purchase,5867078,1487580010779770966,,de.lux,0.79,593325783,217df523-ff98-40df-99a1-76ef9884f5de
2019-12-27 11:20:38 UTC,cart,4602,1487580010796548183,,runail,0.38,589813330,db3b0271-583d-4187-9724-895ea10309e4
2019-12-27 11:29:34 UTC,remove_from_cart,5793704,1487580006509970331,,irisk,2.38,485634933,32729b9d-2600-49af-8863-66ba98e52f81
2019-12-27 12:18:36 UTC,remove_from_cart,5649236,1487580008246412266,,concept,8.65,538059303,032db3cf-e1ff-4c34-b517-ab96f6a06477
2019-12-27 13:28:14 UTC,view,5902278,1783999064103190764,,,12.22,499763473,650af4f8-2707-4dce-86c9-cad335178908
2019-12-27 13:33:45 UTC,view,5770051,1487580013841613016,,kapous,2.81,557612099,2b4dcd76-dda2-486b-a6fb-2b5c4a05fff0
2019-12-27 14:07:28 UTC,cart,5913656,1487580008112194531,,dewal,7.78,593453712,156ee273-43ea-44a4-bafa-ce222d6f55bc
2019-12-27 14:39:12 UTC,view,5826617,1487580009076883471,,,1.87,479928991,6c156e8d-db67-4d41-be86-e07e31119143
2019-12-27 15:19:22 UTC,view,4962,1487580010695884882,accessories.bag,,30.16,593486085,8c19f15a-acec-4cba-824c-3a53552aff1b
2019-12-27 15:46:23 UTC,view,5868794,1487580011627020412,,koreatida,23.65,593497832,2ac54706-5424-4e3a-8ee6-6b133222b804
2019-12-27 15:51:54 UTC,remove_from_cart,5847863,1487580006317032337,,,9.52,533949198,ea9aa12d-1314-4fa3-b60f-7ad4bdb16e64
2019-12-27 16:04:42 UTC,cart,5833330,1487580007675986893,,bpw.style,0.95,593496422,48a97467-a7ab-4230-9939-b8734986f0c9
2019-12-27 16:13:29 UTC,cart,5618218,1487580005595612013,,,4.29,149017750,bf5b4790-1fe7-4042-86f2-1c72aa47635e
2019-12-27 16:33:22 UTC,view,5692866,1487580007910867929,,yoko,7.27,560699927,788ff6a7-b01b-b9d2-4892-a681443e1570
2019-12-27 16:34:08 UTC,view,5809116,1801635223591453292,,jaguar,45.27,592578383,f8f56370-4a97-421f-8d3e-6e2faa6f6419
2019-12-27 17:53:27 UTC,view,5864080,1783999072332415142,,deoproce,24.25,592470614,c9d2a71b-2226-4e8b-9629-b173a2fa9b55
2019-12-27 18:35:49 UTC,view,5911192,1487580008112194531,,dewal,2.29,593562531,5e8c2033-0c68-4bdf-ada6-8a137ffae636
2019-12-27 18:47:53 UTC,cart,5877454,1487580006300255120,,jessnail,44.29,559394639,ded59757-2222-4b02-94de-a5532adb2265
2019-12-27 19:09:24 UTC,view,5863541,1487580011627020412,,,6.19,406951256,b9d7acc7-8add-40f2-bc0c-71de3693f3d8
2019-12-27 19:16:17 UTC,remove_from_cart,5830628,1891434351850160381,,lsanic,20.89,560835051,821c5e99-64d1-4ee6-adcf-f754830174da
2019-12-27 19:17:58 UTC,cart,5872988,1783999072332415142,,,15.71,406772131,58281bf7-015d-45e8-8235-c0d370ddde2a
2019-12-27 19:26:04 UTC,cart,8200,1487580010100293687,,,3.0,593588174,ae65e3e5-223f-4f79-834a-07ccc3f0b70d
2019-12-27 19:46:54 UTC,cart,5901858,2007399943458784057,apparel.glove,benovy,5.62,523703303,b08321df-25f0-44ba-97a5-5e7375045d55
2019-12-27 20:00:18 UTC,view,5588612,1487580006317032337,,irisk,3.97,518814968,a1b6cb6e-e06c-4bb5-af97-ce6afdfab227
2019-12-27 20:17:16 UTC,view,5712735,1487580005092295511,,f.o.x,6.27,567962859,89d0e1d8-05d4-41d2-af24-8d3ed8d11288
2019-12-27 20:24:11 UTC,view,5762540,1558526315760452545,,,0.4,538965625,018d8661-24fd-4a34-8df8-798f9b06f5c9
2019-12-27 20:40:27 UTC,remove_from_cart,5711170,1487580005008409427,,f.o.x,6.03,540073475,e1444ce4-d523-49cc-a1a3-bccb443ce9c6
2019-12-27 21:04:02 UTC,view,5567930,1487580005595612013,,,3.0,478078598,f9d35263-a372-4d33-b8fb-3c80f51a3051
2019-12-27 21:35:49 UTC,cart,5829286,1487580011585077370,,eunyul,0.95,593630790,816b2455-9bd8-4f02-b1b8-5ae41b6d3d54
2019-12-27 21:49:50 UTC,view,5830307,1891434214553813877,,,6.03,569444218,5c7f7e03-6961-458c-ae67-e6166f87d92e
2019-12-27 22:20:23 UTC,view,5759507,1487580007457883075,,,3.97,293996782,ac7ac160-b4c9-454d-87b5-e9cb2e806de6
2019-12-27 22:25:58 UTC,view,5911265,1487580009051717646,,runail,34.92,592055278,c155044d-416e-41b7-82b7-9b2c5bce2b27
2019-12-27 22:29:03 UTC,cart,5814518,1487580013539623112,,,13.49,593562863,ddf35239-4508-4b6c-931c-19401d0dc811
2019-12-27 22:32:34 UTC,remove_from_cart,5809671,1487580013522845895,,irisk,7.9,593339772,86390459-e8f4-43bd-bfd7-97a1222acf1c
2019-12-28 00:47:58 UTC,cart,5550010,1487580005595612013,,,3.0,474652943,2b1ab9f3-ed01-4460-879e-dc4b6ce972d1
2019-12-28 00:59:44 UTC,view,5865168,1487580012121948301,,beautix,11.3,521061876,08e85a19-f836-4b66-8fcb-c3aefe5c05ba
2019-12-28 02:26:31 UTC,remove_from_cart,5855507,1487580006350586771,appliances.environment.vacuum,max,79.21,527891834,c30e51c9-dd18-4433-8c95-112f61d3a971
2019-12-28 02:31:45 UTC,view,5567914,1487580005595612013,,,3.0,442280029,978771b7-e755-6973-0be5-b3790a6fede3
2019-12-28 04:16:34 UTC,remove_from_cart,5851611,2055161088059638328,,irisk,1.75,557724649,9a47ff63-409d-413e-96a3-8f4733fe3f13
2019-12-28 06:42:05 UTC,remove_from_cart,5753492,1487580013069861041,,italwax,13.02,558798454,153cf9c5-59e4-40a3-a9f3-467fac08ac50
2019-12-28 07:41:28 UTC,view,3978,1487580005411062629,,cnd,29.05,250884578,cfc6a6dc-cb41-44c0-b70d-c57336408eda
2019-12-28 08:57:18 UTC,view,5850861,1487580011702517887,,coxir,22.51,591124432,5a4de8e3-753b-4581-be7b-638f52372780
2019-12-28 09:14:17 UTC,remove_from_cart,5729864,1487580006509970331,,,0.41,593707719,5b5764b2-778d-4669-9e2e-a45f7cf7d9a8
2019-12-28 09:34:23 UTC,purchase,5876809,1487580010100293687,,jessnail,3.16,396723563,1bc4a6ca-5da8-0aab-42d0-a45a725a9f65
2019-12-28 09:45:54 UTC,purchase,5899826,2115334439910245200,,,3.92,586582843,bf63d202-d087-4312-aaa2-71ad51d1a96d
2019-12-28 10:41:20 UTC,view,5855507,1487580006350586771,appliances.environment.vacuum,max,79.21,323933563,0b2b51e0-312e-4462-8b47-53c1cd9fcb89
2019-12-28 10:54:14 UTC,remove_from_cart,5896421,1487580009051717646,,jessnail,28.41,593411767,732324c3-d28e-4192-9789-7c827d46ca83
2019-12-28 11:03:32 UTC,remove_from_cart,5651974,1487580012902088873,,,18.25,593828267,e5af5d38-0709-4222-b755-ada0b00e1001
2019-12-28 11:38:19 UTC,remove_from_cart,24330,1487580013053083824,stationery.cartrige,depilflax,3.02,339551433,d9038c8a-b356-4322-8fa7-77079122ce60
2019-12-28 13:00:36 UTC,view,5699742,1487580004882580302,,,2.7,393340910,f88734ab-25e8-42a7-bf15-4532a12a8170
2019-12-28 13:10:38 UTC,view,5775872,1487580005427839846,,irisk,4.92,377539588,ebe756e5-f40a-40f6-a34f-40e78b117942
2019-12-28 13:29:57 UTC,view,5867640,1487580011627020412,,kims,28.56,583857060,97cbbd2a-fffb-4697-8ffd-b21985b53266
2019-12-28 13:41:07 UTC,view,5842999,1487580005092295511,,,23.81,271025108,1fb4cf2d-498c-474e-b0dc-f23d9b09bafb
2019-12-28 14:14:38 UTC,purchase,5848922,1487580008313521133,,insight,7.86,593777837,5a899e35-8c25-4f8d-bc2d-c73313b13a5d
2019-12-28 14:18:56 UTC,view,5751422,1487580005268456287,,uno,10.95,380333362,1ff385c8-8dde-4a7e-8422-ef4a24229f19
2019-12-28 14:24:48 UTC,cart,5854897,1487580009445982239,,irisk,0.32,555498930,ad21d26f-1634-4131-8425-0a4558dff8c2
2019-12-28 15:15:05 UTC,view,5822265,1487580005595612013,,,3.0,169938179,1a78d97e-4d77-4cac-a986-81380e8338b4
2019-12-28 15:26:03 UTC,view,5813489,1487580005671109489,,masura,1.73,419793162,df4c61bd-6f32-4aee-ad64-f17bdb6c270b
2019-12-28 15:26:09 UTC,view,5865598,1487580008187692007,,,5.56,591718301,8c45a9d0-af83-468e-b5b3-66965f4680ef
2019-12-28 16:11:55 UTC,remove_from_cart,5550110,1487580005595612013,,,3.0,557039328,4367d214-2f48-47de-9be5-d28cc74fce86
2019-12-28 16:44:25 UTC,view,5649076,1487580005511725929,,,5.56,593887224,2674d335-3043-44f0-8bf1-b0c21a0cd897
2019-12-28 16:53:41 UTC,remove_from_cart,5696152,1487580005134238553,,runail,2.38,593958905,b6f5bfb9-000d-40ef-9bf9-917c8bd9cbb4
2019-12-28 16:58:22 UTC,view,5822702,1487580013279576251,,,5.1,584879002,bec8873f-cce6-4957-a0c6-b46b82b2ed27
2019-12-28 16:58:53 UTC,view,5867778,1783999072332415142,,kims,50.78,593970500,2d847405-3425-4c39-b482-8af022517869
2019-12-28 17:11:47 UTC,view,5784096,1660394382047576308,,,0.79,593910069,15e9deac-01b0-4394-af48-19c83f101c22
2019-12-28 17:18:26 UTC,view,5879026,1487580013279576251,,,4.29,520327809,07db9fa3-fa2c-4fff-9d2f-f90b3e349476
2019-12-28 18:01:39 UTC,view,5903781,1487580007675986893,,,1.59,592360330,c7244097-e200-b618-5e7a-1c7d1bf67863
2019-12-28 18:29:45 UTC,view,7681,1487580009227878422,,runail,4.44,593794496,4320d463-16fb-72fc-9fe7-7c5c0ead9849
2019-12-28 18:30:40 UTC,cart,5773602,1487580006317032337,,irisk,2.54,478567906,64c3e8cd-e3fa-4500-af04-c08ad61012c7
2019-12-28 18:47:59 UTC,view,5809861,1783999064103190764,,grattol,5.71,586901135,f3aa32df-8a33-48fd-81e0-119ab933bfdd
2019-12-28 19:37:28 UTC,remove_from_cart,5857681,1487580005092295511,,artex,15.08,447583745,fd8359c4-db8d-4e46-a002-fb26e60bbbf8
2019-12-28 19:54:57 UTC,view,5694897,1487580009076883471,,,1.27,53421372,5e4edb82-db03-4a57-9a70-7f2eb9c92097
2019-12-28 19:57:01 UTC,view,5774240,1487580009051717646,,,39.67,507434139,2bb43394-a37f-45d2-8515-56424fa74dae
2019-12-28 20:00:19 UTC,view,5848407,1487580007675986893,,freedecor,0.79,593726529,8c68c78e-e237-45d9-b68a-a8167779ff50
2019-12-28 20:03:35 UTC,view,5609124,1487580012994363565,,,9.52,463646608,cedf24b5-c633-4a3a-ac5b-566b0626be00
2019-12-28 21:03:42 UTC,view,5875447,2084144451428549153,,,2.05,317779161,ec92a923-675d-4aaf-9388-965444628339
2019-12-28 21:18:44 UTC,remove_from_cart,5802728,2151191071051219817,,,2.86,576160559,c033a7fb-9283-433c-828e-8d554c1f9dff
2019-12-28 21:21:06 UTC,view,5896494,1487580013732561106,,concept,4.44,392455288,729a6b3c-c0e6-4e53-b2c1-bf57dc6a5397
2019-12-28 21:26:41 UTC,view,5887749,1487580013279576251,,,2.49,557498641,3dd14f95-bd6b-4e41-94ad-e63fc10b1ea0
2019-12-28 21:39:42 UTC,view,5881773,2084144451428549153,,,2.05,518439066,4d94a468-bfd9-4aac-8494-f6a66864acbd
2019-12-28 23:04:54 UTC,remove_from_cart,5861347,1487580009521479714,,,3.65,588304679,7a0b6e57-c52e-4976-99cf-77b1a8f985d7
2019-12-29 00:02:08 UTC,view,5810674,1487580013069861041,,italwax,10.32,409166108,5d998a9c-ac45-474f-860c-ff331dca8345
2019-12-29 02:35:46 UTC,view,5802432,1487580009286598681,,,0.32,594128598,cc4362f3-719b-4504-94d4-b90143a88984
2019-12-29 03:35:08 UTC,remove_from_cart,5707019,1487580013950664926,,,10.4,594132505,6c0e8d46-4eaa-4195-80fc-70a9838b34a9
2019-12-29 06:27:09 UTC,view,5859277,1487580013522845895,,almea,31.59,594182086,caabdef0-c934-4b43-a20f-7d185601edf9
2019-12-29 08:30:14 UTC,view,5896420,1487580006300255120,,jessnail,49.21,594213475,ac19a18e-a565-4f03-acb8-03c1f5b0f576
2019-12-29 09:20:25 UTC,cart,5587642,1487580008187692007,,roubloff,3.32,556166119,b371a04b-3607-4a28-8e16-e7025bcedaff
2019-12-29 10:28:08 UTC,view,5864469,1783999072332415142,,,46.67,594096351,3ea561f9-ca2a-4257-8e38-fa1131d62092
2019-12-29 11:01:21 UTC,view,5776130,1487580013472514244,,art-visage,1.98,594288241,46f01176-b6ce-4b44-b68e-7f3f217edc25
2019-12-29 11:41:10 UTC,view,5890133,1487580013388628160,,,2.24,594227960,b0b3baee-16ba-42bb-9cb1-925bf4a9aee1
2019-12-29 11:44:10 UTC,cart,5776130,1487580013472514244,,art-visage,1.98,594307822,dbd65dc7-67a7-49a2-8f6a-4ece833f7afb
2019-12-29 11:47:45 UTC,view,5767496,1487580012952420523,,italwax,2.06,594301711,abf28c60-2a4c-4f6b-a4b9-15cff2149078
2019-12-29 11:53:44 UTC,remove_from_cart,5701881,1487580007432717250,,bluesky,1.59,374277505,8489aed9-853c-45c8-8b7d-5379d747fa1a
2019-12-29 12:01:46 UTC,cart,5769981,1487580005411062629,,cnd,16.03,590669086,2e880b72-d48f-48b8-8461-ee6f5f391749
2019-12-29 12:02:52 UTC,view,5550302,2195085255034011676,,,1.21,594316837,d9feed0d-fb21-47f8-9be0-b3c082b65ed2
2019-12-29 12:10:03 UTC,view,5867161,1487580006300255120,,domix,74.22,594313224,111d6c40-c23a-41fe-8d9a-2da03a307564
2019-12-29 14:48:44 UTC,remove_from_cart,5789614,1487580011383750769,,,6.67,592521232,8bbb92de-3676-4fa3-aee8-d76cfd76b44b
2019-12-29 14:57:19 UTC,remove_from_cart,5859406,1487580005671109489,,masura,2.37,577235250,7aa027be-48d1-4cfa-bf32-21d0b9646d3b
2019-12-29 14:59:40 UTC,remove_from_cart,5565100,1487580005595612013,,,3.0,531356375,43c7de3a-6f99-427c-85b7-d1944e572eba
2019-12-29 15:03:39 UTC,view,5882425,1487580009286598681,,zinger,0.56,594395786,e80e786e-0f40-4ff0-8f00-4239cbcb7fca
2019-12-29 15:32:31 UTC,view,5674733,1487580005595612013,,,3.0,477033215,f33e0628-0284-4cd7-838a-ecf1aa80de78
2019-12-29 15:51:38 UTC,cart,5844359,1487580013841613016,,,4.67,594416134,5e20a5ee-2399-44a0-89cb-91f84191e51e
2019-12-29 15:54:56 UTC,view,5706829,1487580009026551821,,irisk,35.71,594417543,9f52aa41-23fe-4f69-9d99-e03f63ecf4e1
2019-12-29 16:11:08 UTC,view,5766979,1487580013069861041,,italwax,18.25,416797495,3fe51f62-e9b3-423b-b547-b4abfeaabcc4
2019-12-29 16:38:46 UTC,cart,5904902,1487580008758116352,,opi,19.0,594355111,cfca7fcf-20e3-410c-8804-136f4eccedf4
2019-12-29 17:33:04 UTC,view,5903598,1487580011627020412,,naomi,2.78,588862905,d0a9ab75-2408-40de-adb8-10c55308d05c
2019-12-29 17:43:42 UTC,view,5563790,1487580005595612013,,,3.0,317779161,73b1cb50-7df8-43ea-b22f-d54ea1987e2f
2019-12-29 18:11:27 UTC,view,5857291,1487580005134238553,,runail,2.62,548216799,e4d98cb6-fa68-2354-7c7a-a1d025131e58
2019-12-29 18:26:16 UTC,view,5770050,1487580013841613016,,kapous,2.81,594482159,27fad518-2a48-47fb-a69e-7f2b321b6937
2019-12-29 18:56:29 UTC,cart,5789668,1487580005595612013,,,2.68,506515072,a9216550-a597-4399-be1d-d29c739c7624
2019-12-29 19:10:31 UTC,cart,5882611,1487580013522845895,,lovely,1.75,575498240,2297aad6-be05-4129-b7e2-070b7096a9af
2019-12-29 19:25:48 UTC,cart,5670719,1487580010796548183,,,0.48,447393145,b71d6d21-6d8c-4d2b-a6cb-5e6149f44682
2019-12-29 19:59:34 UTC,remove_from_cart,5659685,1487580007717929935,,airnails,0.95,594519916,64eb370e-09b7-44ec-8836-bf74ef523d93
2019-12-29 20:38:43 UTC,view,5884033,1487580008347075566,,,4.06,591301901,d40361a1-e0a6-4fd0-b3a9-03813904e9b6
2019-12-29 20:55:45 UTC,cart,5839412,1487580006551913373,,lovely,3.16,376484421,f4ca6f69-7aab-4172-877e-0bd6e8c85a1f
2019-12-29 21:35:18 UTC,cart,5786920,1658462125284131265,,uskusi,3.97,561553916,f92379dd-21a1-4411-9bb6-dc30e7d4afbd
2019-12-29 22:06:32 UTC,view,5897541,1487580009286598681,,,2.38,583884978,4718418c-4ac8-f936-b637-0df66094bda7
2019-12-29 23:47:08 UTC,cart,5831501,1487580013522845895,,,2.38,591132697,6a4deb2d-26fa-43f7-98ba-36256f62f170
2019-12-30 00:43:35 UTC,view,5815758,1487580007256556476,,domix,4.57,594592539,fa730329-5d7c-4e93-abd1-77536837653a
2019-12-30 04:31:53 UTC,remove_from_cart,5814703,1783999068867920626,,smart,2.38,590848136,1a219f62-6647-4d18-bbed-460695239a96
2019-12-30 05:40:45 UTC,view,5618276,1487580006434472855,,jas,57.94,594663812,68a143af-63d8-4341-9aab-fbd7d2ad6c04
2019-12-30 05:44:22 UTC,view,5877452,1487580006300255120,,jessnail,44.29,594201054,55d3ed90-03c3-4012-9c04-75cc68df8cf3
2019-12-30 06:31:07 UTC,view,5774943,1487580005713052531,,ingarden,4.44,528680395,cb65fb92-a3f4-40df-8b1a-e751ce92ea25
2019-12-30 06:38:30 UTC,cart,39956,1487580010125459512,,,2.86,522135430,78a6bcc5-3f48-4755-a0c8-fc8ec56c8c7d
2019-12-30 07:30:53 UTC,view,5655023,1487580012096782476,,,7.14,482082552,e084c3a2-9507-4f71-a24a-0b8f43e1adfa
2019-12-30 08:06:35 UTC,cart,5884066,2115334439910245200,,,3.67,364999494,af7c5ee8-ebf5-64a2-0d19-d32e278716a8
2019-12-30 08:57:29 UTC,remove_from_cart,5852401,1487580005713052531,,ingarden,4.44,591727199,54ed0dcd-f970-480e-83ba-09f296c5171a
2019-12-30 09:02:57 UTC,view,5540789,1487580012642042013,,,14.6,525621244,821afcc5-aed8-43b6-8a86-c4498bce623b
2019-12-30 10:07:46 UTC,view,5866965,1487580009051717646,,sunuv,39.68,594784631,16c1c383-f30a-48a6-9448-916285df52ac
2019-12-30 11:17:24 UTC,view,5692527,1487580014009385185,,,46.02,591141403,11d97557-c474-4440-b6f3-c38c188d60c3
2019-12-30 11:58:03 UTC,view,5885299,1487580011283087468,,trind,9.37,234451836,58aedd2f-1852-4359-b937-3574b37213f6
2019-12-30 12:12:49 UTC,view,5860155,1487580011652186237,,,3.89,594840284,d28c8f4e-c019-4b35-812f-05a0f45af0dd
2019-12-30 12:37:45 UTC,cart,5908825,1487580005427839846,,irisk,6.19,563465289,4c756de1-e9a0-4f47-93e3-b8b7f0875401
2019-12-30 12:42:54 UTC,cart,5759491,1487580013011140782,,italwax,1.94,562142633,457d7a52-bb83-4658-ad9e-3fb307f2f623
2019-12-30 12:55:06 UTC,cart,5843577,1783999071199952917,,,0.48,573874230,a99218c2-cc7e-4714-a9ac-e094e43debbf
2019-12-30 13:27:31 UTC,view,5861731,1487580008313521133,,,11.67,592832286,7b21487f-160f-4e47-9d40-2bd2311228ec
2019-12-30 14:19:16 UTC,view,5828277,1487580007575323592,,solomeya,1.9,558967890,912aa532-07dd-4975-a200-796754824dd2
2019-12-30 15:00:11 UTC,cart,5560982,1487580005595612013,,,3.0,440513771,b86f8fb3-d7a8-4199-8a77-9f3dfd773d0d
2019-12-30 15:09:42 UTC,remove_from_cart,5678309,1487580013841613016,,estel,5.24,298347866,e84a4b80-cbab-4c65-b0ff-a64bb65d14a9
2019-12-30 15:50:27 UTC,view,5816178,1602943681873052386,,grattol,5.24,594924671,3a5ad5fa-c8da-4ec5-8126-a24321cab8b7
2019-12-30 16:40:26 UTC,view,5797788,1638456119066100510,,pole,4.11,594947084,8f19b7bc-66aa-4b86-8a13-31fedc536307
2019-12-30 17:45:23 UTC,view,5909810,1487580013950664926,,,18.73,594968419,a766cf69-f452-4722-84b0-0ff0349fd5e7
2019-12-30 18:02:17 UTC,view,6906,1487580007634043851,,,4.76,517604184,6b663210-1812-406c-a6d5-569d14b5b421
2019-12-30 18:35:09 UTC,cart,5882414,1487580009261432856,,zinger,2.37,591313204,d9db007e-1ce6-4cdf-b049-20ffb0e84b68
2019-12-30 19:14:16 UTC,view,5699801,1487580005268456287,,runail,6.11,567802340,046a37dd-4a1d-4fbb-b386-9188f2e9ca3a
2019-12-30 19:28:22 UTC,view,5774893,1487580005671109489,,masura,1.73,420021805,7608cede-1b60-4e80-badc-7d8cb49e2b0b
2019-12-30 19:30:18 UTC,view,5663062,1487580009622143014,,,1.43,529423671,ba5c5585-05fe-4a63-b97f-2d807297e454
2019-12-30 19:53:43 UTC,view,5796786,1487580004916134735,,,4.29,583800903,e4e5f92f-a43d-4790-8b6f-d6dc8b259bb8
2019-12-30 20:40:57 UTC,cart,5801302,1487580005511725929,,,6.35,595027347,d2826bab-6315-4b8d-983b-9a9ade6d4d28
2019-12-30 20:42:05 UTC,cart,5878642,2095736144888071137,,,3.17,585315388,7616043e-f7ec-29b7-4b5a-12fe53ec57cd
2019-12-30 20:44:27 UTC,cart,5878646,2095736144888071137,,,4.13,585315388,7616043e-f7ec-29b7-4b5a-12fe53ec57cd
2019-12-30 20:54:21 UTC,cart,5772460,1602943681873052386,,grattol,4.76,595020518,1001a798-8172-48d7-b419-772720e48d47
2019-12-30 20:58:45 UTC,cart,5668425,1487580005511725929,,,5.56,394513187,606c7ec9-025a-42ed-b185-55a725c3f3b5
2019-12-30 22:09:05 UTC,view,5809910,1602943681873052386,,grattol,5.24,443528458,77b1bf1a-60cc-4cf1-bbaa-1127f8e2b519
2019-12-30 23:20:22 UTC,remove_from_cart,5891380,1487580013212467384,,art-visage,2.62,562168074,51e6ef46-570a-486b-919a-449e6ab321ae
2019-12-30 23:26:16 UTC,view,5909366,1783999072332415142,,,15.95,486330766,08da6d7c-5002-46c3-9b30-a0ad5ed92a4d
2019-12-31 04:50:16 UTC,view,5760097,1487580013522845895,,,6.19,585939017,fac90d24-2036-4332-86bb-f4c4709bcc5b
2019-12-31 06:31:00 UTC,purchase,5745715,1487580008246412266,,kapous,5.79,503572674,8c72e351-4c43-4e78-be14-c246ae9eceab
2019-12-31 07:27:16 UTC,view,5853230,1487580005092295511,,runail,3.49,593124909,dc9e569d-1c04-44a7-9992-6401a2b64a5a
2019-12-31 07:29:23 UTC,cart,5561036,1487580005595612013,,,3.0,559864834,a39ccfa2-11a0-4c59-8b6f-70a20e54027e
2019-12-31 11:11:00 UTC,remove_from_cart,5813484,1487580005671109489,,masura,1.73,358683637,19b7fa55-5da9-412a-9739-1eb1065235d0
2019-12-31 12:40:56 UTC,view,5837103,1783999068867920626,,staleks,5.56,542755110,5339dd30-9ec7-f7a4-c989-24519353a871
2019-12-31 14:38:04 UTC,view,5847500,1487580013841613016,,,2.37,594939211,553fbc8b-f6f5-42a2-87e6-f6dc96cb1851
2019-12-31 16:17:40 UTC,view,5858187,1783999073792033086,,,6.19,586049875,8424bf7f-36a0-4906-b08a-3eeac06804d6
2019-12-31 17:16:44 UTC,cart,5916407,1487580013229244601,,,6.98,595282983,0a7c4942-af70-af85-5930-99ce8ead2d23
2019-12-31 17:45:37 UTC,cart,5805750,1487580005411062629,,cnd,16.03,587493893,13895cb5-b50a-4e38-8a28-132a64e2897b
2019-12-31 20:24:26 UTC,view,5845150,1487580005671109489,,masura,1.65,439406437,b49d0dd6-6cae-464b-869e-ddaa981b1820
2019-12-31 20:57:13 UTC,view,5841195,1487580009051717646,,,47.59,595387972,0bc9a13b-f014-45aa-a15e-adb9e562592a
2019-12-31 21:54:37 UTC,view,5791768,1526733091857498510,,,5.08,540714073,adf7667d-e7e9-4970-4f03-f6654195ce8e
2019-12-31 22:05:21 UTC,purchase,5823937,1487580006350586771,appliances.environment.vacuum,polarus,94.44,581329286,8c277599-7ae8-4154-9d5d-afc5f6465ff1
2019-12-31 22:05:56 UTC,remove_from_cart,5335,1487580009605365797,,runail,0.4,526019327,158361b0-d6e3-4cb8-97c2-69dec237052e
