event_time,event_type,product_id,category_id,category_code,brand,price,user_id,user_session
2019-10-01 00:03:44 UTC,view,18082,1487580005411062629,,cnd,16.03,552006247,2d8f304b-de45-4e59-8f40-50c603843fe5
2019-10-01 02:11:50 UTC,view,5828610,1487580009227878422,,solomeya,2.06,555461120,470277d2-b0fc-4465-bb7c-1e97569078e4
2019-10-01 03:44:36 UTC,remove_from_cart,5836515,1487580013522845895,,nagaraku,0.08,429681830,2bd9243c-1d2b-0994-5b41-4ca26c41ce55
2019-10-01 03:49:38 UTC,purchase,5889423,2134354342373753638,,,3.49,466229100,1a46f080-837d-4872-83c8-64b6c1ab8e71
2019-10-01 04:12:55 UTC,cart,5723497,1487580005134238553,,runail,2.62,75972882,6d2fe1b2-ebb1-ed27-27bf-789ca140c2e4
2019-10-01 05:15:50 UTC,view,5838939,1487580005713052531,,ingarden,4.44,555490506,549c0b23-fc70-4969-aa78-58f49c95e834
2019-10-01 05:33:45 UTC,remove_from_cart,5884236,1487580007675986893,,,1.75,327128357,cab6c765-e878-489f-8781-b36852643da4
2019-10-01 05:52:55 UTC,remove_from_cart,5839311,1977575775473238831,,lovely,6.19,522761684,47b122b4-6545-4285-8bfe-ee7887413138
2019-10-01 06:08:43 UTC,purchase,5677014,1783999067156644376,,estel,4.29,494867012,0719f4fb-37b0-4956-852a-5bbb672ceaae
2019-10-01 06:10:03 UTC,cart,5820713,1487580006317032337,,,2.22,265366822,827696df-11ca-4f2a-b80e-ddeaa31eb9be
2019-10-01 06:13:40 UTC,view,5788438,2151191071378375538,,,0.79,528795540,bd7de97b-bc05-45b6-8203-74aca316d4b9
2019-10-01 06:19:10 UTC,view,5851313,1487580005268456287,,lianail,6.33,468782371,88a0b249-89ca-4c46-a465-27a211b5826f
2019-10-01 06:42:53 UTC,cart,5867628,1487580004916134735,,,4.7,397818974,05c3a908-a783-4f8d-bbe9-f3b80a09f585
2019-10-01 06:49:20 UTC,view,4185,1487580005411062629,,cnd,19.37,555513254,e0324567-b078-44f9-b5f8-6596df059d41
2019-10-01 06:56:48 UTC,remove_from_cart,5838932,1487580005713052531,,ingarden,4.44,555407267,5059a8c0-9b61-49b0-8ed0-ca89f26705bb
2019-10-01 07:22:06 UTC,cart,5788423,1487580007306888126,,,3.33,548735227,27e9a41f-9940-420d-bd53-7e3a918a28c0
2019-10-01 07:46:44 UTC,view,5859474,1487580005671109489,,masura,1.73,527780411,7fb6107b-3aa4-4187-9c12-37a7ade671ed
2019-10-01 08:38:32 UTC,remove_from_cart,5875317,2029082628195353599,,,1.59,289551991,0c9d69f8-9eaa-4bdb-b4c3-4d0de535e8c6
2019-10-01 08:38:53 UTC,remove_from_cart,5805117,1487580008246412266,,,3.49,443776199,fdc25849-4ef1-4c3c-b67f-354a0548ebbc
2019-10-01 09:02:29 UTC,cart,5820715,1487580006317032337,,,2.22,555545884,868693b7-df1d-40a7-bebc-858017637ee5
2019-10-01 09:19:26 UTC,view,5824195,2007399943458784057,apparel.glove,domix,0.94,549855656,02c5d4ed-c3f5-49c0-b673-6d3d38f22c04
2019-10-01 09:44:19 UTC,view,5837833,1933472286753424063,,,3.49,555569305,9723649f-b1a7-474a-a621-215cc905b7aa
2019-10-01 10:01:19 UTC,cart,5859403,1487580005671109489,,masura,2.37,555575212,cf393e5f-dc7c-416d-a8a8-12f4f53dc9da
2019-10-01 10:22:52 UTC,view,6174,1487580007776650194,,runail,0.63,463138041,e84107ef-6b84-4b9c-a45a-a91a37378715
2019-10-01 10:28:31 UTC,view,5786836,1783999068909863670,,smart,5.56,541110764,a111c105-0fd8-48c3-844c-03ca2509aab0
2019-10-01 10:44:55 UTC,remove_from_cart,5712698,2007399943458784057,apparel.glove,nitrimax,10.32,544019948,732f5c1a-6085-1340-8baa-bc71fe69b5b0
2019-10-01 11:03:22 UTC,view,5773366,1487580005134238553,,runail,2.62,498117906,6819e4f3-3037-489a-8740-eab2da9a169f
2019-10-01 11:25:59 UTC,cart,5760776,1487580005134238553,,runail,2.62,540565835,39537505-dcb7-4799-b52a-2bdffeeab3b2
2019-10-01 11:38:47 UTC,remove_from_cart,5930,1487580006241534861,,runail,1.98,477563981,df670b0d-7b3d-414d-b57f-7ed87c219659
2019-10-01 12:08:22 UTC,view,5760777,1487580005134238553,,runail,2.62,376602655,7df1390d-ff68-44ee-8b47-847bcaf1eaa7
2019-10-01 12:27:26 UTC,remove_from_cart,5858981,1487580007634043851,,de.lux,0.79,546705258,3b5c65c0-bb1c-453b-b340-4ebf973a3136
2019-10-01 13:12:14 UTC,view,5845264,1487580011677352062,,,8.73,555637163,6fd956f7-dbd8-4f7e-a347-32d46b11eb3a
2019-10-01 13:27:21 UTC,view,5724662,1487580005427839846,,irisk,2.48,398532765,97c27ad9-d49d-4ec8-b10b-9e000028d04e
2019-10-01 13:42:32 UTC,cart,5761039,1516331853567492962,,beautix,5.56,554223163,755e5fbd-0ed5-4f3f-a020-822390fbc078
2019-10-01 13:50:22 UTC,view,5695968,1487580007575323592,,,1.43,460515302,968cc2fb-acbc-4db2-82e6-6fa3ac99e387
2019-10-01 14:20:40 UTC,remove_from_cart,5783931,1487580005595612013,,,2.06,486075986,b33063a3-7fb5-48e9-9c63-51aef828a5c5
2019-10-01 14:51:15 UTC,cart,5787017,1487580006644188066,,,6.33,555293468,5ec7c5e2-18b3-3802-e0ac-965dda384112
2019-10-01 15:03:07 UTC,purchase,5868497,1487580012927254698,,italwax,10.95,494776094,ddf14d42-8555-427a-b3a6-806267305c88
2019-10-01 15:04:38 UTC,cart,5804608,1487580005461394279,,bluesky,3.97,545886015,d974ce88-cc5b-4134-b33a-ea34bff51717
2019-10-01 15:09:00 UTC,cart,5770332,1487580007717929935,,milv,0.71,471127858,02f87b4b-033b-40d6-82ac-a274e5be15bd
2019-10-01 15:48:36 UTC,cart,5809344,1487580007675986893,,bpw.style,0.79,531088894,78a8987d-12d3-44e0-a591-5ff29eac2478
2019-10-01 16:23:27 UTC,remove_from_cart,5723504,1487580005134238553,,runail,2.62,453212066,b25ccaba-56dc-4014-b4e3-76d5fd2e635c
2019-10-01 16:51:39 UTC,view,5691640,1487580008758116352,,cnd,6.19,406050321,2aacba29-f09d-489e-a6fa-61000a9f844f
2019-10-01 17:17:02 UTC,cart,5857342,1487580005134238553,,runail,2.78,458029572,c3e1b0ee-dbe4-4ee6-bfa5-39e5564eb76a
2019-10-01 17:44:59 UTC,remove_from_cart,5567764,1487580011408916594,,swarovski,2.06,555729500,5ef0449b-6591-4adf-aa51-89dc6118a207
2019-10-01 17:45:49 UTC,view,5888095,1487580013388628160,,shik,61.9,549900995,af2dd8ff-935c-4189-9745-71efb3a9b843
2019-10-01 17:45:57 UTC,cart,5737880,1487580009051717646,,kosmekka,21.43,555662805,56b4e12f-63d4-42e1-acb1-d2b34eb2acc9
2019-10-01 17:46:14 UTC,view,5800955,1487580005553668971,,,9.21,204632563,22f9734f-220c-4fce-a36f-16dfc3c383b4
2019-10-01 18:22:46 UTC,view,5847639,1487580005092295511,,oniq,7.62,555747546,decc8b7a-8880-4332-bef1-ec4c4ae26985
2019-10-01 18:50:47 UTC,view,5836842,1487580005025186644,,pnb,31.59,548573013,2e449dab-acdd-4d34-a276-42ffbe02323c
2019-10-01 18:53:53 UTC,remove_from_cart,5666407,1487580011157258342,,irisk,0.63,443653930,93186a06-cb2c-47c6-802a-d1c78541f585
2019-10-01 19:13:12 UTC,remove_from_cart,5773205,1487580005134238553,,runail,2.62,534501202,f59d8ea4-062c-48b8-aafa-48a4e51e2177
2019-10-01 19:16:33 UTC,cart,5887292,1487580013128581300,,,3.14,555764057,aba5221a-9de2-4cb7-8900-2c6c0cf221cd
2019-10-01 19:30:34 UTC,cart,5815108,1487580005461394279,,bluesky,3.97,555768220,2be3bd6c-ec11-460e-a289-0a23d912d7ae
2019-10-01 19:31:36 UTC,view,5800005,1658462125284131265,,uskusi,4.29,535130057,39769774-50b1-4485-9ea0-1947964be862
2019-10-01 20:05:55 UTC,cart,4772,1487580010821714008,,runail,0.38,555777884,7a9b6235-adea-4cab-ac14-9e1fa51c498c
2019-10-01 20:07:15 UTC,cart,5891927,1487580007675986893,,bpw.style,1.43,474751233,61c3be3e-a763-4e89-bcbc-59064cb9e0c6
2019-10-01 20:25:33 UTC,view,5861721,1645114480121610699,,,4.76,555782826,ca244921-f6fe-424c-94ae-4fd36cc5eaec
2019-10-01 21:22:09 UTC,remove_from_cart,5885390,1487580007675986893,,bpw.style,1.27,539422808,25e983eb-ddfa-404b-bea4-ff2f8bfee5ef
2019-10-01 21:39:28 UTC,cart,5791037,1487580008145748965,,,5.95,538964709,3738f1a3-e0ee-417e-888f-64bd97168f85
2019-10-01 22:09:44 UTC,cart,5655420,1487580007046841266,,,5.56,555801708,f20fe627-fe9c-436b-bc50-c713c791b8a0
2019-10-01 22:50:00 UTC,view,11549,1487580006132482952,,entity,0.84,494349541,2fabfcb0-c073-4745-8364-2ee5dec0458b
2019-10-02 00:08:29 UTC,cart,5802434,1487580009311764506,,,0.35,535348598,4a1826be-77a0-4e44-84d7-d622d094994e
2019-10-02 00:37:46 UTC,cart,5875381,2084144451428549153,,,2.05,555819699,067a66e1-24b0-4918-9328-74aa24950ee0
2019-10-02 00:50:26 UTC,cart,5884065,2115334439910245200,,,3.67,555821414,a884de3b-cc7a-4b07-a3ca-a1eba6256e78
2019-10-02 00:56:14 UTC,cart,5835052,1924049106385240809,,,7.46,555822240,d556f5bf-54eb-4eb7-9cbd-2e68679a5c47
2019-10-02 00:56:40 UTC,cart,5835070,1924049106385240809,,,7.46,555822340,65160e8a-3248-4f34-b0d2-bf2510892678
2019-10-02 01:27:51 UTC,cart,5885054,2069804417665728971,,cosmoprofi,5.56,555826678,5f3900c1-b62f-406d-9304-b0b55702033e
2019-10-02 01:53:52 UTC,view,5832064,1487580007936033754,,pole,4.11,553477366,339c910f-1bf9-4b6e-ab10-dcdee59252ba
2019-10-02 02:54:01 UTC,remove_from_cart,5868465,1487580013027917999,,,1.98,532536282,5ff03f60-534f-43bd-bf4a-9bafadfbc521
2019-10-02 03:30:06 UTC,cart,5820282,1871018959927509750,,i-laq,3.97,555847352,9d747f4a-cb51-4e24-a0ee-93d8c9094412
2019-10-02 04:00:03 UTC,cart,5742722,1487580007852147670,,,5.71,555853252,c15f60c0-aa29-4fcf-b970-0a4a177ebc99
2019-10-02 04:21:34 UTC,purchase,5643944,2195085255176618020,,,6.06,201832575,e33afd73-2290-42cb-ba68-c1a1f7b23f3a
2019-10-02 04:27:52 UTC,cart,5812224,1487580005427839846,,irisk,2.48,555859348,fcf61dff-2f28-4490-a911-d9d2bfc5143b
2019-10-02 04:40:38 UTC,remove_from_cart,5700046,1487580009286598681,,runail,0.4,531451437,64abffe4-71f0-41f0-9507-b2ab61865358
2019-10-02 05:54:02 UTC,purchase,5793703,1487580006509970331,,irisk,2.22,539063063,33229d92-c2a7-4278-81c7-78404c560a26
2019-10-02 05:56:34 UTC,remove_from_cart,5877486,1487580007675986893,,freedecor,2.38,483321263,45fe3c79-6d40-4ba5-a042-7aa0a2395b51
2019-10-02 05:58:01 UTC,view,5847108,1487580008246412266,,,12.54,449082089,8285df83-685d-4fb3-b083-52d2f5e98a7e
2019-10-02 06:07:49 UTC,cart,5753824,1487580005008409427,,f.o.x,5.43,476002949,95bcd773-8b08-4429-93b8-3e52371a41ed
2019-10-02 06:10:02 UTC,remove_from_cart,5889607,1487580013522845895,,bespecial,12.68,252880948,dcf52340-6063-41fb-9cd4-663f3e2fe11c
2019-10-02 06:31:10 UTC,cart,6941,1487580006895846315,,runail,4.71,555771452,65a1e6fd-83b3-4f44-95ae-e7d835c217dd
2019-10-02 07:09:40 UTC,remove_from_cart,5764990,1487580011702517887,,bodyton,4.29,477216241,e3f52662-5f25-4337-9059-7e49bc883663
2019-10-02 07:19:12 UTC,view,5540780,1487580012642042013,,,18.57,555908202,0bd82e7d-6fd3-4634-b746-07056705059d
2019-10-02 07:52:20 UTC,cart,5688124,1487580009311764506,,,0.32,524062431,c81d4f2f-6825-4bca-b5da-48f08319d9dd
2019-10-02 08:03:44 UTC,view,5892179,1487580013950664926,,,18.89,555922453,f6a6a7c6-d9b7-4f49-b422-4d229e37258a
2019-10-02 08:09:35 UTC,cart,5849651,1487580013841613016,,keen,6.22,555924713,6dbba269-76e1-4879-8dcc-4b61452593f5
2019-10-02 08:14:20 UTC,cart,5765731,1487580013841613016,,,13.49,555926295,b48f45fb-1d52-4c4e-bf86-de62a9fe6f94
2019-10-02 08:49:03 UTC,cart,5859329,1487580007675986893,,,1.75,555691659,226d8068-78f9-4ca7-94fd-38c6bc66efb8
2019-10-02 08:55:02 UTC,remove_from_cart,5844153,1487580008246412266,,,7.92,555931248,92ee4b2e-3484-467c-8e31-b573bc9929a5
2019-10-02 09:44:56 UTC,remove_from_cart,5660215,1487580005511725929,,,2.68,555631001,d70122f4-4300-4df6-8c0f-ae047ef49e7d
2019-10-02 09:47:57 UTC,view,5618277,1487580006434472855,,jas,25.71,555957318,52333214-6fd5-427a-810c-0ad07c02c662
2019-10-02 09:53:35 UTC,purchase,5808565,1487580011627020412,,irisk,0.79,555880089,959e8d57-f377-4a21-998a-b058fc149f7a
2019-10-02 09:53:52 UTC,purchase,5734531,1487580005050352469,,haruyama,3.97,555946543,06068bd9-46ad-4d42-871d-7faa098857a8
2019-10-02 10:03:17 UTC,cart,5861102,1487580007659209676,,,0.32,435357325,103c5b88-bb7d-4c02-8871-7ca23d312e65
2019-10-02 10:08:30 UTC,view,5817161,1487580008800059394,,masura,5.54,555964671,cadef373-33d4-4f57-a75b-464c419c06c1
2019-10-02 10:21:35 UTC,cart,5788522,1487580005671109489,,masura,1.73,555074376,752949b2-f4d9-4d33-ab83-4a023b105e68
2019-10-02 10:24:18 UTC,view,5850622,1602943681873052386,,grattol,5.24,388318557,19e7085c-f166-4a2b-aa4b-ae26fb8df9c3
2019-10-02 10:25:28 UTC,cart,5830920,1911999948073730325,,,4.75,555969905,f187cffa-0b2a-4e53-b9c8-d4c7c5ef0e81
2019-10-02 10:29:10 UTC,cart,5877450,1487580008984608779,,jessnail,8.73,555971137,7f0b8ce3-3868-478c-980c-f76a5167c669
2019-10-02 11:24:26 UTC,view,5743740,1487580011283087468,,,1.89,555988669,793da7ea-098a-4373-9ccf-ce32360b40c1
2019-10-02 11:36:25 UTC,view,5892289,1487580013279576251,,,0.0,352394658,dee05e29-f331-48dc-b1b3-547985fc2aa4
2019-10-02 11:37:43 UTC,purchase,5867105,1487580010100293687,,domix,5.51,555929472,fd5fdb6c-4a58-4bef-a2e0-3572f40c059b
2019-10-02 12:16:54 UTC,remove_from_cart,5759491,1487580013011140782,,italwax,1.94,555998704,4a09e8c1-ad92-4f4d-9f7e-3aa81b5ba0cf
2019-10-02 12:40:21 UTC,remove_from_cart,5819269,1487580005713052531,,ingarden,4.44,464037166,4584710a-7f60-41d0-9a9f-22e184ef50f5
2019-10-02 12:42:58 UTC,view,5871018,1783999073792033086,,siberina,6.03,556013775,fc67ebd7-57a8-418b-9cd9-9683db6ada88
2019-10-02 12:43:53 UTC,view,5604425,1487580005461394279,,bluesky,41.19,544528385,dbc3a23b-06ab-4f8f-9656-115f4a1889c1
2019-10-02 12:52:35 UTC,view,5878253,2093602042093240877,,nefertiti,5.56,556016802,a6a60b30-99ae-42d0-8daa-779eb3933f80
2019-10-02 12:54:20 UTC,view,5738940,1487580005511725929,,,4.27,537844063,fda0529a-3a2e-475f-9c45-5b3414929b05
2019-10-02 12:54:24 UTC,remove_from_cart,88367,1487580007675986893,,,0.65,516199419,13900399-71d1-48a8-ac3c-39aa92a52daf
2019-10-02 12:59:06 UTC,cart,5877343,1487580005671109489,,masura,3.95,556018838,4f77b9c5-6a2d-42c2-afae-3eab0add71cf
2019-10-02 13:16:02 UTC,view,5841190,1487580009051717646,,,47.59,555577736,1e4d0f2a-6b47-443f-91e5-7548f5c7a155
2019-10-02 13:16:53 UTC,cart,5826989,1487580005671109489,,masura,1.73,556005271,70253f33-df75-4af8-aa8e-69772ab8e155
2019-10-02 13:44:26 UTC,cart,5650173,1487580008263189483,,concept,11.1,556032550,8717cc29-1287-41c0-91d0-0f543932f38e
2019-10-02 13:48:34 UTC,remove_from_cart,5799881,1487580010821714008,,,0.57,537844063,ab82bc2e-2d77-42b0-ac57-098368326fd7
2019-10-02 13:56:27 UTC,cart,5783811,1487580005671109489,,masura,5.27,556036622,2a645897-657c-493b-9662-6a75730cfe2a
2019-10-02 13:56:40 UTC,cart,5367,1487580009622143014,,runail,0.32,553323338,fa01161f-36f5-4d03-97a0-18b801a7d3ad
2019-10-02 14:08:53 UTC,view,5584840,1487580013581566154,,levissime,4.95,556040634,7360aa43-0688-4640-b60f-a6384702eaa1
2019-10-02 14:25:58 UTC,view,5670733,1487580006937789357,,,1.43,556032882,093b53c2-702e-4631-97d5-1384f1392a1f
2019-10-02 14:26:47 UTC,view,5803692,1487580011677352062,,,25.71,556042671,7d03638b-0142-47f5-a516-85284954c4fc
2019-10-02 14:28:28 UTC,cart,5760351,1487580009261432856,,zinger,2.7,556046859,705e9be6-2e1c-4919-ad20-199129f6a785
2019-10-02 14:34:33 UTC,cart,5867636,1487580011627020412,,kims,25.38,510935773,c4f5a8a1-f531-4ce0-ab27-eb02cfb59014
2019-10-02 14:48:55 UTC,view,5827600,1487580013841613016,,kaaral,3.14,538885910,99f9052f-a7ae-461c-9b23-6120281b6186
2019-10-02 14:59:35 UTC,view,5820749,1487580006317032337,,,7.14,523029501,9b849cc7-5c67-4dd6-a42d-ce29440e66a5
2019-10-02 15:02:00 UTC,cart,5712801,1487580007256556476,,,3.02,553565570,fabae21c-1ff6-4fb1-b9cc-1e99bb1ac12c
2019-10-02 15:12:50 UTC,cart,5865811,1487580007634043851,,,0.79,492127919,8f29358d-4515-258a-e684-ed409a418e71
2019-10-02 15:13:13 UTC,cart,5779233,1487580004832248652,,beautix,9.37,556050322,636c8519-ddb7-4539-a7ab-35fed3a37333
2019-10-02 15:33:04 UTC,cart,5848041,1526733091857498510,,,6.11,556067053,6ee9f330-519a-45c6-8b44-885822d20359
2019-10-02 15:38:16 UTC,cart,5756572,1526733091857498510,,,5.56,556068616,ef16cf81-7b34-46ae-8edd-62aa7165da8a
2019-10-02 15:51:16 UTC,view,5809912,1602943681873052386,,grattol,5.24,472765039,7b9b0855-c6b9-4895-9fb9-1f6abd09ae39
2019-10-02 15:53:28 UTC,remove_from_cart,5652771,1487580013950664926,,,13.49,555936420,6712423a-c31b-4ed7-b25d-22f11e712525
2019-10-02 15:57:40 UTC,view,5819111,1487580007675986893,,bpw.style,1.59,258193941,456a80b5-51ec-4999-9fcc-5040e1bba324
2019-10-02 16:14:27 UTC,cart,5793266,1487580009118826513,,,15.71,556078787,ec31f72a-dc0a-4fc8-8cd7-0f32462e3168
2019-10-02 16:46:12 UTC,remove_from_cart,5700843,1487580007936033754,,irisk,0.24,502061183,2c074a68-a4c9-4f14-9428-55cbb4aad0ca
2019-10-02 17:22:32 UTC,view,5815571,1487580013640286413,,soleo,0.71,545078360,2e393368-e549-4b54-9a3e-d3fb726015f1
2019-10-02 17:27:49 UTC,cart,5864628,1487580007675986893,,bpw.style,1.27,472007180,a4ba1756-8f56-4958-addf-6eabd1e6e7bb
2019-10-02 17:29:30 UTC,cart,5781915,1487580009286598681,,,1.03,556101218,8ec5293b-4b3d-47d8-a371-a984bb33e14b
2019-10-02 17:30:55 UTC,view,5877214,1487580009445982239,,,0.32,529497049,66351bea-92af-4983-92ae-a6275ec537ae
2019-10-02 17:33:22 UTC,purchase,5846404,1487580005855658874,,lovely,2.37,555701761,33cfce4f-1a52-8a8f-dea0-3bbcf005c75b
2019-10-02 17:50:38 UTC,view,5864642,1487580007675986893,,bpw.style,1.9,535478949,b198ccff-fcf5-492f-9fb6-a6533d5c5a0f
2019-10-02 17:56:58 UTC,view,5692244,1487580007432717250,,,1.51,555939878,ef13b369-3990-40e3-b974-c540e7f7b47d
2019-10-02 18:03:07 UTC,view,5845411,1487580005385896804,,,2.78,556110684,6aa51553-6a4b-4f01-9073-d451cb5b154a
2019-10-02 18:22:24 UTC,view,5557748,1487580005528503146,,pnb,5.24,556116243,170c209e-6985-443d-8f9d-e2708b8553a7
2019-10-02 18:34:18 UTC,view,5879110,1487580008112194531,,,17.3,555950373,fa5cd385-6b38-4764-bc04-974f556f04d3
2019-10-02 18:34:43 UTC,cart,5779810,1638456119066100510,,pole,4.11,556119675,fd013fff-d484-45a2-9afe-c129d8bbc93e
2019-10-02 18:44:22 UTC,cart,5676251,1487580008758116352,,zinger,2.38,459203236,87941c4a-6c55-4519-b6bb-5d27ca570ba3
2019-10-02 18:50:23 UTC,cart,5783007,1638456119066100510,,pole,4.11,556124009,b265468b-64a5-4c6d-9e65-f9c7360da066
2019-10-02 18:51:05 UTC,cart,5796979,1487580005671109489,,masura,1.73,538135993,feed304b-6b82-4195-8ae4-dfa35daf66d8
2019-10-02 19:09:41 UTC,view,5788712,1658462125284131265,,uskusi,3.97,556128778,d302d4f6-dc9e-4bd1-afd7-ff2fa814c046
2019-10-02 19:34:58 UTC,remove_from_cart,5692463,1487580005092295511,,irisk,6.19,411533258,172bee26-dc0c-4f22-8f49-055fcc2515e7
2019-10-02 20:24:23 UTC,remove_from_cart,5838735,1487580007365608384,,bluesky,3.97,556122109,3d8f65ad-c645-442b-bb19-a73886610038
2019-10-02 20:25:16 UTC,remove_from_cart,5587642,1487580008187692007,,roubloff,3.32,556122109,3d8f65ad-c645-442b-bb19-a73886610038
2019-10-02 20:34:24 UTC,view,5861605,1487580008246412266,,lador,14.89,556164022,8da40841-4adb-496a-9a8c-bdacea887a19
2019-10-02 20:41:00 UTC,remove_from_cart,5723501,1487580005134238553,,runail,2.62,552795963,0e93a64c-f838-24bc-c7ee-2f02e4e3b482
2019-10-02 21:02:48 UTC,view,5804290,1487580005411062629,,cnd,14.13,556172612,73893c5a-9979-4175-ab9d-c29ea90aa0e5
2019-10-02 21:07:42 UTC,cart,5809139,1487580005411062629,,cnd,14.13,556173499,f6d3b817-e9f6-4984-a735-24e9e223e3a7
2019-10-02 21:31:53 UTC,cart,5808560,1487580011996119176,,irisk,4.44,556177629,bb94fc0d-1b67-4a0c-98de-ff4abdad12c4
2019-10-02 21:42:51 UTC,cart,5833326,1487580007675986893,,bpw.style,1.59,556179332,752434ee-4854-4c6b-af8d-15c22b9bd4be
2019-10-02 22:24:16 UTC,remove_from_cart,5820423,1871018959927509750,,i-laq,3.97,383129641,89540ddc-2b87-4aee-97a4-7879d4858d2c
2019-10-03 03:19:34 UTC,view,5854836,1602943681873052386,,grattol,5.24,409945803,58b76352-af5e-419b-af95-7ad8220a5caf
2019-10-03 03:55:11 UTC,remove_from_cart,5836842,1487580005025186644,,pnb,31.59,555757515,1352aabc-b826-4a59-9b8d-e598c33735b4
2019-10-03 04:11:36 UTC,purchase,5784983,2195085255034011676,,severina,1.24,478906801,60135cec-d3c2-4fb7-af1d-b8e759abd6dc
2019-10-03 04:24:04 UTC,remove_from_cart,5549828,1487580005595612013,,,3.0,556230385,c0047482-fedc-488f-9d4f-4a246822dfaf
2019-10-03 05:17:58 UTC,remove_from_cart,5773216,1487580005134238553,,runail,2.62,232144831,ea136cbe-8cd8-4cdd-8280-d0c597628060
2019-10-03 05:32:33 UTC,remove_from_cart,5813933,1842735758805303837,,beauty-free,3.16,551413846,49344738-03f3-43c7-9e87-73f234227423
2019-10-03 05:33:28 UTC,remove_from_cart,5868887,2018395024110125980,,,9.84,556239414,f83a7b9f-b3a5-4ff8-b533-5739e295e01f
2019-10-03 05:34:40 UTC,cart,5846456,2151191071378375538,,browxenna,15.4,556246694,e1169cb6-e81f-4abb-a514-1a5571527418
2019-10-03 06:00:55 UTC,remove_from_cart,5813491,1487580005671109489,,masura,1.73,507074701,dd9daa65-2bb2-401b-a5fa-41acd0b24c1a
2019-10-03 06:07:46 UTC,remove_from_cart,5560970,1487580005595612013,,,3.0,532690482,8c3a8fde-fb0d-4030-83d3-edff5088a7b0
2019-10-03 06:37:23 UTC,remove_from_cart,5818354,1487580013011140782,,igrobeauty,1.59,380990835,5495773c-2c7f-4b6a-b915-a38d7728f34b
2019-10-03 06:54:45 UTC,view,5889107,1487580005268456287,,,4.44,512108220,036706c5-9b6c-4d6d-a1a1-5f29847e6053
2019-10-03 07:15:49 UTC,cart,5678025,1487580013640286413,,,5.56,481243930,50afe66a-5eeb-4102-bcd1-50a09314cbe6
2019-10-03 08:16:27 UTC,view,5884238,1487580007675986893,,,1.75,493576132,413c06a2-c5ce-4a22-8e9a-c5ce751007ab
2019-10-03 08:42:59 UTC,view,5833328,1487580007675986893,,bpw.style,1.9,538238826,b0b055e0-61ed-4cea-b828-def295bb2649
2019-10-03 08:46:07 UTC,view,5834732,1487580009496313889,,,4.76,547019231,85f6cf56-6c5a-4a8b-98a7-e2cbe7a3ab33
2019-10-03 09:24:29 UTC,remove_from_cart,5839279,1937169073007756269,,lovely,7.78,518411048,e4ffebf7-acf6-4c0e-b82f-1438a07b4c45
2019-10-03 09:32:23 UTC,cart,5869608,1487580012432326804,,levrana,4.76,556324349,8e80070c-0a6b-48b3-a920-7bd603a8bee9
2019-10-03 09:50:06 UTC,cart,5734954,1487580005595612013,,,2.54,471712905,89ef0038-fcdf-4a61-b7ab-c8bcbdaaa3f1
2019-10-03 09:57:52 UTC,cart,5801327,1487580005511725929,,,6.35,490013083,92a4ed8b-3724-4ee0-ba5d-0b682fe1e575
2019-10-03 10:08:51 UTC,view,5861761,1487580006350586771,appliances.environment.vacuum,emil,48.41,530213579,bd475252-f54a-417e-8fda-7866acf0a143
2019-10-03 10:13:20 UTC,view,5692613,1487580009471148064,,staleks,6.98,477085571,167b441d-9a76-4dc9-8f93-6928aac6e943
2019-10-03 10:30:44 UTC,remove_from_cart,5827009,2193074740552270669,,,4.38,526967881,a21efdde-f86a-49f5-ab25-a2a34292df56
2019-10-03 10:30:46 UTC,view,5805912,1487580012642042013,,,12.57,389266658,f77bf88e-8b92-4ba8-af1c-1bda0f645d6b
2019-10-03 10:36:33 UTC,view,5696146,1487580005134238553,,runail,2.38,456785709,cc41457e-7150-4d96-b735-7b95cfa0509e
2019-10-03 11:23:36 UTC,remove_from_cart,5861411,1487580011903844485,,elskin,2.08,472083479,fc2a381a-4d59-4a17-b44f-13a11dbc901d
2019-10-03 11:26:53 UTC,remove_from_cart,5707755,1487580011408916594,,swarovski,5.24,394629288,495fc99c-f6ac-4a46-98b1-405b389944bb
2019-10-03 11:35:23 UTC,view,5825264,1487580013128581300,,,7.92,556361585,0a0e6498-bce4-4325-b003-8dfd914ec5f8
2019-10-03 11:38:40 UTC,cart,5528035,1487580005553668971,,,9.52,541717221,eaacf63c-f571-4108-ac07-16460c2b9a84
2019-10-03 11:47:19 UTC,purchase,5854322,1487580005134238553,,runail,2.38,524001813,f97624d9-ff9c-4af2-bda6-42032333ea53
2019-10-03 12:00:30 UTC,view,5853240,1487580005134238553,,runail,3.17,533331785,83c8b6fe-6e23-41e3-a888-5e68911d0049
2019-10-03 12:01:32 UTC,cart,5870802,1487580007675986893,,milv,0.79,556368007,071c3607-3ad3-4918-a1dc-81eeddc103ec
2019-10-03 12:03:43 UTC,view,5649271,1487580013749338323,,concept,12.22,440910730,480be1ed-1d44-4327-b7d9-89ba62ca7ab8
2019-10-03 12:22:27 UTC,view,5761411,1487580007432717250,,ingarden,2.86,528079518,09f43404-11ce-4b11-b1f2-d2ee37b5729a
2019-10-03 12:22:38 UTC,view,5591314,1487580005268456287,,,4.29,556371544,81bfbeff-8f51-4cbd-87fa-d3e6994470d7
2019-10-03 13:02:19 UTC,cart,5811488,1487580005528503146,,pnb,5.24,556387988,fe4ca2e0-738c-4466-909a-9bb851bb2cb7
2019-10-03 13:03:19 UTC,cart,5885597,1487580006350586771,appliances.environment.vacuum,polarus,102.38,556388307,4e699875-1fb6-40a7-9059-10c2a2006694
2019-10-03 13:04:32 UTC,view,5739097,1487580007910867929,,,13.81,503642507,36959cbf-2aec-4ff9-b642-f11c617a6e4a
2019-10-03 13:09:58 UTC,view,5813496,1487580005553668971,,,11.03,556389543,76084fc9-c8d8-4fe0-b1af-50a217f7661b
2019-10-03 13:11:14 UTC,view,5536687,1487580013640286413,,,32.3,502476347,b86ebe43-45f2-46cb-beca-29f5afa54131
2019-10-03 13:12:11 UTC,cart,5847810,1487580013522845895,,nagaraku,4.13,543315875,a24622aa-6dc3-4ce3-9233-f61487826bd3
2019-10-03 13:14:41 UTC,remove_from_cart,5882765,1487580005134238553,,runail,3.17,549624457,943c6626-3f87-05c5-ab42-eee71178f9fd
2019-10-03 13:26:28 UTC,view,5860249,1487580005268456287,,orly,37.3,543811780,2e1baf86-b8f0-425f-b6fd-fb29bfde8632
2019-10-03 13:29:43 UTC,remove_from_cart,5825033,1487580005092295511,,,4.76,556269369,66ae7492-3a1b-4621-8a6b-fa5bac559896
2019-10-03 14:49:46 UTC,view,5816384,1487580006870680490,,irisk,5.71,420104447,3b61b048-81e4-4cb2-a3ac-4cf3bac9841c
2019-10-03 14:58:57 UTC,cart,5767494,1487580013053083824,stationery.cartrige,italwax,2.14,371794532,b0998e62-5469-472f-a07a-4fdcc210482a
2019-10-03 15:07:47 UTC,view,5688692,1487580011517968503,,markell,3.17,556430629,f4b3c3b7-43fa-44bd-9e21-0d36d31a0037
2019-10-03 15:22:18 UTC,purchase,5758984,1487580014009385185,,,1.49,556434383,1398a9f7-4d06-4c7d-8863-4cdd949ec509
2019-10-03 15:33:25 UTC,remove_from_cart,7789,1487580005411062629,,cnd,16.03,483560287,692b4274-c307-407c-802d-171c567b4089
2019-10-03 16:28:25 UTC,remove_from_cart,5815662,1487580006317032337,,,0.92,399410300,1cc3ba3f-e2c1-4e5f-9762-fd3911e592b0
2019-10-03 16:29:37 UTC,remove_from_cart,5864739,2055161088059638328,,bpw.style,1.59,365650244,1b073ff3-68d2-4f5e-be5a-e2dcc18a1cf3
2019-10-03 16:30:23 UTC,remove_from_cart,5801815,1487580008657454075,,,2.86,433286848,d3756010-6e61-4aa1-bb18-ff9403af51f8
2019-10-03 16:40:27 UTC,purchase,5773605,1487580006317032337,,irisk,1.9,534972227,c82c17bc-bdaf-409a-9f1d-5a1aefc12b23
2019-10-03 16:49:08 UTC,remove_from_cart,5739447,1487580009118826513,,kapous,4.98,467567265,51703b36-cf2f-43ec-87c3-d7bb40078f83
2019-10-03 16:56:48 UTC,view,5849482,1487580013841613016,,,7.27,556465066,ba0de4fe-e319-4d39-9248-daea64f0ec47
2019-10-03 17:46:37 UTC,purchase,5700037,1487580009286598681,,runail,0.4,409349112,e05412b4-68e3-4721-b277-ed56dd85aebb
2019-10-03 18:28:04 UTC,remove_from_cart,5736284,1487580007281722301,,severina,1.27,552225562,4bfcfdc7-4282-4962-8a4a-6d04b7abe8a0
2019-10-03 18:35:40 UTC,cart,5858526,1487580012574933146,,,3.21,556485201,977c498f-bfab-4fae-8428-a99cb0b7792b
2019-10-03 18:52:57 UTC,cart,5734510,1487580005050352469,,haruyama,3.97,556494121,273c3821-4d2f-463f-8f46-975c27c43ec1
2019-10-03 19:45:11 UTC,view,5849992,1487580005595612013,,,3.0,551616817,177a4981-a19d-4ecc-82cb-8b6060463fb7
2019-10-03 20:02:10 UTC,purchase,5818483,1487580007214613434,,,1.87,546382619,a24c836f-87ce-40cf-8e64-a6909d2afc42
2019-10-03 20:56:03 UTC,view,57277,1487580009311764506,,orly,5.52,484961283,e9e3192d-866c-44ac-93d8-906edde71abb
2019-10-03 21:09:26 UTC,cart,5841317,1891434214553813877,,,3.95,519377609,4e8f21b0-bb4d-435c-ba47-6e77fefc44be
2019-10-03 21:20:47 UTC,cart,5844398,1487580006317032337,,,2.38,474152349,b77e333c-757e-496d-b2ce-335838460d1c
2019-10-03 21:32:33 UTC,cart,5723490,1487580005134238553,,runail,2.62,526756610,383bdf4a-21d7-4979-a867-6faace4b951d
2019-10-03 21:40:40 UTC,cart,5729864,1487580006509970331,,,0.41,435923162,2b6ec4c3-6026-3d82-90ee-98e56a93838a
2019-10-03 21:59:33 UTC,view,5864993,1487580007910867929,,zinger,9.73,555798364,d34048a8-e8bd-4271-8d8c-8f3b7d7537b6
2019-10-03 22:43:19 UTC,purchase,5794155,1487580005671109489,,masura,1.73,440433185,8c1fb2d8-5f23-2db8-1ae2-ffc607ec5356
2019-10-03 23:10:45 UTC,view,5850624,1602943681873052386,,grattol,5.24,455300469,9edd1a44-f945-4a76-8382-952d868dc0f6
2019-10-04 04:17:25 UTC,cart,5700046,1487580009286598681,,runail,0.4,341552994,c2abb1ee-ac8e-4a8a-ba21-1349503c51de
2019-10-04 05:44:54 UTC,view,5892179,1487580013950664926,,,18.89,498162488,be939ec9-ece6-46d7-9dd7-308ec6beab1f
2019-10-04 05:54:40 UTC,view,5649272,1487580013749338323,,concept,6.19,556247417,df96fad5-bce1-4257-a2c0-a6de52fe22ff
2019-10-04 06:52:32 UTC,remove_from_cart,5751383,1487580005092295511,,uno,10.32,442175552,4d3c7708-d1a0-484b-a544-083a23558016
2019-10-04 07:09:00 UTC,view,5650174,1487580008263189483,,concept,6.17,556618050,5a5b8471-9956-4f4b-b8cf-84c7d9b9420f
2019-10-04 07:16:31 UTC,cart,5819239,1487580005713052531,,ingarden,4.44,533367951,1145a16d-9d5f-4681-bb15-9cf56ab82005
2019-10-04 07:24:56 UTC,view,5837455,1487580008263189483,,tazol,2.0,416320530,96146e0d-d368-4d02-abb1-d08f1bc1e1bf
2019-10-04 07:27:55 UTC,remove_from_cart,5683526,1487580011585077370,,elskin,1.11,434750670,d60a06f2-1c02-43dc-831c-694be49df164
2019-10-04 07:30:00 UTC,cart,5773336,1487580005134238553,,runail,2.62,537844063,25308302-c015-41f8-8237-560527eca0a1
2019-10-04 07:31:05 UTC,view,5851309,1487580005092295511,,lianail,6.33,556628163,4eb58f18-8df0-4ef4-803a-23713bbe8d6d
2019-10-04 07:42:48 UTC,cart,5813878,1487580006644188066,,,3.49,479933616,f31bebe8-52c9-457e-a501-59ad5219093c
2019-10-04 07:53:50 UTC,view,5614842,1487580005411062629,,cnd,15.49,556636411,2c47a1c3-c376-42c6-8829-24cbd235d8d6
2019-10-04 08:02:34 UTC,remove_from_cart,5857333,1487580005134238553,,runail,2.78,424471259,e5657ac6-25a2-4a64-bd1c-48ab9bad6bf5
2019-10-04 08:12:43 UTC,cart,5711149,1487580005008409427,,f.o.x,4.22,556640899,06061c26-6c6a-4842-b1a7-f6e5a81dc618
2019-10-04 08:18:15 UTC,remove_from_cart,5734529,1487580005050352469,,haruyama,3.97,528881251,c81187b4-bd9f-4fb1-a916-b0a889c3402a
2019-10-04 08:28:15 UTC,remove_from_cart,5772591,1602943681873052386,,grattol,4.76,537958244,21114dc3-22aa-4a2c-9adb-525a23d1f5fe
2019-10-04 08:28:29 UTC,remove_from_cart,5780928,1487580005461394279,,bluesky,3.65,556524473,229d5043-8dde-4a81-a625-cbc1ca0f0292
2019-10-04 08:40:18 UTC,cart,5659367,1487580005268456287,,,6.35,556651049,d7dc7a6d-02c8-4e25-bff9-c656ef48509c
2019-10-04 08:47:28 UTC,cart,60009,1487580012994363565,,,9.52,550893742,496a6339-a2b9-4ff6-8353-06b103281018
2019-10-04 09:15:14 UTC,view,5709100,1487580009143992338,,concept,10.16,472426222,809d6b1a-f78c-4588-8f1e-9e2a6e15534c
2019-10-04 09:35:18 UTC,cart,5837465,1487580005134238553,,runail,3.97,435036568,97d40be3-9cee-4d58-b678-673ffd65aef1
2019-10-04 09:38:16 UTC,remove_from_cart,5879620,1783999067156644376,,concept,5.71,526588401,29feb126-3abe-46b2-85a6-6a521626fd15
2019-10-04 09:46:23 UTC,view,5774342,1487580006895846315,,runail,11.27,551748499,5089b09e-600e-4886-b19d-ae1fc547fc4c
2019-10-04 10:04:28 UTC,view,5714913,1487580005511725929,,,4.44,530311269,df69a69b-824c-4d0d-a8da-8508fa957d04
2019-10-04 10:17:49 UTC,view,5873628,1487580013413793985,,irisk,1.9,556680141,fd172373-fd36-4c80-ab70-699420e37dd1
2019-10-04 10:27:07 UTC,view,5739027,1487580013858390233,,concept,0.87,553453852,5ab89b35-83bf-4936-8c59-e4f82045e46e
2019-10-04 11:06:22 UTC,cart,5723529,1487580005268456287,,runail,2.94,556695042,21470a22-1d44-4d3b-b1d7-e83aa6573c64
2019-10-04 11:17:22 UTC,cart,5787849,1487580008246412266,,estel,12.14,540880672,ba638173-36c6-45e1-9148-58dbe0154892
2019-10-04 11:27:12 UTC,view,5886064,1487580013950664926,,,15.71,421017024,4e573faf-a878-4a01-b67c-ed65f255cf95
2019-10-04 12:02:16 UTC,cart,5811771,1605161575889502297,,pnb,3.78,556700890,0d22a7f2-653b-42db-a1e8-c0941f718948
2019-10-04 12:53:54 UTC,purchase,5838523,1487580011652186237,,levrana,5.56,556702702,79a9628e-7f05-42e9-b988-8651011be911
2019-10-04 13:13:49 UTC,remove_from_cart,5335,1487580009605365797,,runail,0.4,556733411,2b7940ca-4857-4147-8a08-a9a595c08908
2019-10-04 13:14:49 UTC,view,5875280,1487580005754995573,,,5.56,540016750,6faf39fd-39dc-4293-95a0-93fa749b7809
2019-10-04 13:23:48 UTC,cart,5770345,2140803113261466607,,metzger,5.0,292541141,83e1b581-4569-bd93-1a80-4f9c0cdbcd70
2019-10-04 13:29:49 UTC,view,5760766,1487580005134238553,,runail,2.62,439251267,68ec5508-d2f9-4df2-b3c5-00114cdbe605
2019-10-04 13:35:22 UTC,view,5887008,1487580006317032337,,,1.9,538804994,2958dce3-c585-43ac-a9c1-0950377a104d
2019-10-04 13:49:42 UTC,view,5868797,1783999064103190764,,cosmoprofi,47.62,556741685,fc00070c-35e2-4d5e-9679-ba6b4ee7310e
2019-10-04 14:50:26 UTC,view,5888350,1487580011585077370,,helloganic,3.1,556752497,c690f764-8653-4e4a-b4d6-f199963edd11
2019-10-04 14:52:28 UTC,cart,5835340,1487580010100293687,,,3.1,542148012,2846efeb-61a9-4081-be9f-0c95fd7181e9
2019-10-04 15:09:11 UTC,view,5749720,1487580005092295511,,runail,4.44,539001288,531f6f46-d70b-4817-bd87-e844edcade66
2019-10-04 15:59:25 UTC,purchase,5825559,1487580005092295511,,,9.52,413175824,9206e6cd-31f5-411c-8be8-df2778bbc6e1
2019-10-04 17:45:56 UTC,remove_from_cart,5585656,1487580007256556476,,,0.52,414256816,2b85f72d-1c32-436e-8ef6-939b75aa973f
2019-10-04 18:33:20 UTC,view,5742401,1487580009311764506,,,0.4,553561142,30fca0ba-5a41-4f9f-9e01-b734e8b8f752
2019-10-04 19:40:38 UTC,view,5886282,1487580013950664926,,,21.59,430155953,ef653472-2e5f-f288-3925-79bacb207de4
2019-10-04 20:18:10 UTC,view,5880531,1487580012524601496,,,14.29,556848637,8cfe3309-2ba7-456b-aa0c-81df78abea62
2019-10-04 20:19:10 UTC,view,5870801,1487580007675986893,,milv,0.79,440975978,a18dd7c6-c74e-4ed5-a68c-9819804c45f8
2019-10-04 22:55:29 UTC,view,5866168,1487580007675986893,,,1.75,470520684,f8dfea14-7497-4f61-93f1-94755bd0b608
2019-10-04 22:56:48 UTC,cart,5585642,1487580009286598681,,,3.17,336065468,14aba4c3-ccb5-4746-b0ee-8d4dfe7ce258
2019-10-04 23:10:19 UTC,cart,5885389,1487580007675986893,,bpw.style,1.27,311961983,f7f538f8-d66f-4d4b-81ba-c012c1cca8d9
2019-10-05 00:32:18 UTC,cart,5811410,1487580005528503146,,pnb,5.24,472700168,eaf9ab0c-d2b4-466e-bb48-252620fb1cc9
2019-10-05 00:52:42 UTC,remove_from_cart,5700035,1487580009286598681,,runail,0.4,542284745,4ab18290-da25-4006-aab3-44034cef15ec
2019-10-05 01:45:00 UTC,cart,5773363,1487580005134238553,,runail,2.62,556890619,4c3fd208-a3b8-488d-b04b-38b27b614333
2019-10-05 04:03:34 UTC,view,5773354,1487580005134238553,,runail,2.62,553326945,c567648d-7c3d-495f-b9c6-50409862195d
2019-10-05 04:59:23 UTC,view,5773373,1487580005134238553,,runail,2.62,487418303,18a5d79c-d152-4847-b219-452ca2f7bbda
2019-10-05 05:15:49 UTC,view,5826000,1487580005092295511,,lianail,6.33,556920715,5f85eee2-cb3e-4cb0-8f7a-014d9dfa91db
2019-10-05 05:20:37 UTC,view,5713054,1487580008028308447,,,61.11,556803268,a673ad62-f859-4d74-9af0-7f3cb2d89aa5
2019-10-05 05:52:36 UTC,view,5887733,1487580013279576251,,,2.49,533006174,573575d7-f1ee-4a1d-b166-22a4727f5abd
2019-10-05 07:03:32 UTC,remove_from_cart,5796976,1487580005671109489,,masura,1.73,428551099,8e5f2f9b-85df-48fa-99cc-d8338227a72e
2019-10-05 07:20:21 UTC,remove_from_cart,5814834,1487580005897601916,,runail,3.0,349227141,a617135c-f91d-42f5-8838-cd15a1b46aa3
2019-10-05 08:33:25 UTC,cart,5866173,1487580007675986893,,,1.75,355424192,5e826d42-f399-47ca-9ec1-0c99d5852f57
2019-10-05 08:42:07 UTC,view,5819118,1487580007675986893,,bpw.style,1.27,541411060,1f020ecc-306b-ed28-24a9-da96e4d1e606
2019-10-05 08:52:17 UTC,remove_from_cart,5819221,1487580005713052531,,ingarden,4.44,446526730,13b2d4a2-42c9-42e9-9a12-a08d89706a5d
2019-10-05 09:32:42 UTC,remove_from_cart,5581,1487580009311764506,,entity,0.56,556942948,dfe3f129-be31-4b8f-ba7a-68594c93e4ec
2019-10-05 09:59:24 UTC,cart,5700035,1487580009286598681,,runail,0.4,555359255,d9c4eae2-b4bc-457a-9644-5ed2e5241866
2019-10-05 10:11:07 UTC,view,5692368,1487580004857414477,,lianail,5.54,526786070,b0c077ee-6ee0-473b-84f2-024a97127ed8
2019-10-05 10:54:21 UTC,remove_from_cart,5839667,1487580005671109489,,masura,2.37,556985204,f7bd8bb8-972b-4523-bcb8-37326d75e3f8
2019-10-05 11:29:54 UTC,cart,5700487,1487580007634043851,,,0.54,556994127,cdc7b30d-f963-45de-85e8-70bcd2cf3abf
2019-10-05 11:39:21 UTC,view,5807747,1487580008187692007,,,6.03,452260494,181b5d52-7dde-4ca5-9a51-5c8a1c1db2b5
2019-10-05 11:39:33 UTC,view,5809734,1487580005092295511,,uno,7.78,476096788,e7be38cd-af96-4a47-af7b-608778ae6cf7
2019-10-05 11:47:48 UTC,view,5835924,1487580009471148064,,irisk,1.51,546619064,d3f84a0a-3307-4aac-bae9-06ab24102a4f
2019-10-05 12:05:51 UTC,view,5870111,1487580006317032337,,,4.29,484646238,8670e4fa-a267-49e8-a285-6794d1ee3a40
2019-10-05 12:23:41 UTC,view,5715618,1487580006300255120,,,79.35,548567508,164e2a0a-9aa8-44c3-9196-3e2957688b2b
2019-10-05 12:43:50 UTC,remove_from_cart,5550694,1487580008145748965,,,3.02,537939399,0ce21c78-c980-4a34-aded-f9911b3e327b
2019-10-05 13:04:31 UTC,cart,5677037,1487580008246412266,,estel,7.7,437654038,02404e38-138e-495c-904e-47fb7a8e0254
2019-10-05 13:09:53 UTC,view,5677456,1487580008263189483,,estel,10.32,292308111,2f6157b4-2cec-499b-9892-b264673ebbe2
2019-10-05 13:15:35 UTC,cart,5870804,1487580007675986893,,milv,0.79,510669794,0c2032bd-0f08-416c-8501-1e341a9d6430
2019-10-05 13:30:27 UTC,view,5773329,1487580005134238553,,runail,2.62,388293104,54e85db7-8e59-4761-b096-49624ba2a8e1
2019-10-05 13:45:14 UTC,view,5785144,1487580013950664926,,runail,11.83,510716620,d62b10ea-6f03-47d4-aa50-0140a8f45e73
2019-10-05 15:23:57 UTC,view,5684588,1487580013841613016,,,2.62,528391439,530ce68f-169d-40c9-93d9-9d26bf7a41e8
2019-10-05 15:33:54 UTC,cart,5868405,1487580012096782476,,treaclemoon,4.06,446296264,160020d1-84da-465a-ad5f-533f4c1935e5
2019-10-05 16:12:26 UTC,view,5854792,1487580005092295511,,,7.86,253962882,89aed36c-91ea-d35f-7a08-2417991f45d9
2019-10-05 16:20:30 UTC,cart,5734580,1487580005050352469,,haruyama,3.97,547889172,672992ec-13a9-4ae2-92b8-20203f31cca2
2019-10-05 16:24:58 UTC,view,5769908,1487580013841613016,,kapous,3.65,498468241,1d6f1f32-5543-456a-bfc5-f8203a5d2f3f
2019-10-05 16:47:25 UTC,view,5835042,1487580005268456287,,,9.37,330851378,75b33fa7-577b-46a1-bcd0-ec84c8f4cd12
2019-10-05 16:49:24 UTC,view,5877456,1487580006300255120,,jessnail,122.22,344370284,413dd851-21b4-4833-97a6-8acc9e65524c
2019-10-05 17:37:32 UTC,view,5758958,1487580005067129686,,,2.38,556763448,c279f371-aedc-4e27-833d-5b0cef22f97e
2019-10-05 17:51:28 UTC,remove_from_cart,5854163,2013754353822728372,,jessnail,3.02,415415978,74edb481-fd5a-4870-8d97-2611c5f27c2c
2019-10-05 19:25:21 UTC,view,5830626,1891434351850160381,,lsanic,20.89,556912174,f75eadc4-3f72-4681-b0dc-e3021b459d39
2019-10-05 19:33:51 UTC,cart,5873640,1487580009605365797,,,0.71,464234663,398819c1-80b8-48af-b957-07d505e8312c
2019-10-05 20:01:46 UTC,cart,5833334,1487580007675986893,,bpw.style,0.79,530340786,ee0a7dcd-676e-4385-8bb2-da61c9688c13
2019-10-05 20:32:52 UTC,view,5885416,1487580005092295511,,grattol,6.27,547022515,edd2c416-bc68-4868-92df-a04a58cc5e9f
2019-10-05 21:17:27 UTC,view,5588610,1487580006317032337,,irisk,3.33,452207825,12f47c85-0b43-470f-a0e0-28d2d9c3bdba
2019-10-05 21:34:47 UTC,view,5846753,1487580005268456287,,lianail,6.33,234468723,2b26de23-8755-4ab7-b512-502e223d4ca3
2019-10-05 22:07:20 UTC,view,59992,1487580012927254698,,,23.33,515142357,92ba8960-4e62-406b-828d-de9101de5adf
2019-10-05 22:13:51 UTC,cart,5826619,1487580009286598681,,,0.54,482954116,85eb4fd0-da97-4e04-a130-57cf58032914
2019-10-05 22:31:24 UTC,purchase,5814652,1487580013950664926,,,5.4,557178030,4b588110-c872-4a8d-933b-0d3f42886b71
2019-10-05 23:29:41 UTC,cart,5854479,1487580005092295511,,,8.65,557190809,8212f7b6-7ac5-4342-9335-2c3d8be82023
2019-10-06 00:38:03 UTC,cart,5821189,1487580005461394279,,bluesky,4.71,557198629,4078b259-e2f9-45ee-814a-e8c1fd157f75
2019-10-06 01:05:42 UTC,cart,5843081,1487580007256556476,,,3.1,557201989,ca33815f-5873-4f09-a69a-7caea30df0de
2019-10-06 02:44:28 UTC,cart,5773361,1487580005134238553,,runail,2.62,557215823,fba53081-2760-4ad7-bfb2-0d7fd4c760a9
2019-10-06 03:01:12 UTC,view,5860439,1897124478404526487,,,3.14,557218225,d511e87f-23dc-44f3-af39-8bf9fac092aa
2019-10-06 03:01:53 UTC,cart,5858111,1897124478404526487,,grattol,4.44,557218256,49dfe42c-c518-46b4-a86c-58b2dfc452ac
2019-10-06 03:19:30 UTC,remove_from_cart,5816178,1602943681873052386,,grattol,5.24,556911736,0af9e46b-5071-41f1-88ed-b296dddf91a0
2019-10-06 03:45:10 UTC,view,5835078,1924049106385240809,,,7.46,557224775,9df0f0eb-73fa-417c-9059-897027c3992d
2019-10-06 04:05:37 UTC,cart,5660168,1487580007717929935,,airnails,1.11,547565804,213ee65b-a4f9-4353-9042-a637e9ede1de
2019-10-06 04:13:16 UTC,remove_from_cart,5649236,1487580008246412266,,concept,8.65,550648049,7233d8f8-dffe-4b39-88b7-296ad55f6e0b
2019-10-06 04:43:31 UTC,remove_from_cart,5771614,2193074740619379535,furniture.living_room.cabinet,kosmekka,150.79,548470665,cf07e862-5fbf-e10d-4493-36e436bc5251
2019-10-06 04:59:21 UTC,view,5870676,1487580011677352062,,,3.33,557237470,1b0d1db0-ba53-4069-8c13-45d5ae8f7a65
2019-10-06 06:05:31 UTC,cart,5686225,1487580009471148064,,,1.21,554660875,df2434db-89d6-433d-9fed-2f4429269db0
2019-10-06 06:06:33 UTC,view,5774880,1487580005671109489,,masura,1.73,532082556,8b31c950-25f9-452b-b680-ce31839f8154
2019-10-06 06:24:49 UTC,view,5844157,1487580008246412266,,,7.92,457776864,1c11b480-2bf4-4d02-b81a-00c433f55c84
2019-10-06 07:46:28 UTC,view,5649305,1487580010335174721,,concept,6.03,557276329,713ed8ae-d11d-4cb1-a666-3301b1aac044
2019-10-06 07:56:55 UTC,remove_from_cart,5816555,1487580005553668971,,,7.46,551003631,6299e92f-62a9-4fe8-a51e-ae305050b08a
2019-10-06 07:57:57 UTC,view,5823646,1487580004916134735,,,5.22,444503648,be9b63d4-edf8-489f-ac8b-0bb2b7ac3d7e
2019-10-06 08:22:22 UTC,cart,5837289,1487580007675986893,,bpw.style,1.27,494751954,414ad06c-2aa8-4794-b124-0107926c6aa2
2019-10-06 08:29:49 UTC,cart,5549840,1487580005268456287,,,4.29,348812154,43322532-a885-4fd1-9b62-ed56c6affe74
2019-10-06 08:53:04 UTC,view,5850560,1998040849203594085,,,17.46,550580987,0caa7a92-525e-401d-a829-1abda14e63fc
2019-10-06 09:10:57 UTC,cart,5833327,1487580007675986893,,bpw.style,1.59,433013381,1c6e51e3-51da-4c7f-8713-e3dc208ae175
2019-10-06 09:35:23 UTC,remove_from_cart,5662279,1487580007717929935,,airnails,1.43,557092685,17df4beb-f640-f5a5-60e6-ccfdf890129e
2019-10-06 09:51:29 UTC,remove_from_cart,5785421,1487580007306888126,,,4.46,482318887,b287ec2a-2e1c-4f6f-a684-b1f5e80a0f9d
2019-10-06 10:19:58 UTC,cart,4975,1487580008145748965,,runail,3.1,538101110,cf10a207-c48e-4cc4-b745-eb1ece451e31
2019-10-06 10:28:02 UTC,cart,5885052,2069804417665728971,,cosmoprofi,5.56,557320832,253a3f0b-cf9e-43e3-961e-91fbc25aca24
2019-10-06 11:10:47 UTC,cart,5682469,1487580007910867929,,zinger,20.32,557322685,29d44f06-db88-4f83-9438-56a42dd44ebe
2019-10-06 11:11:00 UTC,view,5696900,2195085255034011676,,severina,6.35,557333179,e8ad1a5b-18c6-4471-8cc8-da2e62070dd7
2019-10-06 11:15:22 UTC,view,5833330,1487580007675986893,,bpw.style,0.95,530693351,5c274d76-f450-454d-8e86-1dc3930169ad
2019-10-06 11:24:47 UTC,cart,5847637,1924049110428549877,,oniq,10.32,557336913,b461a40b-e829-401c-b05a-a35b0e3c1023
2019-10-06 11:27:25 UTC,view,5627738,1487580005713052531,,ingarden,9.44,176064797,03f1ee9a-8ed6-4983-a5f9-715797f81b83
2019-10-06 11:44:01 UTC,view,5886282,1487580013950664926,,,21.59,557342575,c7ed1485-818d-4209-843d-bb8532a4a772
2019-10-06 11:52:30 UTC,view,5859399,1487580004857414477,,lianail,6.33,253962882,71ee6983-9aab-f59c-e263-f7c72eec320b
2019-10-06 12:02:23 UTC,purchase,5787189,1658462125284131265,,uskusi,3.97,535752381,c06ac961-0baf-42e7-8b2e-25553fb0de4a
2019-10-06 12:11:06 UTC,view,5780297,1487580009143992338,,,16.49,557117083,9222f21a-f23f-400e-b781-f576fdabda1f
2019-10-06 12:12:30 UTC,cart,5772443,1602943681873052386,,grattol,4.76,557350965,d198563b-3b88-453a-9e55-8745f72421cf
2019-10-06 12:33:54 UTC,view,5585656,1487580007256556476,,,0.52,557355012,f335605e-a232-416d-b52b-99eefcbb82d8
2019-10-06 12:42:21 UTC,view,5528035,1487580005553668971,,,9.52,557353569,e4aec5ef-669f-4f63-8942-7fad252e85b6
2019-10-06 12:56:10 UTC,cart,5820427,1871018959927509750,,i-laq,3.97,557363804,dc75bcab-2dbf-4631-8ba0-297fdf2bc555
2019-10-06 12:56:22 UTC,cart,5820434,1871018959927509750,,i-laq,3.97,557363790,9a336eb1-816c-42f6-bb6c-b2edd79cc96b
2019-10-06 13:24:57 UTC,remove_from_cart,5716625,1487580011585077370,,elskin,1.59,413819163,1e4ca38c-aae0-46fe-85fd-c3ee1a46e55b
2019-10-06 13:31:40 UTC,remove_from_cart,5824196,1487580006551913373,,domix,2.44,556935814,05472d9a-6d09-4b0f-a03e-4374c96435ee
2019-10-06 13:45:04 UTC,cart,5771963,1487580013522845895,,,4.92,557377549,ba5b578c-8df8-4476-9613-a27d3f8f8858
2019-10-06 13:46:39 UTC,cart,5812233,1487580005427839846,,irisk,2.48,557378584,a27b3ea2-0ab1-4717-82ce-9b11abfc4514
2019-10-06 13:47:24 UTC,cart,5812047,1487580005427839846,,irisk,2.48,557378837,f6cd51d9-33f2-4341-93f6-417f9d264cac
2019-10-06 14:10:36 UTC,cart,5872906,1487580007877313495,,staleks,4.44,557385797,a908835c-a69c-4e39-928a-fabeafbdf2d4
2019-10-06 14:31:58 UTC,cart,5706784,1487580005092295511,,runail,4.44,553036192,9225d996-af10-42de-87f7-6af092ac562b
2019-10-06 14:38:49 UTC,remove_from_cart,5859019,1487580005092295511,,pnb,5.49,549630952,6fe01049-4b8a-4e40-bb48-5886174cb40d
2019-10-06 14:41:20 UTC,view,5848761,1487580013430571202,,beautyblender,26.83,557395622,ab58102d-259b-48d2-a42b-c4cc47aa40ec
2019-10-06 14:53:49 UTC,view,5820759,1487580006317032337,,,7.14,556997259,1714b375-1628-44ba-a5c2-9aefca4d9c6c
2019-10-06 15:13:45 UTC,view,5854107,1487580008657454075,,,2.22,541079855,80c15323-46c2-4755-a1a9-0b74e6235b11
2019-10-06 15:23:42 UTC,cart,5859402,1487580005671109489,,masura,2.37,557395361,622440d7-26fa-4668-95b4-b5743a0ccb26
2019-10-06 16:05:07 UTC,cart,5819226,1487580005713052531,,ingarden,4.44,474738923,5260e547-07a5-4f58-8814-aa00d3f2963d
2019-10-06 16:07:25 UTC,cart,5853232,1487580005134238553,,runail,3.17,556801291,4f1a646f-dd9e-44b5-81c9-602cfacd6916
2019-10-06 16:15:50 UTC,view,5818195,1487580013640286413,,,6.05,557425121,221a8b2b-b0a2-4f3c-b433-8001592ab133
2019-10-06 16:15:53 UTC,cart,5529097,1487580013027917999,,,5.29,557417896,2355dfcf-159c-4fdb-b6aa-21f4176a562c
2019-10-06 16:16:18 UTC,cart,5654266,1487580013640286413,,,38.79,557425224,2ebd994b-24ed-4e3c-8516-803e8199cdc1
2019-10-06 16:25:01 UTC,view,5646693,1487580007986365405,,,16.51,557428054,c02d642a-732c-426e-9d98-625209978396
2019-10-06 16:50:09 UTC,cart,5842673,1487580013841613016,,,14.51,557436122,1e8f0e13-85c1-422a-a8fb-e4830dcb6c58
2019-10-06 16:54:59 UTC,cart,5769288,1487580009051717646,,runail,60.16,532949470,aa6d9cd9-d976-46f4-879b-13bd50a373ae
2019-10-06 17:11:46 UTC,view,5585656,1487580007256556476,,,0.52,549195612,ca20d947-384d-4e44-b3bd-b1680793e9cb
2019-10-06 17:21:03 UTC,cart,5816907,1487580013841613016,,kaaral,2.83,557445653,b266190b-d297-40bf-a463-d1c1dae1b71e
2019-10-06 17:32:40 UTC,purchase,5853701,1487580007172670392,,masura,3.95,557374596,583eb9ae-8854-45e3-b3a6-723e9e7ac537
2019-10-06 17:36:14 UTC,view,5742415,1487580009051717646,,,34.9,223293700,30862706-378c-4232-ad83-f580057b9d10
2019-10-06 17:53:55 UTC,cart,34767,1487580006317032337,,runail,1.35,518420302,817a802d-8d2a-4f8c-820e-7137ca951716
2019-10-06 18:04:22 UTC,cart,5845044,1487580013841613016,,,2.37,557459701,50bb7386-a57c-45f6-97eb-f03f22059aa3
2019-10-06 18:11:49 UTC,cart,5774340,1487580006895846315,,runail,4.13,472538004,730f8a53-f2e6-4086-af87-36c45229760c
2019-10-06 18:14:57 UTC,cart,5803685,1783999072332415142,,,14.29,557463137,289a0a6e-da3d-4763-9a1b-1132569af5a1
2019-10-06 18:28:30 UTC,view,5861869,1783999072332415142,,,19.27,557467598,1170ae59-cc74-4564-8b2a-d3975e6a595e
2019-10-06 18:32:12 UTC,cart,5855738,1783999073758478650,,,4.44,557468699,2d68ba58-27bd-41f1-b527-95c8206364d7
2019-10-06 18:54:21 UTC,cart,5842143,1487580006317032337,,,1.59,557453559,6451b6d0-7cac-46ff-99b2-9b8b2a2aa08f
2019-10-06 19:10:41 UTC,cart,5809912,1602943681873052386,,grattol,5.24,303497652,88637979-1f26-48c6-a280-d5c8a8ec78dd
2019-10-06 19:12:41 UTC,cart,5804649,1487580007432717250,,,7.14,552691499,84bf49cf-52e8-40dc-b81b-bdd6dc066c8b
2019-10-06 19:19:49 UTC,view,5870996,1487580008607122425,,masura,3.48,557483595,d5f928cd-effa-476b-9603-1789a10f180e
2019-10-06 19:26:38 UTC,view,5812749,1487580008800059394,,masura,5.54,557485535,e7c2eb92-fb44-4939-885f-15f1890bcfc3
2019-10-06 19:26:40 UTC,cart,5639718,1487580005595612013,,,3.0,557479785,192daf8a-e291-4dd4-ab4c-53460b81d2e1
2019-10-06 19:32:30 UTC,cart,5830506,1487580005671109489,,masura,3.95,557487213,740a8b01-043f-4bb6-8bb3-5e90ae2e3996
2019-10-06 19:33:51 UTC,cart,5796675,1487580008800059394,,masura,3.16,557487617,15a9aba6-473e-448c-8334-0e37890542c3
2019-10-06 19:38:18 UTC,cart,5774992,1487580008800059394,,masura,3.16,557488804,ef69b455-9208-44ca-82e1-4ec849dfa16f
2019-10-06 19:42:53 UTC,cart,5785594,1487580010268065854,,,8.25,557490082,165c5625-98be-4011-baf9-1e3a1ed83c6c
2019-10-06 19:47:10 UTC,cart,5846265,1977786601392047073,,mavala,5.4,557491231,a0770d0a-710b-430f-a0a8-82c1f1cfedb5
2019-10-06 19:51:37 UTC,remove_from_cart,5842949,1487580005511725929,,,5.56,555276004,d7467475-9e97-4c9b-83b5-7131df910275
2019-10-06 20:01:43 UTC,cart,60183,1487580009445982239,,runail,1.98,479172385,0a05c63e-6eb9-4b96-b22e-aeb9f1c1c360
2019-10-06 20:03:22 UTC,view,5858529,1487580012574933146,,,3.21,557493103,54e574c8-105c-422d-93fb-8b5a08507ecc
2019-10-06 20:14:42 UTC,cart,5760347,1487580009261432856,,zinger,2.7,557498357,dc81a1bb-8046-4fd4-b052-74982ae9a07e
2019-10-06 20:19:45 UTC,cart,5685396,2089259162625114209,,ardell,5.86,557499624,c811ebda-378e-4b50-a566-5469e0c4b5c1
2019-10-06 21:15:58 UTC,cart,5749157,1487580007592100809,,,0.22,557510724,ee39b864-e736-453b-bc20-378919b53f66
2019-10-06 21:43:28 UTC,cart,5755858,2151191071378375538,,,5.56,557514974,b6b7b1d0-830a-4732-906e-19dbfe7edc16
2019-10-06 21:51:33 UTC,cart,5830622,1891434351850160381,,koelf,20.89,538401359,3b92e95e-432b-423d-acfc-f7a25c2c8d27
2019-10-06 22:15:13 UTC,view,5857862,1487580011627020412,,levrana,9.21,557519402,497b35fe-c189-40f9-a072-49b2abcefb85
2019-10-06 22:19:35 UTC,remove_from_cart,5635114,1487580005754995573,,,4.44,406215147,9a2dd828-1e68-4d65-888b-7d30c0aed972
2019-10-06 22:45:42 UTC,purchase,5677054,1487580008246412266,,estel,4.29,297257060,6e7ae1ce-ff38-4c58-b8ce-fa5150d69390
2019-10-06 23:01:44 UTC,cart,5592506,1487580007634043851,,ingarden,1.27,557525351,653cc6f8-396c-4a5f-b65c-db6e7ad2ce28
2019-10-06 23:46:28 UTC,view,5811368,1487580005528503146,,pnb,5.24,557530687,4a0c5dd0-849f-42f9-a49b-2a41cfc8d7aa
2019-10-07 01:05:06 UTC,cart,6179,1487580011098538083,,runail,0.79,557541407,cf47341a-e929-461c-9969-aedba0e3d14b
2019-10-07 01:25:09 UTC,cart,5754847,1525995662934540829,,,3.57,557544459,da581bbe-afbc-4b11-aa97-cdee66f038c1
2019-10-07 01:48:55 UTC,cart,5853133,1487580008246412266,,,20.0,557548286,760621d9-2c88-404c-b73a-41b4f058bdbb
2019-10-07 03:04:00 UTC,view,5749154,1487580007592100809,,,0.22,541158549,a1ba3720-5bcf-4934-bf84-059663062392
2019-10-07 03:14:30 UTC,view,6730,1487580007256556476,,,7.92,557563353,a519a5e4-e318-4f6e-a0ec-b60c3a66a91f
2019-10-07 03:40:37 UTC,cart,5809282,1487580007675986893,,bpw.style,0.79,557568249,e5bea868-20fc-4482-a3bf-102fa12059f8
2019-10-07 04:04:28 UTC,cart,5869578,1487580007675986893,,milv,1.59,557573091,88fea5f3-8fac-444c-b991-67b7ca9a0d88
2019-10-07 04:36:23 UTC,cart,5684509,1487580013522845895,,bodyton,14.75,557579680,d9a431d6-cc0f-4363-83fc-9e8832971dfd
2019-10-07 04:39:30 UTC,cart,5820754,1487580006317032337,,,2.22,477167993,2bc53a27-4066-4e8f-8e73-02f5e85afbfd
2019-10-07 05:01:49 UTC,purchase,5789668,1487580005595612013,,,2.68,461014541,59b21c52-81ab-48b6-b2ba-3502dc35ac1c
2019-10-07 05:14:47 UTC,cart,5855732,1487580012642042013,,,37.3,557588142,37c99b6e-aa2f-4243-8a30-0c4e6afc5735
2019-10-07 06:06:11 UTC,cart,5857358,1487580008145748965,,runail,1.51,551702087,17483341-2010-4c37-9470-c279e5603f46
2019-10-07 06:32:25 UTC,cart,11078,1487580006132482952,,entity,2.54,557606645,73b926ed-c1f7-4e1e-a05b-847b44752939
2019-10-07 07:02:45 UTC,view,5794757,1487580006870680490,,irisk,5.4,535548924,ae7222ff-1fb4-468a-a90f-3482a2a3f274
2019-10-07 07:25:04 UTC,view,5758045,1487580004882580302,,,2.7,557620712,054b8604-a8f0-4627-853f-6f93fa856725
2019-10-07 07:25:17 UTC,remove_from_cart,5829301,1487580011585077370,,farmstay,0.63,556612260,d7102d03-399d-dc66-a40c-0d31d677355c
2019-10-07 07:28:06 UTC,cart,5838939,1487580005713052531,,ingarden,4.44,501746828,3a0925b7-372d-4425-b6b2-39b81a07a05a
2019-10-07 07:30:05 UTC,cart,5858883,1487580005754995573,,,3.11,530825576,f6f95336-719c-4f7c-8a93-bef86839e67d
2019-10-07 07:32:36 UTC,cart,5845265,1597770225539875791,,,6.51,557622926,76729fc4-dddf-4c00-b7c5-970c9363f7e6
2019-10-07 07:44:10 UTC,cart,5889107,1487580005268456287,,,4.44,557626446,e3cad75e-ce20-453e-8d72-f7555bb6ee1c
2019-10-07 08:41:05 UTC,cart,5766306,1487580013841613016,,,14.29,545927962,cdd090f2-033a-481e-8228-233a5b7a5f6e
2019-10-07 08:54:54 UTC,cart,5716920,1487580010100293687,,,4.76,557647874,6e9bd450-ae5b-46fa-beef-23dc357bdf89
2019-10-07 08:59:50 UTC,view,5807876,1487580013522845895,,irisk,0.79,535862457,d1d2a1ea-ff06-4d9a-8a07-60a4346862fe
2019-10-07 09:29:44 UTC,cart,5783557,1658462125284131265,,uskusi,3.97,557657753,fc2fd07d-da97-47c8-aa9b-b7a5933c85c8
2019-10-07 09:42:32 UTC,view,5670326,1487580005754995573,,,4.44,501096956,908e24c7-e90a-457a-a79f-32330215ebae
2019-10-07 10:16:16 UTC,cart,5752480,1487580005511725929,,,4.27,557670733,be6aa44e-568e-455b-a48a-368d05e24241
2019-10-07 10:29:16 UTC,remove_from_cart,5816170,1602943681873052386,,grattol,5.24,337912712,142c3be0-1ecb-4332-be7a-3e99fa82121c
2019-10-07 10:46:37 UTC,remove_from_cart,5629987,1487580006073762693,,,4.75,528043615,6624ee30-e9f3-4b2e-a195-d55b5ac2f4fe
2019-10-07 10:55:59 UTC,view,5857669,1487580005092295511,,artex,9.52,331283989,d988d7b6-86bb-4dd8-a0d1-9735bbe3825c
2019-10-07 11:08:32 UTC,cart,5788435,2151191071378375538,,,0.79,510421223,18e511e8-ac88-4e18-a8c3-0ebb2bc963ae
2019-10-07 11:37:09 UTC,remove_from_cart,5796983,1487580005671109489,,masura,1.73,519690339,b30f5df3-943f-4b53-83bf-9bf826745143
2019-10-07 11:44:33 UTC,view,5870224,1487580008288355308,,levrana,6.03,400040334,1df273ab-9795-4ac8-9f22-4c8336e29870
2019-10-07 11:46:01 UTC,remove_from_cart,5783972,1658462125284131265,,uskusi,3.97,550277766,45fcee77-728a-d979-d3a3-754b0f455e53
2019-10-07 11:57:43 UTC,remove_from_cart,5866163,1487580007675986893,,,1.75,428710446,885948cc-afa3-46a5-a336-96441b3a1564
2019-10-07 12:08:02 UTC,view,5766746,1487580009445982239,,irisk,3.49,488823825,c11fcf3b-0431-4449-956e-55adff224cc8
2019-10-07 12:11:46 UTC,remove_from_cart,5561488,1487580007952810971,,,10.63,422453625,f064c105-8356-44d8-b8f2-c4b6bb23ef75
2019-10-07 12:14:13 UTC,view,5861279,1487580006317032337,,,30.95,530086959,2e6541b6-1010-4da8-9ccc-b312748919f1
2019-10-07 12:19:01 UTC,cart,5870865,1487580007675986893,,milv,1.59,557683857,e01e614e-72a0-422d-ad62-7532c9c2f09e
2019-10-07 12:27:12 UTC,cart,5826655,1487580007936033754,,,1.75,557704304,f75c8dd4-d1ad-458c-918b-9c043a3d715d
2019-10-07 12:40:46 UTC,view,59998,1487580012969197740,,,5.87,557700083,0f034e34-3662-4edb-b10e-0fded7e6c4fa
2019-10-07 13:12:20 UTC,view,5866962,1487580009051717646,,sunuv,61.9,410649947,d6e91406-be38-4710-8d56-12be1f8dbd5f
2019-10-07 13:17:50 UTC,cart,5840374,1487580011585077370,,vilenta,1.54,466452709,44719587-8378-41a3-8d70-5617600510db
2019-10-07 13:23:09 UTC,remove_from_cart,5818396,1487580007675986893,,bpw.style,1.59,534011572,d4d9efe8-e347-463a-bc6d-d3b2f42df8c4
2019-10-07 13:36:42 UTC,remove_from_cart,5887571,1487580005595612013,,,3.0,519606434,9e619e2b-f116-46cd-a58e-bd0d66df87c3
2019-10-07 13:38:21 UTC,purchase,5867030,1487580005713052531,,ingarden,9.44,404254041,791bbdfa-9218-4955-b3b9-378ac6653974
2019-10-07 13:51:05 UTC,view,5826599,1487580008246412266,,,9.76,557734331,36f3f05e-f252-46fe-add5-57be0e71bac2
2019-10-07 14:05:57 UTC,cart,5888353,1487580007952810971,,metzger,13.81,525298109,463e2a5c-5735-4f33-95f8-1d2d95081ea2
2019-10-07 14:06:23 UTC,view,5877456,1487580006300255120,,jessnail,122.22,531301664,b96aad12-0800-4fc9-8882-d88e39c257c0
2019-10-07 14:13:16 UTC,cart,5813819,1487580005754995573,,,4.44,341729724,35b2eeb5-a577-43ee-9bfd-69415e56db94
2019-10-07 14:40:56 UTC,cart,5550700,1487580008145748965,,,5.4,555342444,413cee64-dfb5-4298-a90f-289bc35c2664
2019-10-07 14:50:02 UTC,purchase,5823970,1487580005092295511,,uno,26.83,423316635,1e083c43-176b-4355-b89b-f46ef6daf7b6
2019-10-07 15:01:24 UTC,remove_from_cart,5819639,1487580008162526182,,,30.78,555927663,0d90107e-4a5d-4d94-9cdc-2132ea0420e8
2019-10-07 15:08:38 UTC,view,5817159,1487580008800059394,,masura,5.54,557756942,566940ca-ef91-4d4d-8195-5436e186a849
2019-10-07 15:30:29 UTC,purchase,5853542,1487580005050352469,,haruyama,3.97,237314344,49d48657-044c-44b5-9b4d-b6ab22059dd6
2019-10-07 15:45:16 UTC,remove_from_cart,5819112,1487580007675986893,,bpw.style,1.59,548822453,dcb2af6d-77fd-4479-89b4-ab75ebed1799
2019-10-07 15:45:22 UTC,remove_from_cart,5843568,1783999071199952917,,,0.43,548822453,dcb2af6d-77fd-4479-89b4-ab75ebed1799
2019-10-07 16:11:10 UTC,purchase,5686978,1487580008187692007,,,3.11,557736699,b3a94303-6dd6-4664-b16d-32c171585715
2019-10-07 16:32:23 UTC,view,5739033,1783999067156644376,,kapous,3.6,557775755,4d06b8f1-b1dd-4750-8739-d32549824ed4
2019-10-07 16:38:29 UTC,cart,5881449,1487580013522845895,,lovely,0.56,557783369,d9e745ba-292b-4f8c-b775-cd517b029245
2019-10-07 16:55:36 UTC,cart,5736312,1487580005050352469,,haruyama,3.97,557782320,7ddf8520-dee0-4072-b749-8ba44f13f4ab
2019-10-07 16:59:04 UTC,view,5753487,1487580013069861041,,italwax,13.02,513479438,2eae5841-a014-404b-8520-cf47140ba927
2019-10-07 17:06:41 UTC,cart,5688124,1487580009311764506,,,0.32,556400041,c559cf6e-e568-4389-b168-f3d5aae8bcb5
2019-10-07 17:08:06 UTC,cart,5700045,1487580009286598681,,runail,0.4,551104098,324a4cea-02e0-4e03-ad04-22e29bc769c0
2019-10-07 17:16:27 UTC,view,5877491,1487580007675986893,,freedecor,2.38,557777965,9a84f72f-22df-4a82-b6a6-d40e8ff7b028
2019-10-07 17:29:23 UTC,view,5847164,1487580012994363565,,,11.46,452599177,9556aec9-1550-43f1-82d7-2375069d1ef4
2019-10-07 17:30:28 UTC,cart,5613584,1487580005528503146,,pnb,5.24,557790832,d7e250e3-e1d2-49f4-90c8-4aeb72f2920b
2019-10-07 17:32:03 UTC,view,5712713,1487580008053474272,,,58.73,458697416,56181621-abf9-4bb1-9a5d-40f00b351898
2019-10-07 17:43:23 UTC,view,5694172,1487580007852147670,,yoko,20.0,557802377,4040ee28-8cdf-4a4f-801b-fe13a7cb84a9
2019-10-07 18:02:39 UTC,view,5739056,1783999067156644376,,kapous,6.27,555298454,6448ad00-b9f2-4361-b496-880e48fcb9bd
2019-10-07 18:09:35 UTC,view,5877454,1487580006300255120,,jessnail,44.29,371778776,73687890-11ac-4c59-b58d-107aafbcb038
2019-10-07 18:17:30 UTC,cart,5779814,1638456119066100510,,pole,4.11,557810130,6eafbd1d-3420-452f-8f4a-0a193073e480
2019-10-07 18:26:31 UTC,cart,5850000,1487580005595612013,,,3.0,538422431,e51f8631-b4ba-488e-ad74-85ddca14f3ce
2019-10-07 18:53:02 UTC,remove_from_cart,5690219,1487580013841613016,,,2.62,557820133,9ee8cb31-875f-41b2-9dd3-732f96ad9586
2019-10-07 19:01:25 UTC,view,5847528,1487580006199591819,,ingarden,3.33,427606843,7f4d6c61-2500-4786-867b-7b895462faca
2019-10-07 19:02:04 UTC,purchase,5622677,1487580007281722301,,severina,3.16,256690485,2af71770-c717-4161-85dd-d9b97b70c586
2019-10-07 19:16:12 UTC,remove_from_cart,5882609,1487580013522845895,,lovely,0.4,539126875,cebe8c0b-0968-4694-a484-5885a94979d0
2019-10-07 19:21:32 UTC,cart,5839961,1487580011585077370,,,1.11,477167579,824c5449-4c3c-4fa5-a606-f0fc07bfa827
2019-10-07 19:23:10 UTC,view,5788710,1487580005092295511,,uskusi,3.97,439563277,e2b12734-80d1-4427-836e-238fa2a01dde
2019-10-07 19:53:04 UTC,view,5639718,1487580005595612013,,,3.0,385357491,a94880ca-2793-4b27-a333-1681920e26fd
2019-10-07 19:55:55 UTC,view,5827373,1487580009445982239,,,1.52,527410941,955eaf69-d551-42e7-850e-3adafcc7df9c
2019-10-07 19:58:39 UTC,cart,5779806,1638456119066100510,,pole,4.11,231109713,ac7564f9-fe76-4801-9205-29a8b8bc127a
2019-10-07 20:00:57 UTC,view,5789616,1487580011425693811,,,5.68,557827274,72071a24-dfbf-4f87-aad4-0dd0bd150820
2019-10-07 20:02:21 UTC,view,5778732,1638456119066100510,,pole,4.11,552506000,d924d3b8-5bca-430b-9d61-75022821647c
2019-10-07 20:04:45 UTC,cart,5810157,1487580009445982239,,irisk,1.43,538044075,4e38a7b0-963c-49b2-8465-702f40798e0f
2019-10-07 20:27:29 UTC,purchase,5813818,1487580005754995573,,,4.44,412427623,239ddc55-d49d-4455-ba21-0017e508c6cd
2019-10-07 20:27:40 UTC,view,5801115,1783999063314661546,,irisk,11.59,543521465,2634aa59-59ae-79cf-a231-caa34ea492f6
2019-10-07 20:37:02 UTC,view,5883100,1487580005713052531,,ingarden,4.44,386992718,cc1c8bec-36c1-454f-92ed-734d9e04a8f4
2019-10-07 20:45:53 UTC,remove_from_cart,5864644,1487580007675986893,,bpw.style,1.9,437421068,bd7c76c0-8aac-4c8a-8d86-5389f3c7fb4e
2019-10-07 20:52:16 UTC,cart,5676783,1783999067156644376,,estel,7.94,457100178,02a360ea-d480-4e36-a4a2-e24f42bc571c
2019-10-07 20:57:36 UTC,view,5848925,1487580008246412266,,insight,13.97,137015634,1d74c03b-373a-190d-db50-718be25970b6
2019-10-07 21:15:44 UTC,view,5766390,1487580008263189483,,kaaral,15.16,471388076,5da0a293-969b-47a0-9499-20593d919150
2019-10-07 21:20:11 UTC,cart,5877737,1487580007634043851,,de.lux,0.79,438698700,3f107f57-4776-1988-bf33-03430f9d9160
2019-10-07 21:32:14 UTC,cart,5867070,1487580007634043851,,de.lux,0.79,438698700,3f107f57-4776-1988-bf33-03430f9d9160
2019-10-07 21:41:51 UTC,cart,5588612,1487580006317032337,,irisk,3.97,547591277,a6cff9c7-cf46-4b02-b663-41872b3dac25
2019-10-08 00:33:15 UTC,view,5797130,1487580005754995573,,,4.44,557316433,0330a2f3-8bf2-451b-988c-005d88a09194
2019-10-08 01:07:49 UTC,view,5749199,1487580013053083824,stationery.cartrige,italwax,1.98,511374874,2b166a9e-f7be-487e-94e2-f7b103e42c3e
2019-10-08 01:14:38 UTC,cart,5677043,1487580008246412266,,estel,13.33,544232931,69b589b6-10c0-4cff-b2c2-df8fab4780df
2019-10-08 01:15:42 UTC,view,5786769,1487580004857414477,,lianail,5.54,547516350,3727d39c-af32-4ede-a1e7-cfc2f88d43fd
2019-10-08 04:34:54 UTC,cart,5782032,1638456119066100510,,pole,4.11,444512395,e7e0fbbd-fb12-4aa5-9457-279d437843af
2019-10-08 05:17:46 UTC,view,5824599,1487580005671109489,,masura,3.63,446431027,b72b0e91-0df2-42b6-ae54-e77d8e565d65
2019-10-08 05:32:01 UTC,view,5707826,1487580014009385185,,,26.51,310913613,62ab6860-a6df-468e-81f0-fb5eab646481
2019-10-08 06:13:36 UTC,remove_from_cart,5780344,1783999067156644376,,,11.9,557819385,11035272-03a3-496f-b753-3f735f863609
2019-10-08 06:29:31 UTC,view,5635462,1487580006484804506,,entity,14.75,556516135,1b1b4d3b-c51b-4bd1-96e7-642385c473a9
2019-10-08 06:38:35 UTC,cart,5822642,1487580005461394279,,bluesky,5.56,542758263,a639f7f4-44d6-446c-843a-95ca53fd4e14
2019-10-08 07:28:42 UTC,cart,5884578,1487580006350586771,appliances.environment.vacuum,max,63.33,395715819,8348c939-6ec1-480b-a8e0-677892ead01f
2019-10-08 07:32:16 UTC,cart,5822377,1487580005595612013,,,3.0,557968688,0456c5c7-b362-4a12-a6e2-1f41f0e2e658
2019-10-08 07:53:09 UTC,cart,5561032,1487580005595612013,,,3.0,557975824,7dee09c1-4b6d-451d-b505-aa049bf7f19b
2019-10-08 07:58:41 UTC,cart,5565064,1487580005595612013,,,3.0,557977606,f22d929e-3f53-4253-82bb-91c5dba57e99
2019-10-08 08:11:18 UTC,cart,5842669,1487580013841613016,,,14.51,537217683,b9875d3f-84d5-4bf8-91d3-5a6dc2091ff3
2019-10-08 08:18:53 UTC,view,5870418,1487580012616876188,,,3.49,557984316,e06332c2-f138-4b75-b0f6-432c167cdc01
2019-10-08 08:35:13 UTC,view,5608703,1487580005553668971,,,9.52,405935414,efe5b7dd-7bb8-456a-94db-0245c3311374
2019-10-08 08:47:11 UTC,view,5563594,1487580010645553231,,irisk,49.05,473028863,bebc26f9-5b1f-42c4-b058-6106c9151a49
2019-10-08 08:50:40 UTC,view,5866942,1487580010318397504,,cutrin,15.79,557994735,9a1ade8f-fab3-456b-acc1-9902bb32ac0c
2019-10-08 09:05:14 UTC,remove_from_cart,5870668,1487580005671109489,,masura,1.73,541185904,c61bb5ff-76f8-42fa-a43a-4021fc62eae5
2019-10-08 09:11:43 UTC,view,5861386,1487580013522845895,,,3.97,557997440,8fa9c95c-c87b-42c4-a0d1-2c0e8c4ea805
2019-10-08 09:14:57 UTC,view,5823646,1487580004916134735,,,5.22,448599857,6759cdbe-332c-4e3c-a659-ebeff66dbdcb
2019-10-08 09:28:15 UTC,view,5590910,1487580008145748965,,roubloff,1.57,501197707,13e04b1a-868a-4240-b430-122b042036d3
2019-10-08 09:33:40 UTC,view,5800917,1487580011652186237,,,28.57,545552666,d2ba31e7-0b7a-4a8f-9388-d0681816a44e
2019-10-08 09:39:34 UTC,remove_from_cart,5789668,1487580005595612013,,,2.68,418913191,8602f93d-d7b3-4df2-8225-57bbcd6498a5
2019-10-08 09:41:54 UTC,view,5742414,1487580009051717646,,,34.9,541822882,c59e0596-5c69-44c2-9030-d86355b56445
2019-10-08 09:54:29 UTC,view,5877456,1487580006300255120,,jessnail,122.22,393470670,892b3b00-4a3d-47a0-a4f7-c22c2636045d
2019-10-08 10:00:07 UTC,cart,5885660,2121383893343929118,,,5.63,558016304,9adbe557-e997-4286-b335-5984cd194e22
2019-10-08 10:00:17 UTC,cart,5635108,1487580005754995573,,,4.44,258661618,597beab4-5c9f-4782-8827-eb48cfa0e6ce
2019-10-08 10:33:49 UTC,view,5813832,1487580006644188066,,,3.79,556044891,b60daf86-55fa-4716-a296-0a61b7377c5b
2019-10-08 10:37:10 UTC,cart,5824789,1487580007483048900,,,3.89,558028579,1f308061-3c8e-4ca8-9dc4-2c99d26bc8d6
2019-10-08 10:55:20 UTC,view,5793057,1487580005754995573,,,4.57,318857535,f6a7d2b8-ca47-4f12-95a6-a733f3326c4f
2019-10-08 10:56:23 UTC,view,5866421,1487580008246412266,,concept,0.35,558033894,fced3168-5e87-4322-8e31-d04ddce72682
2019-10-08 11:10:46 UTC,view,5816835,1487580008246412266,,kaaral,12.44,387866001,c94221a9-8699-4124-93c6-20ff7ea83c3a
2019-10-08 11:16:59 UTC,view,5802642,1487580005754995573,,,4.44,557952179,092a1118-ef9a-4f16-a495-ef585ab6ce5b
2019-10-08 11:54:51 UTC,remove_from_cart,6648,1487580006241534861,,runail,1.98,517605421,087e3860-86f6-4e2f-8e83-56154ce93daa
2019-10-08 11:57:36 UTC,cart,5618231,1487580005595612013,,,4.29,240935200,8ce883a5-123e-4102-a353-70907b37467f
2019-10-08 11:58:22 UTC,remove_from_cart,5757703,1487580007256556476,,domix,6.54,476623919,0bc1b469-dd4b-4a7d-90ba-b890fee85d99
2019-10-08 12:07:31 UTC,view,5877454,1487580006300255120,,jessnail,44.29,500672068,f42fe322-1a68-4dbf-987e-0501709aac4b
2019-10-08 12:09:17 UTC,view,5676287,1487580006300255120,,marathon,137.78,529161929,3d115524-8cbe-4151-8bfc-952ff287f9dc
2019-10-08 12:12:02 UTC,view,5838846,1487580005092295511,,lovely,10.95,548024488,4187b49b-9c96-48ae-8c57-032502a4612a
2019-10-08 12:15:32 UTC,purchase,5839703,1487580005671109489,,masura,1.73,78547121,c5ca9a3a-9561-7663-18e1-ab180424553e
2019-10-08 12:17:31 UTC,view,5851625,1638456119066100510,,pole,4.11,558060164,ab476b78-f8cd-4f0f-81d4-3620a50ad144
2019-10-08 12:42:21 UTC,cart,5782026,1638456119066100510,,pole,4.11,426656054,4545a38e-6c5e-4c1c-a5c6-c9b17d81102b
2019-10-08 12:46:20 UTC,remove_from_cart,5723508,1487580005134238553,,runail,2.62,449298029,2ba639f3-cc2e-b669-09de-6644f8fce9f5
2019-10-08 12:54:21 UTC,purchase,5796004,1487580009362096156,,,0.71,499465719,d7321bd0-b9fe-45e8-a35d-f831865a5992
2019-10-08 13:29:06 UTC,purchase,5813064,1487580005671109489,,masura,1.73,476222750,196a409f-4b88-4326-bcd4-5e0b61e6d576
2019-10-08 13:48:22 UTC,view,5819231,1487580005713052531,,ingarden,4.44,448797358,10b08860-27ea-4b7b-86d8-5a7ad3750497
2019-10-08 13:49:26 UTC,view,5807867,1487580009445982239,,irisk,2.06,407136428,7dadd415-f444-42f1-ad44-84ac44fdb4e7
2019-10-08 13:55:09 UTC,cart,4210,1487580005411062629,,cnd,16.03,558067914,c3900ac6-485e-4bc2-9867-bb86f2094b70
2019-10-08 14:14:10 UTC,view,5809218,1487580007675986893,,bpw.style,1.43,546692072,caf95b3d-ce19-4df2-897d-99f0d3a04719
2019-10-08 15:22:45 UTC,view,5853808,1487580008263189483,,biofollica,14.29,558124503,56b1601b-3ca0-434a-ab33-8fbc39537735
2019-10-08 16:16:03 UTC,view,5680130,1487580008145748965,,roubloff,11.1,525858793,e3114121-faf0-4b6d-8a46-0cd3ca10679c
2019-10-08 16:30:58 UTC,remove_from_cart,5881775,2084144451428549153,,,2.05,431543369,db5b4b57-4c97-4727-9950-cc9da7f40d23
2019-10-08 16:40:07 UTC,view,5764990,1487580011702517887,,bodyton,4.29,557716733,5f265f25-6cfe-4d61-b0fb-4b971097209b
2019-10-08 16:51:11 UTC,view,5882431,1487580009286598681,,zinger,0.44,518803066,1a317540-a895-4d43-a825-28ff6e721df8
2019-10-08 17:06:19 UTC,remove_from_cart,5841328,1487580010628776014,,,3.02,441955915,09128b0a-8770-4076-bceb-3e9098bf2619
2019-10-08 17:27:24 UTC,purchase,5827478,1791442895991997390,,estel,10.63,496679312,eb8ade1e-24ba-4d7c-bdbe-d336b4babb78
2019-10-08 17:36:32 UTC,remove_from_cart,5736092,1487580005050352469,,haruyama,3.97,499646598,247e2f69-f1eb-4844-bff2-e4fb7d86bf31
2019-10-08 17:39:14 UTC,view,5770055,1487580013841613016,,kapous,2.81,544796341,fcbbfc61-e384-39a2-cf5d-f9f0909b1388
2019-10-08 17:42:22 UTC,remove_from_cart,5836063,1783999072332415142,,markell,5.87,558153737,5d3d7d74-3cf7-469a-8f78-deb774ff4da1
2019-10-08 17:57:29 UTC,view,5809108,1487580010645553231,,irisk,29.37,463671757,e45749eb-da22-45c7-b2d3-7bcf759ebd16
2019-10-08 17:59:28 UTC,view,5649177,1487580005511725929,,,3.41,558008648,6ac781be-e67e-6f70-3815-04075a724440
2019-10-08 18:33:03 UTC,view,5839650,1487580005671109489,,masura,2.37,421339568,3719e1bb-b73b-49a5-b2d3-cef461f40a6a
2019-10-08 18:33:37 UTC,cart,5797170,1487580012172279951,,concept,5.0,488513830,390424f5-c721-4e88-89b6-5ef0f82d8958
2019-10-08 19:18:42 UTC,view,3929,1487580005411062629,,cnd,16.03,302735611,1d74b3a3-7569-42fb-8291-8f46ad46fce5
2019-10-08 19:20:28 UTC,cart,5782028,1638456119066100510,,pole,4.11,558193057,29b42d42-3c7a-4f5a-9f64-cc4a46c3964f
2019-10-08 19:26:46 UTC,view,5863292,1783999067156644376,,deoproce,12.35,555024821,1ed51855-2cbd-46cb-91e6-ae7774ecd461
2019-10-08 20:41:59 UTC,remove_from_cart,5877462,1487580006350586771,appliances.environment.vacuum,jessnail,21.43,459202946,af42ed20-845d-4684-b562-324cbe64338d
2019-10-08 21:27:09 UTC,cart,5854906,1487580009471148064,,irisk,0.16,500180216,3f29313c-b911-40b4-853b-fe08e7addf6d
2019-10-08 22:51:53 UTC,cart,5792800,1487580005268456287,,,10.32,553076606,70976b5c-a4be-4be0-ae22-902811de9976
2019-10-09 00:30:24 UTC,view,5847334,1982860244379763042,,,7.14,232539128,e0c64b9f-4b0d-415c-94ed-75dda57f9a4d
2019-10-09 01:12:59 UTC,view,5798931,1783999068909863670,,zinger,6.19,472396644,019db82e-4b09-4f26-afce-c29fee029436
2019-10-09 03:36:19 UTC,view,5871039,1487580012591710363,,siberina,3.89,556763033,ca30cec6-058c-de94-6ed6-92e266a887e6
2019-10-09 03:39:10 UTC,view,6730,1487580007256556476,,,7.92,558200462,6fe00556-cd4e-474e-aff4-13552387e089
2019-10-09 05:12:15 UTC,remove_from_cart,5800681,1752742610406999036,,,8.73,532603133,1f3c422a-14d7-4fbd-ad42-ebbe7a4d38d9
2019-10-09 05:43:24 UTC,remove_from_cart,5730210,1487580005268456287,,,7.46,544710032,7364fcfb-eb89-4be3-a4c3-6ca60ae1a5bc
2019-10-09 05:46:23 UTC,remove_from_cart,5922,1487580006241534861,,runail,1.98,530471926,de90b54b-4d12-4b74-b928-9e9435c82d2d
2019-10-09 05:59:04 UTC,remove_from_cart,5802649,1487580005754995573,,,5.56,517781046,3e1f0c54-c0ea-4a14-b842-50e172a3de86
2019-10-09 06:20:41 UTC,view,5847334,1982860244379763042,,,7.14,555279600,ab7386d0-0f1c-41a3-b55c-c567689627bc
2019-10-09 06:48:47 UTC,cart,5886476,1487580008145748965,,runail,2.38,558326007,6ac0a2ce-5050-4d96-b8e0-560d7c1037de
2019-10-09 06:52:24 UTC,cart,5820731,1487580006317032337,,,2.22,431053184,e57b260a-823a-4128-94bd-50f452cc113b
2019-10-09 06:54:48 UTC,remove_from_cart,5884343,1487580010628776014,,oniq,5.56,257792214,6ed8471a-096d-4034-bb04-e04dae62e653
2019-10-09 07:19:42 UTC,remove_from_cart,5751420,1511892746070131099,,uno,9.37,482861168,7daa2ba4-f3f9-489c-a17d-bdca0788b977
2019-10-09 07:33:36 UTC,remove_from_cart,5884236,1487580007675986893,,,1.75,394790832,591b60a5-e4a5-434d-bea4-eda74085dd82
2019-10-09 07:42:08 UTC,remove_from_cart,5850624,1602943681873052386,,grattol,5.24,460662327,6a42cfb2-a9eb-4b57-9ae7-6339dde111c2
2019-10-09 08:18:11 UTC,cart,5779178,1487580005050352469,,haruyama,1.59,540485559,65db7257-2113-44e6-b41d-d31ef961ffaf
2019-10-09 08:22:37 UTC,view,5869147,1783999063314661546,,cosmoprofi,7.94,542478058,6c04d3be-e9b6-a536-64f6-5475dae5f9fd
2019-10-09 08:33:38 UTC,remove_from_cart,5782038,1638456119066100510,,pole,4.11,557998027,37fc480c-4a70-4822-9adf-c0da1df1d1d0
2019-10-09 08:39:39 UTC,purchase,5549796,1487580005595612013,,,3.0,431205605,0bd41fca-efed-4b02-a4d8-8bc02e0215e6
2019-10-09 08:47:20 UTC,cart,5870433,1487580012642042013,,,4.6,558365283,b462a1bf-cce2-4e03-b8a8-512c6d68e634
2019-10-09 08:54:50 UTC,cart,5822992,1487580013279576251,,,9.19,264128752,3073fc91-3f41-4fc9-9b14-d33e55b52e6a
2019-10-09 09:30:30 UTC,cart,5782444,1487580013254410426,,provoc,6.57,519194886,eea7651b-4578-4c20-b9be-65f945642b02
2019-10-09 10:12:52 UTC,view,5803297,1487580011425693811,,,0.57,427997736,47f805c2-bf92-4594-a29b-94b4add16e68
2019-10-09 10:14:42 UTC,cart,5857925,1487580012524601496,,,1.57,558397569,29d480a1-0ff8-4e24-b7b1-21dd89c79aab
2019-10-09 10:55:26 UTC,remove_from_cart,5883965,1487580008246412266,,,6.33,439045829,13f6d41c-5762-461e-8f2c-67c9a03e0506
2019-10-09 10:56:40 UTC,view,5833695,1487580005092295511,,,7.22,558409806,6a97c8fe-7e6a-456b-946c-f4db06108dbc
2019-10-09 11:22:03 UTC,view,5892179,1487580013950664926,,,18.89,558401647,1666ee7e-b20e-4c9b-a057-402a81e7eee9
2019-10-09 12:15:30 UTC,remove_from_cart,5843755,1783999067156644376,,,5.41,461989525,e13a6d4a-688f-4efe-964c-727f8f427d48
2019-10-09 12:23:16 UTC,cart,5777213,1487580007675986893,,milv,0.79,552249068,a805f187-1328-43e4-8a4e-c995d1b8bf6e
2019-10-09 12:28:42 UTC,cart,24330,1487580013053083824,stationery.cartrige,depilflax,3.02,391586569,bc2f78be-9fde-4f8a-879c-255e720d034a
2019-10-09 12:37:43 UTC,view,5798091,1487580005713052531,,ingarden,3.76,511326687,b7d3cf84-c0f7-7a92-5639-924cdbfc13c5
2019-10-09 12:38:07 UTC,view,5736312,1487580005050352469,,haruyama,3.97,499216349,2480d149-9c6c-47c3-9122-70aa1669b298
2019-10-09 12:39:10 UTC,view,5649282,1487580005511725929,,,5.56,547689928,d31ed025-0101-4147-a42e-754792ebb266
2019-10-09 12:42:31 UTC,remove_from_cart,5783987,1487580005268456287,,,4.75,509605678,4784d4df-d83d-4017-9cc5-d589fd8b5621
2019-10-09 13:03:34 UTC,view,5734518,1487580005050352469,,haruyama,3.97,558452228,ff1183fc-06f9-4fe4-b29c-1bad14d7c6d6
2019-10-09 13:15:42 UTC,cart,5747406,1487580005671109489,,masura,6.33,550380566,16afef93-e108-4499-937a-922a08ad2e87
2019-10-09 13:50:49 UTC,cart,5801134,1487580005486560104,,irisk,3.65,548926730,a5f747f2-038d-9406-9b58-268b3f688b13
2019-10-09 13:58:18 UTC,remove_from_cart,5726236,1487580005268456287,,,5.56,558465351,d6757b73-ba1a-46ce-907e-313423a27577
2019-10-09 14:07:10 UTC,cart,5829277,1487580011585077370,,eunyul,1.16,532255320,1dfee4f7-96aa-4db2-a854-1a767bd55a58
2019-10-09 14:09:43 UTC,view,5877496,1487580007675986893,,freedecor,2.38,558474809,b581c7a3-6707-4cfa-8369-93c0ad06a5f9
2019-10-09 14:28:33 UTC,cart,5810045,1487580005092295511,,,6.35,434937636,f0e3fd27-6f67-4780-a58a-81926aa5e213
2019-10-09 14:44:30 UTC,view,5870830,1487580007675986893,,milv,0.79,468573037,5e102e77-320d-4b47-be8f-feba4e15a08c
2019-10-09 15:12:03 UTC,remove_from_cart,5830281,1487580008263189483,,ellips,2.54,552385674,6f745277-c32d-436d-beee-3de38e8835f7
2019-10-09 16:24:17 UTC,view,5561044,1487580005595612013,,,3.0,471299022,5bfde122-c691-4ad1-b27c-4cfd3315ea42
2019-10-09 16:37:42 UTC,purchase,5807867,1487580009445982239,,irisk,2.06,498156980,adb5ad6c-f65c-f442-6e06-00456af6993a
2019-10-09 17:36:45 UTC,cart,5844000,1842735768846467167,,,5.11,422624674,b2f29a07-173d-4754-a3eb-cc07fb37406e
2019-10-09 18:10:26 UTC,view,59734,1487580005411062629,,cnd,14.43,550849544,90060596-85d8-4993-bc9b-1a45357e08f2
2019-10-09 18:28:19 UTC,view,5817159,1487580008800059394,,masura,5.54,534317638,cbc94224-e165-4421-b120-7e9d8fb2f246
2019-10-09 18:41:52 UTC,view,5737880,1487580009051717646,,kosmekka,21.43,558559630,08bd4abf-4cee-4214-b35b-d8f40fe15aa8
2019-10-09 18:43:47 UTC,view,5812038,1487580005427839846,,irisk,1.97,480249692,06164e3a-1ab3-4262-82fd-9ad292725d51
2019-10-09 19:08:58 UTC,view,5574996,1487580010628776014,,,2.54,558569398,f1004b17-4fba-4e4c-9cc8-c1920737d9c1
2019-10-09 19:34:09 UTC,view,5712495,1487580005008409427,,f.o.x,6.03,508503950,e82333c1-39aa-4793-933f-c8d246edea08
2019-10-09 19:48:53 UTC,cart,5813819,1487580005754995573,,,4.44,548623997,a6c2c29c-734d-4938-bb06-5ec838f5943a
2019-10-09 20:09:47 UTC,cart,5759180,1487580006132482952,,irisk,2.22,555196492,58619305-9785-4469-8ce0-2c1919180a03
2019-10-09 20:26:56 UTC,view,5760338,1487580009311764506,,zinger,0.44,558577484,42eaa1db-dd34-4cd0-884b-a1aaede43422
2019-10-09 20:33:49 UTC,remove_from_cart,5839680,1487580005671109489,,masura,2.37,419741956,de6f19c7-cd6e-49cc-a3a3-80ed7d035b4f
2019-10-09 20:43:42 UTC,cart,5756761,1487580005268456287,,,6.35,535352683,3dd0ade7-ee9c-4ec3-8e78-3844e859c8e4
2019-10-09 20:49:42 UTC,cart,45526,1487580005713052531,,ingarden,4.44,464314884,1d103f7c-a1ee-4a44-a1d6-9eb1814e17aa
2019-10-09 21:01:32 UTC,view,5809669,2151191071051219817,,irisk,3.17,558596815,be19e1a5-8d6d-4ba5-8ccd-28c25047e151
2019-10-09 21:25:08 UTC,remove_from_cart,5887051,1487580010100293687,,jessnail,1.1,546638789,9667cbac-665e-9722-8104-17aa27b8b41d
2019-10-09 21:34:08 UTC,view,5788435,2151191071378375538,,,0.79,546638789,9667cbac-665e-9722-8104-17aa27b8b41d
2019-10-09 22:09:04 UTC,cart,5833334,1487580007675986893,,bpw.style,0.79,419183697,9b950ec3-c041-4d3d-875e-6a7a9fde8647
2019-10-09 22:21:46 UTC,view,5853035,1487580008263189483,,,20.0,558606142,85e18e42-2cbd-4a1e-81ec-35f255fafdd4
2019-10-10 00:07:41 UTC,purchase,5889601,1487580013489291461,,,3.25,553999552,9986365b-eb78-4b42-98ba-b90141b92c00
2019-10-10 04:10:19 UTC,cart,5774346,1487580006895846315,,runail,7.7,409485230,56dce0fe-a03d-4cca-81ca-deeb8dae193c
2019-10-10 04:46:02 UTC,view,5827356,1897124495995438074,,concept,4.92,432314477,32ea2032-9eb7-4940-a067-c98852905cb4
2019-10-10 05:10:11 UTC,cart,5746636,1487580009471148064,,,1.75,558483795,68887236-6af6-46f1-b724-f8fcacf32bc3
2019-10-10 05:32:23 UTC,cart,5831767,1783999072332415142,,pole,3.86,530031417,e48ad934-f36f-3720-5ef3-7971762b114c
2019-10-10 07:01:53 UTC,cart,4959,1487580008145748965,,runail,2.3,550768359,3d9b5859-3885-41ba-a095-42b697f88f31
2019-10-10 07:59:44 UTC,remove_from_cart,5758032,1487580009051717646,,,55.56,558410089,4c1b880c-0316-409c-b83d-1ddbf2cb5036
2019-10-10 08:08:28 UTC,view,5549834,1487580007281722301,,,1.75,558438012,7bc09b4f-3a05-414d-aeef-368a8c3bbc6f
2019-10-10 08:19:07 UTC,view,5825261,1487580013128581300,,,7.92,423897243,0b446c48-5472-46ce-9b05-a42b92a2c652
2019-10-10 08:23:01 UTC,view,5857675,1487580005268456287,,artex,13.49,541806089,6eca8776-250f-49e0-b832-d2d6fcb5b0a4
2019-10-10 08:35:19 UTC,view,5797139,1487580005754995573,,,4.44,523005969,b08bdf88-8187-4522-b427-d77a5991daae
2019-10-10 08:47:24 UTC,view,5877456,1487580006300255120,,jessnail,122.22,478459718,38067ac8-ea91-418a-a174-ecd932e5c2e8
2019-10-10 09:07:49 UTC,view,5856186,1487580006300255120,,runail,75.4,558737438,91afd18e-2bd3-4403-b137-c8b537e2ce59
2019-10-10 09:38:02 UTC,view,5890860,1487580004857414477,,lianail,6.33,463143619,1d80ded0-a790-42e9-8929-2c21fcae921f
2019-10-10 09:43:51 UTC,remove_from_cart,5846805,1487580013522845895,,browxenna,25.32,555227325,f516cf7e-6d42-4b91-9b1a-162fcb5b0ba0
2019-10-10 10:02:00 UTC,view,5838935,1487580005713052531,,ingarden,4.44,557616099,a4238e97-0166-4a4c-b7ce-9a753d649171
2019-10-10 10:04:26 UTC,remove_from_cart,5878923,1487580007256556476,,,8.1,555227325,f516cf7e-6d42-4b91-9b1a-162fcb5b0ba0
2019-10-10 11:09:31 UTC,view,5816172,1602943681873052386,,grattol,5.24,377647135,0f591111-9711-4f8c-92eb-8391991db2be
2019-10-10 11:29:57 UTC,view,11555,1487580006132482952,,entity,0.84,547167413,0283aadf-61e6-4cea-ad5c-8cdaaf16dd37
2019-10-10 11:37:03 UTC,view,5698609,1487580005713052531,,ingarden,4.44,523005969,28ebb1f6-b443-4eea-814e-fc9bf786b325
2019-10-10 12:33:51 UTC,view,5807862,1487580009471148064,,irisk,1.51,537226767,90d71799-5a60-4397-b5cb-cd847cb74f3d
2019-10-10 12:56:52 UTC,cart,5804313,1487580005411062629,,cnd,8.48,498936157,f3d4b489-a90b-4bdc-9b02-b4ebbe470be7
2019-10-10 13:05:28 UTC,cart,5821097,1487580005754995573,,,4.44,557316433,fde9502a-c2e7-48bf-bdf6-b813f9a26a3b
2019-10-10 13:14:08 UTC,remove_from_cart,5850624,1602943681873052386,,grattol,5.24,496096365,82d35b61-4895-4343-a6df-8fe1bd3180b5
2019-10-10 13:22:26 UTC,purchase,5745314,1487580010628776014,,,1.43,536006372,70c0e0ca-0799-49a5-a78b-415fcad38efb
2019-10-10 14:20:26 UTC,view,5856186,1487580006300255120,,runail,75.4,558839881,2e7b445c-e764-4c26-a2a3-7e1584378232
2019-10-10 14:24:05 UTC,remove_from_cart,5561010,1487580005595612013,,,3.0,484682285,9fd5a054-bf84-4ac9-a78c-0d1f9cead080
2019-10-10 14:28:13 UTC,cart,5758067,1487580004882580302,,,2.7,556579890,d05102ce-d662-7799-0b90-455786d18561
2019-10-10 14:31:17 UTC,cart,5877451,1487580006300255120,,jessnail,44.29,555286087,3b0f6b7c-8125-40c7-8a55-e80128e81dd2
2019-10-10 14:41:16 UTC,cart,4768,1487580010796548183,,runail,0.38,557818304,b2d26308-cba0-4f2b-84c9-39587d09d02a
2019-10-10 15:01:52 UTC,cart,5826724,1487580008263189483,,nirvel,4.51,384252115,8368df53-a0f3-4f10-b3a5-82b9321850ef
2019-10-10 15:18:27 UTC,cart,5798090,1487580005713052531,,ingarden,4.38,546365792,97c42308-bc56-d290-71b3-84eddefeeb2d
2019-10-10 15:57:49 UTC,cart,5782039,1638456119066100510,,pole,4.11,418519595,99461f83-55ee-480c-9fc2-80951e09322d
2019-10-10 16:07:34 UTC,view,15708,1487580008657454075,,,2.86,535293294,0c376921-f600-4b49-b628-08c24d35b02e
2019-10-10 16:22:07 UTC,purchase,5736353,1487580005050352469,,haruyama,3.97,558864850,8ec97c7f-4994-436f-8c4f-64b986b4f535
2019-10-10 16:37:54 UTC,view,5818396,1487580007675986893,,bpw.style,1.59,341552994,f35cb737-aecd-4005-a16d-28846dcf9936
2019-10-10 16:40:02 UTC,cart,5723464,1487580010922377308,,,0.79,551332815,bb346d15-d26c-4772-b172-95502a759fe9
2019-10-10 17:03:33 UTC,view,5792800,1487580005268456287,,,10.32,377241164,013b2a1d-5801-4b52-9660-dc3c9ac40f3d
2019-10-10 17:04:59 UTC,view,5836727,1487580011702517887,,bergamo,18.0,558889331,92001520-0a23-4fea-83f2-58a01a2d3296
2019-10-10 17:07:10 UTC,cart,5731337,1487580007675986893,,milv,0.79,444266401,7a2e66b7-2c52-4f24-9019-ae7c64973529
2019-10-10 18:08:08 UTC,cart,5751383,1487580005092295511,,uno,10.32,468837457,d3470f52-3fe7-488b-97d0-9190f93e8918
2019-10-10 18:15:53 UTC,view,5879015,1487580013170524342,,,3.97,558783199,f4ce533f-a4cb-687d-ae0a-fdd029d254b8
2019-10-10 18:16:17 UTC,cart,5851157,1487580012096782476,,,5.71,494115062,79f1c011-7bbb-03d4-9427-9cd25cc6ee0a
2019-10-10 18:32:44 UTC,view,5799756,1658462125284131265,,uskusi,3.57,475333301,38bccc7f-842a-46ac-bbd0-ce55d6706bc2
2019-10-10 18:38:53 UTC,remove_from_cart,5885378,1487580007675986893,,bpw.style,1.9,529225144,e0ad02cb-fd50-4940-af1e-f952563a134f
2019-10-10 18:39:19 UTC,view,5407,1487580009026551821,,runail,30.14,558916828,112fecf9-26f4-45c9-be75-f7eeee175656
2019-10-10 19:18:16 UTC,cart,5867111,1487580013388628160,,domix,5.13,408889923,1e4f481a-9abc-401d-a1bb-275ee8ed89d8
2019-10-10 19:19:30 UTC,cart,5790563,1487580008263189483,,,7.14,558927245,34e002b6-2867-43bc-8b33-16bed667fe5a
2019-10-10 19:34:59 UTC,cart,5877456,1487580006300255120,,jessnail,122.22,427313086,0b575ad7-92e4-41df-86d4-35e6e8cb8d2d
2019-10-10 19:35:39 UTC,view,5774240,1487580009051717646,,,39.67,542637657,92cd9da0-3abf-4409-8edf-0b7bf046e158
2019-10-10 20:31:11 UTC,cart,5700040,1487580009286598681,,runail,0.4,540179303,40af0839-d879-495b-944a-00658508b34d
2019-10-10 20:34:20 UTC,remove_from_cart,5847108,1487580008246412266,,,12.54,558868627,1aef1673-d092-434c-1e0c-7c3e5d717059
2019-10-10 20:51:40 UTC,cart,5864464,1487580011677352062,,,47.94,496240828,69397569-9326-43fb-8fcd-bf111641ae6c
2019-10-10 20:59:38 UTC,view,5649173,1487580005511725929,,,4.27,538830454,0e3c78d0-515f-4c74-b6e6-5924a388f1e1
2019-10-10 21:01:52 UTC,cart,5685701,1487580005713052531,,ingarden,4.44,558213320,12971189-19ac-4c8d-93bf-ec78c026b076
2019-10-10 21:20:45 UTC,view,5748205,1487580013069861041,,italwax,18.25,558953370,f921dd20-224d-43be-8ff3-640e240ab384
2019-10-10 22:47:10 UTC,view,5677224,1487580008263189483,,estel,10.4,558965668,e9e02db5-2ef9-49f0-be9d-ef56ffe0b6fb
2019-10-11 01:11:09 UTC,cart,5802432,1487580009286598681,,,0.32,542128871,1cf0e36b-cebb-4660-b484-1f20a8005528
2019-10-11 01:24:38 UTC,remove_from_cart,5802432,1487580009286598681,,,0.32,504354651,98d6d36e-abe5-4a6c-b2b6-980325e65465
2019-10-11 02:27:42 UTC,view,37457,1487580008984608779,,runail,9.44,389221575,472561f1-d35b-432e-982d-dbc79228491b
2019-10-11 02:34:59 UTC,purchase,5849879,1487580012969197740,,irisk,7.86,558990854,2eb32bcc-dd04-4374-98bc-2bb749cdb0b9
2019-10-11 05:50:41 UTC,purchase,5764747,1487580004916134735,,,6.35,405909965,f98ff41b-72df-41c6-b87c-b0c2e60fa11c
2019-10-11 06:13:40 UTC,remove_from_cart,5826651,1487580007936033754,,,1.56,506738270,79d33723-3da2-43df-af19-eff7bd1c6fc3
2019-10-11 06:29:18 UTC,remove_from_cart,5723489,1487580005134238553,,runail,2.62,449632744,7bea26e3-43af-4e5d-bdc9-5d3f827555fc
2019-10-11 06:32:33 UTC,purchase,5793760,1487580009445982239,,,3.1,486593069,0757f1af-2b43-413c-a454-620a03b71240
2019-10-11 06:51:19 UTC,remove_from_cart,5723225,1487580009445982239,,,0.48,557983198,27acc3b8-a67d-4e34-b7fa-cee6d06fa627
2019-10-11 07:31:46 UTC,view,5855117,1487580005268456287,,,17.3,523984176,6e3c1694-c1f7-d16f-5daa-752dae53614a
2019-10-11 08:36:52 UTC,view,5864979,1487580011702517887,,,7.11,546777692,7b60ae87-9c6f-40c7-8b79-71b42c36917f
2019-10-11 08:43:37 UTC,view,5814042,1783999063314661546,,grattol,10.32,374649265,af01accb-261d-4602-abcf-cd55460bcb19
2019-10-11 08:58:10 UTC,view,5600453,1487580008145748965,,roubloff,8.25,431368081,8bfa615e-3a96-4adc-8af3-9a921c0a63a2
2019-10-11 09:19:18 UTC,remove_from_cart,5822585,1487580005595612013,,,2.54,516768752,3afcd4c5-07f2-4ff9-95fd-5301f8b14ed6
2019-10-11 09:31:55 UTC,cart,5878151,1487580005268456287,,cosmoprofi,7.14,477202876,066706a8-2906-43f8-ae77-bccf8e86f1b4
2019-10-11 09:54:14 UTC,cart,5859415,1487580005671109489,,masura,2.37,518394948,54608fd4-27a5-4daa-b926-66b316bb6e20
2019-10-11 09:56:34 UTC,view,5835704,2151191070908613477,,runail,6.11,469264050,98a7a726-7ae1-41dd-a2be-58fb89374c54
2019-10-11 10:02:12 UTC,view,5884259,1487580007675986893,,de.lux,1.59,553029008,9e0d2f74-5f04-4889-bf99-d3d893805a8c
2019-10-11 10:13:03 UTC,view,5809912,1602943681873052386,,grattol,5.24,500247729,1ef220da-501f-46a2-8c05-1e755f4e2a38
2019-10-11 10:15:40 UTC,view,5800058,1487580005385896804,,,2.89,557373618,5f6be044-7f6a-4c6d-943d-b6719763b28e
2019-10-11 10:42:36 UTC,view,5824799,1487580012902088873,,domix,18.25,556730498,31aa71b0-fe07-4b64-b021-a703cb0c534a
2019-10-11 11:09:46 UTC,view,5817693,1487580010872045658,,,1.03,383672563,b6cbb265-7923-4a0a-81f4-361fe6e8a34d
2019-10-11 11:47:42 UTC,remove_from_cart,5827647,1487580013841613016,,kaaral,3.14,555987019,54447208-3d96-4ed8-86aa-17512cdca28a
2019-10-11 12:14:58 UTC,view,5891474,1487580007852147670,,metzger,14.13,538613528,c48b6036-c3f4-d697-3f9a-841786629352
2019-10-11 12:16:50 UTC,view,5729549,1487580013254410426,,provoc,6.57,543738468,df12a34b-a599-4cfe-b2d4-cfd1706ca8e4
2019-10-11 12:34:11 UTC,view,5779811,1638456119066100510,,pole,4.11,522060199,486d5887-3c3c-487d-98f7-912e2ccb2bee
2019-10-11 12:37:10 UTC,view,5820773,1487580006317032337,,,3.97,526799717,765d835f-8ded-458c-98d7-5e4211587f6c
2019-10-11 12:46:22 UTC,cart,5751383,1487580005092295511,,uno,10.32,230818889,49bc852c-cbc7-4d84-9a2c-8144205b571a
2019-10-11 12:52:15 UTC,purchase,5635098,1487580005754995573,,,4.44,552795963,ea8c8116-9dae-4de2-9102-ba9ff6cb734b
2019-10-11 12:59:44 UTC,remove_from_cart,5842162,1487580006317032337,,,1.59,469747193,c407d9df-4241-4bdf-b01e-79246a070d43
2019-10-11 13:15:54 UTC,remove_from_cart,5793052,1487580005754995573,,,4.92,366223802,4cd9e9af-b51a-480e-b164-83a6c2101137
2019-10-11 13:20:46 UTC,view,5739097,1487580007910867929,,,13.81,559076272,8ca38bc4-affa-401e-b838-10b488ef6fbe
2019-10-11 14:35:36 UTC,view,5621738,1487580009605365797,,,0.3,497877998,7805e0c6-788a-4b70-ac12-56c1dc03b401
2019-10-11 14:45:33 UTC,view,5649271,1487580013749338323,,concept,12.22,558657569,7d39a79b-09e1-4fcc-8c7f-0c7b5a411dba
2019-10-11 14:55:29 UTC,view,5777456,1487580009143992338,,lakme,12.51,476544408,94f5da01-36e3-1420-37a0-774761482b1a
2019-10-11 14:57:15 UTC,remove_from_cart,5723518,1487580005134238553,,runail,2.62,541390813,788d3a7c-7ebb-4017-97de-abf648cea3b1
2019-10-11 15:01:40 UTC,view,8395,1487580011308253293,,gehwol,19.05,492807136,8857be6d-aea6-4dbc-93b8-b811f2808faa
2019-10-11 15:03:31 UTC,cart,4754,1487580010796548183,,runail,0.38,553506730,44f57418-dd9b-6dbd-15c1-771f77191592
2019-10-11 15:14:53 UTC,view,5881661,1487580013522845895,,lovely,7.14,559185840,314c478b-cc2e-4624-884c-8281d645ecbb
2019-10-11 15:43:24 UTC,view,5783329,1658462125284131265,,uskusi,3.57,435289288,9a5f83fe-7564-49ae-a776-bf6bcfb602fd
2019-10-11 15:44:25 UTC,cart,5804819,1487580013950664926,,,43.65,491218400,ab79b1fa-15d5-4b3e-a94e-32852823e9d0
2019-10-11 16:05:19 UTC,view,5781942,1487580008145748965,,,5.37,411599612,87969455-6620-4490-82c7-663016778617
2019-10-11 16:11:58 UTC,remove_from_cart,5831840,1911999801642189621,,solomeya,4.6,333407536,48f97aed-daf0-45d2-8dcd-cbb3666c437a
2019-10-11 16:49:27 UTC,cart,5815654,1487580006317032337,,,0.67,557157386,ddc578db-4f0b-4dd7-bf8e-18a1920291ca
2019-10-11 17:10:01 UTC,view,5649219,1487580005268456287,,,7.14,558499021,ec15c498-0271-6d6f-52d0-be5887148d3e
2019-10-11 17:51:57 UTC,remove_from_cart,5809871,1605161575889502297,,grattol,3.02,523341271,a2f6bf66-ff1e-4112-8d3b-36b80af1eff9
2019-10-11 18:03:00 UTC,view,5594586,1487580008657454075,,,2.86,559256230,59463aeb-6255-41b2-bae4-d5e4d568eab3
2019-10-11 18:09:39 UTC,view,5840367,1487580007432717250,,,4.6,425993437,61b636f3-c4e9-4e9a-aa55-102987d9a4de
2019-10-11 18:26:17 UTC,view,5875354,2084144451428549153,,,2.05,474339485,513c6d12-0c1a-9385-fae1-a272c931cf0c
2019-10-11 18:30:16 UTC,view,5849402,1542195323827388674,,bioaqua,10.0,559242688,9ae89647-2186-40ae-a41f-96f2ed2029a0
2019-10-11 18:44:12 UTC,view,39526,1487580006895846315,,runail,3.25,491214924,8dcfa9b5-19ea-4f9f-82dd-bfa571008d85
2019-10-11 18:47:18 UTC,cart,5850625,1602943681873052386,,grattol,5.24,525295089,33f3522a-7ef9-4169-b3e2-51c578ea00bb
2019-10-11 19:09:57 UTC,remove_from_cart,5739036,1487580008246412266,,kapous,3.32,476544408,37e1709d-4301-57f9-40d5-c2283a83feb4
2019-10-11 19:16:34 UTC,remove_from_cart,5887008,1487580006317032337,,,1.9,412306123,8773b760-fe98-4445-bc45-655eb8767b0c
2019-10-11 19:17:23 UTC,view,5839361,1487580010100293687,,beauty-free,1.25,555659794,01d6ac43-c2af-42e4-8d4e-25e0ebc95aa2
2019-10-11 19:40:14 UTC,cart,5829353,1487580011585077370,,farmstay,0.63,426836172,ee03e917-e743-4854-91a1-ab831d709b1d
2019-10-11 19:43:38 UTC,remove_from_cart,5823460,1487580004916134735,,,5.22,535219890,8bd18198-4240-4cb2-b39e-1d2f26ccd35b
2019-10-11 19:52:47 UTC,remove_from_cart,5866964,1487580009051717646,,sunuv,46.03,511965296,8c71f9b2-1e6c-48cc-ae79-6a9c0c39d95f
2019-10-11 19:56:44 UTC,cart,5799432,1487580013388628160,,,1.87,559267870,d7454157-9300-4360-975a-a8002e762ade
2019-10-11 19:56:47 UTC,view,5839239,1487580013841613016,,concept,7.78,558021863,71564b1b-2664-4d47-8f2b-ab95c92f0033
2019-10-11 20:08:00 UTC,view,5839048,1487580005511725929,,,5.56,424200703,c9ef1284-3ea8-4054-b783-72d221fe2127
2019-10-11 20:53:15 UTC,view,5708154,1487580009445982239,,igrobeauty,0.3,541887267,f19ff843-90c8-49da-9f71-d21791f033dd
2019-10-11 20:55:32 UTC,cart,5855510,1487580006350586771,appliances.environment.vacuum,max,95.08,418047761,fc2024d2-58b3-419c-8fcc-929d74fa814d
2019-10-11 21:39:34 UTC,cart,5785463,1658462125284131265,,uskusi,2.38,558344773,97097aa3-b9df-4c22-aeb6-d57606602f08
2019-10-11 21:44:32 UTC,cart,5802432,1487580009286598681,,,0.32,559273351,d4237245-3552-43c5-b626-b169a998ebd8
2019-10-11 21:48:28 UTC,cart,5691024,1487580005268456287,,lianail,7.92,545922663,2ac6bb85-6428-425d-bffa-eb96e0450d24
2019-10-11 22:07:54 UTC,remove_from_cart,5834738,1487580009445982239,,,0.79,303111082,77cbb578-c5d8-407e-8b38-2aed5fbe38c5
2019-10-11 22:36:16 UTC,remove_from_cart,5851625,1638456119066100510,,pole,4.11,553254263,f600933c-0e1b-4afd-b8c7-2cbf3bb8e43e
2019-10-11 23:16:19 UTC,cart,4922,1487580008187692007,,runail,1.19,559317235,2a74c4a4-3b2c-41eb-ab83-4ed57c04a37d
2019-10-12 01:41:33 UTC,remove_from_cart,5823778,1487580013749338323,,estel,2.38,541630208,cb04f234-7dda-4525-b01e-78ceb3004c67
2019-10-12 01:50:26 UTC,purchase,5812115,1487580013145358517,,art-visage,3.65,541630208,cb04f234-7dda-4525-b01e-78ceb3004c67
2019-10-12 02:33:37 UTC,purchase,5802147,1487580008112194531,,,13.65,543655059,64130644-67c2-fbbc-c442-3297cfc44710
2019-10-12 02:58:34 UTC,view,5677043,1487580008246412266,,estel,13.33,443006841,4e8d0bb2-e2b0-4006-8fd5-377c414804b4
2019-10-12 03:50:55 UTC,view,5893678,1487580005754995573,,,4.92,514505261,a215e64b-b2db-4aff-9f08-effab0383bce
2019-10-12 04:49:09 UTC,view,5635092,1487580005754995573,,,4.44,557818304,a4bd775b-4d2d-40e4-832e-9f8b702e4f11
2019-10-12 05:32:58 UTC,cart,60183,1487580009445982239,,runail,1.98,559261429,a3f54cac-f8ea-eacb-3422-c1cd8251074b
2019-10-12 07:08:26 UTC,cart,5812035,1487580005427839846,,irisk,2.48,559383497,d5efff32-dfe5-4dbb-9038-ac7994d77baa
2019-10-12 07:21:08 UTC,remove_from_cart,5797135,1487580005754995573,,,4.44,450858516,98ad3876-a756-48e7-8f77-2751ca73b00e
2019-10-12 08:38:30 UTC,cart,5730402,1487580009496313889,,,7.86,548880010,83bb5b5c-ce8c-448c-bf64-3dffb6cf8f76
2019-10-12 09:09:57 UTC,cart,5635118,1487580005754995573,,,4.44,388085791,1b2d1487-a448-4f57-9fb3-91cfd6c7864a
2019-10-12 10:08:03 UTC,view,5567920,1487580005595612013,,,3.0,553780989,df779202-c3ab-417c-8062-423a991f22bf
2019-10-12 11:47:18 UTC,remove_from_cart,5727536,1487580004882580302,,,2.7,553358231,97a5f69a-32fb-4300-b53a-e41a269d65cd
2019-10-12 12:23:10 UTC,view,5617824,1487580013170524342,,provoc,6.57,532325275,2a6df9d3-e63e-401a-bfe3-7982ccc0b147
2019-10-12 12:59:28 UTC,view,5879280,1891434214553813877,,masura,3.95,559488028,6e1bbeea-3b1f-4a16-8f11-a4a580beb1a5
2019-10-12 13:07:46 UTC,cart,5836843,1487580009261432856,,pnb,0.71,537630670,3c1f02d2-3bbe-4a45-bcfe-d42a7cd4e008
2019-10-12 13:32:44 UTC,view,5540778,1487580012642042013,,,10.16,490695561,52c5fd3d-c580-45ba-88da-cc28d1b7fe8d
2019-10-12 13:59:33 UTC,view,5856283,1658462125284131265,,uskusi,3.57,412181714,7edab7c5-41ab-40be-9327-b453bbdfe326
2019-10-12 15:12:09 UTC,view,59976,1487580012096782476,,,7.14,465262662,215fe7f8-879e-4ce3-b97a-dba0ad5bb5da
2019-10-12 15:21:53 UTC,remove_from_cart,5751383,1487580005092295511,,uno,10.32,550174353,111150b4-978e-4e41-8e61-8d48a57ea4e8
2019-10-12 15:52:15 UTC,view,5767378,1487580005268456287,,lianail,7.92,559515103,988324a4-84c0-4876-8cc8-31a889b99daf
2019-10-12 16:02:29 UTC,view,5803692,1487580011677352062,,,25.71,476197080,97ceb757-1cab-49cc-8e50-544075ad6f19
2019-10-12 16:33:42 UTC,cart,5833327,1487580007675986893,,bpw.style,1.59,525096456,566fa341-feb0-364f-4c54-ba975040f3de
2019-10-12 16:43:34 UTC,view,5887570,1487580005595612013,,,3.0,559183419,57c64d23-197f-44b3-9616-eeb42544b4ee
2019-10-12 17:01:14 UTC,view,6941,1487580006895846315,,runail,4.71,559552844,49f95f1e-b775-464a-bbf7-2b3b5fc56a37
2019-10-12 17:06:13 UTC,view,5842196,1487580005411062629,,cnd,14.13,554195760,142edcfc-4696-4f3e-a1e9-b75438ac168c
2019-10-12 17:52:38 UTC,purchase,5815096,1487580005461394279,,bluesky,3.97,539194849,817ef318-fd07-4e25-be7a-97871d1699b9
2019-10-12 17:52:42 UTC,remove_from_cart,5797797,1638456119066100510,,pole,4.11,448930298,d5df96bf-f8c2-456d-b6f8-3a93a475b079
2019-10-12 18:36:55 UTC,view,5797140,1487580005754995573,,,4.44,551778202,f9820f1b-56f2-45a7-9124-22e770cc4f5d
2019-10-12 18:41:36 UTC,remove_from_cart,5858501,1487580005754995573,,,4.44,529211108,c64e92be-39fb-41cf-81bd-e4251193fc5b
2019-10-12 18:47:49 UTC,cart,5773175,1487580005134238553,,runail,2.62,510201838,fcfe6663-3418-4da3-9594-95e6a441957f
2019-10-12 18:56:48 UTC,remove_from_cart,5852019,1511892746070131099,,uno,9.37,531759033,fae16bc6-6162-4f06-a802-2b9073d7935e
2019-10-12 19:13:30 UTC,view,5817159,1487580008800059394,,masura,5.54,526567096,36d1d294-8556-4073-a22f-d6ccc6812329
2019-10-12 19:19:45 UTC,cart,5677043,1487580008246412266,,estel,13.33,447241008,4dfbe9d5-01fe-4705-9600-668d8eb1c557
2019-10-12 19:38:12 UTC,cart,5635118,1487580005754995573,,,4.44,448797358,98b38008-99ae-4e65-b799-50ffaeb6803a
2019-10-12 19:45:54 UTC,view,5775520,1487580006073762693,,,5.56,549132416,696f38e4-772f-4c1e-be9d-a2e345378267
2019-10-12 20:07:36 UTC,view,5727781,1487580005008409427,,f.o.x,6.03,521985163,15adebb4-da69-4080-9541-b6473d3964f4
2019-10-12 20:13:29 UTC,cart,5833631,1487580011283087468,,,4.6,559603444,2c2e9b6a-2fbc-4fda-81a5-339cf9f3fb82
2019-10-12 20:26:36 UTC,cart,5875746,2084144451428549153,,,2.05,470394467,9f0f2f2a-ddef-44be-b4e6-a9dc92088b5e
2019-10-12 20:50:16 UTC,view,5856938,2140803113261466607,,staleks,4.76,559613184,17c4fa7f-b399-456c-b223-4a1a8f5cb420
2019-10-12 21:03:06 UTC,view,5848081,1487580013950664926,,,89.68,559615788,269ccd71-01e4-45bb-bf08-3eca9b58fe84
2019-10-12 21:39:50 UTC,view,5858318,1783999072332415142,,,6.35,557514562,ef0d398c-83c9-4dbc-ae25-6b71fc826979
2019-10-12 21:55:54 UTC,view,5819895,1487580008246412266,,kapous,4.6,559568055,97fe2342-0c1d-4b57-b9bb-85bc7c8ca309
2019-10-12 22:24:52 UTC,view,5743744,1487580011652186237,,,4.29,559625771,e959a002-a92a-4a9a-b202-26d20c75e9e6
2019-10-12 23:10:22 UTC,view,5774871,1487580005671109489,,masura,1.73,448010977,27bd5ff1-24d2-499a-bb6c-6d2f6e062f7d
2019-10-13 00:45:37 UTC,cart,5716352,1487580010872045658,,irisk,0.79,559259609,5e9b3272-8210-e2e0-45b3-e1e56438e2e0
2019-10-13 00:50:58 UTC,remove_from_cart,5760789,1487580005134238553,,runail,2.62,559162846,a94d7d4f-0b7c-b130-6167-0cb471226839
2019-10-13 01:12:44 UTC,view,5775982,1783999063314661546,,,8.33,521091196,1ee73ca2-5b11-47a7-ba1c-a4a3f357fe4d
2019-10-13 01:57:25 UTC,remove_from_cart,5820746,1487580006317032337,,,2.22,556546999,b34149cd-5ab4-4a9a-abaa-209c5ee6d35e
2019-10-13 03:00:18 UTC,remove_from_cart,4645,1487580006317032337,,,4.92,479896227,6a4edf53-d874-47c9-a0e2-b96a1116d61a
2019-10-13 06:03:07 UTC,remove_from_cart,5813939,1842735758805303837,,beauty-free,3.95,559192835,beea97cb-e8b4-404c-96d1-e818f1df6624
2019-10-13 06:55:18 UTC,cart,5836843,1487580009261432856,,pnb,0.71,541227359,b1e68bb2-4d11-489f-8155-b3326c4678df
2019-10-13 08:16:22 UTC,view,5628025,1605161575889502297,,,2.7,481268371,7055e948-ae7e-efef-cdfd-64c5f51d9726
2019-10-13 08:19:18 UTC,remove_from_cart,5819243,1487580005713052531,,ingarden,4.44,467901555,61db6dfe-0bec-5b03-44cd-d09e7e6068b9
2019-10-13 08:34:10 UTC,remove_from_cart,5655060,1487580008145748965,,,1.43,549261849,2a5173b7-b552-4e3b-9fce-d8f3ea1319be
2019-10-13 08:41:34 UTC,remove_from_cart,5700229,1487580006317032337,,,8.44,529551248,4d63fcb1-aba3-6add-cf81-500a3ce394cd
2019-10-13 09:07:13 UTC,view,5751383,1487580005092295511,,uno,10.32,504450175,2b0a0127-e9df-4911-94a6-8a78d259c3c9
2019-10-13 09:15:37 UTC,purchase,5796099,1487580012994363565,,italwax,9.51,542278283,7962b6cb-92f2-4021-8a28-451a930f0954
2019-10-13 09:23:44 UTC,cart,6730,1487580007256556476,,,7.92,524176692,bd141961-680e-4b58-9597-aca59be0e0c5
2019-10-13 09:27:15 UTC,cart,24389,1487580009202712597,,depilflax,5.56,559724498,ed46c672-375c-4383-9632-e3c9dcc367ec
2019-10-13 09:30:49 UTC,remove_from_cart,5412,1487580009076883471,,runail,2.38,514190586,410355a8-24a0-4522-82a8-f73b225275ab
2019-10-13 09:46:29 UTC,view,5795387,1487580005713052531,,ingarden,7.14,232138229,68454ca5-6905-4992-b779-d245d94b519b
2019-10-13 10:00:14 UTC,view,5846448,2151191071378375538,,browxenna,19.52,475257889,f6a02329-11d1-4e58-b394-8f9ae5a3a1af
2019-10-13 10:01:17 UTC,cart,5847526,1487580006199591819,,ingarden,3.33,554943988,bfc2d5f5-cc01-4af9-ac88-ac51fb8b2e29
2019-10-13 10:26:36 UTC,view,5885419,1487580005092295511,,grattol,6.27,557570603,68051acd-f34a-4344-8851-7589fa848b1d
2019-10-13 10:32:52 UTC,remove_from_cart,5858901,1487580007634043851,,,0.79,432783903,5830e319-6e60-4d0b-b3bc-56b568499fec
2019-10-13 10:51:18 UTC,purchase,5849033,1487580005092295511,,uno,10.32,550540025,4720a287-15a6-4a1e-8976-3861464404de
2019-10-13 11:08:19 UTC,cart,5839683,1487580005671109489,,masura,2.37,301311578,7251ae15-5a22-4ec4-be9a-9cfc062c5212
2019-10-13 11:13:20 UTC,remove_from_cart,5833335,1487580007675986893,,bpw.style,1.59,469233518,15829a33-2405-42c7-b429-605a87c369e9
2019-10-13 12:18:56 UTC,view,5599778,1487580007113950133,,irisk,4.6,541263059,d1f816b5-d924-45d5-85b2-28f639e2bba8
2019-10-13 12:40:48 UTC,view,5859481,1487580005671109489,,masura,3.95,546552451,f681a13d-fd2c-47bf-b248-34f28821ff1a
2019-10-13 12:53:50 UTC,view,5859402,1487580005671109489,,masura,2.37,559787912,8ef5d8ff-0e15-4aa4-8475-839b8c1384b4
2019-10-13 13:33:10 UTC,cart,19162,1487580008447738866,,cnd,10.29,410976740,10a3db9f-606d-436a-aaaf-a05c4835ebec
2019-10-13 14:02:19 UTC,cart,5618216,1487580005595612013,,,4.29,533929188,d5e9189d-d6f7-49d0-93cf-5eb12c3e5081
2019-10-13 14:31:45 UTC,view,5859421,1487580005671109489,,masura,2.37,559826874,6ff6db18-1bd1-472f-aa12-6b14c161f044
2019-10-13 15:11:03 UTC,view,5841834,1597770225539875791,,,7.14,554274099,69a40228-b771-47e1-86b2-8c5959f10b21
2019-10-13 15:49:48 UTC,purchase,5822046,1487580005050352469,,haruyama,3.97,511004803,d410c2ff-da81-4c13-a437-cb5acd38740f
2019-10-13 16:20:45 UTC,cart,5683625,1487580005595612013,,,3.0,559120805,1d320ed5-f95f-482c-a555-57070d0818cc
2019-10-13 17:02:20 UTC,cart,5851613,2055161088059638328,,irisk,1.75,465075503,f9a94e67-f65c-43c3-8e0e-4d70ce1ae14f
2019-10-13 17:38:47 UTC,cart,5335,1487580009605365797,,runail,0.4,528379472,2b9dcde7-fb2d-49cd-a3c6-5b6796ab6725
2019-10-13 17:46:46 UTC,view,5787019,1487580005595612013,,,4.11,559884179,fc3179e5-3987-470d-9ad9-4776451e20ae
2019-10-13 17:55:04 UTC,view,5884354,1487580010561667147,,oniq,10.32,435677739,002cc9f7-5056-4590-99a2-0441d5c5366e
2019-10-13 18:12:30 UTC,view,5839691,1487580005671109489,,masura,3.95,230973219,fedd02bb-a796-4ada-a9b9-d53adb416b60
2019-10-13 18:13:21 UTC,view,5750301,1487580005713052531,,ingarden,15.71,559891694,80988f8a-fbf1-4c5a-8507-7ccccd54d2fd
2019-10-13 18:16:41 UTC,view,5696306,1487580013581566154,,estel,5.4,558752205,b0f5df6b-c0a0-412e-8d3e-45c911368f2e
2019-10-13 18:25:21 UTC,remove_from_cart,5843636,1487580005008409427,,f.o.x,6.03,427144764,c9de0495-7bd9-4480-9e4d-d97654030755
2019-10-13 18:36:23 UTC,remove_from_cart,5370,1487580009622143014,,runail,0.32,559893097,428c6889-780d-4c33-b1eb-51cecec2834d
2019-10-13 18:44:59 UTC,cart,5812234,1487580005427839846,,irisk,2.48,259057326,ac6f017b-67b5-4ca4-9bfb-7c1706c6ca73
2019-10-13 18:45:19 UTC,remove_from_cart,5843748,1487580008246412266,,,7.67,550025396,177bb2f5-cd29-44c5-924b-a1fc856ef0d9
2019-10-13 19:15:26 UTC,remove_from_cart,5854828,1602943681873052386,,grattol,5.24,516370119,61c6eb86-dc86-448d-b9cc-ab24e5c87892
2019-10-13 19:21:35 UTC,view,5884291,1487580013145358517,,,4.38,523429025,60dd5cfe-7d7f-e767-e38f-6d53702f9fa0
2019-10-13 19:24:06 UTC,remove_from_cart,5800463,1525995662934540829,,,2.78,441500670,21a02187-70c5-487b-8291-26f62d03b93d
2019-10-13 19:29:16 UTC,remove_from_cart,5797137,1487580005754995573,,,4.44,498521760,854729df-93fa-4465-ad21-f587b7057c22
2019-10-13 20:54:37 UTC,view,5864629,1487580007675986893,,bpw.style,1.27,329124190,9b896114-e991-4414-8cd7-aa9b34252040
2019-10-13 20:58:07 UTC,cart,5738763,1487580008246412266,,kapous,5.22,540418300,b5785ab0-5927-4ef6-abe4-bfc4e3f62d00
2019-10-13 21:06:28 UTC,view,5694897,1487580009076883471,,,1.27,559934606,4c881589-57b5-4a16-9713-92758e93019e
2019-10-13 21:27:15 UTC,view,5865798,1487580011501191286,,,2.86,555396487,1a397e98-fbeb-4821-a804-ccaf2a1240bc
2019-10-13 22:40:53 UTC,cart,5835868,1487580010821714008,,,0.71,505587831,b3413fdd-1d03-4d31-9bce-6c54743deae3
2019-10-13 22:58:48 UTC,purchase,5739468,1487580008288355308,,kapous,5.95,543057950,a4e9aa74-020f-45c2-9fae-65ddec89327b
2019-10-13 23:24:55 UTC,cart,5867619,1487580004916134735,,,4.7,241387868,90bc99b8-acfe-4b2e-9c5f-b0979a28aa9d
2019-10-13 23:55:45 UTC,remove_from_cart,5752158,1487580012096782476,,ingarden,5.56,463005381,e999e54d-35ae-4ace-9892-1e6db391fe4a
2019-10-14 00:11:04 UTC,remove_from_cart,5781917,1487580009286598681,,yoko,0.59,559945596,1ae3e696-2dbf-4075-a527-c72d1114b0b3
2019-10-14 00:56:59 UTC,remove_from_cart,5743947,1487580012927254698,,italwax,2.78,558224568,19a6fd84-23b5-410e-8ba5-ea2afd461bea
2019-10-14 04:11:27 UTC,cart,5861721,1645114480121610699,,,4.76,559987602,50a53157-cc0c-4f22-933a-018366032a19
2019-10-14 05:45:10 UTC,cart,5712698,2007399943458784057,apparel.glove,nitrimax,10.32,352882766,8b716eea-3939-4e20-90b6-7504e75e9bf7
2019-10-14 06:38:40 UTC,remove_from_cart,5782977,1638456119066100510,,pole,4.11,518292122,cbf64eff-686f-9e67-4627-081ca26165ba
2019-10-14 07:33:23 UTC,remove_from_cart,5835901,1487580007634043851,,irisk,0.63,365899439,121ca19d-aad4-4216-afda-e952448e03fa
2019-10-14 07:51:09 UTC,view,5895411,1487580012096782476,,,0.0,500927959,98c978a9-10bd-4e8f-aea0-eb0637dc0587
2019-10-14 08:24:32 UTC,cart,5802432,1487580009286598681,,,0.32,535219890,3d92a48a-af8c-4135-a46e-695e1aecd4c1
2019-10-14 08:39:25 UTC,cart,5557416,2195085255176618020,,,4.13,271555056,cd232008-2b49-432d-b67e-acfa8631eb4f
2019-10-14 09:00:04 UTC,cart,59893,1487580007634043851,,runail,0.95,380412581,f88a7ec4-b409-4126-bcec-f860c6f9d03d
2019-10-14 09:19:06 UTC,remove_from_cart,5565820,1487580009311764506,,,0.4,466360388,0c91953f-3e93-46b7-8658-19b94026c9b9
2019-10-14 09:36:54 UTC,view,5677448,1487580008263189483,,estel,7.78,472839572,128314d7-a8c6-48e5-b111-ca0aed20401d
2019-10-14 09:37:37 UTC,view,5857679,1487580005092295511,,artex,15.08,560064914,2368a2b1-1b79-442d-99fa-60faec3bb6d4
2019-10-14 09:38:08 UTC,view,5835948,1487580007483048900,,irisk,2.06,540595351,0cc572d9-ad45-4496-94fa-5e535011a3f0
2019-10-14 10:01:53 UTC,cart,5693514,1487580005511725929,,,5.56,560076832,8348bc4a-f57c-4bb9-8c0c-8d453141d437
2019-10-14 10:07:48 UTC,remove_from_cart,5819273,1554383493545328915,,,4.76,471583315,7a9a432b-7bc8-4b6a-bcf6-5b2dea72043d
2019-10-14 10:40:53 UTC,view,5809288,1487580007675986893,,bpw.style,0.79,559892852,4ff31fbe-8807-4967-8882-890bb1e5789a
2019-10-14 10:44:17 UTC,remove_from_cart,5710585,2140803113261466607,,irisk,1.43,553206129,880c9efa-ed83-4437-94e4-9b1c915d62fd
2019-10-14 10:51:32 UTC,cart,5557426,2195085255034011676,,,4.38,421852204,2e125cb5-7364-4a33-04cd-e231efb1273d
2019-10-14 10:52:29 UTC,view,5739491,1487580012927254698,,,5.87,559908335,43f02bdd-6b5b-4226-a441-cb8623822f5d
2019-10-14 11:43:13 UTC,view,5771389,1487580006317032337,,yoko,21.78,465222934,3fc51f0f-19ef-4494-9f87-d8a37bf56ad8
2019-10-14 11:50:36 UTC,view,5700066,1487580012902088873,,runail,17.46,560107964,a409874f-65f8-4c01-ae11-85a5e00585dd
2019-10-14 11:53:47 UTC,view,5881437,2151191070908613477,,lovely,11.73,533922807,36e02549-c648-4e6b-aab4-61280a939d6b
2019-10-14 12:26:37 UTC,cart,5824196,1487580006551913373,,domix,2.44,378782411,74e476d0-9878-48f7-b624-953bfddf7d19
2019-10-14 12:49:53 UTC,view,5775821,1487580012927254698,,italwax,11.11,357991127,b9464196-48a7-4b6f-aca6-8c7debf2c678
2019-10-14 13:04:03 UTC,view,5866964,1487580009051717646,,sunuv,46.03,554162255,ff0bf01f-da32-47bc-aa95-be3c9b36ea6a
2019-10-14 13:29:29 UTC,cart,5528034,1487580005553668971,,,9.52,227177483,329b9b17-d7f4-4f73-9d12-6e95ae6fdc61
2019-10-14 13:36:53 UTC,remove_from_cart,5772440,1602943681873052386,,grattol,4.76,480745806,8eca179b-14de-4c9c-9ff3-5ed19c290e9b
2019-10-14 14:04:49 UTC,remove_from_cart,5877597,1487580007675986893,,bpw.style,0.79,545922663,bd8330c5-357e-473f-a1b1-eb49ee6ed812
2019-10-14 14:08:57 UTC,cart,5549842,1487580005268456287,,,3.81,458802254,74dca517-674a-4d95-8b17-d777980aef40
2019-10-14 14:23:37 UTC,cart,5886752,1487580006317032337,,,1.59,476613717,9e6a5df8-d4f1-40c7-9ee6-a3dcd51335fb
2019-10-14 15:06:23 UTC,view,5771941,2151191071378375538,,,9.84,539668701,ff18ff9c-111f-4851-a304-c51389a6063e
2019-10-14 15:26:05 UTC,remove_from_cart,5809803,1487580012096782476,,milv,1.27,384151168,ac5583c2-e146-4623-85cf-d767a83d2399
2019-10-14 15:28:11 UTC,view,5809893,1602943681873052386,,grattol,4.76,554058974,0f941ae5-6fbb-442a-8165-009acbc0147a
2019-10-14 15:34:30 UTC,view,8098,1487580006350586771,appliances.environment.vacuum,,1.11,486394321,65b92740-f83d-453d-9a69-409cf56722ef
2019-10-14 15:42:52 UTC,remove_from_cart,11077,1487580006132482952,,entity,6.79,496065256,632df9b5-19f4-43f7-aaa9-2c59d8162ae7
2019-10-14 15:54:23 UTC,view,5882563,1487580011308253293,,orly,9.29,560183394,26590194-d882-429b-a6a7-74956212cc89
2019-10-14 17:26:54 UTC,purchase,5703536,1487580013145358517,,art-visage,3.89,527937312,1b072a76-c430-4de0-96f8-7e8aa7f69442
2019-10-14 17:43:19 UTC,purchase,41964,1487580010125459512,,,9.37,457898410,4b4bfddd-efa3-432f-af8d-24b1c74fd550
2019-10-14 17:51:14 UTC,view,5780830,1487580005092295511,,rosi,7.14,439381942,a8d982d9-85a0-4295-90e6-10132994c7e9
2019-10-14 18:00:23 UTC,view,5833318,1487580007675986893,,bpw.style,0.79,527089613,80af322f-1172-4ad3-b52a-56c349e98ab8
2019-10-14 18:14:14 UTC,purchase,5696858,1487580009286598681,,irisk,1.11,555410231,9644b71b-cfd1-4a4e-a1c8-2a425687439e
2019-10-14 18:21:05 UTC,view,5868742,1924049110428549877,,oniq,7.14,526079963,43cd9314-4e51-4bf6-bedc-a0e08a9e49df
2019-10-14 18:37:01 UTC,cart,5736082,1487580005050352469,,haruyama,3.97,506271507,b163ffe9-65e6-43f2-bca8-fe3039d78550
2019-10-14 18:40:27 UTC,view,5814050,1487580005092295511,,grattol,6.27,512159480,011d9404-9f34-488b-ae24-ebacee68c6a0
2019-10-14 18:51:49 UTC,cart,5798928,1783999068909863670,,zinger,6.19,538555889,2097db63-f663-46b9-8d59-16cd24ad2cd1
2019-10-14 18:53:18 UTC,view,5813486,1487580005671109489,,masura,1.73,359785730,460c19fa-5498-4376-bd62-e06dae936f5f
2019-10-14 19:18:19 UTC,view,5884360,1487580007675986893,,oniq,7.14,464557213,41fb9eac-d5e1-4c95-97ea-6ef06756fa50
2019-10-14 19:32:45 UTC,cart,6817,2007399943458784057,apparel.glove,,5.24,560248467,21ee1c89-f82d-4fe0-95d7-fd81aea04e19
2019-10-14 19:33:20 UTC,view,5799891,1487580009051717646,,,19.03,560249429,35f17772-2116-4cc6-951d-20e48bdc079e
2019-10-14 19:50:52 UTC,view,5884369,1487580007675986893,,oniq,7.14,535336834,1f522532-2dbe-4875-91d5-ab7dc0756abc
2019-10-14 19:56:09 UTC,view,5879293,1487580008800059394,,masura,5.54,493588073,d8d059c0-ccee-45b4-95db-f307262e6c97
2019-10-14 20:09:53 UTC,remove_from_cart,5773361,1487580005134238553,,runail,2.62,440901223,b615c588-7bf3-46cf-8624-8191590994ef
2019-10-14 20:12:20 UTC,cart,5757568,1487580005511725929,,,2.14,488189530,9a5c194e-9273-4952-a57d-07c93e1032d4
2019-10-14 20:35:32 UTC,cart,5808546,1487580008313521133,,kapous,5.24,560263966,33ef42fd-27a2-4987-809b-4aa839dcf151
2019-10-14 20:55:59 UTC,remove_from_cart,5875550,2084144451428549153,,,2.05,437691294,d80cadc2-e470-425c-8062-a65447444af9
2019-10-14 22:46:21 UTC,cart,5809311,1487580007675986893,,bpw.style,0.95,377720926,babcf31a-6235-41dd-9d33-a6b0dc15c902
2019-10-14 23:43:33 UTC,view,5784045,1487580005754995573,,,4.92,496804760,e9774b3b-8396-4687-a3b3-65236a166b21
2019-10-14 23:59:21 UTC,cart,5851166,1487580007365608384,,,3.14,550968886,ad850e14-6607-4a52-8204-fa18039bfd3f
2019-10-15 00:24:20 UTC,view,5683382,2151191071378375538,,irisk,4.92,480381991,2cd98e7f-7117-4c20-ad21-57a4f84ecf12
2019-10-15 00:40:05 UTC,view,5697463,1783999067156644376,,estel,12.14,560297794,8a3c03b8-e735-4138-a426-2273b73904cf
2019-10-15 02:06:20 UTC,cart,5692863,1487580007910867929,,yoko,7.83,524062431,bd8f570c-0856-41fd-99e4-f3af84643231
2019-10-15 03:46:43 UTC,view,5830637,1891434351850160381,,petitfee,15.41,472293250,5f7b4676-b23c-49d0-befe-357e1afaf279
2019-10-15 04:05:45 UTC,remove_from_cart,5684920,1487580013841613016,,estel,5.21,546365792,31abc766-0225-4561-9cea-c5ddb96aaa8c
2019-10-15 04:25:40 UTC,remove_from_cart,5635068,1487580005754995573,,,4.44,358267333,6198420c-338e-4d62-be89-555c04e6df39
2019-10-15 05:11:23 UTC,cart,5660066,1487580007717929935,,airnails,0.95,416317435,8b30fb9b-b179-44c3-a6ac-cb899a539328
2019-10-15 06:15:45 UTC,cart,5729897,1487580005092295511,,irisk,6.19,529607622,4edcd620-fe28-4b1b-8176-df3cdbbf0710
2019-10-15 07:03:29 UTC,cart,5865788,1897124478404526487,,,4.76,549116746,03d87b28-fb6f-49de-b72b-432bb65db7e7
2019-10-15 07:11:51 UTC,view,5803969,1487580005461394279,,bluesky,3.97,560357803,df150503-1ebc-4fb4-91d6-bbb4f90705d7
2019-10-15 07:59:14 UTC,cart,5662699,1720400165430363096,,irisk,2.7,552029214,dc53eda9-b5be-40b9-a017-33c87534ad28
2019-10-15 08:10:38 UTC,remove_from_cart,4901,1487580008162526182,,runail,2.54,184386547,fe28d6c9-008b-4cf4-a340-02f976242a59
2019-10-15 08:40:42 UTC,cart,5773606,1487580006317032337,,irisk,1.59,560380744,7b343bc0-ee24-497f-9c06-0ed2ed60d209
2019-10-15 08:42:37 UTC,cart,5885385,1487580007675986893,,bpw.style,1.27,526299419,1c06d6d3-3393-8cb0-0f82-28daa7332fc6
2019-10-15 08:50:10 UTC,remove_from_cart,5803297,1487580011425693811,,,0.57,518800678,3d557903-8d36-4e48-a378-757c08036989
2019-10-15 10:11:49 UTC,view,5853656,1487580005511725929,,,4.44,554030686,69b90f93-2863-4544-b0a3-34f6ab2fd0b2
2019-10-15 10:14:13 UTC,cart,5597836,1487580005713052531,,ingarden,3.9,509995626,769a7f4d-ad9c-45c6-89cd-17cb63a57b24
2019-10-15 10:27:12 UTC,view,5869155,1783999064136745198,,cosmoprofi,4.76,408658740,d581c7c0-46dc-4c0a-8409-05a1cd08709b
2019-10-15 10:37:02 UTC,remove_from_cart,5818396,1487580007675986893,,bpw.style,1.59,548825399,284c9b73-c2f7-4f12-9e2e-a16bf97e8688
2019-10-15 11:05:30 UTC,view,5804463,1487580005461394279,,bluesky,3.97,505962470,c3b7e860-ed95-0a28-f041-b81311b0937f
2019-10-15 11:09:58 UTC,view,5873655,1487580006300255120,,strong,180.95,559695629,9cb0627c-6c06-43a3-b17c-d09c62d0ddeb
2019-10-15 11:10:18 UTC,cart,5857356,1487580005134238553,,runail,2.78,560440762,dec93f3f-d0e0-4efe-9128-338ef3a3cbeb
2019-10-15 11:12:34 UTC,remove_from_cart,5829437,1911999801088541491,,,8.65,560395814,f2ba55b5-6d95-450b-b4f4-0e01ac830c76
2019-10-15 11:21:05 UTC,view,5887571,1487580005595612013,,,3.0,542695705,5f828f10-eeee-47bc-acbe-df858700bd4f
2019-10-15 11:28:09 UTC,remove_from_cart,5805492,1783999076551885399,,happyfons,5.87,560454089,464417ae-474e-4b8a-9212-676d6a1e03df
2019-10-15 11:37:57 UTC,view,6730,1487580007256556476,,,7.92,560458596,afe98212-d051-4000-ab52-8da64cf1c791
2019-10-15 11:57:08 UTC,remove_from_cart,5870854,1487580007675986893,,milv,0.79,546827800,346dd83e-e8f0-69df-085a-0cf4a806d70d
2019-10-15 12:17:14 UTC,view,5742415,1487580009051717646,,,34.9,535561294,6c7a9c97-90a8-4561-8f18-d654433a867a
2019-10-15 12:28:36 UTC,view,5768786,1487580007432717250,,,4.6,377505517,31a6bf8d-f62c-491f-9b85-83972e81b1a5
2019-10-15 12:43:55 UTC,remove_from_cart,5773594,1487580005092295511,,haruyama,3.97,476711792,6714497c-8be0-4e46-abc5-eaf1e9a7eef6
2019-10-15 12:50:14 UTC,remove_from_cart,5587658,1487580008145748965,,roubloff,2.52,379944562,508a105e-85a2-4d86-89f1-c5a71855c558
2019-10-15 12:56:26 UTC,cart,5833680,1605161575889502297,,,3.1,528842271,37bd9e85-34de-41b4-a3d7-669aae9d3a83
2019-10-15 14:39:15 UTC,view,5816175,1602943681873052386,,grattol,5.24,460874134,e7c76ad2-e8a2-45e7-9038-7581ad7d0b63
2019-10-15 14:55:32 UTC,view,5804265,1487580005411062629,,cnd,14.13,480443579,2f5fbcf2-5359-4b36-8d71-5a089c1b2a35
2019-10-15 14:58:32 UTC,view,5693580,1487580013841613016,,estel,5.24,407389821,e0756034-f75d-2a3c-f93f-f6d1c39ee4ef
2019-10-15 15:07:51 UTC,purchase,5795703,1487580005268456287,,,10.95,457744211,b53ab7ce-5b36-4145-90b0-66efa14d1285
2019-10-15 15:10:43 UTC,view,5731469,1487580004916134735,,,6.35,560511582,e303af15-bc7e-4fde-9bb2-37b40d8a817b
2019-10-15 15:14:44 UTC,view,5635118,1487580005754995573,,,4.44,508984995,c024fd53-7ad0-4d4e-8ecf-3f4647069688
2019-10-15 15:55:48 UTC,remove_from_cart,5783000,1638456119066100510,,pole,3.7,560267222,22911a22-2498-4585-b3ca-9bf3e3ca45b6
2019-10-15 16:19:07 UTC,cart,5802647,1487580005754995573,,,4.44,560548343,0e85e882-9928-402e-b37b-12860c4c54ba
2019-10-15 16:27:52 UTC,view,5885417,1487580005092295511,,grattol,6.27,546874700,4aaf8465-c91a-4bc7-a861-67bab61cd42a
2019-10-15 16:31:39 UTC,view,5568204,1487580005754995573,,,4.75,407414837,7cce6774-1fee-4d15-98c9-7588aa69e78d
2019-10-15 16:46:16 UTC,view,5732016,1487580007281722301,,domix,4.9,533885589,a54d1fa8-42cc-4168-bccc-4ca1c30121ef
2019-10-15 17:07:37 UTC,cart,5727766,1487580005008409427,,f.o.x,4.83,559936491,6a482049-43ef-4552-9db1-5b5d148224d0
2019-10-15 17:08:11 UTC,view,5635117,1487580005754995573,,,4.44,559133591,1f0b1149-6815-f874-123f-a4a80144ce45
2019-10-15 17:11:03 UTC,view,5870378,1487580007675986893,,,1.75,504581775,de2bbd6c-2341-4db5-8080-5bbf1a82e7ba
2019-10-15 17:24:28 UTC,cart,5857362,1487580008145748965,,runail,1.51,240468807,ecff9039-b29b-425d-ba45-1318b05be226
2019-10-15 17:57:30 UTC,remove_from_cart,5814533,1487580006895846315,,runail,6.27,374069349,e2568e69-f201-489a-9f98-4e6d0bce553b
2019-10-15 18:06:31 UTC,cart,5753480,1487580013069861041,,italwax,2.68,544134860,a7293a5d-5c56-4e51-8ae3-69dfc8c3a5e5
2019-10-15 18:19:13 UTC,view,5774248,2193074740619379535,furniture.living_room.cabinet,,79.35,510018478,5f6ffdd0-2061-4a6d-9970-226af12de3bd
2019-10-15 19:10:43 UTC,remove_from_cart,5688124,1487580009311764506,,,0.32,469467428,9c4f99c4-6a04-ec36-c943-cf480f971cea
2019-10-15 19:18:23 UTC,view,5700067,1487580012902088873,,runail,23.02,560604641,4592816c-87b9-4370-84bd-5c6203fd2a41
2019-10-15 19:38:41 UTC,remove_from_cart,5854812,1602943681873052386,,grattol,5.24,556522610,ab36e83c-e1db-47f2-9dc2-a499f1e7bd25
2019-10-15 19:44:10 UTC,view,5861116,1487580009605365797,,,0.27,384555895,61163222-c4ed-42a1-8e91-fa3ecfacd54b
2019-10-15 19:47:47 UTC,remove_from_cart,5731396,1487580004916134735,,,4.44,462142543,611cf594-ff94-41a6-9278-ec1ef8180158
2019-10-15 19:51:20 UTC,remove_from_cart,5672063,1487580005713052531,,ingarden,4.44,558213320,12971189-19ac-4c8d-93bf-ec78c026b076
2019-10-15 19:53:53 UTC,view,5861762,1487580006350586771,appliances.environment.vacuum,emil,93.65,560614488,66970093-8233-4af9-959a-6fd45f72edf1
2019-10-15 20:17:12 UTC,view,5866964,1487580009051717646,,sunuv,46.03,531408962,e1b72354-5e09-4255-bc3c-9251315dd9af
2019-10-15 20:22:15 UTC,view,5815090,1487580005461394279,,bluesky,3.97,560601974,48b1afe3-2699-463b-96a5-2a56d98e101b
2019-10-15 20:44:41 UTC,remove_from_cart,5816554,1487580005553668971,,,7.46,548493690,2b035f21-7de3-45f8-a49c-16eac4f0048b
2019-10-15 21:09:33 UTC,cart,5889300,1487580007306888126,,,3.33,547159689,dccbb273-3de8-4bb2-84c8-d94dbb39050e
2019-10-15 21:23:39 UTC,remove_from_cart,5849033,1487580005092295511,,uno,10.32,465207217,2400b976-31f8-418a-88c8-7c822e4a5b7c
2019-10-15 22:29:37 UTC,view,5850281,1487580006300255120,,marathon,137.78,560641789,299c6331-4fd9-4ff0-a6e1-85aea6e2406b
2019-10-16 01:35:46 UTC,remove_from_cart,34763,1487580006317032337,,runail,1.27,550815453,da229abe-cc38-42df-a116-845515269518
2019-10-16 03:28:05 UTC,view,5879287,1487580008607122425,,masura,5.54,559889194,044a2f65-8568-439d-9439-e3868268dc7f
2019-10-16 04:54:54 UTC,view,5855282,2195085255034011676,,severina,1.73,560696927,44103e52-62a8-4494-acdd-cf1407888c58
2019-10-16 06:18:38 UTC,remove_from_cart,5851984,1511892746070131099,,uno,9.37,511205758,8554edce-2df4-4e93-9327-b024707fcd28
2019-10-16 06:23:07 UTC,view,5738762,1783999067156644376,,kapous,5.22,560705798,53a21902-885a-4c75-a446-ffc1da05b995
2019-10-16 06:32:33 UTC,view,5868410,1487580008984608779,,solomeya,55.56,551792782,42ca5871-2259-4850-8245-8838bfb89562
2019-10-16 06:47:19 UTC,cart,5856825,1783999073792033086,,,4.67,560727528,0598bff5-35b0-4f77-9e0a-1be7f05d307d
2019-10-16 07:08:31 UTC,cart,4600,1487580010796548183,,runail,0.38,238765154,212820f5-50d2-42cf-b4da-438bec258f3c
2019-10-16 07:10:02 UTC,view,5855561,2141560642253881670,,,3.43,560051073,5801a2f8-71f6-dcd5-28f2-ebc87c722202
2019-10-16 07:25:28 UTC,view,5866964,1487580009051717646,,sunuv,46.03,560725675,29f6def6-2176-44a2-bc1f-0ad840a54bb9
2019-10-16 08:14:15 UTC,purchase,5804184,1487580004857414477,,lianail,5.54,454835495,48a058bf-ad44-4bc7-97e4-0d0811a5802d
2019-10-16 08:31:24 UTC,cart,5779819,1638456119066100510,,pole,4.11,557397560,3ba3bebf-3cda-eb4c-0347-113ce078c24f
2019-10-16 08:46:38 UTC,purchase,59983,1487580009227878422,,,7.78,415848868,beb5716b-0c3c-4f70-8f27-2c2df3df65b2
2019-10-16 09:46:14 UTC,remove_from_cart,5787008,1487580006644188066,,,6.33,509574835,d92f8e95-bf50-4c82-8c60-d7852a96b2f1
2019-10-16 10:02:29 UTC,remove_from_cart,5848387,1752742615205281895,,severina,1.06,559852142,5543bca7-8fd9-4c67-b115-558130b7c1bb
2019-10-16 11:01:55 UTC,purchase,5763933,1487580005671109489,,masura,15.54,560806832,f15bd523-a74b-4b86-837f-d0770b3aa9e1
2019-10-16 11:05:00 UTC,view,5853699,1487580007172670392,,masura,3.95,366470586,17008642-7c0b-4ac4-8a5c-8b418fbc80e3
2019-10-16 11:18:06 UTC,view,5861999,1487580010695884882,accessories.bag,,46.02,395314972,17ff8005-2725-4c6b-932a-240b6b9fad02
2019-10-16 11:44:55 UTC,cart,5677244,1487580009143992338,,estel,8.89,560824945,81d203f0-82bb-42e5-b394-603fa7639e85
2019-10-16 11:52:20 UTC,view,5884355,1487580010561667147,,oniq,10.32,226771948,62afcc48-37ba-4054-b4da-22ae89d6ee26
2019-10-16 12:07:08 UTC,remove_from_cart,5802437,2151191070984110951,,,4.92,560842784,68508394-9258-4c47-855e-d181ff4ecdcd
2019-10-16 12:15:15 UTC,view,5786834,1783999068909863670,,smart,4.76,560111020,17954b73-48fb-4b8b-80a8-2a2c160ed90b
2019-10-16 12:29:09 UTC,cart,5884341,1487580010628776014,,oniq,5.56,560845873,7e79d9b7-3bf6-4608-bc41-fd924c3ea45a
2019-10-16 13:00:28 UTC,cart,5861891,1487580011652186237,,lebelage,3.75,390342372,f0ba0c16-bcf7-4d82-a950-64a520c0ab06
2019-10-16 13:52:31 UTC,cart,5859188,1487580007432717250,,,2.19,560879096,69299722-c1bf-497a-a030-ab02188e13e7
2019-10-16 13:54:24 UTC,view,5818971,1819693959081886239,,kinetics,6.51,560880050,427c89ef-60c0-4502-b2f8-95a943cd3661
2019-10-16 13:57:05 UTC,view,5823937,1487580006350586771,appliances.environment.vacuum,polarus,94.44,560884763,90aab325-2db5-429f-8e56-4c495fff77d3
2019-10-16 14:00:37 UTC,view,5846437,1487580013950664926,,browxenna,45.24,545330591,bd95a45c-a4c7-45a8-b049-a509e4d84a0e
2019-10-16 14:04:56 UTC,cart,5754898,1487580005092295511,,,4.76,522435524,0d099f74-ec95-4586-9eae-bd9acfd696d5
2019-10-16 14:12:35 UTC,cart,5797132,1487580005754995573,,,4.44,544464275,5b8f939e-2d96-4ead-9190-65d36e0308d3
2019-10-16 14:20:16 UTC,remove_from_cart,5809616,1487580005595612013,,,3.02,558087901,aab37839-a9ac-409d-a19a-4059eb972578
2019-10-16 14:30:31 UTC,remove_from_cart,5564050,1487580005713052531,,ingarden,4.44,558087901,aab37839-a9ac-409d-a19a-4059eb972578
2019-10-16 14:36:35 UTC,cart,5836843,1487580009261432856,,pnb,0.71,404504539,bb1fc936-13a0-49eb-bedc-129017695bc1
2019-10-16 14:59:59 UTC,remove_from_cart,5843572,1783999071199952917,,,0.38,378471818,698caff5-9792-481c-8acd-3efda607cc3c
2019-10-16 15:00:43 UTC,view,5704412,1487580008246412266,,estel,11.57,527356202,2c7099dd-8554-4964-b843-5895a52aeffb
2019-10-16 15:18:50 UTC,remove_from_cart,5817690,1487580010872045658,,,0.79,469297773,ee041c1d-58f3-4577-a88d-a84c0b666a58
2019-10-16 15:52:33 UTC,view,5768044,1487580007659209676,,ingarden,1.27,481101797,77051596-905c-49c3-a165-9c95a62e5aa7
2019-10-16 15:54:01 UTC,cart,5819229,1487580005713052531,,ingarden,4.44,558062962,b2314fc5-2a2d-4d50-827f-56f3a91a5bd8
2019-10-16 16:16:25 UTC,view,5870652,1487580006451250072,,airnails,1.43,511779409,56c92730-a8ad-4da9-91cf-1d71989ffeef
2019-10-16 16:27:39 UTC,remove_from_cart,5712808,1487580008112194531,,jaguar,2.38,551765755,c77520f0-ed09-47b0-ac70-30ced9bc2a9a
2019-10-16 16:38:12 UTC,remove_from_cart,4591,1487580007483048900,,runail,5.95,538215046,8ed19843-167c-41a2-8cfb-f01fe8081e95
2019-10-16 16:44:41 UTC,remove_from_cart,5833323,1487580007675986893,,bpw.style,0.79,436502447,bf08244c-f974-41c2-9630-26160d7b859f
2019-10-16 17:22:42 UTC,remove_from_cart,5788128,1487580005754995573,,,4.92,544464275,70999d53-3f5b-4f59-99e7-1c3f63dacc14
2019-10-16 18:08:57 UTC,view,5740531,1487580005671109489,,masura,3.95,400964136,bd3eddd1-76fd-4a92-b872-6e147c35f6eb
2019-10-16 18:12:51 UTC,view,5739493,1487580012927254698,,,5.87,553112752,5ceceea1-b8fd-4f89-9e9c-df38439ea421
2019-10-16 19:15:15 UTC,remove_from_cart,5708582,1487580005511725929,,,4.27,536682451,691de398-725b-4a4c-bb43-89c0cdf10b0e
2019-10-16 19:30:47 UTC,cart,5844301,1487580006317032337,,,1.57,551902881,fd023820-f9e5-42dc-a87a-eb6cef64bf99
2019-10-16 20:01:14 UTC,cart,5751422,1487580005268456287,,uno,10.95,560994645,679a705c-fdfd-488a-96f8-b3239160044d
2019-10-16 20:46:23 UTC,view,5859276,1487580010662330448,,almea,31.59,561002689,a0191251-b0bb-4e11-9558-394f1f48eb55
2019-10-16 21:54:39 UTC,view,5875776,2084144451428549153,,,2.05,333483903,505480b8-cc0d-4533-9c5c-6e23012cb309
2019-10-16 21:55:58 UTC,cart,5823539,1487580004916134735,,,5.22,235725076,50e6333c-32d9-4bf3-bfa8-f519cc46f5d6
2019-10-16 22:51:10 UTC,view,5849033,1487580005092295511,,uno,10.32,353157398,8a12e31d-e1ee-4cc0-9423-e84c73adcd7f
2019-10-17 02:55:59 UTC,view,26760,1487580013506068678,,ardell,4.97,561050939,07da8e86-f72b-4f99-abc5-b35f7c427243
2019-10-17 04:28:18 UTC,remove_from_cart,11565,1487580006132482952,,entity,6.79,435289288,566c62d8-a8af-4421-b60b-cfb89c14857e
2019-10-17 04:31:06 UTC,remove_from_cart,35360,1487580012784648356,,,9.27,435289288,566c62d8-a8af-4421-b60b-cfb89c14857e
2019-10-17 05:14:49 UTC,cart,5885389,1487580007675986893,,bpw.style,1.27,509512181,bbeabf5b-7880-49d6-bad6-65b5929ff431
2019-10-17 05:37:38 UTC,remove_from_cart,5810900,1487580008263189483,,,8.03,318517350,838ce17e-fc8c-4bae-becc-1ba11d9f3879
2019-10-17 06:00:06 UTC,view,5715617,1487580006300255120,,,72.22,561089783,aeaa5656-60d5-453f-8734-3c10d38c315b
2019-10-17 06:33:13 UTC,cart,5770050,1487580013841613016,,kapous,2.81,561099164,bff506ff-1260-4eb4-b2d2-edba375c9b0c
2019-10-17 06:39:59 UTC,remove_from_cart,5875758,2084144451428549153,,,2.05,523251408,9c6d8066-40ea-40a7-b698-9aec4e78f1a9
2019-10-17 06:49:42 UTC,remove_from_cart,5635124,1487580005754995573,,,4.44,535746970,52987108-02e5-4247-99ef-8552b2aa4074
2019-10-17 07:08:31 UTC,view,5856186,1487580006300255120,,runail,75.4,390806571,dc4ec0dd-9feb-45db-9670-f04051860044
2019-10-17 07:20:11 UTC,view,5877603,1487580007675986893,,bpw.style,1.27,535857300,91970feb-93ab-4c8b-80b2-709c28b94636
2019-10-17 07:27:38 UTC,view,5769938,1487580013858390233,,kapous,3.06,561115061,0cec753d-96f7-4087-8bdb-039d770b2a96
2019-10-17 07:36:46 UTC,view,5619862,1487580006895846315,,runail,5.32,561113349,3def1beb-2f1c-4e43-b231-c7b7b3b46f77
2019-10-17 07:56:35 UTC,view,5690995,1487580007432717250,,bluesky,3.49,561077213,d9650520-2c16-4d87-8ec4-7bc5b6f46715
2019-10-17 08:01:37 UTC,view,5816535,1487580005553668971,,,7.46,392185986,6da385ff-dbe6-d510-1c0e-5fbbe20eaff6
2019-10-17 08:03:13 UTC,view,5635073,1487580005754995573,,,4.44,560931939,ad983d8e-4967-4f1f-31fa-3905da8c7d4e
2019-10-17 08:17:31 UTC,view,5686925,1487580009311764506,,,0.35,524854565,5569dc7c-47c6-4efc-81cb-8585acca4653
2019-10-17 08:23:26 UTC,view,5687152,1487580010645553231,,,15.86,492271079,7a4b0027-f362-4fb6-9bae-da8b14b2eba0
2019-10-17 08:51:33 UTC,remove_from_cart,5771964,1487580013522845895,,,0.95,456723436,303ce228-10de-4287-986d-ae4ae077b841
2019-10-17 08:59:49 UTC,cart,5846366,1487580013841613016,,,4.14,560461779,3c4cec95-bd46-47ae-8fa0-7d98a5ace317
2019-10-17 09:02:34 UTC,view,5869536,1783999072332415142,,neoleor,43.41,549877900,a47a2d53-4110-444d-a2a1-641e1ca1de58
2019-10-17 09:09:17 UTC,view,5811599,1487580005528503146,,pnb,5.24,508984995,8356a11e-3bf1-43d9-b477-f0f15eff34a1
2019-10-17 09:25:50 UTC,cart,5892290,1487580013279576251,,shik,10.32,561140914,59771274-562a-424c-a1c8-6afcc6a2c585
2019-10-17 10:10:55 UTC,view,5732017,1487580007281722301,,domix,3.81,366035270,1cb0c403-82ed-471b-88f5-90aff36d2e59
2019-10-17 10:37:33 UTC,cart,5736283,1487580007281722301,,severina,5.0,547275890,38c014d8-987f-4766-947c-6e965984f9c2
2019-10-17 10:40:16 UTC,view,5682468,1487580007910867929,,zinger,19.21,233888352,daf6f284-cd85-43e8-9f38-90fb291b6b35
2019-10-17 10:43:53 UTC,cart,5697533,1487580008145748965,,roubloff,4.21,523952486,1881e261-8f97-4aef-8e8c-3699e0144d28
2019-10-17 11:04:41 UTC,view,5770024,1487580013841613016,,kapous,2.81,494679095,9b9b19af-4723-c96e-c6af-4c6626a17aab
2019-10-17 11:22:13 UTC,cart,5894232,2151191059751764547,,cristalinas,4.75,561188656,bb6f9c69-64cd-4962-a4f2-a3e3ab9695e1
2019-10-17 11:42:10 UTC,cart,5826988,1487580005671109489,,masura,1.73,367636345,7544515d-896e-4cab-aa4d-bfb83fd77675
2019-10-17 11:48:55 UTC,remove_from_cart,5857267,1487580005134238553,,runail,2.62,529612052,3abddf26-f1d4-4739-b7e0-ae41405bf20c
2019-10-17 12:09:15 UTC,remove_from_cart,5867966,1487580005671109489,,masura,1.73,521359649,f2c683ae-e0c1-4b19-8444-cbf8d5855f29
2019-10-17 12:29:56 UTC,view,5896332,1487580011702517887,,,0.0,318517350,a889f3a1-2ac4-dfc2-ee1c-31bf226d22d8
2019-10-17 12:30:20 UTC,cart,5867185,1487580007910867929,,staleks,11.43,457640581,65dbb2e5-a368-4375-be63-6ee5fe21ae3d
2019-10-17 12:36:20 UTC,view,5891156,1487580007952810971,,metzger,10.95,447444722,7764ac95-0981-45b1-a801-ee9edfadf762
2019-10-17 12:53:08 UTC,cart,5847863,1487580006317032337,,,9.52,417965169,86059073-f757-49c1-bdae-1ecc7f15a57e
2019-10-17 12:56:56 UTC,cart,5686079,1487580008145748965,,,0.51,493788513,caef3327-e16b-4b79-8a80-07365e84fac9
2019-10-17 13:13:32 UTC,cart,5836156,1487580008246412266,,,4.76,509857519,92a2a534-5547-4f36-baf7-8dca1e12671b
2019-10-17 13:18:55 UTC,cart,5760334,1487580009286598681,,zinger,0.44,389956835,6d37eef1-f9ec-43b5-b4fd-49a39e8c1d5e
2019-10-17 13:19:45 UTC,remove_from_cart,5710585,2140803113261466607,,irisk,1.43,561149221,39aff5c7-40ad-4089-91cd-36eadaaaf77f
2019-10-17 13:41:45 UTC,purchase,5877915,1487580007575323592,,freedecor,1.27,475107397,e2e53de9-c675-41b2-829a-944a6bd6ef97
2019-10-17 14:06:10 UTC,view,5827650,1487580013841613016,,kaaral,3.14,561230204,924c01be-3bf1-43b5-ac87-6a1fe5ab232d
2019-10-17 14:15:27 UTC,remove_from_cart,5855510,1487580006350586771,appliances.environment.vacuum,max,95.08,557313605,36ff64a2-776a-57a8-e7e3-a89988499150
2019-10-17 14:27:47 UTC,remove_from_cart,5853712,1487580009286598681,,runail,2.06,560218329,4c9bab7a-4e5b-cc8e-5d21-61583872417b
2019-10-17 14:31:13 UTC,remove_from_cart,5815730,1487580005092295511,,,10.95,271227434,92edcfe4-2384-433b-9f89-5855a534e40d
2019-10-17 14:39:47 UTC,view,5885378,1487580007675986893,,bpw.style,1.9,442925551,7b1e1ac3-8314-486b-a2a6-19a01c34c0bf
2019-10-17 16:28:30 UTC,cart,72424,1487580011585077370,,skinlite,1.43,561282479,b1073bea-48ca-4515-ae3c-c88dc385aa24
2019-10-17 16:30:47 UTC,cart,5781349,1638456119066100510,,pole,4.11,256615259,a43d747c-8e09-4f9c-8728-b05f799508b1
2019-10-17 16:33:09 UTC,view,5861303,1487580008145748965,,,1.75,554830607,ea34627a-994c-4cb8-a0b1-dd9a211eb15e
2019-10-17 16:35:40 UTC,view,5805749,1487580005411062629,,cnd,19.37,552516556,962d9027-aaf4-4bd5-8d88-b68951577f36
2019-10-17 16:42:20 UTC,remove_from_cart,5747148,1487580005595612013,,,3.33,554123615,2d211f74-c084-4120-93cb-962e8883bb52
2019-10-17 16:47:48 UTC,remove_from_cart,5695546,1487580006317032337,,,1.27,557115061,be4db19a-9168-4928-8dee-876bb73beac2
2019-10-17 16:54:21 UTC,view,5896178,1487580004916134735,,,0.0,91136858,1f9cbd51-1edf-4100-a3e8-8937f5843fe2
2019-10-17 17:23:20 UTC,view,5697020,1487580005754995573,,,4.44,429725303,d184bc95-67c8-42d4-aeb6-6f68c2b55f06
2019-10-17 17:44:20 UTC,cart,5550122,1487580005595612013,,,3.0,466443141,15dcc911-44a2-4aef-b04d-6c948f276f8f
2019-10-17 17:52:56 UTC,view,5687152,1487580010645553231,,,15.86,491218400,aeefb135-ff4b-4720-a4bb-4923d1d15e18
2019-10-17 18:05:48 UTC,cart,5774871,1487580005671109489,,masura,1.73,561307670,cabb0159-7dbe-4567-9871-647de9465a54
2019-10-17 18:41:05 UTC,cart,5857323,1487580005134238553,,runail,2.62,389802010,24cd1f45-80e1-4a64-b9ef-4344d763fc47
2019-10-17 18:46:57 UTC,view,5678035,1487580010217734204,,estel,5.4,561327622,f9127956-6d08-473b-84bd-4f21adeee17b
2019-10-17 18:47:07 UTC,view,5852633,1487580005092295511,,,3.81,391452964,f41e0191-e387-4078-93ab-47e4fa3b0387
2019-10-17 18:47:18 UTC,purchase,5549786,1487580005595612013,,,3.0,524446845,c4def25e-43ea-4c32-8b2f-cba2816f1956
2019-10-17 18:54:16 UTC,remove_from_cart,5838936,1487580005713052531,,ingarden,4.44,323471354,083005a8-3733-4d80-b5e9-2d2c2d607b2f
2019-10-17 18:54:44 UTC,cart,5869312,1783999072407912622,,siberina,5.78,525930483,3ec0cdf8-b9e9-41f7-a512-185206a228a8
2019-10-17 19:38:37 UTC,view,5739024,1487580013841613016,,concept,2.29,541908627,2c2194fa-6191-483d-ab60-fd1b818d1cbb
2019-10-17 19:43:16 UTC,view,5809728,1487580005092295511,,uno,17.46,558753977,f619b638-2f80-45b5-b32b-30077f983978
2019-10-17 19:53:20 UTC,remove_from_cart,5836837,1487580011996119176,,pnb,6.67,405220740,95fefc5a-053a-4d34-a20f-5901f5da5935
2019-10-17 20:40:21 UTC,remove_from_cart,5887565,1487580005595612013,,,3.0,277613176,48470dbd-7e6a-4779-8679-3a30d70c83c2
2019-10-17 23:53:39 UTC,view,5753479,1487580013069861041,,italwax,2.68,404428103,e56f5721-87c5-4328-a3f8-c90dd5b51ea5
2019-10-18 00:17:29 UTC,purchase,5732038,1487580011786403970,,domix,2.57,543949333,d7f6251b-0c62-4b57-a60f-0ce056f88fa3
2019-10-18 00:20:28 UTC,view,5877453,1487580006300255120,,jessnail,54.29,525789615,0aecf57f-5410-42b8-8d25-4217183599a0
2019-10-18 02:48:09 UTC,view,5879279,1891434214553813877,,masura,3.95,462185907,fa196292-ce68-47fa-921f-51fbf870afe7
2019-10-18 03:13:43 UTC,view,5887575,1487580005595612013,,,3.0,539958624,55125500-c6d9-4b20-96d5-c9bd195eec0e
2019-10-18 05:22:09 UTC,remove_from_cart,5857769,1783999067156644376,,,1.57,557509360,7530fdb7-2c61-4222-8ead-83154992b519
2019-10-18 05:32:33 UTC,cart,45523,1487580005713052531,,ingarden,4.44,560187895,aa2aa622-d114-427b-85da-59a154cc7e8a
2019-10-18 07:13:00 UTC,view,5781948,1487580012927254698,,,25.24,561458448,168725ec-954f-4c1a-92b7-91d81ccf522b
2019-10-18 07:41:48 UTC,view,5692848,1487580013841613016,,estel,5.79,307238026,981fed9a-8f5a-4d37-90e9-70d8994bb7c8
2019-10-18 07:44:30 UTC,cart,5850353,1597770225539875791,,bioaqua,7.76,549498275,f6624d45-e807-4e44-b10f-8cad714e0630
2019-10-18 07:57:48 UTC,view,5699801,1487580005268456287,,runail,6.11,488376306,6582617c-f949-422e-9412-69274b90aaae
2019-10-18 08:09:47 UTC,remove_from_cart,5542266,1487580005411062629,,cnd,16.03,548145921,478a588b-0013-4b8a-9c00-ec9049a87937
2019-10-18 08:28:22 UTC,remove_from_cart,5700167,1487580009286598681,,,0.54,557291146,72b3b4e0-8c20-4e24-95cb-7924f871417f
2019-10-18 08:38:53 UTC,cart,5759173,1487580013069861041,,irisk,2.86,561468987,ed0ebfd0-fc0e-45da-b18c-de0e0e08d8dd
2019-10-18 08:42:49 UTC,remove_from_cart,5861327,1487580008145748965,,,0.73,561474759,d4ee4811-1d46-41dc-a957-4eb311a3086f
2019-10-18 08:47:58 UTC,view,5857864,1487580011627020412,,levrana,9.21,556839069,b0c0a482-cf6c-4caf-894b-a868b350885e
2019-10-18 09:03:35 UTC,view,5875677,1487580009471148064,,irisk,2.78,500180216,f4cb6a19-bbe2-49ed-bc69-7c1dd07dd112
2019-10-18 09:08:36 UTC,view,5830546,1487580005671109489,,masura,1.73,511444281,8584ff86-e101-42c5-a429-61011a93386e
2019-10-18 09:51:52 UTC,view,5864891,2055368408169447599,,kiss,2.84,561508037,bc8cdb7b-82b0-4325-90fc-f00bcceec552
2019-10-18 09:55:36 UTC,view,5811763,1487580005092295511,,pnb,5.49,560990088,8e57f090-75b5-4376-8e3a-cac9a1694e5d
2019-10-18 10:34:37 UTC,cart,5635116,1487580005754995573,,,4.44,334728299,f1960fb9-b330-4de9-818a-cc6d0ca8429f
2019-10-18 10:41:32 UTC,cart,5529096,1487580013027917999,,,1.83,533267875,579f389b-220c-4af2-9754-aa5481ab38d4
2019-10-18 11:04:02 UTC,remove_from_cart,5810673,1487580013069861041,,italwax,10.32,510965183,47ccf7d6-fd7d-455a-b72e-c99546ee4679
2019-10-18 11:28:28 UTC,view,5823780,1487580013749338323,,estel,2.38,561481527,79cdf36b-e956-420d-852b-a682056e95a3
2019-10-18 11:38:25 UTC,view,5850472,1487580012994363565,,bioaqua,7.78,542766232,c6e40f8f-65a0-4cbe-a7f4-9e98b2c0619c
2019-10-18 12:30:40 UTC,remove_from_cart,5797138,1487580005754995573,,,4.44,441439697,99420777-ec41-4469-b510-0d6592b5bb85
2019-10-18 13:25:39 UTC,purchase,5802539,1526733091857498510,,,7.14,505386754,dd6235f5-e34d-4be7-ad12-7d866111ef01
2019-10-18 13:58:07 UTC,cart,5790689,1487580009445982239,,nitrimax,3.97,561562526,c27f6752-3b7f-4fc5-b00a-be1805dd0983
2019-10-18 14:36:25 UTC,cart,5858980,1487580007634043851,,de.lux,0.79,561597432,ba3004f7-f636-4690-aaaa-3b302f1e1e89
2019-10-18 14:39:17 UTC,view,5809162,1487580005411062629,,cnd,14.13,464787031,e187f9ff-f8d3-4e12-9e9b-15fd4fe5ee52
2019-10-18 15:02:31 UTC,remove_from_cart,5804599,1487580005461394279,,bluesky,3.97,561601841,57b42da6-de12-4d2a-a659-b84f7a07ee69
2019-10-18 15:11:27 UTC,view,5649236,1487580008246412266,,concept,8.65,549587470,48d3cfde-4813-4b98-8bed-98a335160d7c
2019-10-18 15:56:00 UTC,remove_from_cart,5586026,1487580009362096156,,,1.43,546843056,b2188b42-9a8e-481a-8d20-373f2c4f9cbb
2019-10-18 16:26:47 UTC,view,5743913,1487580011652186237,,,3.97,561571198,be6a43e5-ce60-4b65-a2b5-7ff96cfbbed7
2019-10-18 17:05:31 UTC,cart,5848302,1487580005595612013,,,3.0,561648590,c0e1b3bf-9320-4895-b867-d5a65a572e42
2019-10-18 17:13:20 UTC,cart,7681,1487580009227878422,,runail,4.44,544512140,b0603768-2598-42c8-a05e-8266fddc3c15
2019-10-18 17:23:17 UTC,cart,5695950,1487580007575323592,,,1.43,468921104,e68f7540-2d48-46ac-a9de-c9d0c7e4bf2a
2019-10-18 17:39:52 UTC,purchase,5809785,1487580005268456287,,,15.84,472239119,b56a409c-7fa4-b1c7-26d4-9d81e92d946b
2019-10-18 17:57:48 UTC,cart,5868881,2018395024110125980,,,9.84,509160476,b10969e8-6609-4ff7-8906-fd71d76f4831
2019-10-18 18:17:33 UTC,view,5819637,1487580008162526182,,grattol,23.02,559206563,bb4eadbc-8762-4fea-94db-c1fef2f86fef
2019-10-18 18:40:36 UTC,cart,5861278,1487580006317032337,,,19.63,202009202,002c730e-ccc5-43d0-a00c-ebdb7c95e6d6
2019-10-18 19:19:24 UTC,remove_from_cart,5811668,1487580005427839846,,irisk,2.48,388293104,54e85db7-8e59-4761-b096-49624ba2a8e1
2019-10-18 19:23:42 UTC,view,5869456,1487580011534745720,,siberina,1.71,464922969,f7755f0e-bb45-41a6-ac5d-d6d94962bc17
2019-10-18 19:28:40 UTC,remove_from_cart,5847870,1487580006317032337,,,1.9,551543962,6eb70e39-5663-4ab8-a107-b1b52cca411f
2019-10-18 19:31:42 UTC,view,5854293,1487580005268456287,,lianail,7.92,561683012,659cc307-bc72-4c2d-a983-2213d5507274
2019-10-18 19:37:30 UTC,view,5729012,1487580008758116352,,cnd,10.0,561692532,0e8f261c-4cda-449e-a759-5dc2b8c5af72
2019-10-18 20:08:18 UTC,remove_from_cart,5877900,1487580007575323592,,freedecor,1.27,467737484,2ce18d63-3de0-4370-ba63-1890b829a16e
2019-10-18 20:17:00 UTC,cart,5843638,1487580005008409427,,f.o.x,6.03,559907859,6ec0d4e9-8b6b-466a-b67d-15298c5feaa1
2019-10-18 20:19:08 UTC,cart,5714144,1487580009286598681,,,0.67,561698961,d37d5190-9256-4b30-80fb-d27d4e223a65
2019-10-18 20:36:39 UTC,remove_from_cart,5854827,1602943681873052386,,grattol,5.24,416647660,affce986-5662-46bf-8071-c0dda13252da
2019-10-18 20:51:27 UTC,remove_from_cart,5812620,1487580008447738866,,cnd,10.0,432343527,cbef7c14-4912-478e-a191-efc26ebf6189
2019-10-18 21:08:58 UTC,view,5803508,1487580011652186237,,,13.17,542170494,cf1a6ef0-ce1f-b954-1e7e-fdd4222a6f9a
2019-10-18 21:14:02 UTC,purchase,6941,1487580006895846315,,runail,4.71,561700094,142e7e7d-cba6-4396-ace2-db04781e9cde
2019-10-18 22:36:58 UTC,view,5857359,1487580008145748965,,runail,1.51,349297630,ab067e52-f509-4791-8d39-211cf1adc644
2019-10-19 00:04:21 UTC,cart,5782945,1638456119066100510,,pole,4.11,535348598,ee535373-9e3a-464a-a817-3c7800a579bc
2019-10-19 00:05:59 UTC,view,5888089,1487580013388628160,,shik,16.67,522693263,5c50a4ed-7ae8-48c9-a866-d5f0eb58fa2f
2019-10-19 00:36:54 UTC,cart,5858562,1658462125284131265,,uskusi,3.43,452604456,22c8d54c-e58e-4c1b-ba36-491eb2b0d1f3
2019-10-19 01:54:18 UTC,cart,5887733,1487580013279576251,,,2.49,452395838,473428ed-b9d1-9157-8adc-f993399d0e9c
2019-10-19 02:39:38 UTC,remove_from_cart,5658567,1487580005268456287,,,5.08,473307140,cecf95a7-8d3f-4cd4-a32b-4dfaf3069fb2
2019-10-19 03:49:06 UTC,cart,5839290,1937169073007756269,,lovely,9.37,513933417,b72860f8-ccbc-4ba3-a393-54b2637a23e8
2019-10-19 04:45:44 UTC,remove_from_cart,5615144,1487580005092295511,,,4.76,555605334,b9f30d3d-7fbf-4e0d-93d1-6f51bf7cec37
2019-10-19 07:22:09 UTC,cart,5549822,1487580005595612013,,,3.0,561810454,be321417-ecef-434e-864c-ce60d4b8ec03
2019-10-19 07:24:53 UTC,cart,5851222,1525995662934540829,,,6.35,432172475,9c31e7f5-8522-4e22-8e62-d17e97c44256
2019-10-19 07:36:30 UTC,remove_from_cart,5550302,2195085255034011676,,,1.21,561810454,be321417-ecef-434e-864c-ce60d4b8ec03
2019-10-19 08:35:57 UTC,purchase,5784983,2195085255034011676,,severina,1.24,502855380,80e7e14f-187e-48d3-be87-b722b65050ea
2019-10-19 09:27:30 UTC,remove_from_cart,5820765,1487580006317032337,,,11.11,556930860,0a57e90f-4f4a-4400-a5cb-2d6159f18d7b
2019-10-19 09:36:01 UTC,cart,5677015,1487580008246412266,,estel,4.29,539389149,10dc82b4-ebef-4fd3-970f-75fc1039c3ea
2019-10-19 09:43:50 UTC,cart,5816166,1602943681873052386,,grattol,5.24,550766135,7ed72f96-0512-4d7f-a54a-d01dc779ed24
2019-10-19 09:44:52 UTC,view,5528035,1487580005553668971,,,9.52,554954688,4f1f7da6-0d5f-4b9f-b6b2-67f1748632f9
2019-10-19 09:47:07 UTC,view,5885195,2069804417665728971,,cosmoprofi,5.56,364052897,e0a60d65-481b-4590-92cf-49ed3ec557c4
2019-10-19 10:12:14 UTC,view,5824227,1487580013539623112,,,13.49,554171251,a36eb579-6c2f-4636-8d00-f61101c0caa3
2019-10-19 10:49:07 UTC,view,5818392,1487580007675986893,,bpw.style,1.59,561873369,b663e761-1612-41fa-a128-ba2c85cf5cd6
2019-10-19 11:01:17 UTC,view,5823474,1487580004916134735,,,5.22,501803010,ce2e083e-7fc7-4119-ad80-1b485f2c75bd
2019-10-19 11:06:48 UTC,view,5775874,1487580005427839846,,irisk,4.92,511274866,d380a931-8b49-4c31-bc53-93707b0a53c2
2019-10-19 11:35:12 UTC,remove_from_cart,7703,1487580005713052531,,ingarden,4.44,500334218,c53b07e7-e5d3-4d42-bb92-c7e4ab2fc730
2019-10-19 12:12:41 UTC,view,5857958,1487580013388628160,,limoni,19.3,561897349,3616aa26-420e-4729-8218-d63569f85b5c
2019-10-19 12:27:21 UTC,cart,5839697,1487580005671109489,,masura,1.73,561897025,5a230b97-1972-42ce-aaaa-0d3608c97ca7
2019-10-19 13:04:21 UTC,remove_from_cart,5772285,1602943681873052386,,grattol,6.03,475082613,d9a0d5fa-50eb-1917-cd05-cf273fd708a6
2019-10-19 13:28:03 UTC,view,5812955,1487580011283087468,,kinetics,6.19,519960268,fef0bcf3-191a-4be1-ac42-2f81f6ca5be3
2019-10-19 13:56:12 UTC,view,5732028,1487580012021285001,,domix,7.49,378106106,c18001a1-d3e0-47f6-9d86-838414e9e1eb
2019-10-19 14:22:19 UTC,remove_from_cart,5760773,1487580005134238553,,runail,2.62,545887314,1d3ca1fb-3754-4601-ae43-bb86b94473e5
2019-10-19 15:06:59 UTC,view,5809800,1487580012096782476,,milv,1.27,541222335,aef6ae30-92f8-4e61-8640-ae9b8a3244bf
2019-10-19 15:22:11 UTC,cart,5820751,1487580006317032337,,,7.14,281913662,a9c2e7e8-da05-441d-b2ed-84279f32ef8d
2019-10-19 15:28:52 UTC,cart,5841330,1487580010628776014,,,3.02,158089303,239d2a76-dc2c-427e-b9eb-9636915e34e2
2019-10-19 15:38:44 UTC,cart,5773607,1487580006317032337,,irisk,1.59,377871828,d4378bdf-c62b-490c-aebf-c9c75515f33f
2019-10-19 15:39:10 UTC,cart,5896616,1487580005427839846,,irisk,2.48,517468143,206bc6b6-fd40-488f-ae48-80a6a347fd0d
2019-10-19 15:40:25 UTC,view,5875340,2084144451428549153,,,2.05,517468143,206bc6b6-fd40-488f-ae48-80a6a347fd0d
2019-10-19 15:45:25 UTC,cart,5848329,1487580007675986893,,freedecor,1.43,435894048,ab417270-5097-4415-a391-ab50989fc02a
2019-10-19 17:22:55 UTC,cart,6817,2007399943458784057,apparel.glove,,5.24,559358977,4423c930-a65c-4326-ad28-66751100eb4a
2019-10-19 17:29:55 UTC,cart,5802432,1487580009286598681,,,0.32,550835099,f6a78622-2e31-4655-ac7a-d94de9c5f29b
2019-10-19 18:11:59 UTC,view,5774328,1487580006895846315,,runail,3.81,423036998,d872884f-2f6c-4f01-8629-31741b8bd08c
2019-10-19 18:26:56 UTC,purchase,5813415,1897124478404526487,,,3.89,551584062,2c2800a7-9198-4f42-8395-ddc329afe198
2019-10-19 18:27:06 UTC,remove_from_cart,5815731,1487580005268456287,,,10.95,549869529,8e4afbd4-a8a2-4feb-84a9-bdc76040d641
2019-10-19 18:43:12 UTC,view,5870653,1487580006451250072,,airnails,1.43,482026804,8e9c69d9-3e61-4016-b757-6ebb7fa0903e
2019-10-19 18:47:01 UTC,cart,5745715,1487580008246412266,,kapous,5.79,561970755,51200425-fe99-40ac-95c4-a4e4302cd75a
2019-10-19 18:47:14 UTC,view,5836519,2151191071118328683,,nagaraku,2.38,511370791,8478e85d-273e-45aa-84f8-5802401c4c4a
2019-10-19 20:04:42 UTC,view,5833322,1487580007675986893,,bpw.style,1.27,435491868,c3e2d541-9ccc-4744-a788-4739b3bf24f3
2019-10-19 20:12:03 UTC,remove_from_cart,5635070,1487580005754995573,,,4.44,435478370,32680c2b-12a9-40dc-a93f-80aee1671b15
2019-10-19 20:31:42 UTC,view,5622689,1487580007306888126,,,2.14,548189796,db1d06da-4b24-686a-ecfe-07fb14c55c19
2019-10-19 21:04:41 UTC,view,5649276,1487580005511725929,,,3.33,347663558,fc07c53c-c1a3-4b55-9f50-166efefc40ab
2019-10-19 21:13:14 UTC,view,86007,1487580005713052531,,ingarden,4.44,514551817,f9456e5a-b1a1-46e7-a3d7-90e9b3069694
2019-10-19 21:23:58 UTC,remove_from_cart,5635067,1487580005754995573,,,4.44,464656180,bff02edb-7c61-482d-a825-276eacf74668
2019-10-19 21:58:53 UTC,cart,5766980,1487580013053083824,stationery.cartrige,italwax,1.98,561504516,f7a7028c-3ec2-4cb5-8c44-3b6e6b2fcd6b
2019-10-19 22:15:05 UTC,remove_from_cart,5823646,1487580004916134735,,,5.22,561248052,802e4206-f34f-4c41-9eee-1d8d4acc5408
2019-10-19 22:30:34 UTC,cart,5635068,1487580005754995573,,,4.44,475604438,2e1004cb-5d16-4f9b-8167-dfc73eaad424
2019-10-19 23:02:12 UTC,cart,5842141,1487580006317032337,,,1.59,413196479,c9c0a37c-356e-46b6-b9e4-681f46596fc2
2019-10-20 01:32:22 UTC,cart,5810720,1487580012096782476,,milv,1.27,520220043,cdb2a79c-8e31-4227-8253-c2cd12aef616
2019-10-20 02:54:34 UTC,remove_from_cart,5758924,1487580005067129686,,,2.38,560981716,a8b46a9b-ed93-4582-89f7-f6f32a3af480
2019-10-20 03:24:08 UTC,view,5885592,1487580006350586771,appliances.environment.vacuum,polarus,65.87,478295376,11a51323-3a3c-46f0-8ee3-130d51b8af40
2019-10-20 03:50:22 UTC,remove_from_cart,5758042,1487580004882580302,,,2.7,448723370,beb2cb57-498d-6b8d-9b41-3f2557186f88
2019-10-20 04:20:13 UTC,cart,5666436,1487580013640286413,,,4.76,549361931,235354d8-993f-4eb9-bde8-2f1a6e6834fc
2019-10-20 04:49:59 UTC,cart,5773379,1487580005134238553,,runail,2.78,559860753,0d778be7-a71e-4963-a60a-c70180af530c
2019-10-20 06:14:23 UTC,cart,5778112,1783999068909863670,,zinger,5.4,554748899,e753fca8-be4d-4200-b871-6c05f428b35b
2019-10-20 06:42:29 UTC,view,5814046,1487580005092295511,,grattol,6.27,495458750,4817583a-daf7-4e08-b5f3-90621cd5080f
2019-10-20 06:56:06 UTC,purchase,5714117,1487580008145748965,,irisk,1.0,562137637,0b31ba48-e030-4636-81fd-fdfb070801c5
2019-10-20 07:03:21 UTC,remove_from_cart,5808306,1783999063314661546,,,5.56,557755025,acb2962d-dbeb-42de-bbf7-6d12432be4fd
2019-10-20 07:16:55 UTC,purchase,5856186,1487580006300255120,,runail,75.4,526587518,f2e13379-9abe-491a-83d0-6769861ee320
2019-10-20 07:25:16 UTC,view,5885574,1487580013950664926,,markell,8.78,562140833,102f39ad-5997-4937-95c1-cbf534a7b620
2019-10-20 07:59:00 UTC,view,5861591,1487580009143992338,,lador,2.22,504788679,a5b4dad9-b6b6-4a19-9c08-4a2d83352a42
2019-10-20 08:08:15 UTC,cart,5741120,1487580008758116352,,,2.7,386491215,1a7e6535-eecc-4f6a-a24c-187e87624065
2019-10-20 08:22:31 UTC,cart,5540783,1487580012642042013,,,14.13,562167725,85db5537-8561-4af2-971a-5c5c7478bd5b
2019-10-20 08:37:21 UTC,view,5848901,1487580007675986893,,bpw.style,1.27,509057567,8cc32042-6c5f-417f-8827-9c647536129a
2019-10-20 08:38:43 UTC,cart,5792800,1487580005268456287,,,10.32,464210476,257ddfea-b87a-a022-b20b-a1eaabb683e8
2019-10-20 09:02:40 UTC,cart,59999,1487580012994363565,,,6.83,411929524,a22cbdca-ca95-4852-8c2c-2ea78a5a39b9
2019-10-20 09:23:52 UTC,view,5821097,1487580005754995573,,,4.44,552228404,ac5d8ee7-e63a-4d83-941a-e5a5cb6049cf
2019-10-20 10:06:49 UTC,cart,5689219,1487580011585077370,,dizao,1.67,562187701,2c760709-6d37-47be-995a-0a95b48b9008
2019-10-20 10:13:45 UTC,view,5692467,1487580007852147670,,staleks,3.57,330343301,1e10f285-7793-4658-a04e-de8ca92783fe
2019-10-20 11:03:33 UTC,view,5839679,1487580005671109489,,masura,2.37,549759971,3ba29b0a-b841-48f8-aafc-76de21a6c460
2019-10-20 11:31:15 UTC,view,5866961,1487580009051717646,,sunuv,66.67,478522294,e1525dfb-6656-4b4e-a9b4-0ce423b3f47a
2019-10-20 11:46:37 UTC,purchase,5869521,1783999072332415142,,,22.38,562209311,e7bbafdc-80b5-4294-80e9-45f040020491
2019-10-20 11:49:06 UTC,purchase,5760335,1487580009261432856,,zinger,1.9,557162524,3f57b815-56b0-4db5-8106-6962be0cedbc
2019-10-20 11:53:01 UTC,cart,5851634,1638456119066100510,,pole,4.11,492624191,6b83eb5c-a3c1-4a0e-8dc6-92dc957bb25b
2019-10-20 12:21:09 UTC,cart,5736312,1487580005050352469,,haruyama,3.97,303680751,4d71f485-fe84-4980-84dc-2ae088d88693
2019-10-20 12:31:07 UTC,view,5734501,1487580005050352469,,haruyama,3.97,562237096,5fb05557-7626-4e32-b61d-3746635db5ae
2019-10-20 13:07:09 UTC,cart,5549838,1487580005092295511,,,3.33,562248492,2b92ec38-aa2d-454c-a1c2-a65df32ea24b
2019-10-20 13:20:21 UTC,cart,5807856,1487580010645553231,,irisk,3.65,562253864,b274392c-c1e6-41af-9d7e-60e576a426e6
2019-10-20 13:34:22 UTC,view,5815660,1487580006317032337,,,0.92,562233415,103c3123-395e-456a-83c0-b76117ceb085
2019-10-20 14:01:38 UTC,cart,5565820,1487580009311764506,,,0.4,497961413,887cc38f-2f10-47c0-bc5c-f21d3e89afa7
2019-10-20 14:19:10 UTC,cart,5585632,1487580009311764506,,,0.95,500370217,ddadcc6e-3796-4328-a550-c1989b5c8a5d
2019-10-20 15:08:29 UTC,cart,5896618,1487580005427839846,,irisk,2.48,463262057,ff4107a0-d9aa-4c2c-8f3b-5eb844e34b02
2019-10-20 15:40:53 UTC,cart,5585626,1487580009286598681,,,1.05,561806608,1396b4e2-72a6-4735-9dc8-b1d9bdec7262
2019-10-20 15:56:31 UTC,view,5783948,1658462125284131265,,uskusi,3.97,561191969,5af61103-3ffa-418d-bf57-fe8f190c8872
2019-10-20 16:32:53 UTC,view,5751383,1487580005092295511,,uno,10.32,562311823,271d54ba-fec8-4db9-93d3-1271930d4794
2019-10-20 16:42:37 UTC,cart,5687131,1487580008187692007,,,0.79,552922514,1d3ec3b2-facd-41ca-b9cd-d09458f905bc
2019-10-20 17:29:25 UTC,view,5842373,1487580011585077370,,dizao,16.67,556092034,e53875fd-38c7-4d74-b87e-bf9c96ee5348
2019-10-20 17:52:30 UTC,view,5703435,1487580011501191286,,,1.9,533357832,51d27d11-e625-5992-f6a0-02aa4309a6f3
2019-10-20 17:57:49 UTC,view,5651975,1487580012902088873,,,16.19,449226613,92c5c48b-decb-4b57-8e7a-274b104cebb1
2019-10-20 18:01:49 UTC,view,5819269,1487580005713052531,,ingarden,4.44,523023442,8a73bf59-f343-4181-84d9-231b057fc411
2019-10-20 18:09:45 UTC,cart,5700031,1487580009286598681,,runail,0.4,562343810,14e3d619-56cd-4301-af97-fbbd6452fc05
2019-10-20 18:14:03 UTC,remove_from_cart,5526,1487580006199591819,,ingarden,5.24,516370119,fed7bf8f-7ed9-44fd-b266-507ef91c98ee
2019-10-20 18:25:23 UTC,view,5822741,1487580013279576251,,,9.67,519848548,362803e8-1110-4517-9f43-ffabd86909e2
2019-10-20 18:44:11 UTC,view,5816178,1602943681873052386,,grattol,5.24,497234636,264cf7de-8795-43f5-ae1c-1cc8efca15d9
2019-10-20 18:52:46 UTC,remove_from_cart,5847870,1487580006317032337,,,1.9,340550318,59c4f13f-df0b-4c3c-92ed-0e76585aefaa
2019-10-20 18:59:04 UTC,view,5866173,1487580007675986893,,,1.75,479888694,2617d1f3-983a-4894-b698-92eb18647af6
2019-10-20 19:02:45 UTC,cart,5685798,1487580009445982239,,irisk,0.16,539943703,4274929d-9da7-4909-b13e-f87ac4b5b616
2019-10-20 19:24:17 UTC,view,5837433,1933364344720982871,,,4.76,550798478,f5c1fe65-b034-4475-a69b-d52251c5436d
2019-10-20 19:27:47 UTC,cart,5802165,1487580009143992338,,kapous,5.56,562367548,49a012c9-5465-4582-91df-5beacadce098
2019-10-20 19:28:57 UTC,view,5689471,1487580007852147670,,staleks,13.17,470927659,8b1487ac-189e-44c6-8107-d9b45e3c8b7c
2019-10-20 19:34:15 UTC,remove_from_cart,5881771,2084144451428549153,,,2.05,539200477,7ce746d3-70b3-49ef-8d81-3d3e8e784e7b
2019-10-20 19:43:13 UTC,remove_from_cart,30194,1487580010922377308,,runail,0.38,560617272,7004ffd9-5461-49e8-baab-c17309e04b86
2019-10-20 19:46:33 UTC,view,5802138,1597769965795017114,,tertio,5.56,555803373,921a1389-4209-4424-9ca6-faf9fc829164
2019-10-20 19:51:03 UTC,view,5723269,1487580010872045658,,ingarden,1.57,562368454,6dc3adda-efe6-4da1-81dd-7b3dc7251b38
2019-10-20 20:04:20 UTC,view,5813819,1487580005754995573,,,4.44,246586876,bf6d68c7-4cec-4115-8209-98c2612ffef5
2019-10-20 20:58:27 UTC,view,5714912,1487580005511725929,,,5.0,388058508,a90640d0-f626-44b9-a3d4-c127465328df
2019-10-20 21:21:06 UTC,remove_from_cart,5876800,1487580010100293687,,jessnail,3.16,521123846,4ddb8a4c-e2d2-400e-bf3f-7d1da9055917
2019-10-20 21:26:32 UTC,cart,5712698,2007399943458784057,apparel.glove,nitrimax,10.32,562392258,3e729531-f832-4b81-a912-3706e30e4718
2019-10-20 21:44:19 UTC,view,5614834,1487580005411062629,,cnd,16.03,459614228,667d635a-ee87-4a9b-b603-a63a1e381c99
2019-10-20 21:50:32 UTC,remove_from_cart,5809617,1487580005595612013,,,3.02,540138828,5db990d9-38d7-4595-b4a2-637443963d4c
2019-10-20 23:25:26 UTC,cart,4607,1487580010796548183,,runail,0.38,562399480,2231cd50-6b4b-4e3f-a3af-e5c903118512
2019-10-21 01:05:22 UTC,purchase,5862306,1487580007675986893,,freedecor,0.79,562421519,72b50272-ea77-48c6-bb89-9c38e0a18047
2019-10-21 05:08:00 UTC,cart,4841,1487580010796548183,,runail,0.38,512080496,8b9c1281-53ed-4bae-9292-b230d80c0364
2019-10-21 06:23:13 UTC,remove_from_cart,5843554,1783999071199952917,,,0.48,524746002,1b5ddf3a-9a0c-444d-82db-ab3032131a5e
2019-10-21 06:42:20 UTC,cart,5811704,1487580005427839846,,irisk,2.48,499757216,d0755305-a46b-4789-a96e-25658b4dbd27
2019-10-21 06:56:39 UTC,view,5870959,1487580005671109489,,masura,1.73,528006166,615e1a6c-058a-475e-b7b6-34a51fd3cc4c
2019-10-21 07:40:07 UTC,view,5767950,1487580005595612013,,,3.33,442861388,4e8bf986-6ddd-44c4-a931-63509e889a9b
2019-10-21 09:12:05 UTC,view,5886064,1487580013950664926,,,15.71,541487950,c4459297-92b3-4353-88ef-e549ba0c6429
2019-10-21 09:30:52 UTC,view,5854896,1487580006551913373,,irisk,0.95,542847114,c53c634f-cc9c-4000-a50a-be5ddd0ab029
2019-10-21 09:46:29 UTC,view,5846096,1487580013950664926,,,52.22,562548253,254cb13b-7f83-4812-8a5f-ad715afdfa1c
2019-10-21 09:49:58 UTC,remove_from_cart,5749199,1487580013053083824,stationery.cartrige,italwax,1.98,562546491,5ac19af2-e55d-4dcb-933b-3f3601f73565
2019-10-21 10:41:01 UTC,cart,5308,1487580010125459512,,cnd,15.71,478471056,bd1d6447-3342-4776-af30-745157c66af7
2019-10-21 11:27:09 UTC,cart,5860165,1487580011585077370,,,0.78,521549244,03c72ab3-917e-4e3e-b476-e5d3e45d2d62
2019-10-21 11:31:42 UTC,view,5860175,1487580011627020412,,,30.73,521549244,03c72ab3-917e-4e3e-b476-e5d3e45d2d62
2019-10-21 11:41:23 UTC,view,5785597,1487580008263189483,,,16.43,562590332,abdc1556-9112-4508-b630-bcf348481766
2019-10-21 11:45:30 UTC,remove_from_cart,5896619,1487580005427839846,,irisk,2.48,515254376,c3d64612-915f-46b7-881b-171c20be4f47
2019-10-21 11:49:21 UTC,cart,5799039,1487580008246412266,,,9.48,561237999,26fcf652-a70e-8664-a11d-7f95bc445a21
2019-10-21 12:04:35 UTC,view,5836528,1487580013522845895,,nagaraku,0.95,562556304,121cdd15-8e5f-4fbc-b815-001bedaa7f9c
2019-10-21 12:16:16 UTC,cart,5649235,1487580008246412266,,concept,5.24,562601814,a24459a2-d935-4ba6-929e-6165ce31ad65
2019-10-21 12:27:21 UTC,cart,5811655,1487580005427839846,,irisk,2.48,487321024,28acfc4e-acab-4af9-b9f1-cca8988055fc
2019-10-21 12:44:13 UTC,cart,5866165,1487580007675986893,,,1.75,510288925,db6c8868-47ec-4947-89d9-0e3d8e248d26
2019-10-21 12:49:05 UTC,view,5645122,1487580009362096156,,,0.79,562548503,ce57ae1e-6f99-4285-839e-595157f950bf
2019-10-21 13:17:00 UTC,view,5599264,1487580005553668971,,,7.14,169938179,1a78d97e-4d77-4cac-a986-81380e8338b4
2019-10-21 14:07:23 UTC,cart,5813486,1487580005671109489,,masura,1.73,540126094,2aa16bbe-1956-4b1a-a8ac-1a6ee1ddaa78
2019-10-21 14:12:30 UTC,view,5812238,1487580005427839846,,irisk,2.48,420013109,1343bf14-5dcc-4f88-9424-2580b98f4a95
2019-10-21 14:19:27 UTC,remove_from_cart,5759507,1487580007457883075,,,3.97,554018988,58ed45b6-ea13-4233-b1dc-418316838ce0
2019-10-21 14:32:51 UTC,view,5846437,1487580013950664926,,browxenna,45.24,562646029,7378b6f3-aac0-42c5-8d66-2d1d25e36ecb
2019-10-21 14:46:20 UTC,cart,5846442,2151191071378375538,,browxenna,19.52,562651175,1ce0a0a9-0477-4f47-979b-9046c8d286e3
2019-10-21 15:13:08 UTC,view,5862318,1487580007675986893,,freedecor,0.79,539422808,6b9dc672-e3ab-4992-ba6c-c26db6faa436
2019-10-21 15:23:02 UTC,view,5769908,1487580013841613016,,kapous,3.65,562664639,e275af14-6ff6-4483-b947-be8162c7f2f6
2019-10-21 15:37:27 UTC,purchase,5811661,1487580005427839846,,irisk,2.48,513114494,ec2b0fa0-dc5f-4de6-aabc-a3dd681a45f9
2019-10-21 15:47:52 UTC,purchase,5695580,1487580006317032337,,,1.27,488211899,91b05047-152f-4ed8-8140-deb942618fe1
2019-10-21 16:01:20 UTC,view,5687325,1487580008447738866,,cnd,10.0,561425171,1f46834c-b117-463f-b81d-a5ffffcd687a
2019-10-21 16:05:28 UTC,view,5759492,1487580013011140782,,italwax,2.37,562678168,4a08ade8-b3f2-4faf-bdbd-c413542c1252
2019-10-21 16:18:14 UTC,remove_from_cart,5756176,1511892746070131099,,uno,9.37,231076778,4f8f83a5-a135-4dca-8f15-33145d8db4be
2019-10-21 16:22:18 UTC,view,5896418,1487580006300255120,,jessnail,49.21,294212285,73ed4812-5c65-417a-ad5f-9e1b275b92b5
2019-10-21 16:57:30 UTC,view,5796979,1487580005671109489,,masura,1.73,525491805,84ddf382-d469-4f9d-bd97-ad50acae7b51
2019-10-21 17:00:44 UTC,view,5854578,1487580010645553231,,jessnail,63.48,560956333,8aa95ca7-4ef1-441a-a798-cbd399c25a8d
2019-10-21 17:02:21 UTC,view,5803988,1487580005461394279,,bluesky,3.97,536770577,f076e50b-fb76-4311-bb03-6c26e0ce7caf
2019-10-21 17:20:12 UTC,cart,5809867,1487580005092295511,,grattol,12.22,562687297,afeca179-2513-4f8f-b08d-f64918870424
2019-10-21 17:33:00 UTC,cart,5833322,1487580007675986893,,bpw.style,1.27,511802202,e36c9a35-442f-4b17-ad30-a96b00cef27c
2019-10-21 17:36:37 UTC,remove_from_cart,5550060,1487580005595612013,,,3.0,553815623,bc3103a5-2013-4f6f-839c-005b2fe31c38
2019-10-21 17:37:02 UTC,remove_from_cart,5796976,1487580005671109489,,masura,1.73,562692968,726bd1a8-6193-4519-a10c-66f27f7ead2b
2019-10-21 17:38:44 UTC,cart,5894116,1487580013229244601,,,43.81,561987245,1ab0a70b-0227-4c62-85bc-23161ccf80b3
2019-10-21 18:01:48 UTC,view,5881332,1487580005092295511,,beautix,15.71,562672264,cd606713-755e-4781-b631-fb679fe04bc3
2019-10-21 18:13:37 UTC,view,5819346,1487580013506068678,,runail,2.06,562713863,90d416ed-4c95-4c63-a2f1-932d88ee7ca9
2019-10-21 18:21:17 UTC,view,5834732,1487580009496313889,,,4.76,499507841,c1646b77-097c-455a-955c-bde1499ea83e
2019-10-21 18:35:59 UTC,cart,5651723,1487580009118826513,,concept,5.24,465585673,2328a2d3-4e63-4dea-8835-ca1c5d7e43b1
2019-10-21 18:42:06 UTC,cart,5755595,1526733091857498510,,,4.86,408455061,a66c462f-816f-4e2b-bfbc-5c9744ac1299
2019-10-21 19:00:51 UTC,view,5733725,1487580012096782476,,masura,5.54,231069041,633b953e-ab24-43b3-955e-600124ecdaa2
2019-10-21 19:03:22 UTC,cart,5833639,1487580008774893569,,,5.71,562729332,693b5ea8-2b19-4cf4-991e-56d86b3b8d10
2019-10-21 19:18:20 UTC,view,5855513,1487580006350586771,appliances.environment.vacuum,max,9.52,405909965,73cf7b9a-9a8e-41d3-8452-fde070143f10
2019-10-21 19:24:49 UTC,cart,5810723,1783999073758478650,,milv,3.17,562737285,5ab12ac6-100b-44a6-808e-40cfc1347abf
2019-10-21 19:28:05 UTC,view,5896788,1783999068909863670,,staleks,4.75,562738844,e3991588-b9eb-4449-84c5-69371f24d837
2019-10-21 19:50:01 UTC,cart,5851620,1487580007483048900,,irisk,3.02,549270947,31ac0026-90e8-4fc2-8228-efbf40e0d2ef
2019-10-21 21:29:26 UTC,cart,5875759,2084144451428549153,,,2.05,562763611,0cbe0ccb-3ad4-4944-869f-96ae3422890b
2019-10-21 22:00:14 UTC,remove_from_cart,5700197,1487580006317032337,,,6.35,545922663,f0914261-77b4-493f-9365-b274a916493c
2019-10-21 22:04:27 UTC,cart,5818491,1487580007457883075,,,3.0,526328789,4a76dcb0-c967-4ed9-8f17-07c809da9d8d
2019-10-22 00:10:23 UTC,view,5843569,1783999071199952917,,,0.48,562786180,c9263159-2a7c-4301-90ac-422154de12b5
2019-10-22 00:30:36 UTC,cart,5866559,1891434214553813877,,,3.97,487822137,4eebda0a-9cdd-4ab6-a936-81ce07b216af
2019-10-22 01:05:59 UTC,cart,5881787,1487580005092295511,,pnb,5.49,561010115,36e89549-d38a-4e29-989c-b95b4a6a3fd2
2019-10-22 01:14:08 UTC,view,5650434,1487580007852147670,,metzger,9.92,303643492,41b86e3f-6021-46cc-8e0a-32ef2a8179bd
2019-10-22 03:27:31 UTC,cart,5771951,2151191071378375538,,,7.3,562810689,243729e3-924d-49b9-827b-282e5443deb9
2019-10-22 04:30:52 UTC,view,5830538,1487580005671109489,,masura,1.73,404214756,7af0d8a3-b66e-48b7-a07a-e24ecbea751a
2019-10-22 04:58:29 UTC,view,5800788,1487580007256556476,,,4.52,536582872,8a0b45b9-426a-4384-a939-e6f3effb4dd2
2019-10-22 05:31:36 UTC,cart,5734591,1487580005050352469,,haruyama,3.97,436382956,80d60ca9-59d4-4b22-b856-92135be66fa7
2019-10-22 06:18:30 UTC,cart,5694375,1487580007936033754,,zinger,1.59,561861301,02348028-e988-4912-b99e-3aec65db7678
2019-10-22 06:39:43 UTC,purchase,5724622,1487580005427839846,,irisk,2.48,254384680,831552ae-13a9-4dc2-905b-30f832975f9d
2019-10-22 06:44:39 UTC,view,5830330,1487580008246412266,,mielle,17.65,556828565,e0f898d6-7f79-4bfc-9a0e-a88cf07a980d
2019-10-22 06:50:50 UTC,view,5833334,1487580007675986893,,bpw.style,0.79,355105656,8bbd0e5e-10a5-4a5a-a339-77f7dcb2d44c
2019-10-22 07:45:19 UTC,cart,5655060,1487580008145748965,,,1.43,469506359,2dc090a8-2664-4e6d-8174-761876780bc5
2019-10-22 07:54:42 UTC,view,5875514,1487580009387261981,,,1.35,275131685,3a8ba5d8-1678-460a-bf9d-3817f7a9d299
2019-10-22 08:14:59 UTC,cart,5819125,1487580007675986893,,bpw.style,1.27,477612398,ad2e4eac-e669-471f-984c-1d21fbdcdf5f
2019-10-22 08:23:45 UTC,view,5830547,1487580005671109489,,masura,1.73,403256406,d60fa888-0b6c-4987-881e-ccbf8f341519
2019-10-22 08:26:04 UTC,cart,5848119,2140803113261466607,,,3.02,538188279,1fa5dd0a-39de-4779-8569-a504d1fcd134
2019-10-22 08:58:36 UTC,view,5408,1487580009076883471,,runail,2.38,562901851,c90013f0-59e2-4eb9-9605-80371508ab38
2019-10-22 09:15:34 UTC,view,5884369,1487580007675986893,,oniq,7.14,506143021,def9ebad-f2dd-46eb-9fef-554fab9c2f63
2019-10-22 09:20:38 UTC,cart,5724305,1487580005427839846,,irisk,2.48,561089924,980cfa3e-fb39-4950-a843-36fdfcd438a7
2019-10-22 09:30:17 UTC,view,5833650,1921723491720102387,,,5.71,506602480,abae643e-a777-4b81-a76d-08a1604228e7
2019-10-22 09:32:50 UTC,cart,5882788,1487580013522845895,,thuya,85.56,398349292,d666d1f4-155d-4a0f-85c6-fa7b5f2750b6
2019-10-22 09:44:48 UTC,remove_from_cart,5751383,1487580005092295511,,uno,10.32,454670099,a020e6a5-bdcf-4cf5-91eb-f621bb369c0b
2019-10-22 09:45:50 UTC,remove_from_cart,5885629,1487580009496313889,,,7.14,533267875,6433297e-edae-4e3a-b312-91539e3fa4ca
2019-10-22 09:48:12 UTC,view,5774248,2193074740619379535,furniture.living_room.cabinet,,79.35,232302809,73cb7de5-554b-477b-a5c5-98d6033fc8df
2019-10-22 09:56:24 UTC,purchase,5809303,1487580007675986893,,bpw.style,0.79,562898615,76ddc2b6-d963-43ed-838b-8e50e016c24f
2019-10-22 09:57:01 UTC,view,5853808,1487580008263189483,,biofollica,14.29,542711629,7bdcb43f-4d1e-43e7-8623-014b341ee5a4
2019-10-22 10:28:54 UTC,remove_from_cart,5875781,2084144451428549153,,,2.05,322426042,14f90a25-8c79-4c95-85b4-b86e0732b867
2019-10-22 10:43:30 UTC,cart,5815661,1487580006317032337,,,0.92,562927520,6ee6d133-4681-4061-a921-7509f34b63d6
2019-10-22 10:47:49 UTC,cart,5844301,1487580006317032337,,,1.57,423029530,0088bb53-5e3f-4e8e-9e28-54ae9dc3bfa5
2019-10-22 10:53:35 UTC,view,5862229,1783999067156644376,,matrix,25.24,561274239,ea73aaaf-0cd9-4b53-85c7-f5048c23218e
2019-10-22 11:02:49 UTC,remove_from_cart,5774341,1487580006895846315,,runail,6.75,533649038,f8b147e8-961d-4171-8b4c-0cb8d29fc941
2019-10-22 11:24:43 UTC,view,5784608,1658462125284131265,,uskusi,2.78,466655210,97c98a51-650e-4d5b-b27f-1f644678c9ef
2019-10-22 11:28:13 UTC,view,5740015,1487580005092295511,,irisk,6.19,460919429,905a61cd-5f4d-4b2b-a19b-38f08ecb0636
2019-10-22 12:02:01 UTC,purchase,5833318,1487580007675986893,,bpw.style,0.79,550496451,db867333-1269-4230-ae50-0ad421fb3ed9
2019-10-22 12:05:07 UTC,remove_from_cart,5695944,1487580007575323592,,,1.43,561049517,71a19a80-84f9-4e62-9db1-a31c199cef9a
2019-10-22 12:12:24 UTC,view,5802651,1487580005754995573,,,4.44,548239009,3bebb9c8-c3d7-405f-a8a9-2936027cff30
2019-10-22 12:21:33 UTC,cart,5759913,1487580008909111303,,,0.79,535001054,c64bc465-6fb7-4f85-81f6-63c26c4dd956
2019-10-22 12:24:23 UTC,view,5896428,1487580006300255120,,jessnail,58.73,562963274,09af57c4-5346-49f0-bf3c-5a6e98a6d998
2019-10-22 12:28:49 UTC,cart,5844342,1858245586344477369,,osmo,21.78,562925790,2394f516-1186-4e24-8577-c1452a12e9ef
2019-10-22 12:36:33 UTC,cart,5839672,1487580005671109489,,masura,2.37,477118645,4aedaba1-e760-4e37-bbbb-cb862accbcac
2019-10-22 12:50:12 UTC,view,5787849,1487580008246412266,,estel,12.14,562975900,d6e1f8c1-30fd-470c-9b16-952f1edf2e56
2019-10-22 13:21:04 UTC,view,5697534,1487580008145748965,,roubloff,4.21,455528708,b66a5927-d023-e0da-ea31-8eed9a545f2c
2019-10-22 13:24:39 UTC,remove_from_cart,5784982,2195085255034011676,,severina,4.6,562627123,0223724a-d3ff-4278-930b-40841632d304
2019-10-22 13:48:23 UTC,view,5802649,1487580005754995573,,,5.56,557616099,f4eabc5f-5078-4dfe-bf7a-d5a78b781957
2019-10-22 13:49:22 UTC,view,5807816,1487580005713052531,,ingarden,4.44,562992367,a6185521-264d-4d2e-b14c-53f8bc169dbb
2019-10-22 13:52:43 UTC,purchase,5829301,1487580011585077370,,farmstay,0.79,562938672,1d610745-bdd6-4b2b-880f-7a9181d6865f
2019-10-22 13:55:55 UTC,view,5813839,1487580006644188066,,,3.79,414448447,78b6b1cc-3b71-406c-a96f-852d5b755f25
2019-10-22 14:24:45 UTC,remove_from_cart,5863821,1487580005713052531,,ingarden,4.44,461874654,73fd0b7b-dd5c-47ef-85cc-16bb7cc74682
2019-10-22 14:33:34 UTC,view,5861761,1487580006350586771,appliances.environment.vacuum,emil,48.41,563001852,028ddd1d-df66-45cc-beb4-825b04505e15
2019-10-22 15:13:30 UTC,cart,5817702,1487580009496313889,,,0.63,428603985,3c862895-20c6-4daa-9c43-4e49e4655961
2019-10-22 15:54:23 UTC,cart,5755452,1525995662934540829,,,3.97,477747423,da80892f-a1d8-4ed8-9ee3-51aa58e0fcc6
2019-10-22 16:16:54 UTC,cart,5811658,1487580005427839846,,irisk,2.48,508165040,9a56f9a1-7cd3-47d1-92fa-ed3c99ee035c
2019-10-22 16:25:04 UTC,view,5625253,1487580008800059394,,masura,3.32,563041988,f59a670c-a292-4656-a6f3-2173c4e98af0
2019-10-22 16:26:32 UTC,remove_from_cart,5820599,1487580013053083824,stationery.cartrige,yoko,2.17,525285273,053789d7-987e-4ca0-8fcd-7c9f2bd9ecee
2019-10-22 17:42:44 UTC,remove_from_cart,5689469,1487580007852147670,,staleks,16.67,400192527,e3a1d2be-8cce-4c27-95b8-34c26def8000
2019-10-22 17:44:53 UTC,view,5651938,1487580012902088873,,,6.33,563033718,336af89e-db44-4656-ab54-a7ac7e1504d6
2019-10-22 18:02:27 UTC,remove_from_cart,5834669,1487580007281722301,,,15.0,415039421,5620a636-c822-4d37-82e3-c5646f96ab36
2019-10-22 18:11:00 UTC,view,5726400,1487580005092295511,,,5.56,563072674,28a485d7-4fae-4cd9-8a3c-21b6d605f361
2019-10-22 18:31:52 UTC,view,5811936,1487580008800059394,,masura,5.54,439388143,db2afa4e-ce51-db95-553b-7dbebaae4216
2019-10-22 18:49:55 UTC,cart,5783524,1487580011652186237,,shary,6.03,546537912,be549bc6-3654-488a-8b5f-5972fcf02f90
2019-10-22 19:01:54 UTC,view,5695527,1487580005595612013,,,3.33,292543047,0407e187-e0ec-4f60-bf7d-f5432eeb78ed
2019-10-22 19:33:14 UTC,cart,5862938,1487580007675986893,,freedecor,0.79,541155717,c01c4d8f-3315-4aa7-a01e-2384b938f761
2019-10-22 19:39:28 UTC,remove_from_cart,5854847,1487580007634043851,,,1.27,481876755,d424cd55-20c2-4f32-902a-3cd8265f9d85
2019-10-22 19:42:18 UTC,purchase,5823769,1487580008263189483,,estel,2.38,410991307,d9fddfab-714f-414e-aa3c-fc795ce9563b
2019-10-22 19:43:33 UTC,cart,5859180,1487580007432717250,,,2.19,481876755,d424cd55-20c2-4f32-902a-3cd8265f9d85
2019-10-22 19:51:46 UTC,view,5771614,2193074740619379535,furniture.living_room.cabinet,kosmekka,150.79,553219681,6fab6900-db7b-44a8-b239-36d2daf5af1d
2019-10-22 19:58:21 UTC,view,5587756,1487580006317032337,,irisk,1.59,478909287,90f60933-3943-432f-97a7-61991c458606
2019-10-22 20:11:49 UTC,view,5692613,1487580009471148064,,staleks,6.98,488102402,1fa8e2d6-aafd-48f2-bb69-7cc36969853c
2019-10-22 20:13:24 UTC,cart,5814066,1487580005855658874,,grattol,2.3,560204600,5ebe870b-b3a1-4a71-b51f-bb3fd53036ee
2019-10-22 20:34:21 UTC,remove_from_cart,5857005,1487580009496313889,,runail,3.97,536897538,4af6b49b-26ff-419f-8b93-ae1412bf45fd
2019-10-22 21:22:02 UTC,view,5855507,1487580006350586771,appliances.environment.vacuum,max,79.21,563121409,f34e6869-81ce-4efc-95ec-03998907ebd4
2019-10-22 21:51:26 UTC,view,5768981,1487580006300255120,,irisk,82.54,540172302,292fd447-8135-4ba8-be30-ddcde1333999
2019-10-22 22:14:43 UTC,view,5849033,1487580005092295511,,uno,10.32,562528139,b3d7ccdc-f874-48e0-a2b0-32e60dd0df8d
2019-10-22 23:24:17 UTC,cart,5788520,1487580005671109489,,masura,1.73,555000601,a74a6a64-d01b-4a9e-8c8b-03e48a95dfa5
2019-10-23 01:30:58 UTC,view,5652774,1487580013950664926,,,13.49,563150082,56a29698-d88e-473c-a9db-e7b837242bcb
2019-10-23 01:44:58 UTC,remove_from_cart,5700035,1487580009286598681,,runail,0.4,531662481,f816c513-28c3-4b35-8bf0-169d58210a7b
2019-10-23 02:55:33 UTC,view,5695825,1487580010821714008,,ingarden,0.79,563163587,34ecfa63-97a3-4a74-a44d-8299945c889c
2019-10-23 03:31:35 UTC,view,5883815,2114584564549550293,,,3.81,550317819,1edc87c6-3138-46fe-b5ee-2abe2ca271fc
2019-10-23 04:00:14 UTC,cart,5839673,1487580005671109489,,masura,2.37,385632245,3725633f-3732-4b0d-920d-61cd0fec9e0e
2019-10-23 04:38:44 UTC,cart,5802165,1487580009143992338,,kapous,5.56,560493649,e2ccbfe0-c10d-4eef-9478-e36f0505bfa5
2019-10-23 04:51:53 UTC,cart,5724677,1487580005427839846,,irisk,2.48,563177025,ae6049b3-91a8-4371-8ab7-e74a494b528d
2019-10-23 05:05:52 UTC,remove_from_cart,7681,1487580009227878422,,runail,4.44,562445885,90345062-bcd7-4f6e-8803-95e6c6bde139
2019-10-23 05:24:23 UTC,view,5877177,1487580007675986893,,freedecor,1.43,541411060,d34ab60a-dd71-c7f8-aa3c-84766ea18554
2019-10-23 05:27:23 UTC,view,5875432,2084144451428549153,,,2.05,466255503,7b0bf3ee-7042-437d-9efa-60fb3ae7298a
2019-10-23 05:33:45 UTC,view,5863106,1487580011702517887,,elizavecca,15.46,563190857,ad52a743-2ea2-4571-8ee9-426d8f060365
2019-10-23 05:59:30 UTC,remove_from_cart,5815658,1487580006317032337,,,0.67,505538056,d64716ea-bb56-49b9-a2f2-77d719bf67a7
2019-10-23 06:18:12 UTC,view,5895503,1495705810729173554,,oniq,5.56,563201905,91ba54dc-6330-4778-b5e8-c33f18f56cd8
2019-10-23 06:20:41 UTC,cart,5536686,1487580013640286413,,,4.13,517370714,34fc37f6-eea5-4fb6-ab65-20ca305285ba
2019-10-23 06:51:23 UTC,remove_from_cart,5525253,1487580013011140782,,depilflax,2.92,563202752,1e6e2923-7523-40e5-9578-53bc0ef93c10
2019-10-23 06:55:56 UTC,view,5882788,1487580013522845895,,thuya,85.56,563217193,6cd4b391-76a2-4c74-9e09-303847d3e74c
2019-10-23 06:56:03 UTC,view,5650440,1487580007852147670,,metzger,7.62,563058775,abd4e2de-5ea9-abee-b1a8-5af9e85ae75a
2019-10-23 07:15:41 UTC,cart,5700039,1487580009286598681,,runail,0.29,549099598,a5b6a61b-df2b-4b05-b9b7-cab6bbf7223d
2019-10-23 07:17:37 UTC,cart,5885379,1487580007675986893,,bpw.style,1.59,563222368,034223fc-a968-42bd-b40f-1967fdd448c1
2019-10-23 07:31:29 UTC,view,5853039,1487580008263189483,,,20.0,559192995,0d3642b7-c8aa-4c97-ae75-31f5e4cbb788
2019-10-23 07:38:12 UTC,cart,5678039,1487580008246412266,,estel,13.33,563224722,d70903ce-f39a-48b5-b73d-214e66f0a522
2019-10-23 07:59:34 UTC,cart,5872984,1487580012994363565,,,6.35,484032563,f0e311d0-747c-4e7b-b031-287dd7fd17df
2019-10-23 09:20:40 UTC,purchase,59975,1487580012096782476,,,7.14,478879641,80a43c20-25bd-fd48-c77f-3dc02c62bd44
2019-10-23 09:23:20 UTC,view,5780293,1487580008246412266,,,11.83,411722536,63cab74f-703f-4b23-bb42-fa194f331043
2019-10-23 09:42:46 UTC,purchase,5833334,1487580007675986893,,bpw.style,0.79,557660510,b5ab2a33-4b22-4b84-826e-9be1a015ce81
2019-10-23 09:52:59 UTC,view,5859411,1487580005671109489,,masura,2.37,465644781,10c468cc-4b49-4099-9df2-03ee746b7460
2019-10-23 10:05:00 UTC,remove_from_cart,5885649,2121383893343929118,,,5.63,540606517,bc3ef7e3-3837-45bc-86c4-c062e871dbbc
2019-10-23 10:30:53 UTC,remove_from_cart,5779405,2151191071051219817,,,8.54,554637591,33ad4683-287c-4d72-b5a9-6791323e2f99
2019-10-23 10:52:36 UTC,view,5708583,1487580005511725929,,,3.84,449305072,0a33abea-606f-4cfb-8013-7e1833272617
2019-10-23 11:18:27 UTC,cart,5585632,1487580009311764506,,,0.95,563300222,93fd2038-d5d7-4a81-8506-0a87a256bfea
2019-10-23 11:40:07 UTC,cart,5563606,1487580009387261981,,irisk,6.75,460685570,7173245d-519d-4cac-82dc-9fbe1c81b19b
2019-10-23 11:46:18 UTC,view,5885290,1487580006350586771,appliances.environment.vacuum,max,1.98,528919711,d67509c2-8153-4716-8a18-c66a1c41dbed
2019-10-23 12:01:46 UTC,cart,5013,1487580008145748965,,runail,1.27,563296192,b1597289-bbef-4744-9cf5-257708b0efa7
2019-10-23 12:20:17 UTC,remove_from_cart,5862020,1921723506584715388,accessories.cosmetic_bag,,5.56,521075342,f305ce6a-0992-452d-89f8-3304f9a40808
2019-10-23 13:01:01 UTC,view,5859468,1487580005671109489,,masura,1.73,540636179,5ce773ba-6a37-4b95-a78d-bfd4842dbc5a
2019-10-23 13:09:53 UTC,view,5841320,1891434214553813877,,,3.95,239549207,c4a4767d-d757-44c0-ad78-34edff343f32
2019-10-23 13:19:18 UTC,cart,5857281,1487580005134238553,,runail,2.62,563334409,851b405f-3fb3-4949-af70-25ca26c56bf4
2019-10-23 13:23:14 UTC,remove_from_cart,5820753,1487580006317032337,,,7.94,563341627,40a2c962-d734-42fb-90c0-c3c55d03f7d8
2019-10-23 13:49:03 UTC,view,5814515,1487580013539623112,,,52.22,563345519,5268b287-f74c-473f-8484-d73c61eed322
2019-10-23 13:52:45 UTC,cart,5700162,1487580009471148064,,,1.75,431611914,24588c3c-2a2d-63b1-0f39-87089d1bdc6c
2019-10-23 14:24:30 UTC,cart,5686925,1487580009311764506,,,0.35,446075826,fb6a6569-96fc-4fac-bff2-9a136a0ba8d0
2019-10-23 14:43:28 UTC,view,59995,1487580012927254698,,,4.13,493093692,75634f1b-d84c-4e7b-8028-0d95a3cd67f2
2019-10-23 15:19:05 UTC,view,5759279,1487580013388628160,,irisk,1.11,563378668,c5dce171-997f-473e-8622-54eec040e1d1
2019-10-23 15:33:29 UTC,remove_from_cart,5862282,1487580007675986893,,freedecor,1.43,487678436,7081c12c-7da8-4954-b2f1-9e9f1c33e1cc
2019-10-23 15:35:44 UTC,view,5794270,1487580008263189483,,matrix,7.94,557646140,6d4376f0-af0b-4da8-86a4-d62c3ade5a92
2019-10-23 15:58:44 UTC,view,5778723,1638456119066100510,,pole,4.11,469363226,241d088a-533e-4a11-aa74-09095b26968b
2019-10-23 16:08:05 UTC,cart,5834987,1487580012121948301,,oniq,3.97,456355035,7e0d6ee4-8c3f-4ff5-bb9c-891e6c7c4caf
2019-10-23 16:28:10 UTC,remove_from_cart,5812044,1487580005427839846,,irisk,2.48,551114613,fbd1a767-ae6a-439c-821f-01fc88f40e27
2019-10-23 16:43:15 UTC,view,5837625,1487580007675986893,,,1.75,405428897,86923021-a18e-4a97-b98a-207611a744ef
2019-10-23 16:52:19 UTC,view,5856185,1487580006300255120,,runail,183.33,542553431,d56de8f1-25de-46fc-9206-bc8a6d4d4f09
2019-10-23 16:54:57 UTC,remove_from_cart,5567930,1487580005595612013,,,3.0,412479779,5968dd06-d948-cc00-66d5-c21f66e432e9
2019-10-23 17:16:13 UTC,view,5861101,1487580007659209676,,,0.32,558441261,9cb8cde7-6527-410f-b074-6e5c0923c337
2019-10-23 17:34:22 UTC,view,5693501,1487580009445982239,,,0.6,547766622,1a6ef3f1-ceb9-42f2-89b7-efd2b14f7cfc
2019-10-23 17:35:12 UTC,view,5897538,1487580009286598681,,,0.0,524435310,793791d9-1d89-41b4-83f5-4ed92f0a0e87
2019-10-23 17:35:52 UTC,view,5736359,1487580005050352469,,haruyama,3.97,555253743,ea4695b7-d0ac-4e1c-a32e-5c298e3e91d2
2019-10-23 17:42:59 UTC,view,5896788,1783999068909863670,,staleks,4.75,408297566,302ed7f2-aa5a-42a2-94bb-8721b599d6e0
2019-10-23 17:50:41 UTC,remove_from_cart,5807747,1487580008187692007,,,6.03,470313101,3c14b76b-33dc-4b54-8772-032e692cfa44
2019-10-23 17:57:17 UTC,cart,5825951,1487580013296353468,,,16.49,559855511,d43f15ea-87ad-45e0-8803-f663cc2853c3
2019-10-23 18:10:45 UTC,purchase,5767494,1487580013053083824,stationery.cartrige,italwax,2.14,563403718,b39eb2e7-f8b8-4e09-bc3a-3577df9201c9
2019-10-23 18:19:43 UTC,cart,5839660,1487580005671109489,,masura,2.37,483264284,d1fe455a-e14b-4bce-88d4-562eb6fd05bb
2019-10-23 18:20:58 UTC,cart,5796976,1487580005671109489,,masura,1.73,557159390,941c9073-f0d8-4533-8d3a-46548a416ef6
2019-10-23 18:28:31 UTC,view,4958,1487580009471148064,,runail,1.19,563435363,3c427db0-dd63-4a22-949d-ef9ee1623711
2019-10-23 18:32:37 UTC,cart,5773607,1487580006317032337,,irisk,1.59,555073665,ea2e2bd9-ca39-4381-ae9f-a6558cb849ef
2019-10-23 18:40:03 UTC,cart,4997,1487580008187692007,,runail,2.62,472724926,1ac5f262-d430-49ca-9ed5-077e8eceb0b3
2019-10-23 18:45:47 UTC,cart,5840089,1487580012574933146,,,3.95,462933580,29299282-0014-42c1-ba05-336997e90b27
2019-10-23 18:58:28 UTC,cart,82962,1487580013053083824,stationery.cartrige,depilflax,3.02,462933580,29299282-0014-42c1-ba05-336997e90b27
2019-10-23 19:44:59 UTC,remove_from_cart,5885421,1487580005092295511,,grattol,6.27,485916122,c7394100-60ba-4300-a926-eb66bcd91bbe
2019-10-23 20:11:05 UTC,view,5837086,1602943681873052386,,grattol,4.76,536273914,88e98ea4-eed2-4cf4-990b-a1d9f1c45569
2019-10-23 20:37:18 UTC,view,5769986,1487580005411062629,,cnd,16.03,331163465,f07c75d0-03a1-42c8-b314-05a8bffbdf71
2019-10-23 20:38:16 UTC,remove_from_cart,5875266,1487580011853512836,,,1.43,485916122,c7394100-60ba-4300-a926-eb66bcd91bbe
2019-10-23 22:04:52 UTC,remove_from_cart,5844406,1487580006317032337,,,2.38,425665775,7b2e33b1-ce0a-40b5-922c-4f715d8db625
2019-10-23 22:15:49 UTC,view,5751383,1487580005092295511,,uno,10.32,558497054,22432861-4be0-415d-bfe0-41f2c99e41de
2019-10-23 22:41:41 UTC,cart,5759491,1487580013011140782,,italwax,1.94,391210297,39fc75c8-18e8-43d3-9163-10d850f826c0
2019-10-24 03:06:59 UTC,remove_from_cart,5794155,1487580005671109489,,masura,1.73,477434872,a3263297-91f7-467e-ac3c-3d389dc7f857
2019-10-24 04:49:33 UTC,cart,5756367,1532652067498229876,,,2.86,268160056,ab63de40-609a-4ee9-9f4f-d435c8842e80
2019-10-24 04:58:51 UTC,view,5861729,1487580010318397504,,,7.14,563540926,279321bf-9570-4614-a75e-e79cfa3d041c
2019-10-24 05:45:46 UTC,view,5861591,1487580009143992338,,lador,2.22,560707828,13a10742-e6eb-47d7-b169-0f8dd8752060
2019-10-24 05:49:31 UTC,cart,5859408,1487580005671109489,,masura,2.37,464360930,c986b799-b7dc-4709-b8a2-f5d992344474
2019-10-24 06:13:40 UTC,view,5851994,1511892746070131099,,uno,9.37,501429962,dd63e3e8-5a9c-4aa4-a291-a82e4b3a11d1
2019-10-24 06:40:37 UTC,view,5875271,1487580009051717646,,,100.0,231216229,f40bda43-9a33-4567-8a64-0a572098a7dd
2019-10-24 06:55:41 UTC,cart,5587782,1487580006317032337,,irisk,0.63,563388377,f6cba30e-15f6-40fb-9cc9-4215ca14b8b9
2019-10-24 07:06:46 UTC,view,5842173,1487580006317032337,,,1.59,557006128,a2b8bff3-76d2-4884-b16b-c1acd67d050c
2019-10-24 07:49:50 UTC,remove_from_cart,5758503,1487580008774893569,,masura,3.48,562867290,e6ecf0e4-b52e-422d-bbe4-43c7583200da
2019-10-24 07:56:33 UTC,remove_from_cart,5652771,1487580013950664926,,,13.49,560789463,b3358219-011b-4615-a59e-714e514a439d
2019-10-24 08:03:03 UTC,remove_from_cart,5758522,1487580005671109489,,masura,1.73,374649265,863ab7a0-0d79-436a-8824-aa5ee0e94684
2019-10-24 08:19:48 UTC,view,5859022,1487580005092295511,,pnb,8.38,553061953,231175a4-b258-4b10-84c9-d8cb5925e948
2019-10-24 08:37:10 UTC,remove_from_cart,5836157,1487580008313521133,,,6.35,546539234,ab7cfab0-711a-410f-a581-3baa2d4fa902
2019-10-24 08:43:28 UTC,remove_from_cart,5758066,1487580004882580302,,,2.7,540227295,c693381f-50e1-4d4e-bb29-cb83f82ba5a5
2019-10-24 08:59:21 UTC,view,5883637,1487580007483048900,,ingarden,3.65,485159255,f739f0eb-ede2-48b8-b917-1d6780d4ad6f
2019-10-24 09:58:55 UTC,view,5877211,1487580013950664926,,lamixx,50.0,472131374,4f1ea184-1723-4e8f-8abd-0da084ef9dc9
2019-10-24 11:08:18 UTC,purchase,5734757,1487580012096782476,,,5.52,492807881,30b38c0e-980e-4e6f-a4c2-dc0e2ae7c800
2019-10-24 11:21:24 UTC,remove_from_cart,5724602,1487580005427839846,,irisk,2.48,554836034,838efe92-1ad5-421b-94b2-ecc4fd7cf500
2019-10-24 11:31:04 UTC,view,5816169,1602943681873052386,,grattol,5.24,549136783,3702350c-3b81-4c61-9b7c-6f8d058aad7c
2019-10-24 11:40:17 UTC,view,5750301,1487580005713052531,,ingarden,15.71,537630670,e680e0c3-3657-4ff2-aafc-be4c1a26449e
2019-10-24 11:46:19 UTC,view,5790480,1783999073758478650,,,4.44,563613713,a5aa94b8-bb4f-4896-ac18-88387818332c
2019-10-24 12:08:22 UTC,remove_from_cart,5838936,1487580005713052531,,ingarden,4.44,561642798,a717c09d-c74a-462c-b520-01332f44fe7f
2019-10-24 12:36:29 UTC,view,5808501,1487580013388628160,,irisk,1.27,434968827,32a56888-ecb9-4fca-99a6-5235e6a1824f
2019-10-24 12:43:34 UTC,cart,5813095,1842735760499802745,,kinetics,6.86,497799481,2450fce2-13ca-4182-b350-19d875831cdc
2019-10-24 12:48:03 UTC,remove_from_cart,5621738,1487580009605365797,,,0.3,518987624,b9108467-f0b4-4353-ad73-fdb0b5334687
2019-10-24 12:52:30 UTC,view,5677436,1487580010192568379,,estel,6.83,560044705,16de677b-c73c-4868-b7ba-4c6184df89ca
2019-10-24 13:34:43 UTC,remove_from_cart,5841302,2151191071118328683,,irisk,0.71,516768752,ccd00261-991e-43ee-ad33-f252aec7c996
2019-10-24 13:45:27 UTC,purchase,5841295,1487580008145748965,,irisk,1.59,443064350,e2658fae-fa4c-4eaf-a5b4-889c99dba7a2
2019-10-24 13:51:45 UTC,view,5754852,1487580005092295511,,,10.63,343247862,29a4326f-e64e-4582-a57b-ce15a9fe215c
2019-10-24 14:27:35 UTC,remove_from_cart,5857337,1487580005134238553,,runail,2.78,558863145,fd236601-6019-4a7a-9d39-42b3f82d3ea4
2019-10-24 14:35:36 UTC,view,5760360,1487580009286598681,,zinger,4.29,401592882,f3b9b46b-d007-4af6-a8be-f365f286860a
2019-10-24 14:48:06 UTC,cart,5800971,1487580005553668971,,,7.37,562886762,4253ec29-5dc7-458a-a5fc-53b91ff1665f
2019-10-24 15:44:47 UTC,view,5563822,1487580005595612013,,,3.0,483997836,bfd6f2a5-d6c5-4e69-861d-4ba0bafe12bd
2019-10-24 16:04:20 UTC,view,5558316,1487580005092295511,,pnb,5.24,229059909,e4e92ee9-ac61-466e-bd7e-b7ad8328531e
2019-10-24 16:55:50 UTC,cart,5699218,1487580012096782476,,ingarden,5.56,563767832,1de4731b-95c9-4cf7-be9e-85aa9563bfe3
2019-10-24 17:03:20 UTC,cart,5894149,1487580010100293687,,ingarden,3.65,317415686,dd473ad6-98e3-4cc4-b50a-237942e7a175
2019-10-24 17:08:11 UTC,remove_from_cart,5860463,1487580010100293687,,,1.11,457265927,1068ef74-8aec-443a-9536-921ea6ef816a
2019-10-24 17:25:33 UTC,cart,40102,1487580011408916594,,swarovski,1.24,455528708,6a8d0739-f4dd-4d41-9630-9893e9a8b600
2019-10-24 17:26:16 UTC,view,5699800,1487580005268456287,,runail,5.24,563078265,b255cdfe-d0d2-454f-805e-973b9740d0b5
2019-10-24 17:53:10 UTC,purchase,5852535,1658462125284131265,,uskusi,3.97,520626820,3e2f8710-b3bf-445b-810e-29ef95076652
2019-10-24 17:56:09 UTC,view,5814061,1487580007432717250,,grattol,4.76,529923103,a62392f7-ec7f-490d-ad2e-77a372239ae3
2019-10-24 18:09:21 UTC,cart,5812776,1487580008800059394,,masura,3.16,563781835,23694b85-a2f2-4ed6-bbad-8ba32b65bd72
2019-10-24 18:09:31 UTC,remove_from_cart,5809733,1487580005092295511,,uno,7.78,421861106,bd9a286b-18fe-42ef-bfef-3a2e768fe043
2019-10-24 18:09:58 UTC,cart,5769881,1487580013841613016,,kapous,3.65,563794140,5c070185-53eb-4efa-815f-b3f83dffedae
2019-10-24 18:14:40 UTC,remove_from_cart,5751384,1487580005092295511,,uno,9.37,492904505,a83dbb1e-baa6-7743-f1f8-282d7f05b8bf
2019-10-24 18:15:35 UTC,remove_from_cart,5838656,1783999072332415142,,,15.24,563789625,bb889cbb-85ff-4115-a526-e532dbecb8ae
2019-10-24 18:17:29 UTC,cart,5013,1487580008145748965,,runail,1.27,557080920,2e9fa5ab-37fc-4f43-b9d9-e21baf436428
2019-10-24 18:28:32 UTC,remove_from_cart,5884621,1487580013027917999,,,3.49,437995788,fe09d423-bf65-454e-921c-55c61298d001
2019-10-24 18:45:50 UTC,view,5769882,1487580013841613016,,kapous,3.65,563794140,866f51ee-fc36-40d2-96bf-feccea02fcee
2019-10-24 19:58:29 UTC,cart,5824810,1487580007936033754,,domix,0.79,385703454,d44be2d3-2b42-4303-950b-9e847abe025e
2019-10-24 19:59:49 UTC,view,5825013,1487580013229244601,,,10.78,392347718,31da34b5-eaa9-42be-9127-061aba369422
2019-10-24 20:18:27 UTC,view,5805751,1487580005411062629,,cnd,16.03,435894048,c85a71fb-2b5c-4802-851f-56541efcb912
2019-10-24 20:31:43 UTC,view,5735272,2195085255034011676,,masura,2.37,369135722,2d3ebc2b-be10-dcab-3aab-1439916cf86d
2019-10-24 20:38:31 UTC,cart,5694173,1487580007852147670,,yoko,20.0,559640490,72b25cc3-ce94-4c28-abcf-eab46a8aa78e
2019-10-24 20:50:12 UTC,view,5528035,1487580005553668971,,,9.52,563839937,8b22a358-38e7-42f0-9448-5ed88e0bb705
2019-10-24 20:55:09 UTC,cart,5877397,1487580005671109489,,masura,3.95,555713884,69c9aaf6-c6f8-46ec-85c6-2c65697a2069
2019-10-24 21:59:37 UTC,remove_from_cart,5885419,1487580005092295511,,grattol,6.27,349463286,9ef6590e-d940-4a95-b664-6863f9786f2a
2019-10-25 01:31:16 UTC,cart,5875444,2084144451428549153,,,2.05,547082769,de842788-755c-4a2d-8fca-1875ba4df15d
2019-10-25 01:58:50 UTC,view,5861724,1487580010335174721,,,7.86,480815954,a7fd4a78-d476-43a0-966c-e55996bf57a9
2019-10-25 02:38:49 UTC,view,5841799,1487580009471148064,,,0.13,563885078,6529d4fa-7927-4276-b3c4-28e8a87c8b98
2019-10-25 03:49:10 UTC,view,5810037,1487580005092295511,,,8.73,534191792,7b029399-a216-470e-9cc6-19a636dbe743
2019-10-25 05:11:54 UTC,remove_from_cart,5853113,1487580008263189483,,,10.48,558564810,8b69bef8-a6c4-4b42-9436-929c6afe7b6d
2019-10-25 05:32:07 UTC,view,5819230,1487580005713052531,,ingarden,4.44,550849247,d9b00358-9a78-41d4-9446-3f4a53c4bbf7
2019-10-25 06:49:35 UTC,purchase,5290,1487580012683985055,,cnd,12.22,563743739,feec3912-c94f-acd4-4547-47bc56f9a647
2019-10-25 06:55:51 UTC,cart,5758958,1487580005067129686,,,2.38,563942444,f4d5dea1-f9f1-4473-b752-476c51ddf88c
2019-10-25 07:28:44 UTC,remove_from_cart,5749149,1487580007592100809,,,0.22,508747718,b90479b6-1fc5-4937-8e64-a573c9d38a51
2019-10-25 07:49:36 UTC,remove_from_cart,5797965,1487580005671109489,,masura,1.73,483321263,020a6d0b-db1e-4059-ab01-2b96e799baad
2019-10-25 08:19:59 UTC,cart,5830317,1487580009496313889,,,4.76,561656707,3506feee-bda0-4545-8052-94a736e7e5a8
2019-10-25 08:24:00 UTC,remove_from_cart,5853712,1487580009286598681,,runail,2.06,544192674,54b701ba-7f2a-49d3-886c-c406c62e39a4
2019-10-25 08:53:32 UTC,cart,5700037,1487580009286598681,,runail,0.4,563961403,90ae45dd-b3b1-4cc0-aa6b-b7768fb15732
2019-10-25 09:04:00 UTC,view,5826397,1487580005511725929,,,4.44,501283999,9b5c9108-d74f-4318-af76-65b2903cf2f0
2019-10-25 09:14:23 UTC,purchase,5860159,1487580011585077370,,,0.78,510210192,9e97d59d-8e0a-48a6-a32a-88960b9f100b
2019-10-25 09:43:42 UTC,cart,5816175,1602943681873052386,,grattol,5.24,539388160,8ed80e72-1c74-4904-9ac6-14cdf0c2d0db
2019-10-25 10:24:44 UTC,view,5877723,1487580007575323592,,freedecor,1.27,563234710,17e1142a-2e78-4b75-9b1c-ea0c3b3aaccf
2019-10-25 10:32:32 UTC,cart,5842135,1487580006317032337,,,1.59,384363147,d8dafbe4-fad4-4ea4-9fb2-47ad0276cf3d
2019-10-25 10:59:14 UTC,view,5853436,1559261858748170632,,profhenna,3.49,563847424,97642b6e-b303-4eb6-be99-ea01a011f133
2019-10-25 11:14:37 UTC,view,5769287,1487580009051717646,,runail,63.33,546562014,2fca91cd-1246-4278-a02e-3d6d18fb2811
2019-10-25 11:39:28 UTC,view,5886064,1487580013950664926,,,15.71,531311852,3df9640d-2b91-4f25-af80-6b004b94940e
2019-10-25 12:08:45 UTC,view,5863905,1487580008246412266,,farmavita,6.98,557708874,7caf9e69-bc8b-4904-a3b5-d7a5a20ba8f2
2019-10-25 12:10:38 UTC,cart,5830632,1891434351850160381,,petitfee,19.27,518801936,ca47eb77-65e7-4391-a963-62f7f8044a78
2019-10-25 13:08:31 UTC,cart,5724622,1487580005427839846,,irisk,2.48,555728366,4624b171-e153-4488-8015-b1d68fbfd2ad
2019-10-25 13:31:43 UTC,view,5809911,1602943681873052386,,grattol,5.24,550255483,83ff65ec-038e-448c-983e-03b84488584a
2019-10-25 13:56:28 UTC,purchase,5790689,1487580009445982239,,nitrimax,3.97,539966352,b91367b8-0d6a-43d4-a495-af41b8ba30b6
2019-10-25 14:30:10 UTC,cart,5540783,1487580012642042013,,,14.13,479928991,14902b97-64b4-41f2-b9a5-280d7d819e9e
2019-10-25 14:41:22 UTC,purchase,5687529,1487580013581566154,,estel,2.7,477236765,87931567-7629-418b-125d-9d071e3a8a12
2019-10-25 15:07:45 UTC,view,5829346,1487580011585077370,,farmstay,0.79,553861723,59e3fe2a-22f8-4be6-92c4-b9aa4c6ad562
2019-10-25 15:08:04 UTC,remove_from_cart,5633791,1487580006098928518,,,0.79,541166553,3e185e02-2488-426c-ab43-978ea9f88eaa
2019-10-25 16:03:49 UTC,cart,5843672,1487580005268456287,,f.o.x,6.67,400216064,f8bced13-d42f-4232-bb03-f71a2c47a28c
2019-10-25 16:54:05 UTC,view,5687743,1487580007852147670,,zinger,8.57,499009832,3f05e1c6-d55e-4f96-8945-81389273c611
2019-10-25 17:12:42 UTC,remove_from_cart,5773321,1487580005134238553,,runail,2.62,562756002,bb9b4e6c-e2ee-4f93-8590-5f4130e1ba5b
2019-10-25 17:42:35 UTC,remove_from_cart,5746055,1487580006409307030,,airnails,2.86,548843580,deb8baef-4e6d-4c85-82f2-0a74b6b849ed
2019-10-25 18:02:36 UTC,view,5846379,1487580013841613016,,,2.37,557797081,89dbae2b-ec56-400e-807b-b773a8c0cbaf
2019-10-25 18:15:10 UTC,view,5888122,1487580013522845895,,shik,7.78,503007555,dc614b76-2fc2-4ab2-b91a-01c242353c5e
2019-10-25 18:39:18 UTC,purchase,5857327,1487580005134238553,,runail,2.62,542689494,f4ac5ec1-b872-45b7-8d33-736e51746095
2019-10-25 18:45:40 UTC,cart,5581,1487580009311764506,,entity,0.56,551498885,562df6b4-b09f-47df-9c94-c17f2f761a5a
2019-10-25 18:48:34 UTC,view,5749720,1487580005092295511,,runail,4.44,536580823,6819310c-228e-4cb4-acb2-58b429a0089e
2019-10-25 19:01:24 UTC,cart,5805501,1783999076551885399,,happyfons,5.87,546282447,60633854-4fa8-45fe-9dce-e784e04572d1
2019-10-25 19:12:59 UTC,view,5887575,1487580005595612013,,,3.0,431317930,95387694-bced-4084-ad40-0794009020a7
2019-10-25 19:22:45 UTC,view,5745065,1487580005008409427,,f.o.x,5.43,530670290,2abecef3-1f6f-42a8-b13f-aa83a006fb1d
2019-10-25 19:48:19 UTC,remove_from_cart,5854897,1487580009445982239,,irisk,0.32,392525759,3417ccb1-b2ef-4a93-ae21-ab96537f46cd
2019-10-25 19:50:43 UTC,remove_from_cart,5596216,1487580005595612013,,,1.25,490674476,df66fdd3-c9cb-4e9b-86a9-72a6606f8e3c
2019-10-25 20:38:56 UTC,view,5699811,1487580004882580302,,,2.7,564182170,be8d53f7-22b1-46a9-a956-3bf6c84796ed
2019-10-25 20:45:59 UTC,cart,5854812,1602943681873052386,,grattol,5.24,454721810,1c16c791-fe02-4da6-99cf-af9e39c06f04
2019-10-25 21:13:10 UTC,view,5809910,1602943681873052386,,grattol,5.24,564190735,e9679bcf-511d-4031-bfa7-cf81ffa7b868
2019-10-25 21:16:36 UTC,remove_from_cart,5760754,1487580011652186237,,,5.56,563932338,d5d6897c-8525-2404-5b89-5129ec87748f
2019-10-25 21:41:39 UTC,cart,5686925,1487580009311764506,,,0.35,446401961,3843b23d-0881-4451-b620-004e17247d4b
2019-10-25 22:06:48 UTC,view,40100,1487580011408916594,,swarovski,2.06,550454651,48629f90-6e8b-4d7f-a993-aa3bef3a34f1
2019-10-25 22:29:50 UTC,cart,5823629,1487580004916134735,,,5.22,484500674,e9303456-ffa8-4af4-aa42-2240cabf6a87
2019-10-25 22:32:59 UTC,cart,5802432,1487580009286598681,,,0.32,540126094,f48dbc68-65cf-5a9a-8aca-4087a4286644
2019-10-26 00:08:23 UTC,cart,5603418,1487580005671109489,,masura,1.73,557184805,cbf681fa-8035-4d03-bff6-6796e29b3ec6
2019-10-26 01:27:59 UTC,cart,5805106,1487580011652186237,,domix,1.27,536109969,d639d76a-9181-4adf-943f-e2e7d2b6b862
2019-10-26 01:34:02 UTC,view,5770011,1487580013841613016,,kapous,2.81,564222561,ec3cb239-9c0a-4b86-9142-5b512a36391c
2019-10-26 05:49:41 UTC,view,5833318,1487580007675986893,,bpw.style,0.79,564027510,b99dfb58-5b8d-4765-b9af-a97bfcc4c276
2019-10-26 06:11:28 UTC,remove_from_cart,5801853,1597769965795017114,,tertio,2.78,484335223,47a124c9-1000-4622-b543-52bd3ebbfab2
2019-10-26 07:08:19 UTC,view,5848384,1487580008816836611,,severina,1.83,550649805,e2756757-5e48-4cdc-8a8b-840e62b7364c
2019-10-26 07:25:49 UTC,view,5824861,1487580005595612013,,,2.37,555323194,eadb18b1-fede-4f4b-86d1-1f012603a320
2019-10-26 08:53:33 UTC,remove_from_cart,5639732,1487580005595612013,,,3.0,469975016,1ff83c67-c495-4735-a823-02153b78cd61
2019-10-26 09:17:22 UTC,view,5700037,1487580009286598681,,runail,0.4,525163853,370e91f1-fad6-4e76-95e8-87a329671a4e
2019-10-26 09:25:48 UTC,remove_from_cart,5809215,1487580007675986893,,bpw.style,1.43,394664448,e9966ddb-f00b-4ca4-8eb2-4b4fdd8e5422
2019-10-26 09:56:35 UTC,cart,5854824,1602943681873052386,,grattol,5.24,564326357,e16ce7f6-adbe-467b-aa95-5dfa038c87c6
2019-10-26 10:02:11 UTC,remove_from_cart,24381,1487580012994363565,,depilflax,7.86,554497365,17b65f34-1a20-6b05-16c5-de45a32a7495
2019-10-26 10:48:12 UTC,cart,5804468,1487580005461394279,,bluesky,3.97,562623237,3f0543c7-208a-4ba8-83d4-8491f7a55a9f
2019-10-26 11:02:52 UTC,cart,5734587,1487580005050352469,,haruyama,3.97,534875324,7c2219d4-e8ac-4f72-95d7-11e8ac39cc11
2019-10-26 11:03:23 UTC,view,5753942,1487580005092295511,,f.o.x,9.44,532296757,f35b610e-fda2-5342-9621-71c9de603073
2019-10-26 11:47:47 UTC,cart,5875529,2084144451428549153,,,2.05,551119191,881234cd-8ec9-49a8-8bea-8402ae1841f1
2019-10-26 12:12:25 UTC,cart,5760345,1487580009261432856,,zinger,1.89,320758257,bba73ee6-ea9c-4626-8013-77ec237eac26
2019-10-26 12:36:02 UTC,cart,5801312,1487580005511725929,,,6.35,564365375,80a57ef3-95b3-4807-a2a7-99511495dfd5
2019-10-26 13:25:03 UTC,view,5768981,1487580006300255120,,irisk,82.54,564086263,f62a1c96-68c3-4ec9-900e-30d276716ac0
2019-10-26 13:40:48 UTC,remove_from_cart,5883805,2114584564549550293,,,3.81,550752696,6067f612-6ee9-40e3-b4d8-7d72cbe77cee
2019-10-26 14:02:53 UTC,remove_from_cart,5754990,1487580005092295511,,,4.76,474179253,3bffe833-7851-488e-9f41-f07e446c0e9b
2019-10-26 14:08:10 UTC,cart,5820741,1487580006317032337,,,1.75,562156895,05631024-21fd-4f22-b7b2-743e8ac8bdab
2019-10-26 14:24:41 UTC,view,5856186,1487580006300255120,,runail,75.4,564399050,774315ed-bc31-4e36-8be5-89986f74b1ea
2019-10-26 14:40:00 UTC,cart,5816175,1602943681873052386,,grattol,5.24,564400315,2cee659e-b1a4-4324-b87e-2b8f39be1bff
2019-10-26 15:25:17 UTC,view,5831834,1911999801642189621,,solomeya,4.6,564414555,d1a7625c-84ef-446a-a61b-3f178ec81a31
2019-10-26 15:39:45 UTC,cart,5730206,1487580005092295511,,,10.32,421017024,ab560526-8777-4534-97bb-e9d26d488e6d
2019-10-26 15:55:39 UTC,cart,5686925,1487580009311764506,,,0.35,388724119,a0444f0f-2579-475d-9a85-8c6c16b9158e
2019-10-26 15:59:21 UTC,cart,5876800,1487580010100293687,,jessnail,3.16,539442417,9b057ce8-e93d-438c-baca-0ddc1385a068
2019-10-26 16:03:59 UTC,cart,6943,1487580006895846315,,runail,4.71,527962006,391e445a-b681-41c1-b427-178f220aff7d
2019-10-26 16:32:15 UTC,remove_from_cart,5875432,2084144451428549153,,,2.05,547679323,5e56fcc4-727f-4c06-9793-c69d68d81574
2019-10-26 16:55:30 UTC,cart,4200,1487580005411062629,,cnd,16.03,437186184,43c21b04-64bf-4aff-a85a-0337472b9f86
2019-10-26 17:07:17 UTC,view,5839667,1487580005671109489,,masura,2.37,405906776,136088e1-0c49-4eb4-aa62-66a01a052cbf
2019-10-26 17:16:53 UTC,remove_from_cart,5700046,1487580009286598681,,runail,0.4,458687619,3ec13764-9871-48bc-aa40-b973fb8ce5ca
2019-10-26 17:22:27 UTC,view,5859416,1487580005671109489,,masura,2.37,564450270,c1c328ec-5c12-465d-ae32-7ecce4c69b8b
2019-10-26 17:29:46 UTC,cart,5885772,1924049110428549877,,oniq,7.14,500616768,fd25da54-caf9-4215-ad5d-818a6db0e568
2019-10-26 17:58:01 UTC,remove_from_cart,5862943,1487580007675986893,,freedecor,0.79,458687619,3ec13764-9871-48bc-aa40-b973fb8ce5ca
2019-10-26 18:20:19 UTC,cart,5811655,1487580005427839846,,irisk,2.48,562144230,50700bd2-7d10-453c-9c63-3e502be8ee2b
2019-10-26 18:42:44 UTC,view,5758031,1487580009051717646,,,88.89,553245357,22dfeede-3a73-4757-854f-ed8b2a967a0f
2019-10-26 19:02:54 UTC,remove_from_cart,5796005,1487580009362096156,,,0.71,564388422,67afc891-7bc3-47cf-bd3c-58a00678acf6
2019-10-26 19:09:22 UTC,view,5775528,1487580008187692007,,,4.44,564469278,9b845c13-edf7-4a98-a4f3-797712f01936
2019-10-26 19:14:07 UTC,view,5840400,1487580011585077370,,,2.37,564482289,9b87bd42-4649-47a5-83e1-b4afd75e9c23
2019-10-26 19:21:53 UTC,purchase,5724649,1487580005427839846,,irisk,2.48,471019940,84ec3b5f-8461-49b5-90a3-0d58cd45620a
2019-10-26 19:24:59 UTC,view,5689471,1487580007852147670,,staleks,13.17,564485257,8fe67dbe-a52a-4e1b-98d3-66dc89b2f92f
2019-10-26 19:26:40 UTC,cart,5695946,1487580007575323592,,,1.43,520437569,1063c9cf-1915-4350-b6ee-0c4f1643bf45
2019-10-26 19:32:06 UTC,cart,5275,1487580009445982239,,runail,0.48,472695697,eeb39cb7-7d4d-432d-9425-585d6751f0be
2019-10-26 19:35:52 UTC,view,5737880,1487580009051717646,,kosmekka,21.43,552023213,3a9f2e43-3380-4edb-bed0-5ba6c3143a65
2019-10-26 19:39:15 UTC,view,5684624,1487580004966466385,,orly,8.41,529719209,4923ee7d-0c6b-4879-bd47-1f06f8596bcb
2019-10-26 19:40:40 UTC,view,5701882,1487580007432717250,,bluesky,3.97,549030991,8cb2724a-fc42-4798-9498-20221fa94496
2019-10-26 20:27:19 UTC,view,5859452,1487580005092295511,,pnb,8.38,452869224,891b4336-0c71-4c03-8582-ecaf0a172196
2019-10-26 20:28:27 UTC,view,5865942,1487580011677352062,,plazan,9.76,564496593,e34f2a8d-a85d-4fac-a1f2-34a3b63e09a7
2019-10-26 20:29:06 UTC,view,5862003,1487580010695884882,accessories.bag,,38.08,314496836,1f9acd6a-7dbf-4f19-b034-cdd2efd2f7c9
2019-10-26 21:15:42 UTC,view,5835395,1924049106385240809,,,4.13,488203336,128bf069-16d9-42f9-94ec-b0cda03830c5
2019-10-26 21:49:20 UTC,view,37987,1487580009177546772,,runail,42.86,537015702,2411389e-51aa-4553-a7d6-1d2b08b7d87d
2019-10-26 22:10:39 UTC,view,5853429,2151191071378375538,,profhenna,9.84,535089600,fda20c19-c78d-4df2-aeda-b7f6c0952746
2019-10-26 22:13:35 UTC,view,5785167,1487580013950664926,,,25.0,564517830,a173780c-668f-46af-8b26-53dac4b9c868
2019-10-26 22:17:20 UTC,view,5809911,1602943681873052386,,grattol,5.24,466801516,281df7cd-3cca-49ff-954b-0b4d21d9e61c
2019-10-26 23:05:01 UTC,view,5853546,1487580005050352469,,haruyama,3.97,498178825,69155eec-b388-4a82-9587-87f13bf2ced8
2019-10-27 00:20:27 UTC,view,5670001,1495705810662064688,,konad,4.13,564496712,c820c572-c357-4859-a672-9d28773be800
2019-10-27 02:14:07 UTC,view,5824227,1487580013539623112,,,13.49,563494559,b67090e6-bc34-4654-bcae-254ac6413330
2019-10-27 03:40:13 UTC,cart,5561284,1487580009605365797,,runail,0.44,466589068,f77bf46a-a7c9-4563-99cf-76a5fcb9e3e8
2019-10-27 04:11:38 UTC,view,5733046,1487580013011140782,,italwax,2.06,503161877,01ffe990-13ee-40eb-a8fd-4ff0cebbd76a
2019-10-27 05:26:58 UTC,view,5850569,1998040852064109417,,,6.35,564577050,dba0e8bc-04b5-48ad-ae43-221cc13843da
2019-10-27 06:16:58 UTC,cart,5821189,1487580005461394279,,bluesky,4.71,415064235,39a94fb2-33c4-46a1-98df-30bd6d311a0d
2019-10-27 06:42:41 UTC,view,5864851,1487580005268456287,,,11.11,564589291,f946e14c-4ede-46ef-9837-090d0f512677
2019-10-27 06:45:01 UTC,view,5885855,1487580007952810971,,,7.22,564594504,05b98c9e-40cf-4fb6-878c-fb1710a98ea7
2019-10-27 06:45:49 UTC,view,5776515,1487580009445982239,,,4.92,442508971,a38d1a5a-af46-4294-9431-dafc08e86215
2019-10-27 06:53:32 UTC,view,5744357,1487580013841613016,,concept,3.16,561521509,2176d958-7417-461a-a016-99cf57d9ce80
2019-10-27 07:06:51 UTC,remove_from_cart,5844307,1487580006317032337,,,2.14,527483390,51edb50f-0cac-40fa-9887-523fb3b48bbe
2019-10-27 07:18:07 UTC,view,5799896,1487580009051717646,,,24.29,564557941,549474d2-5b97-40ca-bcf5-21045d0721a1
2019-10-27 07:27:00 UTC,cart,5649236,1487580008246412266,,concept,8.65,517938775,b19d8857-d392-409e-8ea6-d574a5368b72
2019-10-27 08:14:27 UTC,view,5851613,2055161088059638328,,irisk,1.75,564621179,91f8305d-9d60-4435-af43-74cd15bdd46c
2019-10-27 08:16:42 UTC,view,5772464,1602943681873052386,,grattol,4.76,471697825,89782f03-5df2-45bc-8b20-7711fcc8dc37
2019-10-27 08:22:50 UTC,remove_from_cart,5751436,1511892746070131099,,uno,9.37,451317123,72435df2-4ecb-476b-a94a-7e35bb8b88df
2019-10-27 08:48:22 UTC,view,5712694,2007399943458784057,apparel.glove,nitrimax,10.32,454038359,4e6ef289-2dfd-4e4c-9a1f-f1ae66c3e67e
2019-10-27 08:50:49 UTC,view,5790563,1487580008263189483,,,7.14,531133123,1dca31b7-ea8a-401a-b96e-31de67c951cd
2019-10-27 09:00:33 UTC,view,5859462,1487580005671109489,,masura,1.73,494726386,8b283311-db52-4e76-a1b1-ef82769df5f2
2019-10-27 09:34:05 UTC,view,5760776,1487580005134238553,,runail,2.62,564641243,ccbf2880-3dca-4e52-8a0b-2de6c889228c
2019-10-27 09:39:08 UTC,purchase,5838116,1487580011702517887,,levrana,8.73,535071494,bbd87c1a-1ace-4029-8362-da98096e024a
2019-10-27 09:48:35 UTC,view,5798922,1487580007894090712,,staleks,12.38,547862142,f029ad38-7977-4565-9da3-c26061e326ef
2019-10-27 10:12:59 UTC,purchase,5724661,1487580005427839846,,irisk,2.48,564098598,dfb64450-5583-4828-9e5c-3114518cdc68
2019-10-27 10:15:58 UTC,view,5883092,1487580012927254698,,runail,7.62,536606202,d1b26686-3253-4914-9193-b15a7e282178
2019-10-27 10:34:32 UTC,purchase,5793264,1487580008246412266,,,6.51,556618504,10b797f3-2ec8-4719-85b5-77854796dcb9
2019-10-27 10:51:23 UTC,cart,5869586,1487580007675986893,,milv,0.79,403905011,5890ca96-87c2-475a-97eb-b8fb93112e23
2019-10-27 10:51:39 UTC,purchase,5760788,1487580005134238553,,runail,2.62,564655583,2b16e941-cf12-4d9f-9561-a54d31da46ec
2019-10-27 10:58:17 UTC,remove_from_cart,5854320,1487580005134238553,,runail,2.38,552138878,93cf32f5-e754-44f8-9b92-1ae389e24113
2019-10-27 10:58:27 UTC,remove_from_cart,5890139,1487580013170524342,,,3.65,245305248,bb0e983f-3d91-4ce2-8df8-67a935ea96ba
2019-10-27 11:13:23 UTC,cart,5857363,1487580008145748965,,runail,1.75,558581192,d59c978b-019e-45dc-919c-057679621095
2019-10-27 11:44:34 UTC,view,5677422,1487580008246412266,,estel,13.49,505148378,ac56b523-5978-4b46-a571-04b4897231d8
2019-10-27 12:23:58 UTC,remove_from_cart,5812754,1487580008800059394,,masura,3.16,220965197,d8b16e41-6397-4029-a7b9-13f4ef2e0e05
2019-10-27 12:43:07 UTC,view,5867160,1487580006300255120,,domix,74.22,564683328,6539a582-73d9-450e-bc49-a1e5bca622ae
2019-10-27 12:57:24 UTC,view,5863843,1542195323827388674,,missha,9.52,506890529,05c7de24-d44a-4d11-8f30-62579db19da4
2019-10-27 12:59:01 UTC,view,5869581,1487580007675986893,,milv,0.79,545281361,286c73fb-2ae9-4d7e-a8fd-db8e66028139
2019-10-27 12:59:31 UTC,purchase,5857924,1487580011585077370,,,1.59,564697060,4ec1e920-b6d6-4e51-99d9-8e29ba230fd5
2019-10-27 13:27:33 UTC,cart,5877451,1487580006300255120,,jessnail,44.29,564709600,126e9f18-88ef-4639-a69f-f63be162538f
2019-10-27 13:32:48 UTC,view,5809230,1487580007675986893,,bpw.style,1.43,480166129,0152d1a7-922b-4735-bb45-3fd0b4acece4
2019-10-27 13:42:06 UTC,view,5862226,1783999067156644376,,matrix,11.75,564714471,f2503ce9-6dae-4d20-b583-3f9911a7bc4e
2019-10-27 14:35:18 UTC,cart,5812036,1487580005427839846,,irisk,2.48,431947159,c849efcd-4496-4b0e-970d-1b04ab3a0b20
2019-10-27 14:49:25 UTC,remove_from_cart,5888070,1487580013522845895,,shik,2.38,564463478,99350528-8abc-4ec3-b6e0-955ad1d9a252
2019-10-27 15:02:52 UTC,view,5686808,1487580011702517887,,shary,1.83,482196607,261b7094-ecaf-44b1-9d26-1cefbc59c41f
2019-10-27 15:06:20 UTC,cart,5695644,1487580013841613016,,,2.62,558891161,7ea1dc1d-8e4d-905a-db13-4ce87d8c22a2
2019-10-27 15:06:28 UTC,cart,5871047,1487580005754995573,,,4.92,454991444,450badce-6272-45df-a953-59f3bab11c1b
2019-10-27 15:21:49 UTC,purchase,5867629,1487580004916134735,,,5.22,564729422,88d9a62a-f4cd-4488-bbc3-e68781beb685
2019-10-27 15:25:06 UTC,cart,5801304,1487580005511725929,,,5.08,563020987,2f78a4fe-b545-4675-bbef-770acbb4c0a7
2019-10-27 15:31:35 UTC,purchase,4938,1487580008187692007,,runail,1.43,561319603,45778436-58ba-4ce5-8168-224d5339dffc
2019-10-27 15:43:29 UTC,remove_from_cart,5773359,1487580005134238553,,runail,2.62,506879897,96f7855a-cea5-47bc-9d81-229cc877450d
2019-10-27 15:59:46 UTC,remove_from_cart,5651977,1487580009177546772,,,31.73,482952724,b68bf694-75f2-4e24-8b1a-432db29257a8
2019-10-27 16:17:22 UTC,remove_from_cart,5751185,1511892746070131099,,uno,9.37,231076778,3c612ad4-6cac-48f9-96a4-23e2ae950107
2019-10-27 16:19:09 UTC,remove_from_cart,5885389,1487580007675986893,,bpw.style,1.27,358436874,80d7dd93-31c4-4bce-8fcb-021bdf8a312c
2019-10-27 16:25:51 UTC,cart,5786718,1487580007659209676,,irisk,1.43,367748963,329bdfaa-6fb2-4ed1-a72d-91732d541789
2019-10-27 16:59:47 UTC,view,5809902,1602943681873052386,,grattol,5.24,473390486,8db3a2fe-e03a-4df7-a0ac-ded63436bf98
2019-10-27 17:42:08 UTC,cart,5833325,1487580007675986893,,bpw.style,1.59,557513931,90ea3aab-3835-46ec-b590-7f94c7b3056f
2019-10-27 18:06:57 UTC,view,5597380,1487580005411062629,,cnd,16.03,411476728,6043bb7b-1955-44b4-926b-1e769da06e51
2019-10-27 18:44:07 UTC,purchase,5756124,1487580013522845895,,,2.38,550870175,e257a3e8-48a2-439d-9155-03a66457ae99
2019-10-27 18:51:28 UTC,view,5786837,1783999068909863670,,smart,5.56,556500770,80dcd695-7a51-4eb9-af50-b6de7f47956e
2019-10-27 18:54:43 UTC,view,5862273,1487580007675986893,,freedecor,1.43,477619102,d0833635-7343-4b70-92e7-65a41f00b714
2019-10-27 19:00:54 UTC,cart,5677043,1487580008246412266,,estel,13.33,564812745,e3f442dc-4860-4290-b25c-16a3699b01d5
2019-10-27 19:03:19 UTC,purchase,5664662,1487580011425693811,,,0.83,553565570,eb2fd734-ac79-4a34-8dee-8e19e616eec6
2019-10-27 19:07:51 UTC,view,5736597,1487580014093271270,,,7.92,512356711,1f172098-6bd0-4bde-8484-12072ba1b158
2019-10-27 19:14:41 UTC,remove_from_cart,5866166,1487580007675986893,,,1.75,473933109,4fdbd0a3-e5ea-480e-be68-2d76aeb49254
2019-10-27 19:32:08 UTC,remove_from_cart,5839642,1487580005671109489,,masura,2.37,445287623,2835abdf-5db0-4dc1-975b-97548bfecda1
2019-10-27 19:38:09 UTC,view,5758053,1487580004882580302,,,2.7,564821936,ea0a8673-aa30-46a5-98a4-39dac45c2312
2019-10-27 19:51:02 UTC,cart,4853,1487580010796548183,,runail,0.38,507250656,68a20445-0800-49e9-bbab-4ab5277b2aa1
2019-10-27 20:03:45 UTC,remove_from_cart,5754853,1487580005092295511,,,10.63,465237665,0bee21f7-68f9-4448-9062-2bd5ba903a9a
2019-10-27 20:09:06 UTC,remove_from_cart,5860166,1487580011585077370,,,0.78,564784395,a67a08d2-c0c6-4ae7-9141-01fbc0a16911
2019-10-27 20:18:47 UTC,cart,5724293,1487580005427839846,,irisk,2.48,500517651,d743e074-f8f4-43b3-89c9-36cf3b02666d
2019-10-27 20:30:15 UTC,remove_from_cart,5809280,1487580007675986893,,bpw.style,0.79,425667057,5d362df6-71ac-4746-9a6f-dc211c398869
2019-10-27 21:07:17 UTC,cart,5816173,1602943681873052386,,grattol,5.24,516533034,30a4d947-c901-46d0-830e-90ede22a6fd1
2019-10-27 21:16:00 UTC,view,5845350,1487580004916134735,,,5.22,504513780,4d5d05ea-d84f-4453-8d16-6bdcecc9fa04
2019-10-27 21:23:31 UTC,purchase,5833323,1487580007675986893,,bpw.style,0.79,564804498,6a619c37-76cf-4411-a636-d4f71af5c661
2019-10-27 23:21:48 UTC,remove_from_cart,5022,1487580007952810971,,runail,4.84,545649890,d7cbce01-4c4b-447e-b15a-3156f440f6db
2019-10-28 05:29:27 UTC,cart,5659856,1487580007717929935,,airnails,0.95,347104025,147a9016-5964-4106-ada6-10655b695c00
2019-10-28 05:47:18 UTC,purchase,5787966,2151191071378375538,,,14.13,478576287,fb7142e0-0b6b-4e72-bd4d-5e2ea973a940
2019-10-28 06:05:56 UTC,view,5892179,1487580013950664926,,,18.89,559730725,e3d8b117-c683-4f0d-9cb6-08ee01d06ae2
2019-10-28 06:36:15 UTC,cart,5747145,1487580005595612013,,,3.33,549827517,ecc2ca8b-e21b-43c3-bf3d-272b11779c0c
2019-10-28 06:37:02 UTC,view,5851210,1525995662934540829,,,6.03,452869224,33dc2eb5-7b2a-167f-9d7a-a2cefa691495
2019-10-28 06:46:01 UTC,view,5746011,1487580009051717646,,runail,56.98,564939885,7720914b-2b09-48a0-81cf-72fc12cdaff7
2019-10-28 07:01:02 UTC,view,5699414,1487580006409307030,,airnails,11.9,564942158,d0f22be5-b091-40ee-8246-4d65273ca3f0
2019-10-28 08:32:41 UTC,cart,5815661,1487580006317032337,,,0.92,564958782,a018a786-9494-445d-a3ed-95ca5b3a87f5
2019-10-28 08:49:53 UTC,cart,5839695,1487580005671109489,,masura,3.95,501482891,cea6c61a-d4d7-41aa-9aa5-906ebb6c8225
2019-10-28 08:52:15 UTC,cart,5889183,1897124478404526487,,,2.86,510353214,b51c915e-2dc9-4b9e-911b-0d075d093264
2019-10-28 08:55:49 UTC,view,5862004,1487580010695884882,accessories.bag,,38.08,352394658,dee05e29-f331-48dc-b1b3-547985fc2aa4
2019-10-28 09:15:05 UTC,view,4229,1487580005411062629,,cnd,29.05,511471365,1cf3ce37-8c58-400d-98f2-3bdc4a18bc4e
2019-10-28 09:28:17 UTC,cart,5804038,1487580005461394279,,bluesky,3.97,405786782,72ed1e9e-1893-455e-93b4-8bf0e46d3b9f
2019-10-28 09:39:37 UTC,view,5890989,1487580013489291461,,,3.63,395236097,c2ceb5c9-b6c3-4137-82e6-5b7c9afdca7e
2019-10-28 09:46:38 UTC,cart,5684934,1487580013841613016,,estel,5.79,563713118,5704b86e-e93f-4c69-ac4b-02d4d9fce38f
2019-10-28 10:06:02 UTC,remove_from_cart,5695911,1487580007717929935,,,1.59,564979798,406ef00f-7773-453c-88eb-7f0fb28eb821
2019-10-28 10:14:28 UTC,cart,5739036,1487580008246412266,,kapous,3.32,503335721,c6924d2e-a5e0-40a1-8efb-0e4a201d3a99
2019-10-28 10:15:58 UTC,remove_from_cart,5811666,1487580005427839846,,irisk,2.48,564930298,dd1e0e29-a373-4a4f-a014-a9ccc64cf895
2019-10-28 10:20:42 UTC,view,5735268,1487580005268456287,,haruyama,3.97,560561368,2b9c23ba-7ee9-454e-a16e-fb2d93bdbb22
2019-10-28 10:29:17 UTC,view,5784096,1660394382047576308,,,0.79,527962006,00fa2c57-86ca-4be1-8c43-4e59b5ada6d4
2019-10-28 10:30:50 UTC,view,4554,1487580010796548183,,runail,0.38,393504465,1fe57973-131c-46f9-9057-45b32a769f98
2019-10-28 10:55:01 UTC,cart,5756266,1511892746070131099,,uno,9.37,476046765,d84e53c6-91fd-488b-94df-c0f2bdb5958f
2019-10-28 10:55:22 UTC,view,5809910,1602943681873052386,,grattol,5.24,232659335,80fe0948-6fe1-43f2-877d-84543df97d11
2019-10-28 11:09:44 UTC,cart,47610,1487580007717929935,,,0.79,558088510,41d5e921-d722-443e-b464-f214a2455a2f
2019-10-28 11:16:47 UTC,purchase,5466,1487580007306888126,,ingarden,3.81,565019754,bed164f7-2f99-4f17-a0a9-6b0184b17643
2019-10-28 11:37:29 UTC,cart,5839669,1487580005671109489,,masura,2.37,435005030,6c74d75f-8b46-4603-b32f-e7ca7c71ab01
2019-10-28 12:02:53 UTC,purchase,5851606,2055161088059638328,,irisk,1.75,463091608,c019b40c-e9e4-46a2-b1ef-8d7f2157c26f
2019-10-28 12:05:27 UTC,view,5867181,1487580007910867929,,staleks,9.84,564260840,f0921b96-b6cf-4b8e-8a3d-d78e797263e9
2019-10-28 12:13:27 UTC,view,5747147,1487580005595612013,,,3.33,560506137,68df3384-225e-4a5c-a094-3813875be56c
2019-10-28 12:23:50 UTC,view,5847355,1487580005268456287,,,6.75,565039116,54ecb078-41e3-4d5d-b052-d4a7c37f46f4
2019-10-28 12:30:19 UTC,cart,5835870,1487580009445982239,,,0.79,515879584,42e0fa28-400b-4984-8b29-606175300109
2019-10-28 12:36:57 UTC,cart,5883091,1487580012927254698,,runail,7.62,557648686,bb64d972-1f4e-46ee-9561-055b86b66cd4
2019-10-28 13:26:29 UTC,cart,5683948,1487580013841613016,,,2.62,441309963,dd0bad3c-aaee-46d7-90cc-da500f431271
2019-10-28 13:39:07 UTC,remove_from_cart,5689736,1487580007910867929,,staleks,8.25,483154256,0f253577-45fb-4c1a-9aaf-20ce35a00edf
2019-10-28 14:02:02 UTC,remove_from_cart,5764714,1487580012927254698,,irisk,15.86,539013939,c347f557-1fb4-412f-b7a8-49f0cc56081d
2019-10-28 14:05:30 UTC,remove_from_cart,5897501,1487580012432326804,,ecolab,4.56,564986101,a30e07e4-7e9a-a1de-093a-f3011e060730
2019-10-28 14:10:31 UTC,cart,5724623,1487580005427839846,,irisk,2.48,546195724,dd06b540-c196-4598-81a5-3123a30b3215
2019-10-28 14:43:51 UTC,cart,5659809,1487580007717929935,,airnails,0.86,565076277,34b6f7cb-a8b9-4734-b9f1-2f1f5461fe1c
2019-10-28 14:44:14 UTC,view,5855507,1487580006350586771,appliances.environment.vacuum,max,79.21,553861445,c2ac7147-9118-479a-9116-877660bd6f18
2019-10-28 15:19:24 UTC,cart,5561044,1487580005595612013,,,3.0,565097330,a0ad633c-5ef2-461a-a9c7-8390c1223b20
2019-10-28 15:21:00 UTC,remove_from_cart,5849033,1487580005092295511,,uno,10.32,500194085,0783cdd0-686f-4b9c-ae72-f412294829ae
2019-10-28 15:33:30 UTC,view,5810145,1487580006317032337,,irisk,9.52,481511769,8b8bd4c1-d83d-47e2-975c-620ca67a8e76
2019-10-28 15:36:39 UTC,purchase,5686925,1487580009311764506,,,0.35,551463789,43f820d4-7590-426e-9760-d51c75f5078c
2019-10-28 15:44:13 UTC,view,5866959,1487580009051717646,,sunuv,42.86,557419241,81da8290-3937-4b85-9ea3-146242fc5092
2019-10-28 15:52:19 UTC,cart,5836503,2151191071051219817,,nagaraku,4.76,532153705,316187fb-6448-4d2b-b99f-5cb831456fcd
2019-10-28 16:02:05 UTC,cart,5876967,1487580012734316706,,kiss,15.24,565097330,a0ad633c-5ef2-461a-a9c7-8390c1223b20
2019-10-28 16:07:13 UTC,view,5871336,1487580013950664926,,,15.08,565110153,a6b81f52-a323-422e-a815-cfeb989b28d3
2019-10-28 16:30:22 UTC,view,5847870,1487580006317032337,,,1.9,565122615,e2410e47-9790-4692-93db-ac36a45435df
2019-10-28 16:37:25 UTC,view,5826965,1487580005092295511,,solomeya,6.67,379089585,5aca746c-5bed-404c-be7a-5bd1126ed780
2019-10-28 16:42:44 UTC,view,5787020,1487580005595612013,,,4.11,560014652,be85d7b5-aff2-49cd-8ae5-343bf5eb1268
2019-10-28 16:53:24 UTC,remove_from_cart,5896613,1487580005427839846,,irisk,2.48,547930959,1289a494-650f-46aa-8083-a2bb3cb25c09
2019-10-28 16:54:27 UTC,remove_from_cart,5773359,1487580005134238553,,runail,2.62,540974511,c13e4a10-463e-4366-8b09-243f7c61b673
2019-10-28 17:02:06 UTC,view,5881519,1487580005268456287,,,7.86,486363575,35f95c5d-7f98-4d34-a2e4-607e45e51391
2019-10-28 17:04:37 UTC,view,6368,1495705810704007729,,konad,3.97,464956028,e2dcff7e-e47a-4fa0-8310-a6dcda384f82
2019-10-28 17:19:41 UTC,view,5695944,1487580007575323592,,,1.43,565044614,0db1ce41-b934-4eb9-eae6-1d954b610587
2019-10-28 17:24:54 UTC,cart,5885419,1487580005092295511,,grattol,6.27,480237908,fe7dfdbf-439f-447a-a4e7-bdc7d6645a78
2019-10-28 17:25:34 UTC,view,5888957,1487580011677352062,,laboratorium,4.76,442583472,bb452cd9-3089-4266-9e79-f83692d8c017
2019-10-28 17:26:10 UTC,remove_from_cart,5834738,1487580009445982239,,,0.79,511465797,8b5b515f-3d81-41e0-8f93-8c43ade70a75
2019-10-28 17:36:41 UTC,view,5465,2195085255034011676,,ingarden,3.49,528430132,7800d2e3-5ff5-4a69-b68c-d689a0db41a6
2019-10-28 18:25:10 UTC,cart,5849033,1487580005092295511,,uno,10.32,502062993,3d0bea7a-320c-b190-8d37-bad103372964
2019-10-28 18:35:21 UTC,view,5528035,1487580005553668971,,,9.52,565158811,449192f8-0790-4bb0-aa21-a3a43ce29f12
2019-10-28 18:36:24 UTC,cart,5875556,2084144451428549153,,,2.05,250247811,2f612af6-1ba2-4c29-9d5c-22116a03f67a
2019-10-28 18:58:06 UTC,view,5861849,1487580007675986893,,de.lux,1.9,565044614,0db1ce41-b934-4eb9-eae6-1d954b610587
2019-10-28 18:59:11 UTC,remove_from_cart,5890987,1487580006509970331,,,1.48,561987245,fd909641-d7cd-4b21-8a61-4782bd0ee206
2019-10-28 19:10:17 UTC,view,5695532,1487580005595612013,,,3.33,553070744,bc2a3f24-a556-4e1f-bc3b-085dc0c42cb5
2019-10-28 19:15:39 UTC,cart,5815662,1487580006317032337,,,0.92,536135869,13883f3c-b59e-4ca9-9e55-68e230298bb4
2019-10-28 19:18:50 UTC,cart,5724620,1487580005427839846,,irisk,2.48,464948602,ed4d7d76-c30b-4fff-ad5b-274c82a3a7a0
2019-10-28 19:40:06 UTC,view,5680823,1487580011501191286,,,2.54,405237390,4a9503ae-de90-4367-8c9a-08f7022d07d8
2019-10-28 19:52:16 UTC,cart,5801132,1487580005486560104,,irisk,3.65,565161223,e5d6139f-4612-4608-8624-243cffcb6a68
2019-10-28 20:08:58 UTC,cart,5898113,1487580011652186237,,ecolab,5.11,522497477,e7ecda93-f535-4527-99d2-e3681755c2a0
2019-10-28 20:17:43 UTC,view,5560754,1487580006300255120,,strong,194.44,565188699,03251618-8ed6-43ff-a80a-c448113f6cff
2019-10-28 20:36:43 UTC,remove_from_cart,5858892,1487580010100293687,,,1.9,542234922,d604858b-6b83-42e7-aa3d-b7ad8cc0b1b9
2019-10-28 20:37:40 UTC,cart,5773377,1487580005134238553,,runail,2.78,332969233,05d19608-a0aa-469f-8b56-517d19471162
2019-10-28 21:10:06 UTC,remove_from_cart,5877382,1897124478404526487,,masura,3.95,392193365,0044145d-8ccf-4661-8f6c-8b006bd540fe
2019-10-28 21:32:36 UTC,cart,5815662,1487580006317032337,,,0.92,529572607,96353c4d-441d-4f26-a291-36ab4e6937d2
2019-10-28 21:38:09 UTC,view,5761038,2195085255034011676,,beautix,6.35,447454028,523b0d5c-53ec-4368-adaf-5682327343d3
2019-10-28 21:47:12 UTC,view,5853442,1487580013522845895,,profhenna,4.29,377665810,2c61d92d-d5c4-4f6a-995e-a4aac8b80ec5
2019-10-28 22:04:32 UTC,purchase,5809295,1487580007675986893,,bpw.style,0.79,565196011,20d4c378-c7df-4083-93f4-b5326734ff80
2019-10-28 22:37:16 UTC,cart,5304,1487580009471148064,,runail,0.32,523577836,17bea760-9927-41a0-a97c-90bc56a1b1de
2019-10-28 22:50:27 UTC,remove_from_cart,5879038,1487580013279576251,,,4.29,541554151,c1b619c1-f219-4e2f-beaf-88ce952bed05
2019-10-29 00:14:40 UTC,cart,5835157,1487580005268456287,,oniq,10.79,406772131,8d591ae0-c6df-4e7d-9c1d-35205bf00ca5
2019-10-29 01:08:38 UTC,view,5693593,1487580013841613016,,,2.62,557713309,01ff19d9-b897-4940-8706-bf43160b0c6e
2019-10-29 02:27:08 UTC,view,5700095,1783999072332415142,,,14.13,565232272,884bc342-8ceb-4d6d-986d-b28b54383677
2019-10-29 04:00:42 UTC,view,5572,1487580008774893569,,ingarden,3.1,561992668,f89a1d25-da13-7585-af4f-479a36b913c2
2019-10-29 04:23:12 UTC,cart,5859484,1487580005671109489,,masura,1.73,563191181,47b0f0ad-2a98-46e9-aaa0-26223c5fd9d1
2019-10-29 05:07:34 UTC,view,5724662,1487580005427839846,,irisk,2.48,523570006,faaa5a9c-a055-4b21-8c93-a9cc83bb6e21
2019-10-29 05:15:39 UTC,remove_from_cart,5565078,1487580005595612013,,,3.0,468830944,7aefed76-fb54-4988-ae68-2adc632dea93
2019-10-29 06:09:22 UTC,view,5788423,1487580007306888126,,,3.33,529567826,6047ce1d-dec4-4f9a-a81f-a411382d0e7c
2019-10-29 06:43:55 UTC,cart,5592510,1487580007399162817,,ingarden,1.43,565295419,3025a00e-71af-49b0-8ffc-962cd70a7ce0
2019-10-29 06:45:23 UTC,view,5881874,2106514244487873093,,freshbubble,4.29,565030733,c19e74eb-c455-4dce-a471-30d4a5f338b0
2019-10-29 06:51:32 UTC,view,5799900,1487580009051717646,,,24.29,565299749,d50e511a-217d-4f52-b987-b6f318c76421
2019-10-29 07:00:05 UTC,remove_from_cart,5844307,1487580006317032337,,,2.14,551774022,362373c9-9f79-4271-8931-d2bd7bba3164
2019-10-29 07:17:25 UTC,remove_from_cart,5157,1487580009202712597,,runail,4.05,434762260,50ef0ec9-cc14-4a85-b80e-e7f97dcc5e28
2019-10-29 07:49:02 UTC,cart,5783351,1658462125284131265,,uskusi,3.57,565308843,1614ba6c-9869-4e5e-9fab-4be45a82c0ef
2019-10-29 07:54:44 UTC,remove_from_cart,5751412,1511892746070131099,,candy,8.43,565308843,1614ba6c-9869-4e5e-9fab-4be45a82c0ef
2019-10-29 08:13:40 UTC,view,30133,1487580008699397117,,sophin,5.24,456484299,5e781ead-01ea-4eee-9836-ef5edbdcf73a
2019-10-29 08:20:29 UTC,view,5885301,1487580011283087468,,trind,9.37,526295299,5da71d6f-61ca-4e4a-be1a-7bafec87e93b
2019-10-29 08:46:41 UTC,cart,5890794,1487580008816836611,,,1.57,253602641,f4b235e0-9542-49f8-2a2b-2fa757ef4e37
2019-10-29 08:59:18 UTC,cart,5818361,1487580009336930331,,igrobeauty,1.03,458783618,e2ccf6de-7241-4330-9460-5dc2580738f0
2019-10-29 09:19:00 UTC,cart,5877503,1487580007675986893,,freedecor,1.43,563956359,ca2e14c3-8d8e-460f-927d-3b62c86ce82e
2019-10-29 09:39:17 UTC,cart,5859334,1487580007675986893,,,1.75,471206230,c89d1163-f29d-4767-8b79-4e6151fc5543
2019-10-29 09:54:48 UTC,cart,5842143,1487580006317032337,,,1.59,565355084,912a1639-a0c7-44a9-a9a2-754f580bb9c5
2019-10-29 10:06:58 UTC,view,5896422,1487580009051717646,,jessnail,34.13,330092928,6b3118ea-ec43-42ed-a592-ec6dff3b4200
2019-10-29 10:41:10 UTC,view,5894642,1487580005528503146,,pnb,5.24,466015000,67d5a739-96f9-4ad9-aa7b-dd2fa5fb6308
2019-10-29 10:43:32 UTC,view,5838938,1487580005713052531,,ingarden,4.44,521510121,08a75642-d252-4440-907a-c14f5ae392df
2019-10-29 11:22:27 UTC,view,5652774,1487580013950664926,,,13.49,564651141,35f233e8-8bf1-45af-943f-8956652cb24c
2019-10-29 11:32:48 UTC,view,5739902,1487580012021285001,,milv,3.49,555511769,3f25be53-6ca9-4781-be28-ddb3db0a2bc5
2019-10-29 11:39:30 UTC,view,5682471,1487580007910867929,,zinger,4.44,499007293,5e902410-d5d2-4063-ab7f-234dbaea8ea4
2019-10-29 11:42:31 UTC,purchase,5802432,1487580009286598681,,,0.32,565286887,f8d49f16-db41-f64c-38b1-00d5792dc951
2019-10-29 12:03:25 UTC,purchase,5875324,1487580007214613434,,,2.83,555035406,ea1a18d9-77a5-4586-94bb-c32ff136bc4b
2019-10-29 12:06:57 UTC,view,5650609,1487580009336930331,,metzger,14.13,565393508,ac5a0e9b-7f8e-4f6f-b292-3dfa0d14b384
2019-10-29 12:07:47 UTC,purchase,5861316,1487580008145748965,,,1.35,564051870,77664a2a-df54-49a7-a47f-1131c5b4f883
2019-10-29 12:22:39 UTC,cart,5804163,1487580005671109489,,masura,1.73,565398894,70ece9f9-659a-4190-be11-ee80635dd8d4
2019-10-29 12:41:01 UTC,cart,5816173,1602943681873052386,,grattol,5.24,277778388,2afd0034-7642-4cbd-b2f1-e489d7fb567b
2019-10-29 12:54:29 UTC,view,4829,1487580006317032337,,,6.67,563360699,3ba6356b-eb17-43e4-96bd-7ff3337c6d1a
2019-10-29 12:55:13 UTC,view,5868295,1487580013489291461,,,5.56,381911695,dd912160-fb4f-4567-8e97-2348beab376d
2019-10-29 12:55:16 UTC,view,5815653,1487580006317032337,,,0.67,565405991,de4ae656-6809-4895-a43b-257f5ef5ab83
2019-10-29 13:12:03 UTC,cart,5831520,2141560642253881670,,,6.03,495281758,ce6e3f11-7f9f-4c71-ba1a-6b1e14dd2644
2019-10-29 13:13:09 UTC,remove_from_cart,5528035,1487580005553668971,,,9.52,564784395,a3fe18bc-145c-4384-9403-8ce35c10ac41
2019-10-29 13:39:16 UTC,cart,5887579,1487580005595612013,,,3.0,544166373,68a5bf26-6ed0-4b3b-b7b7-75a12c9013b2
2019-10-29 13:59:30 UTC,purchase,5858911,1783999071199952917,,,0.79,551999943,359302ac-8f95-4e27-8df8-c2db160539a8
2019-10-29 13:59:41 UTC,view,5696900,2195085255034011676,,severina,6.35,565431480,d4f5d3f4-04c3-4212-9246-948cbfc9742a
2019-10-29 14:03:36 UTC,remove_from_cart,5882380,1487580013338296510,,bespecial,8.57,558524309,3e6e971d-e683-4639-a1c1-24099b765391
2019-10-29 14:17:22 UTC,view,5770385,1487580013069861041,,italwax,18.25,550353491,78fab48d-3293-48a4-bd2f-fdcaebd44352
2019-10-29 14:47:03 UTC,view,5848308,1487580011627020412,,,14.13,565440394,59d70115-2593-4833-85ca-86cd9ff1724a
2019-10-29 15:16:11 UTC,cart,35365,1487580012784648356,,,1.84,560666379,72cbb864-9c9a-453f-8f03-98fe23929d55
2019-10-29 15:33:25 UTC,view,6174,1487580007776650194,,runail,0.63,483764023,cf91eccb-f1d7-4fa8-b9ff-fe92dc545776
2019-10-29 16:04:10 UTC,cart,5697533,1487580008145748965,,roubloff,4.21,498699210,1d6ab6f5-9b7d-4a92-ba7d-ff5bc38ad47f
2019-10-29 16:22:30 UTC,remove_from_cart,5816176,1602943681873052386,,grattol,5.24,565360339,46e33c17-cd18-4323-be3a-c8847ef45bbf
2019-10-29 17:07:50 UTC,view,5848097,1487580013145358517,,,4.21,534526138,c423fe15-8fd6-4df4-b68c-5f2a7d6d9ffd
2019-10-29 17:07:54 UTC,view,5812119,1761186209054327497,,art-visage,3.02,533948508,c4c7bcd9-2ec4-4ce8-a8ea-a4aa65d7ce39
2019-10-29 17:25:31 UTC,remove_from_cart,5804665,1487580013581566154,,,5.4,534526138,c423fe15-8fd6-4df4-b68c-5f2a7d6d9ffd
2019-10-29 17:47:22 UTC,view,5692244,1487580007432717250,,,1.51,548538154,dee5df7e-23c6-4677-bc89-b132802413b8
2019-10-29 17:57:44 UTC,remove_from_cart,5714052,1487580004832248652,,beautix,9.37,440032223,e512bfb9-fc22-489f-852d-4d4da530525a
2019-10-29 18:12:08 UTC,view,5769927,1487580013841613016,,kapous,4.22,550262139,1ebae472-c485-4d3c-9e59-47755ddaf1c4
2019-10-29 18:12:16 UTC,remove_from_cart,5771968,1487580013522845895,,,1.43,451188123,8692de77-2f81-4aaa-9af4-be1b843bd841
2019-10-29 18:52:51 UTC,cart,5700041,1487580009286598681,,runail,0.4,347688744,e2938345-398c-4e75-8ce5-96d1cd1c4bd9
2019-10-29 18:53:56 UTC,cart,5832568,1487580006317032337,,,6.35,491006841,b7bca290-6fe1-4e87-afa8-a825176238a1
2019-10-29 19:35:26 UTC,purchase,5677417,1487580010318397504,,estel,6.75,537663533,898d1e9f-72a9-4584-b462-bfa14831f670
2019-10-29 19:35:38 UTC,view,5752484,1487580005511725929,,,4.27,564780450,29c27aad-d0e8-492a-9983-d0681befe242
2019-10-29 19:36:57 UTC,cart,5697021,1487580005754995573,,,4.44,490513311,a5810e77-d05a-41b6-8062-fd66eed2b47e
2019-10-29 19:48:41 UTC,cart,5806147,1487580007483048900,,,1.75,545251790,cd7804f2-ea7d-4fcf-ac6b-4c0c7d18caa5
2019-10-29 19:51:53 UTC,view,5610037,1487580005461394279,,bluesky,3.02,565541270,2b260809-1252-46cf-a669-90298b532cc4
2019-10-29 20:02:03 UTC,remove_from_cart,5700038,1487580009286598681,,runail,0.4,236201323,3079fa57-87c2-4f09-a473-2a29459c4c7a
2019-10-29 20:05:27 UTC,view,5869155,1783999064136745198,,cosmoprofi,4.76,454938035,67b06414-cfcd-4383-8f42-15201498eed1
2019-10-29 20:11:27 UTC,view,5862034,2151191071051219817,,,5.87,517859679,ac9ee542-41cc-4222-94ea-f41c8d0ba4d2
2019-10-29 20:18:58 UTC,view,5880640,1487580013950664926,,,17.94,565548246,37eacdfc-a195-4f06-a1cc-f99b27d8072f
2019-10-29 20:42:55 UTC,remove_from_cart,5700074,1487580009286598681,,runail,1.27,501403603,11221261-980c-4997-97e1-e219eb8ad447
2019-10-29 20:47:34 UTC,remove_from_cart,5809288,1487580007675986893,,bpw.style,0.79,557697815,b0366f0a-2826-44db-951c-977945b409b1
2019-10-29 20:48:59 UTC,view,5854832,1602943681873052386,,grattol,5.24,521046418,e92ab8f0-5b69-4095-b9bf-4330c3c2d54f
2019-10-29 21:23:15 UTC,view,5875274,1487580005553668971,,,11.43,455232360,cc75f57d-adc1-42e5-8b5a-0c4fd00ea1dc
2019-10-29 21:54:02 UTC,cart,5723501,1487580005134238553,,runail,2.62,442620564,86411600-17b9-462b-8be3-2e3a79a6e2e4
2019-10-29 22:11:08 UTC,remove_from_cart,5851159,1487580007306888126,,,3.97,434796053,f8e2b522-6967-41c5-ad3a-8ad9add47c19
2019-10-29 22:14:45 UTC,cart,5859463,1487580005671109489,,masura,3.95,252163661,6b0b809e-7411-4efd-a7c4-31cdb3dc5f85
2019-10-29 23:58:18 UTC,cart,5877453,1487580006300255120,,jessnail,54.29,546998502,a16ebc70-917a-454a-9297-a85bd19c8c41
2019-10-30 01:52:13 UTC,view,5861967,1487580008313521133,,estel,6.83,564020074,c5a798c4-085a-43f9-a3df-d85f50561d7f
2019-10-30 04:23:22 UTC,view,5865019,1487580011627020412,,miskin,17.32,564837605,6c5c0ec5-a0cc-45a7-94bb-c803ebb420f4
2019-10-30 04:36:21 UTC,view,5788134,1487580005754995573,,,6.35,477446541,9759b938-10e4-4f7a-9433-3c5f8df63de8
2019-10-30 05:11:14 UTC,view,5820746,1487580006317032337,,,2.22,375343747,470efbc5-1974-bb64-1e87-7e5f87cbe317
2019-10-30 06:02:24 UTC,remove_from_cart,5813145,1487580004857414477,,lianail,5.54,341954068,b532460b-dda0-45c2-91b9-a483124b1f8d
2019-10-30 06:21:05 UTC,view,3978,1487580005411062629,,cnd,29.05,543741989,7ba556a6-fc4f-4ee7-b311-703ba7fa7126
2019-10-30 06:34:05 UTC,view,5773605,1487580006317032337,,irisk,1.9,351601119,4e5b0900-3522-478d-a54b-8d087645c754
2019-10-30 06:38:15 UTC,cart,5751422,1487580005268456287,,uno,10.95,534094084,edee74ce-1cc3-4133-ad51-f275189c91e2
2019-10-30 08:14:05 UTC,view,5864782,1487580005385896804,,,5.56,560044838,eb8d3229-2210-41ed-b5cb-a1ac83699fbb
2019-10-30 08:45:55 UTC,view,5806922,1487580005092295511,,grattol,6.27,565693300,96eb3ef2-0350-45ed-ac5c-c653e6544cf2
2019-10-30 09:05:15 UTC,view,5739036,1487580008246412266,,kapous,3.32,565699141,e20129fd-b9bc-4fc0-9898-481f1235fccc
2019-10-30 10:08:30 UTC,purchase,5699797,1487580006241534861,,runail,2.54,562874222,20b4b5d0-4ab6-482c-b3b4-c2a57fb1f3b7
2019-10-30 10:08:59 UTC,cart,5841721,1487580008187692007,,,1.37,243173629,ad831a9d-317c-461d-affe-c6c638e7a00d
2019-10-30 10:12:06 UTC,remove_from_cart,5699797,1487580006241534861,,runail,2.54,470786013,d8ce6f16-f1ca-45de-b177-baa2ec0b0c79
2019-10-30 10:21:18 UTC,view,5856190,1487580009026551821,,runail,15.71,565585705,f9160bae-4f17-4420-a508-a29e569055b4
2019-10-30 10:28:16 UTC,view,5670727,1487580010796548183,,,0.48,551444260,2be3cb92-a3e5-49a5-9e75-8eb1e8f49ed8
2019-10-30 12:19:27 UTC,view,5819273,1554383493545328915,,,4.76,565748730,f59cbeb6-b8e2-4f1c-8c68-f1bfa9a82691
2019-10-30 12:40:35 UTC,view,5794073,1487580005511725929,,,5.56,559751624,c4abce82-c698-5604-ac2e-8c40fb040ad0
2019-10-30 12:40:49 UTC,cart,5724586,1487580005427839846,,irisk,2.48,565764382,c2c7efa8-5a81-434c-9f0a-587a9a90d7f0
2019-10-30 12:49:41 UTC,cart,5724305,1487580005427839846,,irisk,2.48,478697326,4f270695-3fd5-4595-82c2-58973b7a4697
2019-10-30 13:01:46 UTC,view,5677462,1487580013858390233,,,0.87,461819008,70c5f55d-ebde-4e20-a7cd-67e07ad9ab1e
2019-10-30 13:26:13 UTC,remove_from_cart,5854897,1487580009445982239,,irisk,0.32,526285483,fcaacebc-939a-47fd-9007-247aad4b107e
2019-10-30 13:33:51 UTC,cart,3945,1487580005411062629,,cnd,16.03,565761997,0cdc3d53-98e4-4120-9795-4001faa08c06
2019-10-30 13:36:49 UTC,cart,5889629,1487580010561667147,,,7.94,373333653,c2709c6f-e960-4c9c-bb82-ca1b1b2a962e
2019-10-30 13:52:43 UTC,view,5881720,1819693959081886239,,kinetics,6.51,565766495,e69c6d09-4ab3-4e5a-80e7-5e67cb2bf28f
2019-10-30 13:57:03 UTC,cart,5724620,1487580005427839846,,irisk,2.48,557743453,bf353255-fd0a-4e5b-963b-a3e9fdacd10e
2019-10-30 14:40:05 UTC,cart,5143,1487580008816836611,,runail,1.03,439936079,a6823cbd-1c86-4925-b2b0-e5fba5a3ea08
2019-10-30 14:42:14 UTC,view,5674754,1487580005595612013,,,3.0,372804528,9998648a-812c-4f7f-b74c-8e594ee34731
2019-10-30 14:45:49 UTC,view,5816167,1602943681873052386,,grattol,5.24,247377601,0d9e9d8b-68e5-b997-4cb5-2e4bdec713b6
2019-10-30 15:07:17 UTC,view,5839314,1487580007256556476,,lovely,2.52,480750990,36b4124a-d5b0-475d-8ede-0c4731016eb2
2019-10-30 15:25:08 UTC,cart,5814521,1487580005092295511,,runail,4.44,105697630,154dbfdd-0eb5-42f5-95a1-64c591e564ae
2019-10-30 15:54:37 UTC,view,5815731,1487580005268456287,,,10.95,537839201,ac8c3eb8-1d88-4e90-b1f5-2708b10a4f20
2019-10-30 16:00:16 UTC,view,5545292,1487580005411062629,,cnd,16.03,410935876,c5748888-76cb-41ab-8fd8-edd5d00b752e
2019-10-30 16:00:46 UTC,cart,5854829,1602943681873052386,,grattol,5.24,263630092,2f23b633-ff90-4ad8-b4cb-e4337fca4623
2019-10-30 16:34:25 UTC,purchase,5855120,1487580005268456287,,,15.56,534237941,b3747055-1cde-4b64-b6b8-a99af2439f36
2019-10-30 16:42:20 UTC,cart,5835924,1487580009471148064,,irisk,1.51,515985677,815ac2c8-b0f5-45d2-8f1f-1e745d4ef55e
2019-10-30 16:47:03 UTC,view,5876025,1487580013086638258,,italwax,15.71,528031345,1a9ffe56-927c-4f74-9638-c9af5f587e89
2019-10-30 16:58:53 UTC,cart,5862327,1487580007675986893,,freedecor,0.79,258461077,597815f7-25d1-4599-81c8-b608f6ba9254
2019-10-30 17:26:15 UTC,view,5848435,1487580007675986893,,freedecor,0.79,530661481,1e9953a5-7aba-4714-8235-9b29b918c943
2019-10-30 17:44:28 UTC,remove_from_cart,5890155,2134354342373753638,,,3.49,549619491,3ab2e433-9c78-42e5-a54c-256c6fc9617d
2019-10-30 18:02:58 UTC,view,5684669,1487580006300255120,,marathon,109.05,499351814,60cd2db6-464f-40e0-aa62-dbdcadeb58e5
2019-10-30 18:07:09 UTC,remove_from_cart,5545530,1487580010754605141,,,3.98,475606257,c790b1b6-65bc-4f48-b0f9-f68df203f5cf
2019-10-30 18:32:45 UTC,view,5889890,1487580005511725929,,,5.56,398532765,97c27ad9-d49d-4ec8-b10b-9e000028d04e
2019-10-30 19:02:52 UTC,view,5843546,1487580010628776014,,,3.94,503745769,9eb7b5b6-705a-4bd5-adf3-75811a1edd69
2019-10-30 19:17:38 UTC,view,5686083,1487580008145748965,,,0.79,431714883,147b5440-25a7-49d7-a2a2-99475830e828
2019-10-30 19:42:41 UTC,view,5643943,1487580010100293687,,,1.05,557927806,cee9c766-835a-49de-8bb0-6fd672e8ef18
2019-10-30 19:47:05 UTC,view,5893672,1487580005754995573,,,4.92,561644911,44543e25-1a68-4d5f-abf0-a5cd78fab81e
2019-10-30 19:47:15 UTC,view,5841988,1487580011702517887,,,4.29,565834776,7e8b75fd-ff2c-4b34-ba7c-8cbac40a3858
2019-10-30 19:50:51 UTC,cart,5700035,1487580009286598681,,runail,0.4,484906528,ea3bf77d-db3e-4d87-afc6-3be2a28e680d
2019-10-30 19:51:33 UTC,remove_from_cart,5702872,1487580009311764506,,,0.38,484906528,ea3bf77d-db3e-4d87-afc6-3be2a28e680d
2019-10-30 19:55:33 UTC,cart,5835755,1487580005268456287,,,6.35,565437568,115f6d58-b88e-467a-9891-daa55dd1dd58
2019-10-30 20:01:54 UTC,remove_from_cart,5774964,1487580008800059394,,masura,3.16,392682001,a6107a90-4112-43b3-954f-3c1caee35642
2019-10-30 20:05:33 UTC,cart,5839652,1487580005671109489,,masura,2.37,417530312,0c1ec1e7-7b5b-4a94-ae46-d5d2e4fd0feb
2019-10-30 20:28:21 UTC,view,5582936,1487580008657454075,,,2.86,563767666,8b9471bf-cd99-4e61-9c2e-bedacfb31faf
2019-10-30 20:31:21 UTC,view,5849033,1487580005092295511,,uno,10.32,497749217,001a92bb-06cf-4b6f-a368-139812c804cd
2019-10-30 20:33:21 UTC,view,5758927,1487580005067129686,,,2.38,550731199,5c350d69-3646-41e2-9029-9ebf43dc0eda
2019-10-30 20:47:36 UTC,cart,5866151,2055161088059638328,,,2.06,520726379,13e2797a-1113-49ec-97f5-128591bb8a38
2019-10-30 20:50:15 UTC,view,5859410,1487580005671109489,,masura,2.37,263366743,cdc83adc-c9f0-454b-8ccb-fd3a16b5e9a8
2019-10-30 21:01:49 UTC,view,5809910,1602943681873052386,,grattol,5.24,477690738,aca69305-2baa-4a43-9b26-b253f5e43a4a
2019-10-30 21:10:29 UTC,view,5685356,1487580011853512836,,farmona,14.44,322672885,ab1e45ff-12c2-48ce-b1ec-1eff5baccde3
2019-10-30 21:16:36 UTC,view,5873417,1487580009051717646,,sunuv,33.33,392455288,c60e70c0-a6d4-4080-83ed-1e89ce542359
2019-10-30 22:32:13 UTC,view,5754160,1487580007910867929,,yoko,13.33,471221276,1bbef3d5-45b5-4cf4-8723-138dd150ced0
2019-10-30 23:37:21 UTC,remove_from_cart,5785422,1487580007256556476,,,3.16,532823008,0a48c056-282f-4cd0-8134-939dea09f357
2019-10-31 00:25:19 UTC,view,5857958,1487580013388628160,,limoni,19.3,552235561,a70e2c0e-fbc4-4448-b517-26f0ce5564ed
2019-10-31 02:50:29 UTC,cart,5810480,1487580011283087468,,,22.54,448126743,f7f1a365-1fc8-46a9-9743-da5d6a665aa4
2019-10-31 06:31:04 UTC,view,5854270,1487580007281722301,,,4.05,565998672,8b183501-883f-45f2-8d86-c28521b1aec6
2019-10-31 06:31:22 UTC,cart,5898229,1487580008984608779,,,236.51,566004485,4fa27ca9-63b4-429a-9e02-2e8c14ea64d9
2019-10-31 07:03:10 UTC,remove_from_cart,5824173,1487580005092295511,,,12.7,436388083,812a4531-e7e3-4d59-a719-314615a02621
2019-10-31 07:20:01 UTC,view,5888066,1487580013581566154,,shik,12.7,566016494,76f449d5-26fe-453c-bfc3-ec3fcc9ff662
2019-10-31 07:24:36 UTC,view,5810037,1487580005092295511,,,8.73,476035013,581d7d78-c344-4451-a9aa-1d80d37e2e20
2019-10-31 07:42:48 UTC,view,5699414,1487580006409307030,,airnails,11.9,482681562,50d10b80-03bb-4d46-be73-54b80dd4b58f
2019-10-31 08:00:41 UTC,view,5858653,1487580008246412266,,,14.57,237219998,ecd4ca87-42d1-465d-94c5-1a2525c5d144
2019-10-31 08:31:14 UTC,view,5837288,1487580007675986893,,bpw.style,1.27,566040202,c9830d0d-d0c1-4866-a877-b8ba9e9b0865
2019-10-31 08:47:33 UTC,view,5887726,1487580013279576251,,,4.33,566044959,fedc0009-895d-4477-b862-3a597abb7df7
2019-10-31 09:17:03 UTC,view,5696902,1487580006526747548,,irisk,1.9,559089902,03fa6dfd-57ec-4db2-88ff-58f09c5617b3
2019-10-31 09:18:05 UTC,view,5771968,1487580013522845895,,,1.43,563681495,f85abb56-a9d2-4553-a9db-887ca572f92e
2019-10-31 09:23:07 UTC,view,5692891,2140803113261466607,,yoko,3.33,480450915,01e89487-b4c1-476c-9807-3cf045993e65
2019-10-31 10:46:06 UTC,cart,5863402,2029082628195353599,,,2.54,566077341,146227e0-71dc-42a1-a43e-9bbf59727f0e
2019-10-31 11:26:20 UTC,view,5682468,1487580007910867929,,zinger,19.21,489091186,a0626c21-6728-40aa-98a1-5fc069b2896e
2019-10-31 11:51:41 UTC,view,5840039,1783999071325782053,,irisk,2.38,540912300,dbaf6364-76af-4d87-86da-781c6fa17161
2019-10-31 12:00:45 UTC,view,5836528,1487580013522845895,,nagaraku,0.95,566090178,51e5045c-5adf-4feb-ae6b-b31debd5b82b
2019-10-31 12:32:44 UTC,cart,5699724,1487580004882580302,,,2.7,558093964,60517ac2-4cd1-4bea-aa5d-cc843deec819
2019-10-31 12:52:55 UTC,view,5766595,1487580008263189483,,kaaral,14.32,441006801,c9dd2f0e-2401-4bdb-873e-efd166f3e94d
2019-10-31 12:56:34 UTC,cart,5689725,1487580007852147670,,staleks,13.17,550287845,4a9b2e25-d869-41f7-83cc-b858bace6672
2019-10-31 13:26:23 UTC,view,5825534,1487580013539623112,,,9.37,555696011,7ab17244-c2b5-4b21-abac-09f4629903a1
2019-10-31 13:54:31 UTC,view,5838938,1487580005713052531,,ingarden,4.44,566016886,6e90e1aa-173b-4e84-9bd3-1769e8f69301
2019-10-31 14:07:43 UTC,cart,5809910,1602943681873052386,,grattol,5.24,234670039,b1d62301-7cb7-4a20-90f4-a4ad36ff1b68
2019-10-31 14:25:37 UTC,view,5809235,1487580007675986893,,bpw.style,1.27,566137663,aaeddc3b-db84-42f0-91cd-72a6b7ddd1da
2019-10-31 14:48:06 UTC,view,5846437,1487580013950664926,,browxenna,45.24,566156171,f83e0034-7b33-4624-9df2-a15d7d4ae379
2019-10-31 15:36:39 UTC,remove_from_cart,5797794,1638456119066100510,,pole,4.11,484217922,ea80302a-9015-4f56-9d95-4347cfb0b4d0
2019-10-31 15:53:09 UTC,remove_from_cart,5862631,2151191071051219817,,nagaraku,6.35,566173179,5827d025-8292-48c7-9fc2-c53dca17e05f
2019-10-31 16:03:06 UTC,view,5730224,1487580007457883075,,,5.56,267432378,eea52504-ac20-4fcd-8c2a-4d761d29f619
2019-10-31 16:10:08 UTC,cart,40099,1487580011408916594,,swarovski,2.06,566179690,940f86df-e2fb-4457-8030-9fccc154945a
2019-10-31 16:14:47 UTC,purchase,5734591,1487580005050352469,,haruyama,3.97,493840329,b9f873b1-ef52-49fc-89b3-f33f10274191
2019-10-31 16:18:48 UTC,cart,5819124,1487580007675986893,,bpw.style,0.79,456117875,052a012b-22ea-8b60-9645-e1121c0f9816
2019-10-31 16:18:56 UTC,cart,5900331,1487580007675986893,,freedecor,1.43,534307526,5ec08705-ac51-427f-bc9f-9a22ed6576f4
2019-10-31 16:28:42 UTC,view,5775520,1487580006073762693,,,5.56,566023695,6a97e574-cd06-479b-97a6-e190814122a8
2019-10-31 16:43:16 UTC,view,5770063,1487580009051717646,,kosmekka,46.03,566187946,0cf42ca4-bbcc-488d-8d0f-92ea2dc3fa00
2019-10-31 17:36:07 UTC,view,5883806,2114584564549550293,,,3.81,565563039,2b5e675a-5a1b-b6fc-daa7-bbb515b977a6
2019-10-31 17:53:34 UTC,purchase,5773159,1487580012994363565,,irisk,2.79,361150367,689eceb8-e9db-48d1-bf90-cafcd8075a2d
2019-10-31 18:11:46 UTC,cart,5745314,1487580010628776014,,,1.43,532035422,e2dd8e98-b6ad-48b6-a57a-2cd083d6aff9
2019-10-31 18:29:13 UTC,cart,5659751,1487580007399162817,,irisk,0.95,566215520,c9df0594-2524-4e0a-8735-a950068f4c67
2019-10-31 18:57:19 UTC,cart,5856283,1658462125284131265,,uskusi,3.57,564925073,95f24a3a-d843-4449-92ba-081f795bfe78
2019-10-31 19:00:28 UTC,view,5760783,1487580005134238553,,runail,2.62,463671757,fbd1e297-d1d3-4a2a-a59f-66b0649e8f4f
2019-10-31 19:04:00 UTC,purchase,5869155,1783999064136745198,,cosmoprofi,4.76,503871773,775fb5e1-0769-499b-9663-7575af5754eb
2019-10-31 19:20:06 UTC,purchase,5751422,1487580005268456287,,uno,10.95,318067944,cc5c5bb2-25a3-91eb-0b18-601734d676f6
2019-10-31 19:36:37 UTC,view,5831581,1783999072332415142,,,14.29,539462974,4f167169-74cc-4941-9024-9d6f5f7e178c
2019-10-31 19:47:35 UTC,cart,5802432,1487580009286598681,,,0.32,495310920,b88c5a7a-ee06-4f11-8525-aa49b5471193
2019-10-31 19:50:30 UTC,view,5809911,1602943681873052386,,grattol,5.24,505443891,840391d0-2934-4e1d-91ac-55b2cd9876a2
2019-10-31 19:56:56 UTC,view,5703538,1487580013145358517,,art-visage,3.89,526765447,04cbd910-6173-4cfe-b3cf-b5e3126f19e0
2019-10-31 19:57:30 UTC,view,5869135,1783999064136745198,,cosmoprofi,19.05,469124292,45385b77-a48a-42e3-822b-a0512b7fcca3
2019-10-31 20:25:42 UTC,cart,57324,1487580007072007091,,ingarden,5.08,448866921,2a2391de-4feb-432e-a9f8-664b7f4fd1e2
2019-10-31 20:28:32 UTC,view,5865795,1487580008909111303,,,1.75,566227068,082e9fef-32e5-4618-8d90-54af200f3c62
2019-10-31 20:32:02 UTC,cart,5724608,1487580005427839846,,irisk,2.48,418299478,36b7c84e-8b25-4cb0-94b3-7b5313634023
2019-10-31 21:19:28 UTC,cart,5739031,1487580008288355308,,kapous,4.98,566257860,583338dd-55a5-46ee-aa01-c366301bbe86
2019-10-31 21:52:10 UTC,remove_from_cart,5855120,1487580005268456287,,,15.56,395775805,faf6a886-4fea-4173-9c92-7989f433c2ec
2019-10-31 21:59:23 UTC,view,5847379,1487580010335174721,,matrix,18.41,443004276,04cd8ca8-653c-4900-8c1c-c59f9053d462
2019-10-31 23:37:34 UTC,cart,5809302,1487580007675986893,,bpw.style,0.79,566272508,8f8a6160-24b9-47b3-881d-75798a7d45ad
