event_time,event_type,product_id,category_id,category_code,brand,price,user_id,user_session
2020-01-01 01:02:31 UTC,view,5649236,1487580008246412266,,concept,8.65,542469446,89165db2-44a4-4513-a65f-d8a5fffbb18b
2020-01-01 04:35:06 UTC,cart,4632,1487580010821714008,,runail,0.38,397780878,72c406e2-2e65-47e6-99e2-09ce9a717616
2020-01-01 08:07:44 UTC,view,5620924,1487580007256556476,,,6.65,386491215,da890d23-82a7-4e58-907a-4c3734e8474b
2020-01-01 09:46:25 UTC,view,5550104,1487580005595612013,,,3.0,587189506,30aed65e-0e1c-4dde-a0ec-c2ca718b4064
2020-01-01 10:19:27 UTC,view,5412,1487580009076883471,,runail,2.38,410484221,4ce4d7a2-195f-48dd-9391-1f5b387b4d27
2020-01-01 11:14:01 UTC,view,5869135,1783999064136745198,,cosmoprofi,19.05,522945301,47a20e4a-4521-4870-b59f-6a623f932d12
2020-01-01 11:56:39 UTC,purchase,5877454,1487580006300255120,,jessnail,44.29,595543274,f04b291d-edbf-42f9-a2f1-448e7382600f
2020-01-01 12:29:46 UTC,view,5861591,1487580009143992338,,lador,2.22,595566676,cc34a5a6-0b0a-4c6c-926a-20d88d5fe20b
2020-01-01 12:48:31 UTC,view,5743947,1487580012927254698,,italwax,2.78,408634781,8cc5dd64-f3eb-445c-a99f-e935f98dad01
2020-01-01 14:27:15 UTC,cart,5683630,1487580005595612013,,,3.0,590964723,3d985fba-e7d0-41cf-861b-fcca4b6458eb
2020-01-01 15:47:50 UTC,remove_from_cart,5774982,1487580008800059394,,masura,3.16,590024165,4fa094f0-66e2-4e18-8efd-55b052a51eaf
2020-01-01 15:57:08 UTC,remove_from_cart,5843610,1487580007634043851,,,3.17,594997200,f295228d-e2f9-4a02-8447-60162c38f21e
2020-01-01 16:15:30 UTC,view,5908936,1487580008011531230,,dewal,54.63,595636413,bbabe8ff-831b-4617-acaa-3230274f1826
2020-01-01 17:07:10 UTC,view,5909983,1487580008053474272,,dewal,48.19,546039993,057c74b0-0829-4d84-ada2-1c8d691fd129
2020-01-01 17:40:35 UTC,cart,4607,1487580010796548183,,runail,0.38,558151089,cf38d2fa-5b27-4ce2-9997-6dcba92006e8
2020-01-01 19:18:37 UTC,purchase,5802432,1487580009286598681,,,0.32,567548532,2a4724d8-814e-482d-bd30-0273fb6c9ea0
2020-01-01 19:40:14 UTC,remove_from_cart,5887766,1487580013279576251,,,4.27,514766907,da221650-9ff1-450a-80b9-e38ebeddef6e
2020-01-01 19:44:21 UTC,view,5880203,1487580012432326804,,grace,3.48,595704688,4d99239d-4e43-4aac-8e0c-1ba06f9543e9
2020-01-01 20:20:01 UTC,view,5850355,1783999072332415142,,bioaqua,6.19,491775458,a647bc12-2b78-46b7-adae-8cb002a2c124
2020-01-01 20:25:43 UTC,cart,5562312,1487580009227878422,,,1.35,595651367,f95b3623-5e45-4643-b3e9-2e73278a6f51
2020-01-01 20:45:58 UTC,cart,5652774,1487580013950664926,,,13.49,488659447,5f7bef1d-ed25-40e1-a992-de835f48929e
2020-01-01 21:00:44 UTC,view,5844153,1487580008246412266,,,7.92,595725139,8c67d968-19c6-4102-94f0-a4fe2cf0c3aa
2020-01-01 21:01:41 UTC,view,5877795,1487580009051717646,,,158.73,595725145,96fd956e-61d3-423c-a489-18e6a33d7bd7
2020-01-01 23:21:27 UTC,remove_from_cart,5825603,1487580013950664926,,domix,5.65,254176828,7adc6851-3b4d-4464-ac83-ad7ecb3e4d64
2020-01-02 02:16:25 UTC,remove_from_cart,5773362,1487580005134238553,,runail,2.62,559668054,dfff58ef-efad-4cc3-928f-fac9b9da3926
2020-01-02 06:02:10 UTC,view,5844404,1487580006317032337,,,2.38,595424692,2065bfae-f0e0-4545-a473-69fc9142d115
2020-01-02 07:40:09 UTC,view,5909399,1783999072332415142,,,27.6,573544250,9bdea442-06cb-4511-9a1b-67b3d76eb191
2020-01-02 07:47:10 UTC,view,5826603,1487580008288355308,,,15.56,559895258,567c50c9-9541-4147-a9c3-4e7657e8ef0d
2020-01-02 07:51:31 UTC,cart,5836527,1487580013522845895,,nagaraku,0.63,568633294,fe62c60c-fc09-4772-abb4-4d5de6f92f9a
2020-01-02 09:23:46 UTC,cart,5695950,1487580007575323592,,,1.43,558533352,5b06b406-b68a-479d-be0c-885f41eb5a97
2020-01-02 10:05:22 UTC,remove_from_cart,5625254,1487580008800059394,,masura,5.54,585315388,22ce08b9-89c2-4e3c-8588-af9938f51970
2020-01-02 10:12:51 UTC,view,5884369,1487580007675986893,,oniq,7.14,391220112,53234ec0-1797-44f5-8cab-c97ef642cedd
2020-01-02 10:48:58 UTC,cart,5764716,1487580012902088873,,italwax,15.71,434204159,2ce8553d-28d3-4ca4-8c99-a7e1d9095580
2020-01-02 11:04:31 UTC,cart,5868890,2018395024110125980,,,9.84,410391198,e243fc74-2a33-402c-a240-64c3a86e4aa2
2020-01-02 11:44:35 UTC,cart,5670733,2196456817641391019,,,1.43,561323751,535516bd-e55f-4c6d-948e-ee91d48bec9d
2020-01-02 11:51:50 UTC,cart,5869138,1783999064136745198,,cosmoprofi,6.35,573980204,1925472b-8a90-4944-b9be-65d310e9627a
2020-01-02 11:53:14 UTC,cart,5804459,1783999064136745198,,bluesky,19.05,504468592,0321ae50-9a8d-4dac-b313-a80dfbd58ddc
2020-01-02 12:10:06 UTC,view,5677479,1487580009336930331,,,20.0,568857421,f062d9bf-3346-4d60-9ff5-576cf42576e5
2020-01-02 12:26:28 UTC,remove_from_cart,5915878,1487580008263189483,,,8.25,439542469,43e7da06-141b-485f-9720-a1418eb29cf1
2020-01-02 12:40:10 UTC,cart,5807844,1487580005713052531,,ingarden,4.44,541490947,109e64d6-b6b4-4c71-b399-31d7a44f7b05
2020-01-02 12:49:34 UTC,remove_from_cart,5808291,1487580013858390233,,kapous,0.86,484844041,f1fe15c5-4f0c-4ae1-89bc-83a4438a0eb6
2020-01-02 12:54:22 UTC,remove_from_cart,5736365,1487580005713052531,,ingarden,4.44,479065763,8751d7fc-3fd2-4f92-addb-031abde08ead
2020-01-02 13:44:41 UTC,cart,5695533,1487580005595612013,,,3.33,237848862,86b9cd83-ccbe-4409-b08d-ad4fa3aa302a
2020-01-02 13:47:51 UTC,remove_from_cart,5816178,1602943681873052386,,grattol,5.24,230818653,69c301d7-53e6-4c7e-9734-3645c9a5a5ee
2020-01-02 14:05:47 UTC,view,5864590,1542195323827388674,,,9.68,595957963,2d7df1aa-d815-434d-8e2e-3d98bd580cbd
2020-01-02 14:07:26 UTC,cart,5751383,1487580005092295511,,uno,10.32,564734241,5ce1e0ba-1eda-47f7-9142-690fd9db7a06
2020-01-02 14:18:14 UTC,cart,5864464,1487580011677352062,,,47.94,590435304,4f0d9711-51a4-4233-acca-40cb6b85294e
2020-01-02 14:25:04 UTC,cart,5550122,1487580005595612013,,,3.0,475752832,eda68215-dd8f-4428-89c5-67b075f9a353
2020-01-02 14:51:26 UTC,view,5909810,1487580013950664926,,,18.73,564065330,5aff81fa-312d-420c-90b6-ca56899e7f90
2020-01-02 14:53:58 UTC,view,5567906,1487580005595612013,,,3.0,587492946,8f1c4eb5-cc5c-41e4-8672-e691b1970d8d
2020-01-02 15:06:42 UTC,remove_from_cart,5822362,1487580005595612013,,,3.0,595915921,f9a2ea90-370e-4c7f-84e4-c6af103f3afc
2020-01-02 15:09:54 UTC,view,5816588,1487580005553668971,,,7.46,525867075,89617883-9760-46ca-91b5-faf450aa165a
2020-01-02 15:51:49 UTC,remove_from_cart,5904346,1487580007675986893,,,1.59,464586898,b43fffaa-340d-4a53-bb85-117b7652dc10
2020-01-02 15:54:55 UTC,remove_from_cart,5567966,1487580005595612013,,,3.0,595050824,d514776d-a6f2-42a3-8b6a-c1e313679b61
2020-01-02 16:23:36 UTC,view,5560962,1487580005595612013,,,3.0,527726946,3271c3dc-b93e-49dc-9ffe-23fa96a60670
2020-01-02 16:24:40 UTC,cart,5700035,1487580009286598681,,runail,0.4,520576298,9acd0975-0afa-23d3-8e7f-6eefa30e4f8a
2020-01-02 16:54:19 UTC,remove_from_cart,5857339,1487580005134238553,,runail,2.78,571318683,db4115b6-d5da-4a5f-a35a-ade3dfccbaf8
2020-01-02 17:07:26 UTC,view,5751422,1487580005268456287,,uno,10.95,553139767,d59cab98-f5b6-4f56-82a7-358a56cc5fbb
2020-01-02 17:40:17 UTC,remove_from_cart,5896494,1487580013732561106,,concept,4.44,595984110,7214a110-2c52-4936-af50-ed0d51aab257
2020-01-02 17:59:33 UTC,remove_from_cart,5886709,1487580005067129686,,,2.38,568934095,443862ae-a7fa-44c6-abe7-d3412271de7c
2020-01-02 18:26:54 UTC,view,5712713,1487580008053474272,,,58.73,596054702,7d53303c-2e6b-4682-9629-0ff4b71a0855
2020-01-02 18:28:40 UTC,view,5834737,1487580009445982239,,,1.98,449382434,21346ea4-6141-4a29-9ef6-30d2968065f5
2020-01-02 18:45:45 UTC,remove_from_cart,5875296,1487580005092295511,,,7.22,220623382,11deb40d-14e7-4f92-b8f5-d03653eeaad9
2020-01-02 19:05:26 UTC,cart,5658568,1487580006568690590,,,9.52,573133336,d3b31e39-1ce4-46af-b967-3795b3d911ef
2020-01-02 19:07:17 UTC,view,5815284,1487580005461394279,,bluesky,3.97,385775596,beec799f-3f6a-446d-b729-1f091db5f8f5
2020-01-02 19:15:37 UTC,view,5766980,1487580013053083824,stationery.cartrige,italwax,1.98,563617439,8a74c662-35aa-4388-91ec-e455a69d75f2
2020-01-02 19:34:45 UTC,view,5875509,1487580005092295511,,,2.54,596077127,b105ec1b-9b4a-4105-ae0c-b0638d407e37
2020-01-02 19:50:14 UTC,cart,5745320,1487580010628776014,,,1.43,444458155,46e1a28a-5f97-490b-90b5-faa4dcf2e98e
2020-01-02 20:05:32 UTC,view,5649236,1487580008246412266,,concept,8.65,596061975,d4121208-083e-47e2-8419-6ca9a73341dc
2020-01-02 20:06:27 UTC,cart,5911195,2007399943458784057,apparel.glove,benovy,5.4,410748395,a9f87811-d54c-4725-a428-e3478f325838
2020-01-02 20:08:40 UTC,view,5561472,1487580007952810971,,,7.49,563981441,3cae88dd-6647-4ba3-adf5-65119f43a113
2020-01-02 20:22:42 UTC,cart,5896175,1487580004916134735,,,4.76,583947345,047a8508-591b-41e8-a210-8c1d9d3a4958
2020-01-02 20:56:34 UTC,cart,5859420,1487580005671109489,,masura,2.37,525628272,b4350a76-208e-4caf-81b4-9ff5736ca0e6
2020-01-02 22:46:57 UTC,cart,5764746,1487580004916134735,,,6.35,556086177,60b36931-efe3-4678-8c92-9ae29d92ffae
2020-01-03 06:05:04 UTC,purchase,5849378,1542195323827388674,,bioaqua,12.54,538310923,4dd3321e-020b-48c2-9686-d12855193cea
2020-01-03 07:12:05 UTC,cart,5882420,1487580009286598681,,zinger,0.44,446972292,f79d398a-00fe-4fc5-867c-58a9989c761d
2020-01-03 07:38:05 UTC,purchase,5712520,2007399943458784057,apparel.glove,,8.89,196042408,692ff80b-13ed-90d4-b239-56d0b4d7d49b
2020-01-03 08:01:28 UTC,view,5916499,1761186209054327497,,relouis,3.67,596216375,e713ac04-9c39-4419-9f87-2d1a2657b539
2020-01-03 08:06:49 UTC,remove_from_cart,5651971,1487580005595612013,,,2.05,523251408,a2f6af1a-6ac8-48ab-a2c4-9195dfd7b22e
2020-01-03 09:20:26 UTC,remove_from_cart,5653148,1487580011283087468,,,5.71,335933289,3c89aedb-db3e-483b-b696-146318a6ea3a
2020-01-03 10:06:23 UTC,remove_from_cart,5857674,1487580005092295511,,artex,11.9,559102343,82eb33dc-29d2-45a2-8bb6-85c96180bf61
2020-01-03 10:44:15 UTC,view,5785144,1487580013950664926,,runail,11.83,596283090,f3caadf9-a358-4624-9758-b07e5c6e5fd9
2020-01-03 11:06:40 UTC,view,5563596,1487580010645553231,,irisk,40.48,563047849,0adef05b-1434-49a9-96f3-c66da8759f6d
2020-01-03 11:44:11 UTC,cart,5851309,1487580005092295511,,lianail,6.33,527083800,8de08ee0-d4be-48bc-9d1a-eca81c064672
2020-01-03 12:30:24 UTC,cart,5836070,1487580011585077370,,markell,2.95,550918909,c4985968-1547-4cf1-a3e5-aaa69519a159
2020-01-03 12:44:10 UTC,cart,5895624,1487580007256556476,,,4.44,596303532,dd4b14da-3cbd-473c-9dd4-5b4a0017bff6
2020-01-03 12:45:32 UTC,view,5615234,1487580005268456287,,,5.56,350135689,f7671f1d-799a-4ca8-a205-b8b9ed5f75e2
2020-01-03 13:14:12 UTC,view,5688696,1487580011517968503,,markell,2.78,541501942,3be106d8-dc1c-4632-8880-fb238761340c
2020-01-03 14:22:04 UTC,cart,5834754,1487580004857414477,,lianail,6.02,544723815,c77080b9-fee7-b68e-0019-23dd0077b861
2020-01-03 14:47:59 UTC,cart,5022,1487580007952810971,,runail,4.84,567490968,79aba248-bbfd-4407-b99c-4a176fde27fb
2020-01-03 15:02:20 UTC,view,5649213,1487580005092295511,,,8.73,580409600,0349b870-27d5-4de8-9950-d880e2afa50f
2020-01-03 15:03:48 UTC,remove_from_cart,5825583,1783999064136745198,,,8.25,528463081,c8080201-c7aa-4620-9bc0-4b01156b62a3
2020-01-03 15:12:29 UTC,remove_from_cart,5663780,1487580005754995573,,,4.75,568934095,a86b6f0d-8da9-4093-9623-a2016f13d13c
2020-01-03 15:17:41 UTC,remove_from_cart,5844310,1487580006317032337,,,1.57,568233448,3cfdc45c-8985-4c1d-b1e4-baa16a641e64
2020-01-03 15:32:06 UTC,cart,5786614,1487580013950664926,,swarovski,10.48,544036279,ee066218-1b5c-401b-bd8d-4865091e083a
2020-01-03 15:50:13 UTC,cart,5809871,1605161575889502297,,grattol,3.02,596397152,3f000c4e-f361-4085-8f6e-d1002ac9db3e
2020-01-03 15:57:51 UTC,view,5769926,1487580013841613016,,kapous,4.22,596401088,a4eb0a56-d034-443c-a6e5-e64bf7555102
2020-01-03 16:18:59 UTC,cart,5822293,1487580005595612013,,,3.0,505189882,e5dbe9cc-1104-4760-b6e1-35c08427c312
2020-01-03 16:30:32 UTC,view,5896420,1487580006300255120,,jessnail,49.21,373989853,22721e8e-762f-4a87-b865-5ba90d1c06ca
2020-01-03 16:31:39 UTC,view,5884581,1487580006350586771,appliances.environment.vacuum,max,63.33,560491607,40a3c68a-4e1e-49ff-b8f4-3a675c592033
2020-01-03 17:11:05 UTC,view,5906177,1487580009496313889,,runail,4.29,566715910,6df66b40-bb11-463f-bd95-43dfef93a5ab
2020-01-03 17:22:41 UTC,view,5736333,1487580005050352469,,haruyama,3.97,518890424,e81b7e62-fa36-4e53-b70f-353ce97d0f02
2020-01-03 17:25:32 UTC,view,5770385,1487580013069861041,,italwax,18.25,596434234,b97d82ae-1a28-47cf-a1c3-78aa2d4d5574
2020-01-03 17:28:47 UTC,cart,5876793,1487580010100293687,,jessnail,0.94,471205772,f0b909dc-ff6f-36a2-77cd-7e9ba633da10
2020-01-03 18:06:26 UTC,view,5877456,1487580006300255120,,jessnail,122.22,373989853,96bb2a19-ede0-4036-9e24-22a8604b0ca2
2020-01-03 18:14:03 UTC,view,5790685,1487580009445982239,,,1.56,596435469,901abe9e-c83e-4a7e-a241-ce181a2907cf
2020-01-03 18:18:21 UTC,cart,5875414,2084144451428549153,,,2.05,589010976,415e98bc-cf79-4911-a80c-d75665283e7a
2020-01-03 18:30:39 UTC,cart,5842106,1487580006317032337,,,0.79,584799098,9e66d8d3-8863-47db-a156-430d343f6ffe
2020-01-03 18:42:02 UTC,view,40092,1487580011383750769,,swarovski,2.06,390703045,2d817198-86cf-0e14-04e6-ad834a2d2079
2020-01-03 18:59:16 UTC,view,5561082,1487580005595612013,,,3.0,572223527,cffb6d5d-16b9-4a42-a68b-dbe7a43f7cc6
2020-01-03 19:36:27 UTC,remove_from_cart,5775255,1645114480121610699,,batiste,6.43,460309741,bac29404-5d05-48ab-bebd-f33a67a06c92
2020-01-03 19:43:37 UTC,cart,40092,1487580011383750769,,swarovski,2.06,537955246,b6ce0953-9520-4839-bace-77723a94f8cb
2020-01-03 19:52:11 UTC,remove_from_cart,5899930,2115334439910245200,,,3.92,548400513,673749f0-b308-4eab-8563-a7d1e8506482
2020-01-03 20:30:04 UTC,view,5836566,1487580013841613016,,,6.57,596495950,9648b6c5-b891-41af-b299-56340db4b9c5
2020-01-03 20:42:09 UTC,remove_from_cart,5875383,2084144451428549153,,,2.05,573429877,24461384-0957-48fa-a9c6-d6adce51ea74
2020-01-03 20:51:04 UTC,cart,5700031,1487580009286598681,,runail,0.4,326908735,a256b410-f159-4fc7-a3bc-d55f05808ce8
2020-01-03 21:09:15 UTC,cart,5816172,1602943681873052386,,grattol,5.24,427156165,54cf13ad-8992-4053-9fac-42b4e749ac02
2020-01-03 21:52:34 UTC,remove_from_cart,5851313,1487580005268456287,,lianail,6.02,443623425,e8110fd8-2605-4063-b98e-3e4c7f17ef51
2020-01-03 22:09:12 UTC,view,5710585,2140803113261466607,,irisk,1.43,595672467,e2bc76f5-5604-ceec-0d4e-9ab58d66a47b
2020-01-03 22:11:17 UTC,view,5814523,1487580005092295511,,runail,4.44,596521593,0ba77fc8-1ffe-43b1-9247-fb6e17521247
2020-01-03 22:56:53 UTC,view,5809912,1602943681873052386,,grattol,5.24,596530270,0e7329f4-7988-43c0-99eb-950474993bfe
2020-01-03 23:01:00 UTC,view,5775240,1487580010318397504,,batiste,11.35,564323739,051ca0f6-3380-400b-b8d9-8b671bad9d75
2020-01-04 00:23:23 UTC,view,5888356,1487580007952810971,,metzger,14.13,596542525,790225cb-cdf9-420d-bf43-6c9cdedca27d
2020-01-04 00:59:48 UTC,view,5899852,2115334439910245200,,,4.46,594098400,604fb3ba-6512-44cd-ad1a-6afd60e666ef
2020-01-04 04:08:38 UTC,remove_from_cart,5822839,1487580013229244601,,,6.65,596571907,4b3c289f-41ef-4636-ba89-c0ce15cd9d38
2020-01-04 04:41:07 UTC,remove_from_cart,5549842,1487580005268456287,,,3.81,581543284,ed4b513a-8f22-4f69-9647-c1a83fd4a09e
2020-01-04 05:42:58 UTC,remove_from_cart,5723513,1487580005134238553,,runail,2.62,569235323,17f26eba-1446-4312-9e90-85fb6426baeb
2020-01-04 06:26:02 UTC,cart,5862943,1487580007675986893,,freedecor,0.79,580815064,7db69e8f-0b7f-487b-81a2-98a6847a936d
2020-01-04 06:52:01 UTC,cart,5890157,2134354342373753638,,,4.29,584518896,eb2d622b-c53e-4968-ab1f-da9eddb0f51c
2020-01-04 07:14:11 UTC,view,5885137,1487580004832248652,,beautix,9.37,537639477,087d6398-5e1b-b192-c4cd-2c9f5187a4ec
2020-01-04 07:26:22 UTC,view,5700083,1487580011585077370,,,15.71,593276549,24553152-ecc9-496b-9f06-3d1603e509fc
2020-01-04 09:00:12 UTC,view,5840121,1487580011585077370,,vilenta,1.92,596650202,5e112b9b-1e28-41fb-8d73-b5b58d175662
2020-01-04 09:30:44 UTC,view,5560758,1487580006300255120,,strong,187.3,596660359,9920fab5-3cee-4a9d-9ba8-e3f76f1a86fb
2020-01-04 09:38:57 UTC,view,5771638,1487580004857414477,,lianail,4.43,445058855,184334d0-1c36-4c54-8ba9-4d75943a44e1
2020-01-04 10:08:51 UTC,view,5823769,1487580008263189483,,estel,2.38,596437971,e773a578-bc8e-468c-9c67-dd52a8e006e5
2020-01-04 10:19:05 UTC,view,5855095,1487580012642042013,,,5.71,566888554,0e0b220c-bc60-46fc-a4b0-248f534daba0
2020-01-04 10:19:46 UTC,remove_from_cart,5811667,1487580005427839846,,irisk,2.48,596658141,328d43c2-07f3-4738-9fdf-4a3a1e362c0f
2020-01-04 10:19:50 UTC,cart,5809615,1487580005595612013,,,3.95,509560347,ddaa2f11-6a5f-4ba0-bb8c-8767a21f2c0a
2020-01-04 10:41:14 UTC,remove_from_cart,5649238,1487580005511725929,,,4.27,333221585,90ad4f6d-b051-47b8-8b4f-e7d2c2167fe8
2020-01-04 11:15:40 UTC,view,5877489,1487580007675986893,,freedecor,2.38,555024095,38067f4e-3d04-4036-8a91-171eaa328f87
2020-01-04 11:22:48 UTC,view,5859205,1487580009496313889,,,2.86,446620468,cde441ad-a52e-4d30-8a76-8e475fc16f9a
2020-01-04 11:34:57 UTC,remove_from_cart,5881770,2084144451428549153,,,2.05,587872044,04b041d8-f22a-4b36-b671-7f434e2baa6e
2020-01-04 12:09:47 UTC,view,5836316,1487580008145748965,,pole,1.43,596718625,fa0e35a7-6051-4018-9ef5-c286810b69b7
2020-01-04 12:11:48 UTC,view,5852638,1487580005268456287,,,4.73,543022647,196bf83c-0e70-4a03-b0ce-7bbdf8f36da5
2020-01-04 12:48:43 UTC,cart,5896423,1487580010645553231,,jessnail,35.24,596717686,1956d7f9-4d3c-4a47-8cde-ff321f0f3728
2020-01-04 12:50:58 UTC,view,5858967,1487580007634043851,,de.lux,0.79,449382434,6c3e4dd5-9a83-4c95-8b0a-71f52396896f
2020-01-04 13:38:34 UTC,view,5823668,1487580008246412266,,kapous,7.6,596750231,b7d46202-7f27-43aa-b5b0-76af7bdc9a35
2020-01-04 13:58:16 UTC,view,5763238,1487580010125459512,,uno,2.38,573091067,58871925-e041-4af1-afd3-67ca10889822
2020-01-04 15:26:46 UTC,view,5803684,1783999072332415142,,,13.49,573574201,238fd9a0-cdab-487a-a851-7921f57a2388
2020-01-04 15:41:06 UTC,view,5836309,1487580008145748965,,pole,1.11,596683791,60825731-cf70-4f83-82be-5d12d8f2d9b7
2020-01-04 16:24:25 UTC,cart,5888576,2151191071051219817,,,3.33,464074120,d35bba5a-3e79-4311-82ee-8a57ac0acb9a
2020-01-04 16:26:26 UTC,cart,5881775,2084144451428549153,,,2.05,549874083,516d8c63-ea99-49c4-a398-f9b9a274de01
2020-01-04 16:49:35 UTC,cart,5769936,1487580013799669974,,kapous,2.7,260585310,a6e4568e-496b-4315-a671-061470f6b2d5
2020-01-04 16:51:14 UTC,cart,5557422,1487580005595612013,,,3.0,526443127,ab656f4a-0f90-4bea-9233-459532c1345d
2020-01-04 17:27:29 UTC,view,5885416,1487580005092295511,,grattol,6.27,596789371,8c38e084-9e04-4ff4-94f6-5bd3724dfdf2
2020-01-04 17:54:39 UTC,view,5793700,1487580014009385185,,,26.67,591871224,bc3b858e-7b1c-4c93-a0f8-a411fe63ddb2
2020-01-04 18:03:05 UTC,view,5854897,1487580009445982239,,irisk,0.32,432821860,ac138226-4cdb-4814-857a-44c9e5f4f2e4
2020-01-04 18:26:52 UTC,view,5730193,1487580004916134735,,,6.35,529754360,c52b603b-9df5-4a8e-9283-547d27655ff5
2020-01-04 18:44:19 UTC,cart,5570258,1487580006551913373,,,1.11,595211992,fafd06c9-93e2-47bc-afab-817fe6384c72
2020-01-04 19:09:21 UTC,remove_from_cart,5826421,1897124478404526487,,,4.76,568934095,431186ce-0708-4f17-85fd-e406213aa8b9
2020-01-04 19:14:21 UTC,view,5899424,1487580009143992338,,,6.9,596834096,72c2062e-f4f2-409b-9514-413b24884fb5
2020-01-04 19:15:50 UTC,view,5857277,1487580005134238553,,runail,2.62,596872783,7587751e-f93d-4530-b6d9-5814162ceda1
2020-01-04 19:30:00 UTC,view,5829345,1487580011585077370,,farmstay,0.79,596850749,b5cff39d-24f4-4d32-80d8-7ba33249fd7e
2020-01-04 19:42:21 UTC,view,5659916,1487580006409307030,,airnails,2.86,595337669,fdd32223-d741-4a2f-92b2-821a22b4ee51
2020-01-04 19:44:52 UTC,view,5646693,1487580007986365405,,,16.51,595799006,1ec9961d-20d9-47c7-8df7-cd12e47260d0
2020-01-04 20:04:18 UTC,view,5549840,1487580005268456287,,,4.29,596760502,d3a97ee1-2982-4ccb-b146-1f7ce7589447
2020-01-04 20:29:02 UTC,view,5809338,1487580007675986893,,bpw.style,1.43,549313773,c4d8b5e2-1dbf-4fbc-973c-24db9702c4ed
2020-01-04 20:38:17 UTC,cart,5850942,1487580013841613016,,kaypro,10.95,569016365,dbb37167-9973-4dc8-a105-e7dda8299b21
2020-01-04 21:04:07 UTC,view,5783970,1658462125284131265,,uskusi,3.97,596878957,b53b926d-b498-43dd-93da-d23f9745f80b
2020-01-04 21:15:22 UTC,purchase,5755162,1487580005268456287,,,5.56,464990231,af1079c2-dbe0-42e2-9d2a-d3d8fab09df0
2020-01-04 21:26:04 UTC,remove_from_cart,5760755,1487580011652186237,,,12.54,588987159,1991868b-9cca-4080-b7ec-dd60fddb5616
2020-01-04 21:40:45 UTC,cart,5627738,1487580005713052531,,ingarden,9.44,567168251,48a8138a-ab8e-41e9-8f4d-ac526d59b5fb
2020-01-04 22:01:06 UTC,view,5917178,1487580013950664926,,,16.35,594728900,def7525d-8215-4de8-bb9b-fd580efdcf19
2020-01-04 22:02:22 UTC,remove_from_cart,5561084,1487580005595612013,,,3.0,496266226,26babd83-2d3e-4a66-ae6f-15fef2ee0ba0
2020-01-04 22:51:32 UTC,cart,5881519,1487580005268456287,,,7.86,568797530,3f304c2d-9363-49fe-8635-338e7427f196
2020-01-04 23:14:23 UTC,view,5649271,1487580013749338323,,concept,12.22,307005344,a7302070-e03a-4e85-8664-8cf832ef8fed
2020-01-04 23:19:33 UTC,remove_from_cart,5873430,2007399943458784057,apparel.glove,benovy,7.46,552233595,f65aa71a-7b2a-4450-9451-b8d275c11c5d
2020-01-04 23:43:28 UTC,purchase,5724305,1487580005427839846,,irisk,2.48,522646371,a1b69ec4-3e1c-a5c3-94d1-bf644afb57c4
2020-01-04 23:51:48 UTC,remove_from_cart,5911180,1487580012096782476,,avene,14.92,590639970,cf251e58-5b05-4d32-889c-fc4e751b4d06
2020-01-05 00:58:47 UTC,remove_from_cart,5848909,1487580007675986893,,bpw.style,0.79,587552995,e0bef611-36c6-4885-aff3-d6fc29e905fa
2020-01-05 01:46:45 UTC,cart,5899926,2115334439910245200,,,3.92,448906784,489e4ad1-9349-44d1-82e3-9e9561f870f9
2020-01-05 05:10:18 UTC,view,5703553,1487580008246412266,,concept,4.92,596986349,0692a02b-2601-43a3-a90f-b4a658b8fb1e
2020-01-05 05:56:16 UTC,cart,5914528,1487580012096782476,,milv,1.27,519822690,1b311f54-3064-4779-91aa-3e1905973fab
2020-01-05 06:13:52 UTC,cart,5764750,1487580004916134735,,,6.35,537721210,8ae6ac3a-c615-4e7b-88b0-05ad989beeac
2020-01-05 06:21:09 UTC,view,5891493,1487580013069861041,,,9.29,594079317,27a40a12-e131-4b85-829d-28d2550d1f1f
2020-01-05 07:43:22 UTC,cart,8695,2195085255034011676,,ingarden,18.89,529568134,99bac5f4-24e4-4878-8787-63fc292d2bc2
2020-01-05 07:56:51 UTC,view,5778118,1783999068909863670,,zinger,5.4,502770933,c8fdd668-7072-4cb7-bb2c-afd9056f0732
2020-01-05 08:29:20 UTC,remove_from_cart,5584,1487580009362096156,,entity,2.78,588399483,a176db8e-6690-471d-8869-893830539206
2020-01-05 08:57:53 UTC,view,5886705,1487580005067129686,,,2.38,464775171,65bf3841-f582-43f2-9101-bf58d619cef8
2020-01-05 09:19:33 UTC,remove_from_cart,5550094,1487580005595612013,,,3.0,596875299,372dfcb7-69fa-11da-8b03-c005194f4cef
2020-01-05 09:20:41 UTC,remove_from_cart,5726183,1487580005595612013,,,3.0,596875299,372dfcb7-69fa-11da-8b03-c005194f4cef
2020-01-05 09:38:01 UTC,view,5705001,1487580006551913373,,irisk,3.33,597064449,3b0b62f3-0ec1-47f5-ae55-6c82c9a48b54
2020-01-05 09:40:23 UTC,view,5817690,1487580010872045658,,,0.79,597069335,ac06feab-ac24-4501-b275-22e7c5919619
2020-01-05 09:53:03 UTC,remove_from_cart,5622677,1487580007281722301,,severina,3.16,537970359,469aee10-431c-42df-86ae-a25ea5f22256
2020-01-05 10:15:16 UTC,remove_from_cart,5861278,1487580006317032337,,,19.63,534920261,5c5a29f1-9e35-41b6-a096-034556c12189
2020-01-05 10:15:55 UTC,cart,5826423,1487580005268456287,,,11.59,577847745,a73c45df-517e-469b-9e73-02b4729391a3
2020-01-05 10:23:55 UTC,cart,5809912,1602943681873052386,,grattol,5.24,487307377,2b31c11c-d412-4a19-bc9c-4f38ee8a003e
2020-01-05 10:37:42 UTC,purchase,5733824,1487580005050352469,,haruyama,3.97,563288114,ec7d9900-30cb-4b3a-ba30-c93101508f5a
2020-01-05 10:42:58 UTC,remove_from_cart,5850003,1487580005595612013,,,3.0,442033322,82a6f769-fad3-4689-abfc-b4741308da9b
2020-01-05 11:02:44 UTC,view,5853711,1487580009286598681,,runail,2.06,582514732,d4bc0802-c8f8-4bbf-b796-3edb81302c34
2020-01-05 11:03:40 UTC,remove_from_cart,5680394,1487580006317032337,,,1.59,515128691,121680d4-a59b-45b7-9ed6-78291ca8d3b2
2020-01-05 11:39:39 UTC,view,5793262,1487580008263189483,,,9.05,597113332,d152c682-73e3-4c56-bd44-a1c75f913417
2020-01-05 12:08:24 UTC,view,5808501,1487580013388628160,,irisk,1.27,597115851,a093349e-b7bb-4a51-96f5-94827fc3fadd
2020-01-05 12:29:12 UTC,view,5751422,1487580005268456287,,uno,10.95,597131026,5b39b9cf-bffb-42ec-93f4-085fffd06811
2020-01-05 12:38:58 UTC,purchase,5212,1487580009311764506,,cnd,2.78,569877567,fe44758a-5e2c-42f5-b9ee-1d85bba8af38
2020-01-05 12:41:15 UTC,view,5708678,1487580010695884882,accessories.bag,,45.71,597121367,4f5d4914-04a4-482f-b6ea-b471d2188452
2020-01-05 12:57:05 UTC,purchase,36406,1487580009672474664,,balbcare,3.17,593466773,deab67bf-4997-4c53-bbfc-58bd0789b324
2020-01-05 12:57:23 UTC,view,5677423,1487580013749338323,,estel,7.14,597141134,0b0451b9-37af-4000-95cb-383715ae7521
2020-01-05 13:23:14 UTC,view,5865141,1648815651034235876,,rosi,4.13,597077192,b068f973-3daf-4211-a7db-49e84c16ba2c
2020-01-05 13:24:54 UTC,cart,5802433,1487580009286598681,,,0.35,597131186,2cdd98cd-5ec6-4e44-a777-e20ac8ffcf9d
2020-01-05 13:35:07 UTC,cart,5837654,1487580005511725929,,,7.62,506031133,a7062736-9f59-4c8b-b5f4-7630c3e76941
2020-01-05 14:14:39 UTC,remove_from_cart,5561064,1487580005595612013,,,3.0,596893047,6fbc5991-3296-4142-9916-1305622baaf7
2020-01-05 14:32:14 UTC,view,5845327,1487580005268456287,,,14.29,593373204,98cd77ed-7335-46cb-a3fd-3d3e0cfc6b7d
2020-01-05 14:48:45 UTC,cart,5773608,1487580006317032337,,irisk,1.9,577161753,e08889d8-f0ee-ee53-6f69-756487657951
2020-01-05 15:09:44 UTC,remove_from_cart,5560962,1487580005595612013,,,3.0,499234097,097f3a57-d0ae-4132-bff0-5a9856b5091c
2020-01-05 15:22:59 UTC,view,5723529,1487580005268456287,,runail,2.94,597194695,2bfb712c-77eb-4e95-9c8f-4b1f7ac0db78
2020-01-05 15:49:27 UTC,remove_from_cart,5818395,1487580007675986893,,bpw.style,1.59,579608382,a4a301e2-0835-47b3-965b-2ca7bff4dbcd
2020-01-05 17:04:14 UTC,view,5755861,2151191071378375538,,,5.56,597233274,048220e4-4499-49cf-90b5-131d2d29ff68
2020-01-05 17:16:49 UTC,remove_from_cart,5529096,1487580013027917999,,,1.83,506344833,14abc2f1-aec9-4f84-87e8-0d6fb7c7d63a
2020-01-05 17:19:46 UTC,remove_from_cart,5870646,1487580006451250072,,airnails,1.51,490707725,4a2f23fd-cdc2-40c1-a4bf-a58d9e092f7a
2020-01-05 17:25:53 UTC,view,5822922,1783999063314661546,,,23.02,461760990,dfdc00e3-9558-4d07-9180-51be0d9539bf
2020-01-05 17:33:17 UTC,purchase,5867112,1487580010100293687,,domix,2.38,556082336,05ec22e1-19be-e656-596d-230fb6569860
2020-01-05 17:48:02 UTC,remove_from_cart,5843746,1487580008263189483,,,7.11,596285419,f3853a8b-9d31-4068-a6c5-8700f70454cd
2020-01-05 17:58:24 UTC,remove_from_cart,5586014,1487580009311764506,,,1.05,555559046,0c6088ec-d4ba-48dd-b80e-35c7838b12d4
2020-01-05 18:16:09 UTC,remove_from_cart,5536916,1487580011283087468,,runail,1.37,487231936,cc1817bd-80fe-4b23-9c26-090c0d6c0801
2020-01-05 18:18:34 UTC,cart,5896179,1487580004916134735,,,4.76,289556138,638e154a-6fc7-4522-8cc4-912b719c50dc
2020-01-05 18:47:08 UTC,view,5877452,1487580006300255120,,jessnail,44.29,596821952,d1b20ddc-deec-4f5d-b191-c808b2b7f6e2
2020-01-05 18:50:06 UTC,view,5769858,1783999067156644376,,estel,4.6,595719072,2aee64ab-0970-42e2-852e-a33633a0f743
2020-01-05 19:02:16 UTC,view,5809916,1602943681873052386,,grattol,6.03,597263704,64942d45-3688-46a2-af01-8d986eca08b6
2020-01-05 20:03:53 UTC,cart,5826190,1487580007432717250,,,4.6,597294513,530700ff-8e60-4f0b-8efe-cf5d4608dc5d
2020-01-05 20:08:48 UTC,remove_from_cart,5820715,1487580006317032337,,,2.22,595257622,3ec65f09-dc06-4f27-ae73-929c076769ca
2020-01-05 20:14:09 UTC,view,5911877,1487580008246412266,,estel,17.46,184746873,e67b2219-19db-4e71-9727-a00289f4ef1a
2020-01-05 20:17:16 UTC,remove_from_cart,5829351,1487580011585077370,,farmstay,0.79,534021367,9b4f6012-1771-42db-a5c1-7c971a3e0fa1
2020-01-05 20:22:31 UTC,view,5861767,1487580006350586771,appliances.environment.vacuum,emil,1.75,430864721,3059dc96-1ad7-4aa6-875f-75fb311846dd
2020-01-05 20:30:51 UTC,view,5737880,1487580009051717646,,kosmekka,42.86,597135626,0e212eb9-2ec5-488b-83c6-cd41a3becc29
2020-01-05 20:47:07 UTC,cart,5838935,1487580005713052531,,ingarden,4.44,466277648,176bab02-9c00-4607-893e-79c1bcc956d8
2020-01-05 21:34:26 UTC,view,5832415,1487580007256556476,,,2.38,523846639,e54e9709-ae3d-43c9-8742-3971d5b8bd85
2020-01-05 21:41:46 UTC,view,5834729,1487580010100293687,,,2.06,232807430,d1442d74-a5fe-4bcd-b566-4f3d86b0a6db
2020-01-05 21:43:25 UTC,view,5869084,1487580005092295511,,oniq,7.62,543813049,600299ff-c880-4825-988f-6f5079288c2c
2020-01-05 22:15:36 UTC,view,5649238,1487580005511725929,,,4.27,449382434,a7cc0a3c-9789-4f69-bede-ebf653dfd1a7
2020-01-05 22:23:56 UTC,view,5759347,1487580012021285001,,milv,3.49,597330041,3ff9d9b6-9392-419b-bcbd-1d6e79032c52
2020-01-05 22:38:53 UTC,cart,5886552,1487580013413793985,,,4.32,596252861,4c414e73-59a8-4f77-bbbe-37820b9b5a36
2020-01-05 23:28:53 UTC,view,5835948,1487580007483048900,,irisk,2.06,527285942,dc043c65-2607-4581-9384-59bbf688f454
2020-01-05 23:37:39 UTC,cart,5734945,1487580005595612013,,,2.54,400359278,9e1a3a5b-b6d3-4d0b-bf1b-e6dca95a8249
2020-01-06 01:29:49 UTC,view,5788783,1487580013053083824,stationery.cartrige,italwax,1.98,589830344,0c9db9e7-abf0-4031-a8c9-327c59e1fd88
2020-01-06 03:48:01 UTC,purchase,5802682,1791442849384891169,,,1.9,597379235,1e7b6018-e6e3-4a63-b941-e45aaa012782
2020-01-06 05:47:01 UTC,view,5635117,1487580005754995573,,,4.44,537909808,da9e2fb8-88ab-475f-b58d-d861923e5e61
2020-01-06 06:20:38 UTC,remove_from_cart,5902870,1487580007675986893,,,1.59,531524316,6a5a9e08-7662-47ca-e8fd-90978fc5baff
2020-01-06 07:03:04 UTC,cart,5550042,1487580005595612013,,,3.0,597425486,5be45a54-b721-420a-ad16-49b29cb5a126
2020-01-06 07:13:35 UTC,cart,5528034,1487580005553668971,,,9.52,503369610,dcaae1f7-5884-42e1-9909-bcb0e92e2440
2020-01-06 07:18:23 UTC,remove_from_cart,5710314,1487580005268456287,,lianail,4.7,464059279,c1dc4d98-7339-4d9d-a559-7d6e930bd78b
2020-01-06 07:47:57 UTC,purchase,5723270,1487580010872045658,,ingarden,1.56,588124125,60818f44-49f7-4c88-a465-0d5126dbae51
2020-01-06 08:22:28 UTC,view,5856191,1487580006350586771,appliances.environment.vacuum,runail,24.44,591998337,107808c3-74af-499a-805b-fe069c53574e
2020-01-06 09:07:27 UTC,view,5808324,1487580013858390233,,kapous,0.86,597467649,5ee93534-56e3-4309-a15a-78fd88d7a8e5
2020-01-06 10:00:01 UTC,cart,5866175,1487580007675986893,,,1.75,596534477,718ed859-3007-4666-9d12-a3b5b6dea031
2020-01-06 10:48:53 UTC,view,4607,1487580010796548183,,runail,0.38,559966128,7c78d448-e7cb-43d5-83c4-33b6942f7e73
2020-01-06 11:30:25 UTC,view,5659639,1487580007717929935,,airnails,0.95,423487965,59efcb9e-a4e9-4a04-8801-971a42e1ab26
2020-01-06 11:35:30 UTC,remove_from_cart,5816178,1602943681873052386,,grattol,5.24,281567558,23383339-7078-45e9-a65d-98e4ecf29fd0
2020-01-06 11:43:05 UTC,cart,5824810,1487580007936033754,,domix,0.79,577153925,32baf622-091b-4d7c-83d4-59746829168e
2020-01-06 11:45:48 UTC,remove_from_cart,5567896,1487580005595612013,,,3.0,596334248,eff38e22-fe31-4f17-9800-ff61e91e57f8
2020-01-06 12:18:18 UTC,view,5909810,1487580013950664926,,,18.73,597535339,77a7023a-f949-450a-aa85-7a78d1ce9c10
2020-01-06 12:40:09 UTC,view,5885389,1487580007675986893,,bpw.style,1.27,597352919,2e6b3bdf-e79a-4a1f-8981-c21799390187
2020-01-06 12:48:52 UTC,view,5858899,1487580007634043851,,,0.79,597532505,ec9b9db6-96ef-46bd-9f21-663937354759
2020-01-06 13:28:00 UTC,view,5759898,1487580012969197740,,italwax,6.49,596451223,8e274a88-a719-456a-af5c-952ea8cb8854
2020-01-06 13:31:21 UTC,cart,5854837,1602943681873052386,,grattol,5.24,520032741,93a9def8-8a53-472a-9ffb-4212376f0525
2020-01-06 14:03:57 UTC,view,5772167,1487580005268456287,,grattol,6.27,520032741,93a9def8-8a53-472a-9ffb-4212376f0525
2020-01-06 15:23:16 UTC,view,5747145,1487580005595612013,,,3.33,407189211,ebf99f9f-ffd4-4ca2-b018-18ac80eea78f
2020-01-06 15:30:06 UTC,remove_from_cart,5875401,2084144451428549153,,,2.05,594193572,e332daf1-1374-434b-9c79-0e7fed854dab
2020-01-06 15:43:35 UTC,view,5806955,1487580008246412266,,,8.89,543410271,196bf1b5-7f44-4315-ab03-e711ace396a1
2020-01-06 15:49:23 UTC,view,5816172,1602943681873052386,,grattol,5.24,566597924,ab5eaca6-18ae-4481-b0b6-3d502c055092
2020-01-06 15:56:41 UTC,view,5861988,1487580010695884882,accessories.bag,,33.32,548700345,c1c223bc-63ef-4cd9-8b5c-cd088064fe22
2020-01-06 16:02:22 UTC,view,5913371,1487580008112194531,,dewal,5.83,596386057,b78dc6d1-3931-4eef-90a9-0b5c3f7b5fe7
2020-01-06 16:08:49 UTC,remove_from_cart,5677451,1487580008263189483,,estel,7.78,567249498,a32b1e49-fdaf-4853-969a-c8fc277bafa1
2020-01-06 16:23:04 UTC,view,5684588,1487580013841613016,,estel,2.62,593429056,8e19f966-4558-46ae-9e3e-e251d809fb87
2020-01-06 16:30:11 UTC,view,5649272,1487580013749338323,,concept,6.19,597627662,346f2897-3f74-469d-8b05-04cb07a4e3dd
2020-01-06 17:19:31 UTC,view,6941,1783999064103190764,,runail,4.71,512077183,890d5aed-5077-4f8b-b15b-bf991b103cc0
2020-01-06 17:39:33 UTC,cart,5875544,2084144451428549153,,,2.05,420237636,41c092ae-bb63-4f4c-a065-c9d459a03dd3
2020-01-06 18:04:11 UTC,view,5726196,1487580005595612013,,,3.0,590968650,2e1c4d29-43eb-4ce9-9432-d227e42e3e80
2020-01-06 18:12:36 UTC,view,4006,1487580005411062629,,cnd,16.03,295079888,b646c612-3de8-4024-a13b-9b96f50c5e47
2020-01-06 18:40:51 UTC,view,5854897,1487580009445982239,,irisk,0.32,552358658,3eca3d2e-1c98-4e09-a06c-38e14c775679
2020-01-06 19:20:40 UTC,cart,5833325,1487580007675986893,,bpw.style,1.59,596796357,538eaabd-1c06-4fe7-a3aa-01d6f519e00e
2020-01-06 19:24:20 UTC,remove_from_cart,5751422,1487580005268456287,,uno,10.95,472044899,6a006c57-c3c7-407a-92f4-31f8b0d97527
2020-01-06 19:27:12 UTC,view,5863899,1783999067156644376,,farmavita,9.65,596898789,a9d60774-9755-4d13-a997-7d090d02c58b
2020-01-06 19:34:58 UTC,cart,5765145,1487580004857414477,,lianail,6.33,595512844,f0ea0ba4-20e1-4751-a6e5-3bdee2d05108
2020-01-06 19:50:05 UTC,cart,5811761,1487580005092295511,,pnb,5.9,445854537,ed718cd6-bca6-4e24-bcec-7eaa03671c4a
2020-01-06 20:20:52 UTC,view,5618277,1487580006434472855,,jas,25.71,379070191,b85d3f43-6da6-4a2e-badb-fc87eab2b4a6
2020-01-06 20:22:47 UTC,view,5678468,1487580008246412266,,estel,7.94,249210447,a0411c1b-483b-4aac-b586-25d1cff3cc54
2020-01-06 20:26:27 UTC,view,5561004,1487580005595612013,,,3.0,581003556,bb8fc321-de4b-45ef-8278-6fb924bba2e8
2020-01-06 20:32:32 UTC,cart,5820788,1487580006317032337,,,2.86,377932444,648092bb-4289-4f8d-8bec-62202b3078f4
2020-01-06 20:38:30 UTC,cart,5684427,1487580013841613016,,estel,2.35,403726115,f0b78421-8dc5-443c-a9d6-39080ff4b486
2020-01-06 20:53:13 UTC,remove_from_cart,5699414,1487580006409307030,,airnails,11.9,554781713,ee1509b7-fe9a-4c83-bfc6-cc6f168619c2
2020-01-06 21:09:30 UTC,remove_from_cart,5767376,1487580005268456287,,lianail,4.7,568283642,ec759ceb-aa7f-4b91-924b-9731a0dda2dd
2020-01-06 21:23:16 UTC,remove_from_cart,5649172,1487580005511725929,,,4.27,490402605,8e979af7-86e7-4c3d-9b39-b48ae3a840c7
2020-01-06 22:27:04 UTC,view,5735080,1487580010125459512,,irisk,2.38,518280257,045911c3-ee74-49cd-8d19-32dbb7dc7efb
2020-01-06 22:30:01 UTC,remove_from_cart,5816166,1602943681873052386,,grattol,5.24,446785890,41374872-c6d5-4bb1-94fa-4dcb5c7eecb8
2020-01-06 22:38:59 UTC,view,5752939,1487580013069861041,,italwax,19.84,597734243,79ace77a-a944-461a-8e72-60ab9f03e8a2
2020-01-06 23:04:18 UTC,cart,5769908,1487580013841613016,,kapous,3.65,540011027,81602f87-e03d-41b1-bfe9-252e025034a5
2020-01-06 23:35:24 UTC,cart,82957,1487580013053083824,stationery.cartrige,depilflax,3.02,597741816,38e6cfb8-e996-4bf0-8b8e-ee9b750d8258
2020-01-07 02:11:59 UTC,cart,5916487,1487580013522845895,,relouis,3.84,597760986,1a7da723-27b0-4e81-a7dd-defe6a9896d9
2020-01-07 03:30:53 UTC,view,5843019,1487580010100293687,,coocla,4.76,597772954,3a09a47f-55e9-4a54-8bd1-6fb2ad8ac848
2020-01-07 03:39:47 UTC,remove_from_cart,5828275,1487580009286598681,,solomeya,0.87,591517027,7874e714-eb32-4960-92a4-5fc24d3a7d00
2020-01-07 03:49:55 UTC,view,5770029,1487580013841613016,,kapous,2.81,537096265,f5f89637-d89f-4d5e-b3f8-cffad6510388
2020-01-07 05:08:56 UTC,view,5601442,1487580009026551821,,,15.86,589132836,f65cf083-fcab-4b16-97ec-8664c15f8beb
2020-01-07 05:29:37 UTC,view,5848793,1487580013841613016,,,7.27,259471352,c0fe048d-526e-4a5a-98c5-94924f19c726
2020-01-07 06:00:32 UTC,view,5834733,1487580011476025461,,,0.79,523363866,5022fe6b-4919-4266-b629-827146a2c709
2020-01-07 06:14:35 UTC,view,5909810,1487580013950664926,,,18.73,543400233,d55d54fc-490b-4bef-83f1-74af8470d619
2020-01-07 06:29:05 UTC,cart,5802432,1487580009286598681,,,0.32,543945344,7090a954-59e5-40f1-9996-355e581355f9
2020-01-07 07:33:44 UTC,cart,5814831,1487580005134238553,,runail,2.38,597795180,bf001c3f-5893-4141-9143-0986207d61c8
2020-01-07 08:11:52 UTC,cart,5862564,1487580008145748965,,roubloff,1.71,293260218,2336c9ab-1734-46d6-90a7-222e282598db
2020-01-07 08:27:33 UTC,view,5770055,1487580013841613016,,kapous,2.81,574388875,ee9bedb7-c294-4e82-be72-93c12c6c0dd3
2020-01-07 08:52:53 UTC,view,5646693,1487580007986365405,,,16.51,526087063,024a8ff2-c28f-481a-b084-520d758b0aec
2020-01-07 08:54:33 UTC,view,5677244,1487580009143992338,,estel,8.89,448413925,5a87d63d-5088-4281-9b65-2d05660f6216
2020-01-07 10:03:57 UTC,cart,5840061,1783999067156644376,,,3.16,480900057,b916571c-ce2d-4540-8759-ea77fb4b0446
2020-01-07 10:36:33 UTC,view,5859082,1891434214553813877,,pnb,4.75,597879644,559fb4ef-fc9f-42fe-9280-764c5fbc22b5
2020-01-07 10:49:23 UTC,view,5649219,1487580005268456287,,,7.14,597887366,4df2b297-0039-4f12-96c1-a49a03589ab1
2020-01-07 11:02:06 UTC,cart,5687151,1487580009605365797,,,1.9,597866815,e15b67eb-4bcb-4e3f-ad77-25267afd6091
2020-01-07 11:02:28 UTC,view,5877461,1487580006350586771,appliances.environment.vacuum,jessnail,21.43,593369899,2284158c-a963-4127-a0c7-a6176456626a
2020-01-07 11:15:45 UTC,cart,5853321,1487580008263189483,,,8.97,597890690,74d6b5cc-2bdb-4a2f-bb7c-12a0fb75420d
2020-01-07 12:39:20 UTC,view,5896608,1487580005427839846,,irisk,2.48,591462188,4eb98641-0ebc-42ee-b11f-b424b3fcafe7
2020-01-07 13:16:24 UTC,purchase,5855102,1487580008263189483,,naturmed,6.67,414193118,377cb716-75c5-4923-a738-15918959ed3f
2020-01-07 13:31:51 UTC,view,5808333,1487580013858390233,,kapous,0.95,597919329,6c798566-6c98-485a-9a47-8410571e977c
2020-01-07 14:10:54 UTC,cart,5569512,1487580012994363565,,,5.24,511204430,2845821a-b6c3-4494-87ff-238d3a97855d
2020-01-07 14:34:38 UTC,view,5687478,1487580008145748965,,,1.75,364039983,c9cb548c-b536-4751-9be9-a8292af58f34
2020-01-07 14:35:02 UTC,cart,5877098,1487580007675986893,,freedecor,1.11,487231936,ff2e22cd-6e02-456a-87bc-890c47f66438
2020-01-07 15:07:02 UTC,cart,5686925,1487580009311764506,,,0.35,383118161,aec9d432-6eee-4f5c-94fa-c50f8e08149b
2020-01-07 15:18:51 UTC,cart,5325,1487580009546645539,,runail,7.14,471714869,eecffe4a-ed4d-e57a-48e6-03a641a3a413
2020-01-07 15:28:44 UTC,view,5755165,1487580005092295511,,,5.56,493130196,31a809dc-e292-4e3e-83b4-bba304a3bb8a
2020-01-07 15:44:11 UTC,view,5872995,1783999072332415142,,,13.65,598001970,60f724de-41d4-4d8d-a29d-9ebc92f821c1
2020-01-07 15:52:22 UTC,view,5884369,1487580007675986893,,oniq,7.14,535173056,c9dcaf9e-90cc-462b-9309-47d7b0091039
2020-01-07 15:54:58 UTC,cart,5837465,1487580005134238553,,runail,3.97,431784518,97f52717-babc-4bc3-91bd-c1ba81905a74
2020-01-07 16:24:57 UTC,remove_from_cart,5686808,1487580011702517887,,shary,1.83,543370299,49bffd39-f80e-4ab4-8df5-8977d2c1aaaa
2020-01-07 16:45:29 UTC,cart,5824184,1487580006551913373,,domix,3.49,591712101,c840a087-9d59-4ed4-84e1-40a3407aa108
2020-01-07 16:52:54 UTC,cart,5880540,1783999068867920626,,,6.35,597982641,39cd0996-be9b-4b27-aeca-cbf93ab50885
2020-01-07 17:00:41 UTC,purchase,5801196,1487580009286598681,,,0.79,377283605,0071fa1f-7690-41c4-8157-8a9a8caa96b3
2020-01-07 17:03:41 UTC,cart,5695818,1487580010779770966,,ingarden,1.03,591712101,c840a087-9d59-4ed4-84e1-40a3407aa108
2020-01-07 17:13:18 UTC,cart,5826654,1487580007936033754,,,1.43,503304249,2e5a6c7e-de36-4bad-af43-c836afab8615
2020-01-07 17:50:09 UTC,cart,5683731,1487580005595612013,,,3.0,533124509,09a39190-b749-4d3e-9795-ab8cb77355a1
2020-01-07 17:53:26 UTC,view,5904368,1487580007675986893,,,1.59,598022249,2447153f-6877-4dc6-8284-005efe4c33ec
2020-01-07 18:22:11 UTC,cart,5773350,1487580005134238553,,runail,2.62,391667725,278f17cb-894b-4138-80a3-eaf855222b2c
2020-01-07 18:39:24 UTC,view,5809616,1487580005595612013,,,3.02,597267122,5db95b5d-4617-4fdc-823c-4d84b91bdb49
2020-01-07 18:53:13 UTC,cart,5683541,1487580005595612013,,,2.05,544517840,3f4592d2-a3e7-4518-8d77-a9d5c924e1ba
2020-01-07 18:59:28 UTC,cart,5907937,1487580011627020412,,avene,16.06,553923973,95d7bd4c-8edd-47ca-95ee-2e34b5d94279
2020-01-07 19:11:13 UTC,view,5550030,1487580005595612013,,,3.0,596819992,8c5d098a-c6f4-42da-885e-396d4e7d7458
2020-01-07 19:17:28 UTC,cart,5700052,1487580009286598681,,runail,0.4,598049980,09072d9e-939b-4bed-ad73-7b81d4741648
2020-01-07 19:17:30 UTC,view,5855121,1487580005268456287,,,15.71,531061504,dc421dc9-d0a6-4119-aacd-d63cec42f5cd
2020-01-07 19:19:27 UTC,cart,5784039,1487580006551913373,,,3.02,413787160,b65db098-fba5-4c8e-b5db-89e328450773
2020-01-07 19:37:08 UTC,view,5700182,1487580006317032337,,,8.25,483839540,6af8db9e-f0a9-48d0-a96f-38b0a50cb5d7
2020-01-07 19:45:57 UTC,view,5670733,2196456817641391019,,,1.43,511733882,96d36f89-2331-4822-9548-5e6a7f2ff093
2020-01-07 19:51:22 UTC,view,5859373,1511892746070131099,,uno,9.37,595873844,9d07beba-94a0-4edf-b9aa-e6b3223ff676
2020-01-07 20:29:03 UTC,view,5899852,2115334439910245200,,,4.46,598102970,405af67f-f63c-4f23-96e3-ff89c9e181b4
2020-01-07 20:33:28 UTC,cart,5733775,1487580005050352469,,haruyama,3.97,554134661,30b05717-6e51-40b3-a028-a31f4dda3268
2020-01-07 20:38:29 UTC,view,5686079,1487580008145748965,,,0.51,469600533,6a3dacad-e3c1-43b3-993b-e28a70ee6f52
2020-01-07 21:43:04 UTC,view,5789668,1487580005595612013,,,2.68,464121861,1e7353a5-bc19-49c8-9601-4d606b1efd25
2020-01-07 21:50:35 UTC,view,5550082,1487580005595612013,,,3.0,598102583,f6034daa-583d-4c38-b366-599cbc566988
2020-01-07 22:21:11 UTC,view,5789670,1487580005595612013,,,2.68,598128981,8d0952af-2678-41d4-81e3-519d49b47ece
2020-01-07 22:32:08 UTC,cart,5567920,1487580005595612013,,,3.0,566933822,5f8322ad-26e2-4b4c-a21b-7d55b65ce96d
2020-01-07 22:54:06 UTC,view,5849915,1891434351850160381,,bioaqua,9.21,565202954,0d63b521-d8ad-48b6-b5ee-c85233138c8f
2020-01-07 23:06:33 UTC,cart,5700069,1487580009362096156,,runail,0.63,584047813,2308ba1c-4e92-4ab6-b1d1-a2101abc2f5e
2020-01-07 23:09:05 UTC,view,5853610,1487580006317032337,,,11.41,595709023,5dae7206-5dbf-46ae-99f7-19d2795eeaf0
2020-01-07 23:35:40 UTC,view,5677055,1487580010645553231,,irisk,13.65,598144356,036afa5f-9ab5-40ea-97a4-345381fe2745
2020-01-08 01:15:30 UTC,cart,5816167,1602943681873052386,,grattol,5.24,480180336,66a68260-4dfa-45eb-8c0c-16de995bd63c
2020-01-08 02:21:59 UTC,remove_from_cart,5867073,1487580007634043851,,de.lux,1.27,582812371,3750f090-664f-40bd-a3a7-a43f621e81e0
2020-01-08 02:47:04 UTC,cart,5683738,1487580005595612013,,,3.0,598145874,5e0e8a1e-0d54-4bd8-9478-97e903074f8c
2020-01-08 06:53:52 UTC,cart,5820526,1487580011585077370,,shary,2.06,598223102,5e805101-d103-47e3-98b7-941203fe841f
2020-01-08 08:34:08 UTC,remove_from_cart,60015,1487580012969197740,,,3.49,347633566,8ae027fc-49a5-455d-a8d3-3ab1bb08b35c
2020-01-08 08:47:32 UTC,cart,5763379,2141560642253881670,,,4.6,598262313,4e355459-5869-46c3-96c0-c7bdaddae63c
2020-01-08 09:07:26 UTC,view,5779824,1487580005268456287,,pole,6.67,519108765,841911c6-9efa-43ba-90e2-b06c79d4abbe
2020-01-08 09:08:15 UTC,cart,5692864,1487580007910867929,,yoko,7.29,598269939,06e8f130-33d0-4ef8-a017-351320190ece
2020-01-08 09:28:11 UTC,remove_from_cart,5692262,2140803113261466607,,staleks,4.44,583463180,8392c78a-a626-48f2-81a6-e391d1069b0b
2020-01-08 09:40:39 UTC,cart,5592504,1487580007634043851,,ingarden,1.27,571842166,c475dcbc-6529-4e24-913e-a1a6111f68fe
2020-01-08 09:45:53 UTC,view,5862564,1487580008145748965,,roubloff,1.71,583953414,154da3c5-4435-4054-9dc1-d61e6f2a960e
2020-01-08 10:07:30 UTC,view,5699779,1487580004882580302,,,2.7,597113720,001b453d-0bd1-442a-9190-808b0f07c56b
2020-01-08 10:21:38 UTC,view,5769877,1487580013841613016,,kapous,3.65,598305116,9e7229c5-699b-4328-a622-8cc1a4d40516
2020-01-08 10:45:42 UTC,view,5884005,1487580008347075566,,,4.11,597866430,fd17d0b1-ef2b-40a8-b658-fb63f4619291
2020-01-08 11:13:20 UTC,purchase,5811417,1783999071325782053,,runail,0.71,534538286,15d59d11-f44f-4788-a26b-792ff401ce0b
2020-01-08 11:26:17 UTC,cart,5700047,1487580009286598681,,runail,0.4,289709344,31d93eb0-ec58-4c9d-8e2f-ecb1f3bc43d5
2020-01-08 11:29:29 UTC,view,5802165,1487580009143992338,,kapous,5.56,400458459,ccffbcab-2547-4b19-ae5e-6348bb9d7eb8
2020-01-08 11:32:45 UTC,view,5857359,1487580008145748965,,runail,1.51,482154241,7a792740-0859-453c-b6a8-2b4c79f001fc
2020-01-08 12:43:49 UTC,view,5906207,1487580005553668971,,,7.14,598347553,d965ba8b-cecc-4f37-a701-9a441e491e77
2020-01-08 12:51:34 UTC,view,9139,1487580008657454075,,,2.86,585484126,a90e76c8-a41f-451d-9b73-686aa3aa9cba
2020-01-08 13:50:54 UTC,remove_from_cart,5752494,1487580005511725929,,,4.27,519969003,1a1ba039-0ab5-452b-8e2e-a4eff2730b12
2020-01-08 14:02:38 UTC,cart,5854899,2151191071118328683,,irisk,2.86,491777823,d5d7e3bd-7875-43ae-9565-1be532b81a98
2020-01-08 14:09:39 UTC,view,5811385,1487580005528503146,,pnb,5.56,598397927,e172cad3-b193-4252-a125-a883d3853c17
2020-01-08 14:29:12 UTC,remove_from_cart,36550,1487580006962955182,,ingarden,5.08,402022792,9cd0aaae-acc8-403d-b29b-bc08a8f75d85
2020-01-08 14:43:37 UTC,view,5770029,1487580013841613016,,kapous,2.81,598412019,df508b09-5e0b-4bd0-818d-80ade90705e6
2020-01-08 15:00:23 UTC,remove_from_cart,5896616,1487580005427839846,,irisk,2.48,428351975,7661fcef-8f69-4030-a878-04bd2d5430a9
2020-01-08 15:09:55 UTC,purchase,5853738,1487580007675986893,,milv,1.43,565361873,ae485d01-c325-4ddc-8bef-670233c1e087
2020-01-08 15:13:03 UTC,view,5824820,1487580007852147670,,domix,1.35,537611410,74f61e86-e387-42a2-85ab-89c0a0d9d0d6
2020-01-08 15:55:03 UTC,purchase,5732017,1487580007281722301,,domix,3.81,594008049,20002259-8b7c-4f3d-94e8-a41d316fe81a
2020-01-08 15:56:28 UTC,view,5759469,1487580007399162817,,ingarden,1.43,598428819,49926537-74b3-455f-9cba-25cb912da4f1
2020-01-08 16:51:56 UTC,cart,5568464,1487580005595612013,,,3.0,576657837,972347ed-4a14-4c26-bb30-114bb2f4c57e
2020-01-08 16:54:40 UTC,cart,5561284,1487580009605365797,,runail,0.44,598011424,b438bb4a-b585-4f7a-bcb3-303a7e1c40ed
2020-01-08 17:05:43 UTC,view,5739944,1487580008657454075,,,2.38,598470187,7102c3c3-bc37-4133-9025-525fe022979a
2020-01-08 17:25:30 UTC,view,5869143,1783999063314661546,,cosmoprofi,7.94,328570489,abfb1d4a-2271-4589-a37c-570bb5b2c4fa
2020-01-08 17:39:06 UTC,remove_from_cart,5774883,1487580005671109489,,masura,1.73,597730543,e9f1b44c-48a6-4031-9d30-58e00f34ab5a
2020-01-08 17:46:14 UTC,view,5715617,1487580006300255120,,,72.22,527022738,00de0638-848d-4614-86db-cfabc92ae3ca
2020-01-08 17:47:21 UTC,cart,5896417,1487580009051717646,,jessnail,49.21,598489135,9424cade-ef76-4928-9e4b-dc59f17a9d65
2020-01-08 17:59:24 UTC,view,5804664,1487580013522845895,,,4.13,598490892,a21ba81a-3016-464b-9c8c-0af66a162a71
2020-01-08 18:12:29 UTC,remove_from_cart,5887575,1487580005595612013,,,3.0,413728156,d13e36bf-d28c-4829-836c-dc2c9f7a6de5
2020-01-08 18:25:43 UTC,cart,5854897,1487580009445982239,,irisk,0.32,584218042,e3a1d63c-9ed3-41d0-ad8c-d75096f9fc43
2020-01-08 18:30:10 UTC,view,5835046,1924049106385240809,,,5.71,568883413,60581816-c1dc-4880-a548-591cc168ab2a
2020-01-08 18:52:31 UTC,view,5877456,1487580006300255120,,jessnail,122.22,598516433,db3e0d25-bfea-4a2d-838c-e544ff5fdca7
2020-01-08 18:58:58 UTC,purchase,5815686,1487580006317032337,,,6.0,588258475,100f309e-be59-4f2e-baa8-667220437870
2020-01-08 19:00:56 UTC,view,5769877,1487580013841613016,,kapous,3.65,466921331,fd89920f-1769-482c-8f1b-2986c06d2e6f
2020-01-08 19:07:58 UTC,view,5695530,1487580005595612013,,,3.33,598499533,583e21d1-2140-4314-872b-7c2144d23570
2020-01-08 19:16:56 UTC,view,5846651,1487580009051717646,,sun,82.38,586436695,c0c754e5-1eb3-451c-a7dc-8de3cc16ebad
2020-01-08 19:54:19 UTC,view,6819,1487580013011140782,,,12.54,598539573,ac6c62c7-731d-43f8-9f05-4cbdbce68459
2020-01-08 19:58:47 UTC,remove_from_cart,4977,1487580008145748965,,runail,1.27,576161625,42325fd1-219e-459a-b667-1acaa6221fe6
2020-01-08 20:18:26 UTC,view,5836152,1487580008263189483,,,4.92,474780360,85fd721b-eeb9-4975-a21b-6897220bdd68
2020-01-08 20:24:04 UTC,view,5769928,1487580013841613016,,kapous,4.22,596894113,66e73058-1852-458b-9cd4-a2a2bb2da938
2020-01-08 20:34:03 UTC,view,4841,1487580010796548183,,runail,0.38,586520852,b204354b-276c-49db-a9d2-e6c27e1370e8
2020-01-08 20:43:15 UTC,view,5739992,1487580009311764506,,,0.38,536450614,c1e73fc9-74e4-4734-aefc-1ca2287eeb2f
2020-01-08 20:51:53 UTC,purchase,5353,1487580010100293687,,runail,2.83,598545613,313ec092-44b2-4767-aab4-4c0f00da5d24
2020-01-08 21:07:43 UTC,view,5869067,1487580009387261981,,,6.19,529790603,1ad5adad-79fa-40ad-9ac2-71f5b37ee12c
2020-01-08 23:36:33 UTC,remove_from_cart,5853699,1897124478404526487,,masura,3.95,506113956,1814ccd8-5a94-4ad6-844e-eb5bf67cff4f
2020-01-09 00:15:04 UTC,view,5811799,1487580005671109489,,masura,1.73,594103868,d82255fb-9ff0-407c-809a-a5cb58099a03
2020-01-09 00:32:44 UTC,cart,5304,1487580009471148064,,runail,0.32,593106794,ffea3dda-7c87-42a4-81a8-3d1b8851c3c5
2020-01-09 00:56:35 UTC,cart,5767376,1487580005268456287,,lianail,4.7,540337753,d610e834-6a8f-4434-aa97-0cdca28ca604
2020-01-09 01:00:44 UTC,remove_from_cart,6175,1487580007776650194,,runail,0.63,564591363,1ef465b7-0d3e-45c2-83eb-2632a8cd5319
2020-01-09 03:01:59 UTC,purchase,5887734,1487580013279576251,,,2.49,584997730,50f6ce70-a806-4a8d-8057-13115a6072f6
2020-01-09 05:42:47 UTC,remove_from_cart,5857258,1487580005134238553,,runail,2.62,555542502,090b605c-6e6b-4405-ab31-30026714cc85
2020-01-09 05:57:55 UTC,remove_from_cart,5857278,1487580005134238553,,runail,2.62,463196986,64ea0972-cea4-4918-9f2f-be2be565eef2
2020-01-09 06:02:10 UTC,view,5567920,1487580005595612013,,,3.0,492991463,b477180b-3ff9-4a6e-8cf2-22f8feacb881
2020-01-09 06:05:59 UTC,view,5826000,1487580005092295511,,lianail,6.33,539263638,e78a276e-edc8-42a1-a4c0-2646ff955b72
2020-01-09 06:18:30 UTC,view,5889186,1897124478404526487,,,2.86,529223020,0021c396-1a71-4e5b-b1fb-283aa21f5745
2020-01-09 06:48:11 UTC,remove_from_cart,5809912,1602943681873052386,,grattol,5.24,464764970,7d883d3d-e1cb-4d5f-8838-f946951450c1
2020-01-09 07:01:38 UTC,cart,5656415,1487580005595612013,,,4.29,504425844,10c96b51-feaa-4818-bc88-e6bca414119b
2020-01-09 07:27:47 UTC,purchase,71778,1495705810704007729,,konad,1.19,598685322,4132eecf-8a64-4ebb-8010-c2a4a409e887
2020-01-09 07:31:21 UTC,cart,5801039,1487580005553668971,,,9.21,392258256,b301deb6-66d7-431b-a233-afe5f8e379e9
2020-01-09 07:36:58 UTC,view,5783987,1487580005268456287,,,4.75,598649312,f5e1f7ed-c22a-4db8-8fb8-fc8fc83823c0
2020-01-09 08:12:01 UTC,remove_from_cart,5714073,1487580004832248652,,beautix,14.13,598689456,187100c7-5686-479c-acf1-0dc6412a2fc4
2020-01-09 08:49:38 UTC,cart,5814523,1487580005092295511,,runail,4.44,598711993,597f4c8b-dc20-4e84-b498-72191b448af1
2020-01-09 09:06:48 UTC,remove_from_cart,5911788,1487580007675986893,,dartnails,1.27,350214749,00cd7ce6-739b-47b0-b608-51030cec0e86
2020-01-09 09:34:04 UTC,view,5677456,1487580008263189483,,estel,10.32,553686991,61163a58-092e-402a-883c-216359072e41
2020-01-09 11:03:10 UTC,view,5686278,1487580007432717250,,masura,1.57,502910099,a7ca91b9-04a1-4ee3-9dd8-01ae8eb98829
2020-01-09 11:04:41 UTC,view,5796819,1487580005092295511,,,10.63,598775887,90027de4-8831-4827-be7f-755c3a80c2ad
2020-01-09 11:09:06 UTC,view,5734279,1487580007910867929,,,14.29,598777731,30b6f433-bda3-4315-afc9-6f18ffe5e52c
2020-01-09 12:19:47 UTC,view,5727535,1487580004882580302,,,2.7,598792180,15a4935a-289a-48ec-a193-97835161214d
2020-01-09 12:28:57 UTC,cart,5836522,1487580013522845895,,nagaraku,0.4,598803207,a922df21-fa78-4c72-b28f-74ed78f14f9b
2020-01-09 12:44:37 UTC,remove_from_cart,5836511,2151191071051219817,,nagaraku,4.76,583232499,cae741b6-cbde-483e-bea8-ee9021593fba
2020-01-09 12:46:02 UTC,cart,5822387,1487580005595612013,,,3.0,536593657,1ee01d86-5571-b22f-cc66-af9e242d54ae
2020-01-09 13:01:50 UTC,view,5561080,1487580005595612013,,,3.0,598815832,d965390c-5eaf-4327-a4a4-a84ff72fdc8e
2020-01-09 13:15:05 UTC,remove_from_cart,5687130,1487580008187692007,,,0.79,526273561,bb8715b8-b343-4a2f-bddd-9f54858cc7c6
2020-01-09 13:32:26 UTC,cart,5712801,1487580007256556476,,,3.02,598833635,a5308fd3-3a74-4250-8843-98bdab43defa
2020-01-09 13:49:37 UTC,view,5860156,1487580011652186237,,,3.89,598844581,edc250ad-5ad3-499c-a570-52af0d38d181
2020-01-09 14:08:00 UTC,view,5688837,1487580012902088873,,,27.06,529631398,8d4aa51b-eac6-4e19-86a3-de09e7892ed2
2020-01-09 14:18:40 UTC,remove_from_cart,5853642,1487580010872045658,,,0.79,513825288,ef925a64-4c57-4a1a-be0a-aeeb2cd933e6
2020-01-09 14:28:32 UTC,view,5877797,1487580009051717646,,,63.49,598859208,dc6ceeec-7985-4698-aa03-b6f99a2a7e00
2020-01-09 14:41:11 UTC,view,5839651,1487580005671109489,,masura,2.37,429567396,45e33e42-5141-425e-a1ad-dfd7829ecf4e
2020-01-09 14:43:43 UTC,view,5731725,1487580008657454075,,,2.38,587664693,828abffd-5cf4-4169-ac7a-a7d1bca0bd7e
2020-01-09 15:38:17 UTC,view,5808546,1487580008313521133,,kapous,5.24,598890446,740a9f6f-343c-4360-98db-b8a8c1988e7d
2020-01-09 16:06:22 UTC,cart,5304,1487580009471148064,,runail,0.32,598900334,9f23d9a5-e5bf-4eea-9464-23eb3a123801
2020-01-09 16:36:58 UTC,view,5877462,1487580006350586771,appliances.environment.vacuum,jessnail,21.43,552625278,699bef17-835c-4816-88a7-a67ada6c333d
2020-01-09 16:49:19 UTC,cart,5918421,1487580006317032337,,,0.0,474464070,39c5e213-a98f-435c-b2aa-73385d34ec40
2020-01-09 16:51:12 UTC,cart,5868465,1487580013027917999,,,1.98,503063026,465d63b8-0f26-41f2-bec5-9c81b8efc7d2
2020-01-09 17:10:47 UTC,view,5817690,1487580010872045658,,,0.79,580334974,504eddea-cb2d-4dd3-bcdb-275edca15006
2020-01-09 17:22:13 UTC,view,5774248,2193074740619379535,furniture.living_room.cabinet,,79.35,423846793,5efd0eab-7c69-4563-834b-17e721abc2fd
2020-01-09 17:28:04 UTC,view,5896429,1487580009051717646,,jessnail,40.48,565835961,d3cb6945-e8d7-4104-880a-d7e6fe25a483
2020-01-09 17:34:18 UTC,view,5886741,1487580006317032337,,,1.59,598934704,b423e799-3c71-4ef6-8e7e-4ae0176e9f01
2020-01-09 17:50:53 UTC,view,5568488,1487580005595612013,,,3.0,445483627,3fc818a3-5d9c-4c56-8df1-8151b07784e6
2020-01-09 18:00:10 UTC,remove_from_cart,5561044,1487580005595612013,,,3.0,398942324,6b669541-2cca-4cb9-b54f-7819abcda9dc
2020-01-09 18:08:33 UTC,view,5869139,1783999064103190764,,cosmoprofi,6.35,598773854,3dd870e9-618a-4cb9-b4fe-2f9aa90af064
2020-01-09 18:32:55 UTC,cart,5599831,1487580011383750769,,swarovski,2.06,598944850,00399a11-cc44-41c9-8990-767705dfe74d
2020-01-09 18:34:23 UTC,view,5813493,1487580005553668971,,,11.03,279141909,f675668b-f9f9-4bfa-bd74-8d734d235cbc
2020-01-09 18:34:42 UTC,cart,5742957,1487580009387261981,,,3.81,581267463,a167d79c-7ed7-46c1-b12f-4afe80740c95
2020-01-09 19:12:12 UTC,view,5763238,1487580010125459512,,uno,2.38,598781981,67dc6fdf-1181-42fb-80b8-4878e8c22235
2020-01-09 19:19:42 UTC,remove_from_cart,5797973,1487580005671109489,,masura,1.73,597158833,280f5736-326d-4a92-80a0-980d5a0b0500
2020-01-09 19:20:17 UTC,cart,5748566,1487580004832248652,,beautix,14.13,551541817,4765936c-9c6a-4e19-9ca2-a4e57da162ab
2020-01-09 19:27:44 UTC,cart,5677618,1487580013858390233,,estel,0.87,598977278,8ece5157-7c7f-4887-b60d-e0e95be430a6
2020-01-09 19:32:19 UTC,remove_from_cart,5865598,1487580008187692007,,,5.56,411536436,15a418bd-3c08-46eb-aa2f-760910aeaf56
2020-01-09 19:43:33 UTC,view,5877454,1487580006300255120,,jessnail,44.29,598336820,b29d43cd-3a96-452a-a4c7-7decf03de717
2020-01-09 19:54:14 UTC,cart,5908244,1487580007675986893,,,1.43,480303184,5da7aa94-4a69-4591-a095-1babbcb85474
2020-01-09 20:29:02 UTC,view,5881660,1487580013522845895,,lovely,9.05,599000476,1c48a3ad-72cb-40a8-bdb6-17e45d1756f6
2020-01-09 20:47:21 UTC,remove_from_cart,5704386,1487580008246412266,,estel,11.57,598941498,a2706335-e58f-4e25-bcd0-55a73c4092f2
2020-01-09 20:53:37 UTC,view,5867160,1487580006300255120,,domix,74.22,558330338,760d78a9-80f7-4115-b8bd-cef413866ea3
2020-01-09 20:57:08 UTC,cart,5560970,1487580005595612013,,,3.0,497192268,402fd2a5-da0d-4a80-8a36-fbb8e9ae2a09
2020-01-09 21:40:22 UTC,view,5587740,1487580006551913373,,irisk,0.87,329289448,cb29afb3-4476-4d53-9d79-4950d006e000
2020-01-09 22:43:10 UTC,view,5560756,1487580006300255120,,strong,207.94,541509908,99de176c-0bd6-41fa-84c2-b394d5d563f7
2020-01-10 00:20:03 UTC,cart,5689123,1487580007852147670,,staleks,23.57,248850480,d5b6e046-a6b3-4043-a25b-7376850bbe28
2020-01-10 01:10:42 UTC,remove_from_cart,5628027,1487580009387261981,,,3.81,359752159,f67f6a77-ca45-bef6-3a64-fe61ff4ceb5c
2020-01-10 03:17:16 UTC,remove_from_cart,5814157,1842735758805303837,,beauty-free,3.95,560376222,9729b24a-836b-4419-b77c-e6151f134762
2020-01-10 03:49:25 UTC,cart,5645121,1487580009286598681,,,1.11,595475413,2f4a764c-ce11-4a7e-b524-d6daed38efac
2020-01-10 04:47:49 UTC,cart,5804668,1487580013581566154,,,5.4,598801637,17550c23-33bc-74c1-ff5c-71ab08cf4ad8
2020-01-10 05:50:06 UTC,view,5902973,1487580005008409427,,f.o.x,6.03,599104568,eb7f83b3-0c5c-4b44-8418-59e9c90a0e61
2020-01-10 05:57:27 UTC,view,5774237,1487580009051717646,,,39.67,467977256,dd23c61f-afe1-47dd-8307-45f60c1d0aa5
2020-01-10 07:14:17 UTC,view,6731,1487580007256556476,,,12.68,549370070,980ff8ff-e259-4d40-95c5-23ced7dc38d4
2020-01-10 07:25:03 UTC,view,5736597,1487580014093271270,,,7.92,592364007,94490a5b-bec4-4f00-935e-e7e15e5e8951
2020-01-10 07:43:00 UTC,cart,5810671,1487580012969197740,,italwax,14.13,527607149,3ea7cb92-6b94-4663-ba51-7cb234479db1
2020-01-10 08:14:52 UTC,view,5896421,1487580009051717646,,jessnail,28.41,599140582,7578d78c-944c-4b0f-86e8-d7ff1623c355
2020-01-10 08:18:44 UTC,cart,5897508,1487580012591710363,,ecolab,2.56,599151712,5a91ec19-8509-464b-bafd-04f42e87320a
2020-01-10 08:21:34 UTC,cart,5700037,1487580009286598681,,runail,0.4,472131374,d15897c2-13d9-4c9d-8f22-91a8c40d82ee
2020-01-10 08:50:51 UTC,remove_from_cart,5733827,1487580005050352469,,haruyama,3.97,493840329,9a01d273-1386-467c-bc9c-f94af5ab2be4
2020-01-10 09:13:05 UTC,view,5649108,1487580005511725929,,,5.56,570738383,0f909799-ef30-4a70-a89c-364829338450
2020-01-10 09:18:33 UTC,cart,5654960,1487580007952810971,,metzger,7.38,598706384,32735ac2-1604-46f7-9335-e61c4f67a3bc
2020-01-10 09:19:08 UTC,remove_from_cart,5770055,1487580013841613016,,kapous,2.81,599171825,10a68da9-e5b2-4006-ab6c-962cc69d4574
2020-01-10 09:49:40 UTC,cart,5802143,2140803113261466607,,staleks,4.44,571835738,7ff8d420-d00e-4882-926e-8d7d9d3eaf39
2020-01-10 10:37:14 UTC,cart,5711704,1487580005008409427,,f.o.x,6.03,452209519,8994193b-02a1-4052-a42f-681d22c92cfc
2020-01-10 10:43:36 UTC,view,5716844,1487580013950664926,,,10.32,578903427,62e0283c-2a85-4810-b4ed-097b0f761ee2
2020-01-10 11:09:48 UTC,remove_from_cart,5802165,1487580009143992338,,kapous,5.56,598941870,069de5b3-f276-43a7-835c-1baea87c4488
2020-01-10 11:14:08 UTC,view,5466,1487580007306888126,,ingarden,3.81,599211089,7723ca97-9e98-42c2-af27-b23d160bb9a0
2020-01-10 11:17:22 UTC,view,5852263,1487580008246412266,,kaypro,22.62,599225019,6377b84f-d9e0-485c-b524-30af62a48c99
2020-01-10 11:36:33 UTC,cart,5692893,2140803113261466607,,yoko,4.0,572470180,b322ce6c-5227-4b8c-99bb-23f26bc2f726
2020-01-10 11:42:56 UTC,cart,5875386,2084144451428549153,,,2.05,529021635,e72c0915-e037-4455-91b1-6b2bb5ac7c89
2020-01-10 11:54:55 UTC,cart,5852381,1487580005713052531,,ingarden,9.44,504929807,fec8776e-52d3-4481-b7cb-4d2da78e5325
2020-01-10 12:01:02 UTC,purchase,5834924,1487580005511725929,,,5.56,598439022,161e84e0-beff-4af8-9f87-bfb28a52da0a
2020-01-10 12:10:08 UTC,cart,5814702,1783999068867920626,,smart,1.43,599102022,3dc71e10-5b23-9bd0-c631-4d427def9217
2020-01-10 12:19:22 UTC,cart,5550082,1487580005595612013,,,3.0,591210889,1086038f-7ef1-e37e-8f0c-97d4fc1994f4
2020-01-10 12:21:27 UTC,remove_from_cart,5742957,1487580009387261981,,,3.81,587496891,33a65f6d-20bd-4395-be93-ca4bba5ca335
2020-01-10 12:40:19 UTC,remove_from_cart,5908836,1487580005427839846,,irisk,6.19,591243324,a1f20e69-2305-41c4-9de9-52a65128a4ee
2020-01-10 12:56:37 UTC,view,5814784,1487580013069861041,,depilflax,13.17,351903905,41de6598-f0a6-4e10-ac19-5904453f8235
2020-01-10 13:26:09 UTC,view,5848388,1998040849203594085,,,14.29,585462238,83f8f78a-1468-4850-ba00-2d162a6e3fcb
2020-01-10 13:36:48 UTC,cart,5836522,1487580013522845895,,nagaraku,0.4,579752970,da04b77d-8395-4bce-b9b8-5bf49ccb936b
2020-01-10 13:56:32 UTC,remove_from_cart,5802546,1783999063314661546,,,9.52,594191967,fec5c40a-1a34-4071-8ab0-087fc0ce4a09
2020-01-10 14:11:39 UTC,view,5564074,1487580005855658874,,ingarden,2.38,598869422,08f7dc2b-c687-4b1e-89cd-3af0c3313d29
2020-01-10 14:15:59 UTC,purchase,5716352,1487580010872045658,,irisk,0.79,583436331,fdd6bdd4-db7c-4c8b-875d-145c7db93f8c
2020-01-10 14:16:02 UTC,cart,5800790,1487580005553668971,,,9.21,599290864,575bd989-ef4d-4336-914d-e20514db3fe4
2020-01-10 14:53:24 UTC,cart,5769927,1487580013841613016,,kapous,4.22,568225625,6d1e4131-53c5-435b-a159-1e79ae7fd267
2020-01-10 14:56:31 UTC,view,5809912,1602943681873052386,,grattol,5.24,550353491,e4ceca94-c42c-57a1-9215-f74fd60bfee5
2020-01-10 15:12:10 UTC,remove_from_cart,5811799,1487580005671109489,,masura,1.73,569093389,35eb0e07-0521-4498-a760-d3a6ab977d40
2020-01-10 15:47:15 UTC,view,5841326,1891434214553813877,,,3.95,599299774,c5a6a30b-8b04-4348-a3ab-116d12f8d8b3
2020-01-10 15:48:40 UTC,cart,5886998,1487580006317032337,,,2.06,548107513,6533bdfc-9b7a-41cb-be69-0b3b19bccab7
2020-01-10 15:51:28 UTC,cart,6941,1783999064103190764,,runail,4.71,599327199,056e8664-ab8c-49bf-9e52-f8eb7c1a1107
2020-01-10 16:10:37 UTC,view,5766082,1487580013841613016,,,13.49,599351060,184d5e83-3eef-432b-b1cd-04656c03dee6
2020-01-10 16:18:14 UTC,cart,5816179,1602943681873052386,,grattol,5.24,568332600,5f6749e9-3a46-4c02-94e3-63960a0fc34b
2020-01-10 16:26:13 UTC,view,5714240,1487580006434472855,,jas,123.81,599255690,a04affbb-7a87-4bc6-9636-67edc7dfddfe
2020-01-10 17:00:58 UTC,purchase,5904530,1487580005268456287,,irisk,3.33,237384885,c091a78f-fefc-45a1-ab4e-044a7539a35f
2020-01-10 17:16:29 UTC,remove_from_cart,5809677,1487580009445982239,,irisk,4.13,597859412,2a3ea67d-77c4-4419-8ad9-448a0487891e
2020-01-10 17:38:07 UTC,view,5914101,1487580013824835799,,dewal,3.6,599387678,41871b2c-f63c-4819-8e8f-87d974fd5035
2020-01-10 17:39:58 UTC,cart,6625,1487580009227878422,,runail,2.38,347774688,b6384f1d-3e90-478b-a145-fe5ded9d2007
2020-01-10 17:56:20 UTC,view,49674,1487580006317032337,,runail,1.11,537765487,a1f2edfa-e2cb-45d8-a90b-a3bb468658d5
2020-01-10 18:39:24 UTC,view,5759174,1487580013069861041,,irisk,2.86,584647362,c7883983-a74a-4258-a474-7cbb8808aa10
2020-01-10 18:43:05 UTC,remove_from_cart,5859407,1487580005671109489,,masura,2.37,583442431,ebf0800b-3799-4b4e-802a-9e63fa161909
2020-01-10 19:06:48 UTC,cart,5747406,1487580005671109489,,masura,6.33,89056866,13d94995-68d3-4fe7-9e4f-5cdd1b151456
2020-01-10 19:47:00 UTC,view,5851992,1511892746070131099,,uno,9.37,587986009,5e6af897-c642-456a-83fc-fb734afb9d9d
2020-01-10 20:25:29 UTC,cart,5855095,1487580012642042013,,,5.71,494574791,d81ab483-e776-cb0a-fd93-dcacdb48e139
2020-01-10 20:28:20 UTC,remove_from_cart,5700035,1487580009286598681,,runail,0.4,454049382,2e9d6151-3704-40f9-82ed-2750d2e984de
2020-01-10 20:39:31 UTC,view,5561032,1487580005595612013,,,3.0,497599882,ac12b732-c362-41ce-9e8a-665648927726
2020-01-10 21:11:08 UTC,remove_from_cart,5615144,1487580005092295511,,,4.76,572312453,51862158-9292-4679-8fc9-643ed8522ef0
2020-01-10 21:19:19 UTC,cart,5560970,1487580005595612013,,,3.0,497749781,33b51b28-94d2-4882-ac94-91990b50d61d
2020-01-10 21:34:57 UTC,purchase,5744016,2151191075757228942,,,3.49,599464204,dadc2e63-10a7-41ee-9d90-5253b8711ea5
2020-01-10 22:28:43 UTC,view,5707019,1487580013950664926,,,10.4,599478398,509c4d8a-afbe-48ba-94f3-a8359e1dfc1a
2020-01-10 22:32:38 UTC,remove_from_cart,5853650,1487580010872045658,,,0.79,400986985,8392c423-e26f-4782-a311-fef374f03cf7
2020-01-10 22:36:17 UTC,view,6730,1487580007256556476,,,6.35,598562396,8f2398a2-942e-444f-a437-bc9c9bb3c206
2020-01-10 22:46:18 UTC,remove_from_cart,5726167,1487580005595612013,,,3.0,484227715,581ab8a5-cb07-4f2f-9fe7-d0385da1023b
2020-01-10 22:48:54 UTC,remove_from_cart,5868466,1487580013027917999,,,2.38,560282229,87953980-cfef-29a1-26cb-ac091c3d6b80
2020-01-10 23:00:59 UTC,remove_from_cart,5853699,1897124478404526487,,masura,3.95,598009811,8b5a39d8-3ec5-4782-b865-b7921e98f520
2020-01-10 23:04:48 UTC,cart,5674670,1487580005595612013,,,2.05,550412855,9dc8bf13-9ff7-45f3-a692-ff57816720ea
2020-01-10 23:13:30 UTC,view,9139,1487580008657454075,,,2.86,584997730,4fa68ac2-b36c-40cd-a0c9-8c113e6e82a6
2020-01-11 01:05:19 UTC,cart,5881429,1487580013506068678,,lovely,11.9,599498990,51dc1491-487e-4c1d-982a-3506453709c1
2020-01-11 05:12:26 UTC,remove_from_cart,5804528,1487580005671109489,,masura,1.73,557724649,972a722b-3603-4b36-a696-b6964d144f13
2020-01-11 05:58:22 UTC,view,5707019,1487580013950664926,,,10.4,599527392,89cdbaf3-d7c1-4eef-a553-393d7c96d8eb
2020-01-11 06:10:21 UTC,view,5663779,1487580005754995573,,,4.75,579520927,a674d7f9-7f5a-4156-92e9-b062f56e18f5
2020-01-11 06:23:18 UTC,view,5937,2196456817758831535,,runail,5.48,599371115,dbdbe2bf-623c-4097-b786-3dc252d4901e
2020-01-11 06:27:07 UTC,view,5803898,1487580005461394279,,bluesky,3.97,235267883,8fc524b5-8349-4abf-8759-779438cbbfb8
2020-01-11 07:55:57 UTC,purchase,5550020,1487580005595612013,,,3.0,597269288,e12e8970-d540-4ec4-a9f0-94dcfc229b41
2020-01-11 09:24:56 UTC,view,5857007,1487580009496313889,,runail,3.17,526976144,1a56f2a7-6511-47a4-8ac0-567eeeb81ecc
2020-01-11 09:37:02 UTC,view,5884067,2115334439910245200,,,3.67,414641109,e4f849bc-7627-44ca-aa14-0fa8300da4bb
2020-01-11 09:45:37 UTC,view,5809910,1602943681873052386,,grattol,5.24,593256316,e6809098-d335-4503-aa42-fade1c5d00c7
2020-01-11 10:17:00 UTC,view,5802432,1487580009286598681,,,0.32,516321765,ce47ceab-9ede-4c91-8cb5-5a1a707632da
2020-01-11 10:34:13 UTC,view,5712493,1487580005008409427,,f.o.x,3.62,598909190,5710bfa3-be7d-4242-ba88-1e159c0304ea
2020-01-11 10:48:21 UTC,cart,5875352,2084144451428549153,,,2.05,562400323,90b59ad8-3276-4296-bbf1-ebe6552ba0d7
2020-01-11 10:52:17 UTC,remove_from_cart,31594,1487580006317032337,,,7.62,53613286,0542c088-0256-469d-90fd-6b78ded92580
2020-01-11 11:22:21 UTC,cart,5697495,1487580008246412266,,estel,4.29,456755676,042c12ea-3211-43a1-8cee-21f2684c45d3
2020-01-11 12:08:58 UTC,view,5759137,1525995662934540829,,,4.76,540105259,0f92fb14-6381-4e5c-851f-6bbdabe5f64d
2020-01-11 12:33:16 UTC,view,5770029,1487580013841613016,,kapous,2.81,599700836,ada490ad-fb2b-4384-8a0e-773b6acad4ed
2020-01-11 13:19:03 UTC,view,5885418,1487580005092295511,,grattol,6.27,118988445,c7750b62-e042-4dc4-9bc7-2a55035833ff
2020-01-11 13:30:46 UTC,cart,5899845,2115334439910245200,,,4.02,502159127,a206e245-f4a1-4a45-86bd-552e518ce5be
2020-01-11 13:37:28 UTC,cart,5896494,1487580013732561106,,concept,4.44,599726485,342969bb-ad8e-4b01-a3b7-2aecaf5052ac
2020-01-11 14:22:55 UTC,view,5827009,2193074740552270669,,,4.38,580137159,4a1c964a-ec6f-4a79-a1f9-69e5c64e6461
2020-01-11 14:30:59 UTC,remove_from_cart,5803493,1487580005461394279,,bluesky,5.24,599744513,dc263276-9aa5-45e8-b56b-048ea2a7a8b5
2020-01-11 14:32:54 UTC,view,5884005,1487580008347075566,,,4.11,515122602,afef5f01-2922-4052-855c-db49c2e3050a
2020-01-11 15:45:53 UTC,cart,5597835,1487580005595612013,,,6.83,461684991,173d3c2e-7297-4149-a1b1-11f04e3a548e
2020-01-11 16:15:33 UTC,cart,5800788,1487580007256556476,,,4.52,594925002,00b4e83b-1b96-4866-ad56-391149404908
2020-01-11 16:16:24 UTC,remove_from_cart,5820756,1487580006317032337,,,2.22,505189882,9d386943-f8fd-449b-bce5-46f213f22e34
2020-01-11 16:19:40 UTC,cart,5817697,1487580007852147670,,,4.44,541135484,dfc311d0-3b0c-407f-ab20-701edab533fc
2020-01-11 16:34:26 UTC,cart,5915831,1487580010561667147,,moyou,8.71,463941518,a2e5b203-a6e0-4a1d-8083-683f9f1bffb8
2020-01-11 16:51:49 UTC,view,5843784,1487580010293231679,,,7.38,507767693,6e3c7396-79d7-4a40-99f3-0590a9811710
2020-01-11 17:07:30 UTC,cart,5700046,1487580009286598681,,runail,0.4,527285942,dc63e9ac-0cbe-4d0e-8f08-b1a50ce917f7
2020-01-11 17:39:17 UTC,view,5853237,1487580005134238553,,runail,3.17,575255211,7399ae77-4b99-434e-a98c-45e4dae57cbf
2020-01-11 17:44:28 UTC,remove_from_cart,5809912,1602943681873052386,,grattol,5.24,472957235,c76f0be7-636b-4be0-91c9-5dba6a4a2cc6
2020-01-11 17:56:44 UTC,view,5916480,1487580013279576251,,relouis,3.67,599817246,f8062757-86b8-462c-bf86-d9e999e4b992
2020-01-11 17:59:08 UTC,view,5899144,1487580005553668971,,,6.67,383647478,dcfe3625-3e75-4d68-92aa-58021e3b64a9
2020-01-11 18:02:27 UTC,remove_from_cart,5674707,1487580005595612013,,,2.52,571024632,68ebae7d-974f-4ca8-9d5b-ee09b8af4dc8
2020-01-11 18:57:51 UTC,cart,5686907,1487580011585077370,,shary,2.78,552204389,7d5c7b72-ea9e-4011-a562-42725435da68
2020-01-11 19:09:57 UTC,remove_from_cart,5816398,1487580007659209676,,irisk,4.76,573872024,6e8610e7-be5d-4b23-ac1c-ae27c287c94d
2020-01-11 19:12:06 UTC,remove_from_cart,5561062,1487580005595612013,,,3.0,590412928,8de1fb67-3321-448e-80f2-0c83caf66a94
2020-01-11 19:27:21 UTC,cart,5862565,1487580008145748965,,roubloff,1.78,486682994,c652d5db-2b6e-4316-b552-75d89f7dd8ae
2020-01-11 19:41:30 UTC,cart,5802544,1783999063314661546,,,9.52,599865239,4e6013de-bb6a-4070-8dd4-c4cbf63c4dcc
2020-01-11 19:54:07 UTC,view,5772472,1602943681873052386,,grattol,4.76,445078944,3becd9ce-71a3-41bc-a89a-21e66fc6724e
2020-01-11 20:26:21 UTC,cart,5838846,1487580005092295511,,lovely,10.95,516010702,8ee5b570-91b6-43fb-b0f1-e3de92af2c3e
2020-01-11 20:28:22 UTC,purchase,4938,1487580008187692007,,runail,1.43,587823498,d08b30fc-a760-4e74-84be-b3fe6a8ac747
2020-01-11 20:30:54 UTC,view,5819639,1487580008162526182,,,30.78,585913415,ba77903b-073d-40bd-973c-a84d64060e3a
2020-01-11 20:55:44 UTC,remove_from_cart,5875761,2084144451428549153,,,2.05,593302927,7d91e500-32db-4fd2-8dea-e96ee7017e06
2020-01-11 21:00:11 UTC,view,5748913,1487580007717929935,,milv,0.79,482984966,a9b16c30-3e13-4c32-ad43-06616ed5da44
2020-01-11 21:01:31 UTC,view,5770040,1487580013841613016,,kapous,2.81,410271834,f17a2abd-1b2f-42a1-b8d0-eda4b99c7869
2020-01-11 21:13:24 UTC,view,5550158,1487580008758116352,,orly,11.1,599893301,188991f8-9d42-4112-90d8-3c2064563e15
2020-01-11 21:22:29 UTC,cart,5843837,1487580009286598681,,,0.32,599890502,f02141d7-c1d0-47b8-aae1-2cf0d9533e3d
2020-01-11 21:29:58 UTC,remove_from_cart,5785652,1487580007432717250,,milv,1.59,597352919,666cfc07-702a-430e-9788-f4ce9dffee8f
2020-01-11 21:59:19 UTC,cart,5861112,1487580007659209676,,,0.32,599902895,e0460915-abd2-41fa-ae57-5de2d1695859
2020-01-11 22:05:17 UTC,view,5620510,1487580005595612013,,,20.22,599886236,4b21257c-8d74-4f4e-8d82-a6c92c0efc82
2020-01-11 22:58:31 UTC,view,5915337,1761186209054327497,,dermacol,12.54,599924584,4e738a12-c686-4883-9e97-b815f246ef5a
2020-01-11 23:51:49 UTC,cart,5892052,1487580010377117763,,,5.56,533267875,ac1756e3-2c82-4548-bd09-6ace682abc90
2020-01-12 01:38:29 UTC,view,5587550,1487580010561667147,,konad,10.48,599946619,656e9bdc-ff77-4cd8-b7c7-3b350ee89c7e
2020-01-12 04:14:06 UTC,view,5783987,1487580005268456287,,,4.75,536893998,bd2fae51-9eba-4394-8216-765b2a243129
2020-01-12 04:22:46 UTC,remove_from_cart,5689471,1487580007852147670,,staleks,13.17,590856761,941ad8c3-919c-4072-8484-a3cb50a881f3
2020-01-12 05:03:39 UTC,view,5902766,1487580006962955182,,ingarden,5.4,599878954,e532eca7-29d4-433c-958c-775f4e123e46
2020-01-12 05:31:43 UTC,view,5862564,1487580008145748965,,roubloff,1.71,553432203,2212427c-e77f-403a-909d-d7498cf53ddf
2020-01-12 06:01:08 UTC,view,5884291,1487580013145358517,,,4.38,599995306,e044d663-21e1-4e1a-b29a-02d4d3a83ce7
2020-01-12 06:47:39 UTC,remove_from_cart,5810145,1487580006317032337,,irisk,9.52,529946638,ed6ba6b8-10ea-4acb-a141-af8dc3cae1a0
2020-01-12 07:27:58 UTC,view,5674754,1487580005595612013,,,3.0,562735465,41a21cdf-235e-4c0b-9b1f-df4848046edd
2020-01-12 07:30:47 UTC,view,5918376,1487580011627020412,,arganoil,19.81,393833584,e2bc405c-de08-47b1-92dd-f8e911b69aca
2020-01-12 07:54:55 UTC,view,5561042,1487580005595612013,,,3.0,552100636,1cfd42f4-5fa4-41d2-b53a-ed33328b450e
2020-01-12 08:08:52 UTC,cart,5889151,2134354342373753638,,,3.49,521483220,a3a4f6a3-2e08-4a92-9e19-6685ecdba698
2020-01-12 08:37:11 UTC,cart,5804039,1487580005461394279,,bluesky,3.97,600007240,32a86fb5-9fd2-4564-85db-252b67dbbd3d
2020-01-12 08:38:47 UTC,remove_from_cart,5549808,1487580005595612013,,,3.0,572722791,025ae87e-f3b4-184c-1a33-dc87e9feb7a5
2020-01-12 09:31:42 UTC,cart,5904249,1487580007675986893,,,1.59,540719313,c276c690-ef5a-de93-92a7-1d1568588de3
2020-01-12 09:39:22 UTC,remove_from_cart,5565086,1487580005595612013,,,3.0,493550885,5e453256-8854-4e78-921e-9caa971ab548
2020-01-12 10:17:38 UTC,view,5736325,1487580005050352469,,haruyama,3.97,600087084,f3fa1044-91a1-4485-80f5-971f92c8fa50
2020-01-12 10:46:27 UTC,cart,5815638,1487580006962955182,,rosi,6.35,479551008,a17d8583-20da-4106-a5f4-a02b6875bd54
2020-01-12 11:07:30 UTC,purchase,5848618,1921723491720102387,,,5.71,596971707,7be9db50-ac85-4bef-8f84-10623d3fe55d
2020-01-12 11:18:49 UTC,view,5549786,1487580005595612013,,,3.0,600108380,ab600f37-16eb-4c0e-8f1b-e855faddd864
2020-01-12 11:22:07 UTC,cart,5733776,1487580005050352469,,haruyama,3.97,581875725,3b5bc6cb-746a-44a9-9935-9f298e394ff3
2020-01-12 11:52:05 UTC,remove_from_cart,5724649,1487580005427839846,,irisk,2.48,538103853,064a476a-2b0c-4402-aa05-1a7762d9483a
2020-01-12 12:09:58 UTC,remove_from_cart,5692262,2140803113261466607,,staleks,4.44,600112736,2e5cb17e-510d-45f8-b6c4-33154466f78b
2020-01-12 12:14:41 UTC,view,5813466,1487580006300255120,,,86.51,600134475,52e6e340-bc5e-480a-b43d-7d1e49fc5155
2020-01-12 12:56:13 UTC,view,5690232,1487580013841613016,,estel,2.62,599912401,1cec840d-0415-404b-8ae1-4080f12a89cb
2020-01-12 13:38:27 UTC,cart,5854384,1487580009387261981,,jessnail,2.06,517073411,decd5541-c81b-4d93-9d37-222d3c5f29da
2020-01-12 13:49:51 UTC,view,5769908,1487580013841613016,,kapous,3.65,577961387,e1566ee5-8efd-4c80-9bd4-da7ac3f60450
2020-01-12 14:05:34 UTC,view,5854816,1602943681873052386,,grattol,5.24,535292043,56af6d6b-6773-4af9-a298-59d6e99bccce
2020-01-12 14:09:21 UTC,view,5751400,1511892746070131099,,uno,9.37,514168587,41fb62cd-5181-4173-88f7-199bf0d3e305
2020-01-12 14:24:00 UTC,cart,5683625,1487580005595612013,,,3.0,539085877,c1a1308d-e691-4968-8b42-4f7739c55329
2020-01-12 14:26:56 UTC,view,5826707,1487580008145748965,,,6.35,571512877,ca85e01a-52d2-44db-a547-71c6ee0c5406
2020-01-12 14:27:51 UTC,view,5852597,1487580005092295511,,grattol,7.14,240177194,0afed74d-70da-466e-aebd-287f8b0dc9cc
2020-01-12 14:28:23 UTC,cart,5888122,1487580013522845895,,shik,7.78,539473359,8bf7a3d5-ff96-41dc-adc9-08325272e27f
2020-01-12 14:49:16 UTC,view,5809888,1602943681873052386,,grattol,4.76,600201090,b8ce0aff-489f-4be9-8dfa-534770133b1e
2020-01-12 15:02:49 UTC,view,5699738,1487580004882580302,,,2.7,597025481,38bdab17-ed26-42a4-9113-b88a3b86bcb6
2020-01-12 15:05:37 UTC,purchase,5686099,1487580009311764506,,,0.6,600202144,5600ed16-e08a-447e-966c-3f60f5a9242d
2020-01-12 15:30:50 UTC,cart,5739055,1487580008246412266,,kapous,4.75,561714835,55546f25-28fe-43a4-9d6c-7aab8c62976e
2020-01-12 15:36:06 UTC,remove_from_cart,5902897,1487580007675986893,,,1.59,539360446,59608350-e1d9-40e4-85d1-3b7b51ba26f8
2020-01-12 16:02:13 UTC,remove_from_cart,5651950,1487580007365608384,,,3.16,546269147,1a26ceb8-8ba1-4fb4-a55f-13c015d3a291
2020-01-12 16:36:23 UTC,cart,5896186,1487580009051717646,,jessnail,35.27,417737576,6fa1ced0-a5aa-44f1-8daa-0197f713171f
2020-01-12 17:12:18 UTC,cart,5601927,1487580005713052531,,ingarden,4.44,600249799,4920bb41-30ef-4a9c-996d-2b723c4c52f0
2020-01-12 17:18:12 UTC,remove_from_cart,5848188,1487580007675986893,,freedecor,1.43,469373891,1ebe2ed2-074e-479d-b3be-94fe8093c747
2020-01-12 17:21:49 UTC,cart,5835859,1487580009445982239,,,0.63,235513894,d1b3354b-df52-395f-5582-c8bedb7769d1
2020-01-12 17:37:45 UTC,remove_from_cart,5853533,1487580005050352469,,haruyama,3.97,351367566,4737d762-47ca-47ef-b37a-580da24b11a8
2020-01-12 17:41:23 UTC,remove_from_cart,5875778,2084144451428549153,,,2.05,600256688,bc684f16-15e3-4683-8983-fef3f9bece18
2020-01-12 17:51:19 UTC,view,5700045,1487580009286598681,,runail,0.4,595749524,265b1e3c-601f-4d24-98ef-bfe67f1befdd
2020-01-12 18:19:56 UTC,view,5745382,1487580010561667147,,,3.65,578981308,95f6e42c-194f-4837-9ce8-3cb8f8d96952
2020-01-12 18:20:12 UTC,view,5836205,1487580009202712597,,irisk,4.92,600290180,2a903826-7671-40c3-af09-de793b29446b
2020-01-12 18:45:01 UTC,cart,5700080,1487580011652186237,,,8.89,600286317,54c05b79-5013-48db-add7-aaf1c98e7a0f
2020-01-12 18:46:57 UTC,cart,5693843,1487580009445982239,,,12.7,566189088,203c0bb0-7a52-439b-897b-c82c719706be
2020-01-12 18:56:15 UTC,remove_from_cart,5848052,1526733091857498510,,,9.21,306650203,5dfa1509-ea38-496e-a1b8-b2edd18bd4ee
2020-01-12 19:03:04 UTC,view,5802165,1487580009143992338,,kapous,5.56,545731224,d3cb7635-eb83-4b5b-abac-8e2cbb89a1ee
2020-01-12 19:08:18 UTC,remove_from_cart,5826185,1891434214553813877,,,7.14,386491215,1096fefd-285f-47f1-8af4-9481300ff74b
2020-01-12 19:34:13 UTC,view,5844894,1487580008313521133,,,6.22,530311269,7fe038a5-4f76-4e76-9149-09fa1ab5a8e9
2020-01-12 19:46:13 UTC,remove_from_cart,5778429,1542195323827388674,,,8.73,540402583,2fbbbe22-ec81-4c52-83f8-6311a9b7b060
2020-01-12 20:08:13 UTC,remove_from_cart,5899831,2115334439910245200,,,3.97,584904804,124caab1-2a8f-4c27-b058-c8271e4f7cfe
2020-01-12 20:08:43 UTC,view,5900339,1487580007675986893,,freedecor,1.43,91136858,dcc3fba5-c5b0-40b3-be70-7e6314478168
2020-01-12 20:09:59 UTC,view,5883317,1487580007634043851,,de.lux,1.27,364677269,bf2f0d46-7b87-1780-dd5f-792b6bde6978
2020-01-12 20:15:39 UTC,purchase,5550094,1487580005595612013,,,3.0,547000367,06d7943d-b836-4276-9a43-40dd5ceea17d
2020-01-12 20:23:30 UTC,view,5809568,2196456817641391019,,,3.49,365476221,ae71fca6-7b1b-4375-8a54-ce952b16ca43
2020-01-12 20:36:22 UTC,cart,5809910,1602943681873052386,,grattol,5.24,600340711,4ee2354c-6463-48fa-8c23-0794f7d5d76a
2020-01-12 21:24:27 UTC,remove_from_cart,5561044,1487580005595612013,,,3.0,555801714,cc1606ac-bf10-4c26-b27e-5e504d0d8071
2020-01-12 21:25:25 UTC,cart,5853242,1487580005134238553,,runail,3.17,413134869,111626ec-c132-84a5-01d0-0d3f876199a3
2020-01-12 21:58:56 UTC,cart,5784597,1658462125284131265,,uskusi,3.97,231052075,f58ae07e-cec2-4ca1-b907-1245529fe5e6
2020-01-12 22:02:41 UTC,view,5816617,1487580005553668971,,,7.46,551915649,44f8fbb1-7d28-4824-9a18-27f988ba5d48
2020-01-12 22:06:42 UTC,remove_from_cart,5867995,1487580008800059394,,masura,5.54,584904804,d956b86a-0e1b-4431-963f-f1f1b1d10059
2020-01-12 22:37:26 UTC,remove_from_cart,5849491,1487580013858390233,,,1.65,320118170,361f6c10-40f5-42b6-9a37-c7c90d4b155d
2020-01-12 22:53:00 UTC,view,5810672,1487580013069861041,,italwax,10.32,599891307,3355c3e6-0a63-d0be-61b7-5f6af029057b
2020-01-12 22:54:26 UTC,purchase,5889300,1487580007306888126,,,3.33,569733904,7777c2fd-290d-4ed1-9e60-2561e06b27dc
2020-01-12 22:59:20 UTC,remove_from_cart,5657898,1487580013053083824,stationery.cartrige,,2.06,599891307,b4c41104-a2c9-f903-6880-d27704e028de
2020-01-12 22:59:28 UTC,cart,5904774,1487580007675986893,,,1.59,596025267,d7b4a9c9-ad95-420a-bfe7-238680eddad3
2020-01-12 23:04:00 UTC,cart,5830544,1487580005671109489,,masura,1.73,483549856,ec6e9bbd-623e-4595-a146-c533881d84b0
2020-01-12 23:45:34 UTC,cart,5809910,1602943681873052386,,grattol,5.24,495751030,8e5fb223-01bc-43ca-9add-f18cebe92b3a
2020-01-12 23:56:17 UTC,cart,5887565,1487580005595612013,,,3.0,598532979,76a3d934-5ef0-4f2f-b048-73e11c8637aa
2020-01-13 03:44:38 UTC,view,5655257,1487580005595612013,,,2.05,402161734,f0d245e5-fe4f-433d-bffd-61abd60bc198
2020-01-13 04:12:32 UTC,cart,5700045,1487580009286598681,,runail,0.4,525940541,61a8edf4-5846-44a1-bc66-1515a75993af
2020-01-13 04:26:08 UTC,remove_from_cart,5787018,1783999063314661546,,,6.33,448072561,d81cd9ba-dd9a-4571-930b-32d9092932e7
2020-01-13 04:57:12 UTC,view,5649545,1487580005528503146,,pnb,5.56,528665787,c5da8a8b-0e9a-4bb8-966d-1c6ca339efdd
2020-01-13 05:43:57 UTC,view,5682469,1487580007910867929,,zinger,20.32,327409884,2ca0bb18-f077-43bd-b188-6ea29a27e2db
2020-01-13 06:23:31 UTC,view,5916487,1487580013522845895,,relouis,3.84,600455965,7ef57dd5-0d74-448d-a9da-7f9030575a49
2020-01-13 08:09:12 UTC,remove_from_cart,5889602,1487580013539623112,,,5.56,588903000,ce35ec22-7b54-40de-8415-af9d8735f7ef
2020-01-13 09:05:26 UTC,cart,5756125,1487580013522845895,,,0.4,495989307,4f9e71b2-6210-487b-954e-50b83a1b5be7
2020-01-13 09:07:31 UTC,view,5820792,1487580006317032337,,,15.87,534147472,2b680607-84ed-4109-9696-955703ae3409
2020-01-13 09:17:21 UTC,purchase,5820781,1487580006317032337,,,5.56,571838163,97d1f3f7-9a0c-d914-c434-904c4b7437ac
2020-01-13 09:28:45 UTC,view,5804660,1487580013581566154,,,5.94,408634781,dd903be7-d7a7-4380-ae5e-6faefc2604ea
2020-01-13 09:47:27 UTC,cart,5723518,1487580005134238553,,runail,2.62,570499467,a399e975-dcda-443d-9feb-6c2dc07be9cb
2020-01-13 09:54:35 UTC,cart,5882612,1487580013522845895,,lovely,2.06,592080608,7bc04d76-bacc-4863-ba4c-37899c93e217
2020-01-13 10:02:27 UTC,view,5917178,1487580013950664926,,,16.35,548144800,0d4e958d-59a8-4c90-b6e1-efd52b3f3be9
2020-01-13 10:09:11 UTC,remove_from_cart,5826268,1897124489259385629,,kocostar,3.33,556267594,ae9ef985-b1ff-4279-a6ad-fa3d1649dc0b
2020-01-13 10:09:35 UTC,cart,5859410,1487580005671109489,,masura,2.37,570499467,a399e975-dcda-443d-9feb-6c2dc07be9cb
2020-01-13 10:36:16 UTC,remove_from_cart,5591314,1487580005268456287,,,4.29,384997765,5cf8d159-b64f-44f5-b12f-4a767374ab9c
2020-01-13 10:36:46 UTC,remove_from_cart,5773611,1487580006317032337,,irisk,1.59,600520610,95b64165-745d-466e-942d-8ffef72097dd
2020-01-13 10:37:56 UTC,remove_from_cart,5833334,1487580007675986893,,bpw.style,0.79,599762195,c62e8bea-a573-4029-ac67-be3acdb45fb7
2020-01-13 10:38:55 UTC,view,5723493,1487580005134238553,,runail,2.62,545871273,65873be7-eea4-4b36-866b-709d34875f3b
2020-01-13 10:43:39 UTC,view,5621739,1487580009605365797,,,0.94,600552423,83607e5d-900d-4144-9fdd-b203440f03e3
2020-01-13 10:43:59 UTC,remove_from_cart,5814894,1487580005461394279,,bluesky,5.24,599762195,c62e8bea-a573-4029-ac67-be3acdb45fb7
2020-01-13 10:57:35 UTC,remove_from_cart,5869348,1487580005461394279,,bluesky,5.24,582006763,1f43a266-8a55-4a33-b922-5a7cf8cdb487
2020-01-13 11:03:51 UTC,cart,5911807,1487580005671109489,,masura,1.73,559167456,cb6e2882-6a56-4ed8-aed9-5a205bd28a1c
2020-01-13 11:13:51 UTC,view,5834351,1924049110428549877,,oniq,10.32,443190485,b4dbc49c-eb86-418e-aeb3-51f50964bffd
2020-01-13 11:39:40 UTC,cart,5773360,1487580005134238553,,runail,2.62,553357305,34105e27-e4e8-40fd-b7a0-c24ed8d23d50
2020-01-13 11:39:43 UTC,cart,5526,2196456817641391019,,ingarden,5.24,595589709,d6895025-1fc3-420d-82d3-7b21d1602e31
2020-01-13 11:40:16 UTC,view,5827010,2193074740552270669,,,4.95,533815108,b8334ab9-48b6-46e5-a84f-5d18d9570276
2020-01-13 11:47:50 UTC,view,5649236,1487580008246412266,,concept,8.65,442088358,31918173-58a7-40a9-9496-acb8d7dc7527
2020-01-13 12:22:37 UTC,remove_from_cart,5796694,1487580008800059394,,masura,5.54,598786787,1035ad50-a83c-4e5f-891c-804876249e89
2020-01-13 12:23:13 UTC,cart,5584856,1487580009445982239,,,1.17,588285303,4c8aebc8-19f0-42bb-a732-b8f0e5ff6053
2020-01-13 12:29:54 UTC,remove_from_cart,5901626,1487580007675986893,,freedecor,2.38,583811451,4b5cd1cd-574f-475e-a858-0dfdc78d6588
2020-01-13 12:59:23 UTC,view,5816611,1487580005553668971,,,7.46,580911486,5c392b1b-9292-4276-9637-4f2a4d745db4
2020-01-13 13:39:00 UTC,purchase,5529097,1487580013027917999,,,5.29,600587858,75e8c4b1-924d-4442-9cdf-0a0ea8480207
2020-01-13 14:04:43 UTC,view,5884346,1487580010628776014,,oniq,5.56,564341737,a10b8e98-5c70-5439-26b0-e5a2dc0a62b9
2020-01-13 14:13:43 UTC,view,5796981,1487580005671109489,,masura,1.73,446510495,08e13693-11d9-4fb2-9011-ff3e6684d019
2020-01-13 14:29:50 UTC,remove_from_cart,5661283,1487580006317032337,,,6.98,599652509,f3edfb3b-92ac-4fbf-b439-1dfa95e3df1e
2020-01-13 14:32:34 UTC,purchase,5759279,1487580013388628160,,irisk,1.11,455746520,43cfab7c-dd27-4d9d-93f0-2695d6e7bf68
2020-01-13 14:34:47 UTC,view,5706479,1487580013950664926,,irisk,11.35,600618228,49edde27-c787-4c51-8342-803976b92eed
2020-01-13 14:41:54 UTC,cart,5686925,1487580009311764506,,,0.35,469067828,7d994a0f-64ba-400e-8023-dd6c34e76086
2020-01-13 14:42:03 UTC,remove_from_cart,5888066,1487580013581566154,,shik,12.7,545421681,23feb344-a6a1-4c96-b873-598616e998db
2020-01-13 14:52:17 UTC,cart,5839685,1487580005671109489,,masura,3.95,552408474,3c4f44af-75db-4572-b57c-619d7ea8a9a1
2020-01-13 15:29:55 UTC,view,5802439,1487580013522845895,,,5.05,600671033,1c5e62a0-032f-4e3e-a231-3b070fda1955
2020-01-13 16:04:47 UTC,purchase,5804168,1487580005671109489,,masura,1.73,303221234,a13a447f-a6dd-458c-a0ad-18b840fd66b0
2020-01-13 16:44:14 UTC,cart,5899930,2115334439910245200,,,3.92,538805797,bd17dc2b-75ee-4f0d-a743-bee2f03747d9
2020-01-13 16:55:44 UTC,view,5854122,1487580008657454075,,,2.86,600702747,227eda5d-a9aa-4b0c-9710-9a494c0c1322
2020-01-13 16:56:17 UTC,cart,5834492,1487580008145748965,,pole,0.73,524901356,4ca66ed1-9af7-477e-b1b9-7d9c7c9fc032
2020-01-13 16:59:11 UTC,view,5693501,1487580009445982239,,,0.6,586490313,18f44aad-0920-4a85-8d3c-1778331ef762
2020-01-13 17:03:09 UTC,view,5859412,1487580005671109489,,masura,2.37,557616099,af300ee7-d8ab-41ba-ade1-c061ba652265
2020-01-13 17:10:54 UTC,remove_from_cart,5824253,1487580005385896804,,,5.56,471800662,fcd3d0a6-0a83-454a-8275-06eac7993173
2020-01-13 17:16:00 UTC,cart,5794148,1487580005671109489,,masura,3.95,461818819,7892d069-08ba-4b38-9eec-35bb1c555989
2020-01-13 17:57:58 UTC,view,5841328,1487580010628776014,,,3.02,277545585,5700c105-ff2d-49d6-80cc-489090c95fa5
2020-01-13 17:59:24 UTC,remove_from_cart,5876798,1487580010100293687,,jessnail,1.43,391397559,be70447d-db34-42e9-9e6e-6c901a02efa3
2020-01-13 18:11:13 UTC,remove_from_cart,5820731,1487580006317032337,,,2.22,235640836,2309060e-3a06-43b1-9f26-f06723158f15
2020-01-13 18:20:55 UTC,remove_from_cart,5694897,1487580009076883471,,,1.27,496980975,c8f5318e-1e91-427c-850c-e41b3fa5ffd3
2020-01-13 18:26:29 UTC,view,5769877,1487580013841613016,,kapous,3.65,600738883,f810876b-4377-42d8-93d0-172bcaeb6aed
2020-01-13 18:28:59 UTC,view,5853564,1487580005050352469,,haruyama,3.97,552165463,bcf49e34-f652-40e0-a620-b9a016d77f5b
2020-01-13 18:34:35 UTC,view,5809910,1602943681873052386,,grattol,5.24,600058232,cd624b4f-1e1a-414e-99ef-e33c779363f5
2020-01-13 18:41:29 UTC,view,5830541,1487580005671109489,,masura,1.73,408455061,eefa8c62-ff67-459d-83cb-8e8ed62171c9
2020-01-13 18:50:07 UTC,view,5705015,1487580008816836611,,irisk,1.27,600711906,904f7d31-e97a-4de8-95f5-666ca27a5163
2020-01-13 19:01:48 UTC,remove_from_cart,5587660,1487580008145748965,,roubloff,4.75,459145400,b25ee52c-2cb1-4047-b994-a67bd87b7f94
2020-01-13 19:05:45 UTC,view,5896414,1487580009051717646,,jessnail,36.51,600749921,17735be0-8243-4650-91ff-868bab1d0aea
2020-01-13 19:09:06 UTC,cart,5839690,1487580005671109489,,masura,3.95,457731268,a1cf7696-5565-4d0f-b732-eae1423b2e53
2020-01-13 19:17:05 UTC,cart,5849033,1487580005092295511,,uno,10.32,522969713,47b62ddf-9d81-4153-80ef-61cf56561613
2020-01-13 19:26:21 UTC,cart,5670727,1487580010796548183,,,0.48,589711695,b61175d3-5f38-4884-9e9f-ae22e1c07797
2020-01-13 19:27:59 UTC,remove_from_cart,5752950,1487580013011140782,,italwax,2.38,558798454,b258166d-3f73-4c1d-847d-920bcc82944a
2020-01-13 19:31:38 UTC,view,5814046,1487580005092295511,,grattol,6.27,534603470,0d366764-d775-4f90-99f4-4c96cd035ac0
2020-01-13 19:33:39 UTC,view,5774857,1487580005671109489,,masura,15.54,525789225,f18a0358-50c6-4d40-b96a-338571861e41
2020-01-13 19:34:48 UTC,cart,5603418,1487580005671109489,,masura,1.73,595626785,6e32be5a-c559-48ae-8ae5-d659b6960bee
2020-01-13 19:35:26 UTC,view,5897551,1487580009286598681,,,2.54,583884978,d0f1c5e9-a9ce-41f9-9583-8c5f3ac0f463
2020-01-13 19:35:41 UTC,remove_from_cart,5859414,1487580005671109489,,masura,2.37,202598045,98f3ee10-14a7-42cf-afd4-703091d38584
2020-01-13 19:47:41 UTC,cart,5899158,1487580009286598681,,staleks,0.78,409893718,217cde52-6ecb-4e39-b3b1-22656d2606db
2020-01-13 19:53:16 UTC,cart,5744419,1487580009521479714,,,0.95,600721252,8367e013-1b47-4d8e-8b71-1c27c851e627
2020-01-13 20:06:17 UTC,view,5736334,1487580005050352469,,haruyama,3.97,600713711,882747b2-8924-40ad-82d6-204d78bfaa67
2020-01-13 20:12:38 UTC,remove_from_cart,5723523,1487580005134238553,,runail,2.62,598520070,108f75ee-b174-472d-83da-7490ef5aa845
2020-01-13 20:57:34 UTC,view,5636342,1487580008263189483,,matrix,18.25,487267934,0d7ec6f1-bce3-446a-b6f2-3d28345f837c
2020-01-13 21:07:48 UTC,cart,5733776,1487580005050352469,,haruyama,3.97,577106637,d1e3ea2f-efa7-4948-96dc-fd44f63456a5
2020-01-13 21:16:02 UTC,remove_from_cart,5730505,1487580010872045658,,,0.79,596088202,3d58721b-f417-4c6b-b99f-15a271374416
2020-01-13 21:18:47 UTC,view,5766595,1487580008263189483,,kaaral,14.32,487202361,a7036f44-fc83-4d13-ad17-94edcf51fe95
2020-01-13 21:49:25 UTC,view,5885629,1487580009496313889,,,7.14,323135346,a3b15ad0-6bd8-4c06-8f87-9f02cd27317c
2020-01-13 21:55:32 UTC,view,5889458,1602943681873052386,,grattol,4.29,452759428,084fd3e1-ae30-40b8-b2c1-5f0b54786b7d
2020-01-13 23:41:06 UTC,view,5747406,1487580005671109489,,masura,6.33,600819912,b9927471-67f4-49ea-8178-94c16a97e34a
2020-01-13 23:51:02 UTC,view,5772167,1487580005268456287,,grattol,6.27,581028463,77fe275a-abaf-4d16-b6f9-42e531e35137
2020-01-14 00:36:18 UTC,cart,5885376,1487580007675986893,,bpw.style,1.9,479794616,eb3ed055-12e5-7a3e-5a56-dd9db72ac899
2020-01-14 02:32:09 UTC,view,5773214,1487580005134238553,,runail,2.35,600841103,7e5f0e76-0c4f-44c2-9bef-5adcc6469701
2020-01-14 03:24:16 UTC,view,5723496,1487580005134238553,,runail,2.62,599387710,853a0e7b-c91c-481e-a469-72b49fb00ed1
2020-01-14 05:19:12 UTC,cart,5904918,1487580005134238553,,runail,3.17,524873193,d110264b-ec41-4527-b4d2-1415af00e786
2020-01-14 05:42:16 UTC,cart,5760791,1487580005134238553,,runail,2.62,476296320,f2ab9300-97e9-47db-8959-27ae311d6a33
2020-01-14 07:47:48 UTC,view,5877385,1897124478404526487,,masura,3.95,477351616,8303757f-02c2-4f19-86fe-649a50c2a420
2020-01-14 07:50:33 UTC,view,5857335,1487580005134238553,,runail,2.78,562115363,63d090ac-6c0e-47f7-a650-353d63b44605
2020-01-14 08:11:06 UTC,view,5881594,2151191071051219817,,lovely,12.56,575127047,6dfa2ba7-b47a-4f8e-bb22-43d93eeefc2e
2020-01-14 08:40:57 UTC,purchase,5889904,1487580007675986893,,,1.75,481455094,8a39a76c-1b9a-d3f7-840c-86f8229bd152
2020-01-14 08:52:43 UTC,view,5770016,1487580013841613016,,kapous,2.83,600954764,c92acd58-9df7-4476-8917-a72b4ead293a
2020-01-14 09:28:34 UTC,remove_from_cart,5747405,1487580005671109489,,masura,6.33,376482431,54c40f1b-b26f-4ccc-a970-d163df95d03a
2020-01-14 09:34:54 UTC,view,5896179,1487580004916134735,,,4.76,554885361,e296e483-9782-4f32-8ec1-480fc0a695a8
2020-01-14 09:37:19 UTC,cart,5830526,1487580005671109489,,masura,3.95,240146650,eca7c1d1-b72c-4aab-b65e-b05351940618
2020-01-14 09:45:01 UTC,remove_from_cart,5700043,1487580009286598681,,runail,0.4,480977653,c45cf6b1-0504-43f9-b74f-e9d5cf07730e
2020-01-14 09:48:04 UTC,view,5911747,1487580005671109489,,masura,1.73,600605735,0fcd60cc-786b-481e-bb4c-f72c2949a9b5
2020-01-14 09:52:02 UTC,view,5859418,1487580005671109489,,masura,2.37,579837845,5599dd78-a90b-44d0-ba57-a31692daebc9
2020-01-14 10:31:15 UTC,view,5773328,1487580005134238553,,runail,2.35,526304871,a62e3622-e9eb-45f1-9ca2-66e90088fa49
2020-01-14 10:33:09 UTC,view,5856186,1487580006300255120,,runail,75.4,600996567,e3483e00-4e49-4d4f-9864-011ab91ee23d
2020-01-14 11:14:25 UTC,remove_from_cart,5561064,1487580005595612013,,,3.0,593379214,7878cda7-2dae-4c05-8e17-5c216090f9d4
2020-01-14 11:15:42 UTC,remove_from_cart,5837461,1487580005134238553,,runail,3.97,379853943,245f620e-e6a2-4596-b895-d94d0dea6fbd
2020-01-14 11:17:03 UTC,purchase,5811708,1487580005427839846,,irisk,2.48,597172534,67f0d057-85ba-43b1-9157-4cc0e32d1627
2020-01-14 11:28:10 UTC,cart,5783987,1487580005268456287,,,4.75,600988797,4e7e481e-d507-467a-9b4d-4b0f649b74b1
2020-01-14 11:30:31 UTC,cart,5844153,1487580008246412266,,,7.92,551676185,3f89e88d-b310-4dc3-9bf4-7cf07990b6e2
2020-01-14 11:30:35 UTC,view,5526,2196456817641391019,,ingarden,5.24,444069422,2cee0793-254f-41f1-9e8c-03c7841064c5
2020-01-14 11:34:00 UTC,view,5730212,1487580005268456287,,,10.63,559085845,9d051351-7234-4645-97ba-03c68cbf2994
2020-01-14 11:53:24 UTC,cart,5727513,1487580005671109489,,masura,1.73,601010904,92b0dc55-8256-47eb-a131-42a6f47d9e89
2020-01-14 11:58:14 UTC,view,5829064,1487580008347075566,,kinetics,7.14,492084966,1ee4c026-d491-422a-867b-b2cebd319cac
2020-01-14 12:14:42 UTC,view,5886693,1783999063314661546,,,11.11,584318140,7a545076-0d6c-4384-82d8-cf77f97fea2e
2020-01-14 12:17:13 UTC,purchase,5816170,1602943681873052386,,grattol,5.24,518201478,961e4a53-2711-41b3-9bde-d1d0c3782364
2020-01-14 12:18:32 UTC,cart,5645160,1487580007256556476,,,0.49,600467710,60ff21aa-0a2b-4261-b507-57846085a4f1
2020-01-14 12:22:18 UTC,view,5785144,1487580013950664926,,runail,11.83,601041756,a9407889-ed75-4d20-b5d8-bc567702bd6e
2020-01-14 12:27:06 UTC,purchase,5862943,1487580007675986893,,freedecor,0.79,600699417,90be6dc8-d512-4bd2-98ad-02e24abb53d5
2020-01-14 12:38:02 UTC,cart,5823505,1487580004916134735,,,4.7,569836997,88bbe1b3-8b94-42aa-8f47-e213438797ef
2020-01-14 12:40:50 UTC,view,6939,1487580007936033754,,runail,2.14,579295157,93826949-442a-4161-8bfd-635361ee6bd1
2020-01-14 12:49:47 UTC,remove_from_cart,5853699,1897124478404526487,,masura,3.95,559069603,2e668bba-bd72-4bab-9878-860ce2068ad3
2020-01-14 12:56:42 UTC,remove_from_cart,5770041,1487580013841613016,,kapous,2.81,598014655,db343f11-f8dc-4513-b96d-46f537feb829
2020-01-14 13:23:51 UTC,cart,5686925,1487580009311764506,,,0.35,332932597,1d186d63-b542-436f-a0c6-e06f6373bc3b
2020-01-14 13:35:44 UTC,remove_from_cart,5811382,1487580005528503146,,pnb,5.56,506725430,6c76d377-fb87-43b0-9719-fa1822786175
2020-01-14 13:42:37 UTC,cart,5557770,1487580005528503146,,pnb,5.56,506725430,6c76d377-fb87-43b0-9719-fa1822786175
2020-01-14 13:45:05 UTC,cart,20904,1487580006300255120,,,2.22,601070469,f1dedbb5-8def-4242-98a3-dde98983a4a4
2020-01-14 13:47:20 UTC,view,5848677,1597770225539875791,,,6.51,591328547,389972b1-1648-493f-b427-23ff31cadfe1
2020-01-14 13:53:35 UTC,view,5707019,1487580013950664926,,,10.4,560470454,8c23aa4d-b60e-494f-b547-8e813edf6058
2020-01-14 13:58:02 UTC,view,5783987,1487580005268456287,,,4.75,591855533,bdda8898-81cb-4676-b67f-d2e23210dd0a
2020-01-14 14:05:55 UTC,remove_from_cart,5811771,1605161575889502297,,pnb,3.78,506725430,6c76d377-fb87-43b0-9719-fa1822786175
2020-01-14 14:21:13 UTC,cart,5875544,2084144451428549153,,,2.05,244119208,5103491a-c166-4a9a-a4ef-ebca842fbe79
2020-01-14 14:27:21 UTC,remove_from_cart,5736284,1487580007281722301,,severina,1.27,586614978,602ccd7b-32e6-444f-aba3-78f4bab9d659
2020-01-14 14:31:09 UTC,cart,5787971,1487580013522845895,,,11.1,591935464,e231eedb-d09f-496a-817a-80943651434c
2020-01-14 14:44:16 UTC,remove_from_cart,38750,2140803113261466607,,runail,1.59,592422592,da2ec16d-52ab-4509-bca0-2363f160d400
2020-01-14 14:45:08 UTC,cart,5712575,1487580005008409427,,f.o.x,6.03,600666631,2621851d-a3cd-4bf2-84a6-83039f1f2db3
2020-01-14 15:08:00 UTC,remove_from_cart,5847340,1487580005268456287,,,6.98,519371955,4e6944c7-76f7-442e-92b2-7da858e104e7
2020-01-14 15:57:48 UTC,view,5769925,1487580013841613016,,kapous,4.22,600119437,61f733c1-9ecd-41b2-980e-296942c1c4ee
2020-01-14 16:26:40 UTC,view,5693593,1487580013841613016,,estel,2.62,601145040,89a25a87-1331-474e-8168-1d17f47b57eb
2020-01-14 16:37:06 UTC,view,5885861,1487580007936033754,,,4.37,594379945,c056825a-8c85-4927-b7f4-16f38a1304b2
2020-01-14 16:50:25 UTC,cart,5845347,1487580004916134735,,,5.22,478596983,f52df2fd-0faf-46dd-9e22-366de459cf8e
2020-01-14 17:17:38 UTC,remove_from_cart,5875369,2084144451428549153,,,2.05,600301600,6385e9bf-dd10-4269-8766-8d3320074b4f
2020-01-14 17:51:56 UTC,cart,34846,1487580012096782476,,ingarden,5.56,592526420,0f9932fa-ea2f-405a-bd36-502975b4439e
2020-01-14 17:57:13 UTC,remove_from_cart,5760766,1487580005134238553,,runail,2.62,598053997,ae2dbb44-6d41-47fc-bcf8-80b7ba0e7bb3
2020-01-14 18:23:53 UTC,remove_from_cart,5785447,1658462125284131265,,uskusi,3.97,204367397,044b5b67-9e6c-493f-989b-e37b864dc719
2020-01-14 18:31:29 UTC,remove_from_cart,5820711,1487580006317032337,,,2.22,265366822,29a03823-3c00-4e4f-84b4-73c5bf97b39f
2020-01-14 18:38:29 UTC,view,5911750,1487580005671109489,,masura,1.73,601192667,334519f7-7ffa-4ef5-be02-33b05971bd15
2020-01-14 18:57:23 UTC,view,5906552,1487580013657063630,,avene,21.08,601205052,32adb78f-2ead-4645-b340-13f67c5f32ee
2020-01-14 19:05:51 UTC,cart,5823530,1487580004916134735,,,5.22,566183995,7d7fd793-49b6-4b2d-99bf-d40453f22cf0
2020-01-14 19:19:00 UTC,remove_from_cart,5839701,1487580005671109489,,masura,1.73,550899481,317878bc-3296-4f6a-9bbd-10571a06caa0
2020-01-14 19:31:08 UTC,view,37987,1487580009177546772,,runail,42.86,601218576,cec14a17-fa8f-4a15-a535-565e9070f126
2020-01-14 19:41:18 UTC,view,5834972,1487580009387261981,,oniq,5.56,551119837,d403d9b6-b441-43dc-93e4-e4f3075ca4dc
2020-01-14 19:50:05 UTC,view,5769875,1487580013841613016,,kapous,3.65,598903875,61ad8ce7-4e38-4e9c-8891-abe01383d958
2020-01-14 20:11:38 UTC,view,5875750,2084144451428549153,,,2.05,569853564,798afc8d-9682-4bc4-81bb-a57cf0809267
2020-01-14 20:22:44 UTC,cart,5896614,1487580005427839846,,irisk,2.48,553565570,f0de509e-46fa-4255-910f-f0cfc8ff9cb3
2020-01-14 20:47:31 UTC,view,5840352,1487580009445982239,,,10.16,601245079,7d2c39ff-dd03-47e1-9dbb-bef37af75df4
2020-01-14 20:59:54 UTC,cart,5742722,1487580007852147670,,,5.71,542128341,4f45ec96-c52e-416e-806f-c35fbb34eb6e
2020-01-14 21:37:21 UTC,remove_from_cart,5864872,1889472915104072007,,kiss,13.65,596963297,09367821-86bc-4051-9006-86bd4f5a3f1b
2020-01-14 22:08:39 UTC,view,5809912,1602943681873052386,,grattol,5.24,255392515,cf1216c0-e591-df44-6dec-657f73449ffe
2020-01-14 23:00:29 UTC,view,5797971,1487580005671109489,,masura,1.73,529942789,758098ac-56d8-4106-85ae-aaab6561bf85
2020-01-15 01:09:16 UTC,view,5911766,1487580005671109489,,masura,1.73,522416451,11f333aa-078a-4f0f-af1f-64e580c05238
2020-01-15 04:13:24 UTC,view,5838513,1487580012432326804,,levrana,4.76,490258267,9ca94f76-285d-4b21-bfe3-ae46259cb94d
2020-01-15 04:43:05 UTC,cart,5909028,1487580005427839846,,irisk,6.19,601327836,0426b38c-c7f5-4a86-a9bb-365ff9879d50
2020-01-15 06:09:10 UTC,view,5736346,1487580005050352469,,haruyama,3.97,571142458,c03bcb57-ff8d-4207-92bb-46d191ddb228
2020-01-15 06:20:50 UTC,view,5888967,1487580012507824279,,laboratorium,5.16,601337575,5dd74335-0a10-41cc-8aa5-55cb5f27b738
2020-01-15 06:40:17 UTC,remove_from_cart,5809230,1487580007675986893,,bpw.style,1.43,519418027,ef7684d2-3b92-4372-bb93-01eb751fcb94
2020-01-15 06:46:05 UTC,purchase,5797981,1638456119066100510,,pole,4.11,527559841,63663717-84ec-4022-8a58-02ee89aa9e65
2020-01-15 06:51:39 UTC,purchase,5751383,1487580005092295511,,uno,10.32,450428989,e2292cf6-ec21-461e-a4a9-ee85502ea836
2020-01-15 07:11:23 UTC,view,5715617,1487580006300255120,,,72.22,601371536,75afa681-a2b6-45eb-81e4-196806787b66
2020-01-15 07:28:00 UTC,remove_from_cart,5723496,1487580005134238553,,runail,2.62,540495702,57d32c88-6610-4b31-bc8c-3238368eb863
2020-01-15 07:30:11 UTC,remove_from_cart,5859472,1487580005671109489,,masura,1.73,588496654,8d1ced4b-dc9d-4751-9981-4a587f533822
2020-01-15 07:57:03 UTC,view,5769902,1487580013841613016,,kapous,3.65,513704499,37611b52-d7b9-4b58-8a62-5f1f8dd75063
2020-01-15 08:01:52 UTC,remove_from_cart,5745325,1487580010628776014,,,1.43,568847240,98209005-fc69-4460-aab8-9a7c29cb672f
2020-01-15 08:19:24 UTC,view,5884086,1487580005092295511,,,4.75,547560747,7f274dc3-6de9-4ad6-9cfc-6cf7fdd3b538
2020-01-15 08:34:33 UTC,view,5810452,1487580005050352469,,haruyama,3.97,601395302,e1eb386c-1dc9-4f10-8b81-57b6b30d77a1
2020-01-15 08:38:33 UTC,view,5835924,1487580009471148064,,irisk,1.51,451444243,434f0c22-1c4c-41cd-ac08-a1264e768a25
2020-01-15 08:41:38 UTC,remove_from_cart,5743912,1487580011652186237,,,3.97,541457084,f3a7540e-ffca-401b-9613-f6967390e70e
2020-01-15 08:55:18 UTC,view,5727765,1487580005008409427,,f.o.x,6.03,574563363,d6418645-ad03-51ad-a747-c68595beb1c5
2020-01-15 09:22:24 UTC,view,5833118,1487580009387261981,,solomeya,4.6,498045547,021df99e-63e1-41b8-9e15-833ce770deef
2020-01-15 09:46:11 UTC,view,5789896,1487580006132482952,,runail,0.06,591474310,818baf83-a1b3-48a2-ada2-5d32a22a8ba8
2020-01-15 09:57:12 UTC,remove_from_cart,5855117,1487580005268456287,,,17.3,399445659,873e2913-59e4-a32c-f852-fce74e2bb78f
2020-01-15 10:28:05 UTC,remove_from_cart,5896421,1487580009051717646,,jessnail,28.41,588266855,2d32abe1-72b5-4404-94f8-643f737ba00b
2020-01-15 10:38:02 UTC,view,5783323,1487580005092295511,,uskusi,3.97,601446363,11892c84-8027-476a-beb4-b4b9a337b295
2020-01-15 11:02:07 UTC,view,5795994,1487580013011140782,,italwax,2.68,600884089,f5c63895-ed98-4beb-95e6-157267d36ba1
2020-01-15 11:23:02 UTC,cart,5854905,1487580009387261981,,irisk,2.86,558327615,e3434463-b320-5967-b6a2-8c9698516341
2020-01-15 11:41:41 UTC,view,5766980,1487580013053083824,stationery.cartrige,italwax,1.98,601440593,cd9b29b2-e9e1-414f-8619-04bf8d9c33e1
2020-01-15 11:54:37 UTC,view,5830532,1487580005671109489,,masura,1.73,490786468,2c6f5631-3316-4a25-a292-f15eb5373bef
2020-01-15 11:54:53 UTC,view,5809910,1602943681873052386,,grattol,5.24,599296114,d0dab8e5-013c-409b-815b-67019d623e3e
2020-01-15 11:54:53 UTC,view,5811687,1487580005427839846,,irisk,2.48,549257352,3d2f5a3c-e228-48e1-b184-5d70d22cf2fe
2020-01-15 12:01:20 UTC,view,5856937,1487580009311764506,,staleks,2.38,601466742,8c1bf8bc-b9c1-4452-a382-eae57ba4f3ec
2020-01-15 12:27:52 UTC,cart,5700047,1487580009286598681,,runail,0.4,549199116,cb6ee337-85fc-9fee-5ceb-f893dcc777c5
2020-01-15 12:34:03 UTC,remove_from_cart,5896175,1487580004916134735,,,4.76,600987346,df2a573e-b850-47da-9b2f-b51140c99d3c
2020-01-15 13:24:33 UTC,view,5749199,1487580013053083824,stationery.cartrige,italwax,1.98,525149896,48dea735-b48b-4ea8-aee7-021f76b381e2
2020-01-15 13:24:58 UTC,remove_from_cart,5760785,1487580005134238553,,runail,2.62,601491992,c1e0cd13-5bd9-425f-afb9-2fff4b71ac9a
2020-01-15 13:35:42 UTC,cart,5875541,2084144451428549153,,,2.05,498122247,3252ee46-baac-4f7b-b83a-62df3db50cbd
2020-01-15 13:37:29 UTC,cart,5896174,1487580004916134735,,,4.76,601417477,f47df8d8-1aa5-43f8-8c04-e5ea7902d436
2020-01-15 13:42:49 UTC,view,5829791,1897124478404526487,,,6.35,538087138,4deb69b4-046d-4f74-92c0-96ba0d9d509d
2020-01-15 14:16:43 UTC,remove_from_cart,5561044,1487580005595612013,,,3.0,583945905,29ab5ffc-3ab7-45ec-b3af-ca7578ce17cf
2020-01-15 14:27:04 UTC,view,5683888,1487580013841613016,,estel,2.62,444351538,eea81a6e-1c5e-4445-b6e9-fa25755f6e25
2020-01-15 14:33:24 UTC,view,5877529,2193074740686488401,furniture.bathroom.bath,jessnail,126.83,587245252,5c7ba493-ad74-4ebd-be4b-5461e5ac405a
2020-01-15 14:47:38 UTC,view,5850517,1487580010217734204,,insight,10.06,592861671,b4122a4a-a936-431a-b0a3-d2d28c6cefca
2020-01-15 14:52:02 UTC,view,5804530,1487580005671109489,,masura,1.73,599008320,77130df1-5c2b-40b0-9fdb-0ddfab463ee0
2020-01-15 14:59:28 UTC,view,5800351,1487580005553668971,,,7.46,592501776,73bd53d3-0ca7-4cd2-ae05-22c965310393
2020-01-15 16:30:22 UTC,view,5687529,1487580013581566154,,estel,2.7,601588412,b378de69-ab59-4225-860e-b68355e7ac32
2020-01-15 16:48:28 UTC,view,5861102,1487580007659209676,,,0.32,601149811,e18b44fa-8fd9-4368-9c53-586f1317d12c
2020-01-15 17:00:34 UTC,cart,5837085,1602943681873052386,,grattol,4.76,601149811,e18b44fa-8fd9-4368-9c53-586f1317d12c
2020-01-15 17:04:28 UTC,view,5694637,1487580008145748965,,yoko,2.89,579500089,f58e6121-3458-40ee-ada0-c355a1dec6b8
2020-01-15 17:27:06 UTC,cart,5787966,2151191071378375538,,,14.13,501407862,a9fd3493-7348-43db-9207-48aeb91974fd
2020-01-15 17:27:54 UTC,view,5877392,1487580005671109489,,masura,1.73,601614904,f0871f5c-244f-4bd3-9076-ee4c4ef94179
2020-01-15 17:35:30 UTC,view,5722999,1487580005092295511,,beautix,15.71,563122268,fbcf4518-8f4d-4317-acff-09ceddda9cf0
2020-01-15 17:46:17 UTC,view,5615144,1487580005092295511,,,4.76,428613423,6f76fbbd-93a6-49aa-b0f3-f18ebea58fc3
2020-01-15 18:08:09 UTC,view,5628025,1605161575889502297,,,2.7,503667298,6e5037b1-921e-4586-bf02-c40ef1890b6b
2020-01-15 18:15:21 UTC,purchase,5887256,1487580013522845895,,,3.08,601480508,efd2f61a-852f-24a3-07a4-89151fbd154a
2020-01-15 18:19:12 UTC,view,5619863,1487580005134238553,,runail,2.86,585031257,94fbbc7e-a115-44cf-9f3c-72fb8e1acb78
2020-01-15 18:48:11 UTC,view,5812121,1761186209054327497,,art-visage,3.02,601649654,c54e0a5f-4f79-45bd-b35a-f519e7be1351
2020-01-15 18:56:50 UTC,view,5845380,1487580013581566154,,,5.02,601653159,4aca7372-baa0-4a29-b0b8-b9572240aa85
2020-01-15 18:57:06 UTC,view,5899929,2115334439910245200,,,3.92,529825439,1b34f1c0-9bf4-4dbf-88dc-503ddf49def3
2020-01-15 19:28:39 UTC,view,5839657,1487580005671109489,,masura,2.37,522554910,5ff1c16a-0d0d-25c8-c9e5-c9e51ca40477
2020-01-15 19:36:28 UTC,cart,5550116,1487580005595612013,,,3.0,589082708,d1bdbe4f-9167-469b-a39b-40d35ffa4535
2020-01-15 19:36:53 UTC,view,5814592,1487580007894090712,,staleks,47.25,601667412,31ef9c10-1da3-429f-9b1a-54fa0cc78962
2020-01-15 19:51:32 UTC,view,5714043,1487580004832248652,,beautix,9.37,481405587,0995fa71-8317-45c7-9bc2-f7edd145be09
2020-01-15 20:01:36 UTC,view,5813493,1487580005553668971,,,11.03,598521576,9b85fe03-8d55-4556-a354-45c31e158fe1
2020-01-15 20:09:31 UTC,view,7652,1487580008657454075,,,2.86,598496235,1c5b6432-5c19-40b6-b393-20fa752a0d9c
2020-01-15 20:32:33 UTC,cart,5751422,1487580005268456287,,uno,10.95,597587816,f5a4e1c2-ae20-4385-8280-5a2385e1d44d
2020-01-15 20:34:10 UTC,view,5809106,1487580012902088873,,irisk,11.19,519817738,bd5fc92b-dbc6-4dc3-b255-aeab6a83e360
2020-01-15 20:52:21 UTC,remove_from_cart,5565096,1487580005595612013,,,3.0,597587816,f5a4e1c2-ae20-4385-8280-5a2385e1d44d
2020-01-15 21:53:25 UTC,cart,5861342,1487580010645553231,,,1.9,591481770,99eead75-a937-4344-aae3-0eb5c4b9c9d5
2020-01-15 21:56:10 UTC,view,5810083,1487580006350586771,appliances.environment.vacuum,irisk,24.6,582806349,c3113221-7c0d-470b-977c-babb4a427484
2020-01-15 22:03:44 UTC,purchase,5745314,1487580010628776014,,,1.43,601698271,b68dbf17-7090-496b-b2a9-8c02c02e0c72
2020-01-15 22:24:36 UTC,remove_from_cart,5761311,2195085255034011676,,masura,3.16,582806349,c3113221-7c0d-470b-977c-babb4a427484
2020-01-16 00:59:51 UTC,cart,5834341,1924049110428549877,,oniq,10.32,268007158,e3bf8168-6ab5-4f6d-9e0b-39b0ba56a318
2020-01-16 01:48:50 UTC,cart,5819269,1487580005713052531,,ingarden,4.6,580962415,949355e4-85bf-4c0f-8c38-d862429feea5
2020-01-16 01:49:58 UTC,remove_from_cart,5904497,1487580007675986893,,,1.59,492460037,8b7aec13-3c90-4d61-a34b-e3c577bd87df
2020-01-16 04:28:27 UTC,remove_from_cart,5809857,1783999064136745198,,grattol,5.71,131994138,6772c164-711e-4b0d-bfc8-a30fcca5a937
2020-01-16 05:14:01 UTC,cart,5528035,1487580005553668971,,,9.52,554114598,a18fdffa-dc53-4df8-ac2c-4f45538c94c7
2020-01-16 05:27:43 UTC,view,5540777,1487580012642042013,,,21.43,522457045,add78b43-8bc8-4ee7-8240-72093308d830
2020-01-16 05:29:10 UTC,cart,5836514,2151191070984110951,,nagaraku,1.59,601786210,e5e0e3bb-4a59-412a-b5f4-f81f51666f0e
2020-01-16 05:54:50 UTC,cart,5809912,1602943681873052386,,grattol,5.24,384903549,598614b8-1087-4caa-ab5c-651f834843e3
2020-01-16 06:03:19 UTC,cart,5594846,1487580008657454075,,,2.86,524098827,e1968ede-69ca-4b05-a087-84df1e038cab
2020-01-16 06:35:57 UTC,cart,5814046,1487580005092295511,,grattol,6.27,115398528,3ad50787-d391-4bea-900e-26c9aee1ed95
2020-01-16 06:42:15 UTC,view,5651938,1487580012902088873,,,6.33,563794432,ce1f281f-e043-4e5e-a7f0-b2c6d9299414
2020-01-16 06:52:30 UTC,view,5618277,1487580006434472855,,jas,25.71,601810653,30f7e75e-2685-4509-baf6-e033dc233811
2020-01-16 07:19:08 UTC,remove_from_cart,5903729,1487580007675986893,,,1.59,492460037,74cca61d-b11a-4b69-a4eb-8a213e072eb2
2020-01-16 07:33:57 UTC,cart,5839671,1487580005671109489,,masura,2.37,473549324,24087a99-9374-4776-845d-90fd441b7467
2020-01-16 07:58:19 UTC,view,5620924,1487580007256556476,,,6.65,289122000,b14336e9-4cca-4b77-aaff-7ab839eaacea
2020-01-16 07:58:30 UTC,view,5739970,1487580009521479714,,,4.29,557054527,1be479e3-8372-412b-ba98-e20cf0e6d160
2020-01-16 08:16:48 UTC,view,5800102,1487580011534745720,,,6.03,601810819,4c0997e1-1780-4860-9a3f-b80f821b06a0
2020-01-16 08:17:10 UTC,remove_from_cart,5873620,1487580009227878422,,irisk,2.7,601831459,a2293839-5329-4a44-a9bc-7dce8dcd6862
2020-01-16 08:27:10 UTC,remove_from_cart,5888062,1487580013011140782,,shik,80.16,591005343,c6d6b211-0d1e-4d7b-a561-db2dd1fcd7cf
2020-01-16 08:52:18 UTC,view,5740966,2035665444290953519,,,5.24,431678543,f17fd3ff-3d68-4e91-922a-edc4659231b0
2020-01-16 09:09:06 UTC,view,5735267,1487580005092295511,,haruyama,3.97,601846075,3abe04ea-1cf6-4817-9120-dce5769c93f6
2020-01-16 09:16:36 UTC,view,5550030,1487580005595612013,,,3.0,600060380,474cdb14-5611-4e9d-bd02-e8f699b662d1
2020-01-16 09:23:45 UTC,cart,5857300,1487580005134238553,,runail,2.62,423846793,3b185ecf-0231-40db-bfc1-6601d7bb6fe6
2020-01-16 09:34:44 UTC,view,5837103,1783999068867920626,,staleks,5.56,444690239,85e3177c-4dcb-4b6f-8542-3632d6f00a68
2020-01-16 09:44:41 UTC,remove_from_cart,5758922,1487580005067129686,,,2.38,601791941,86459d4a-f34c-43d1-bd08-31155cef7ea0
2020-01-16 10:05:52 UTC,view,5784998,1783999067156644376,,,9.79,587030260,422becfd-563a-4f91-9ced-166601de0b7d
2020-01-16 10:58:10 UTC,view,5887732,1487580013279576251,,,4.33,565733687,bbcdef61-2b1c-4194-8203-372c3d99db72
2020-01-16 11:02:57 UTC,view,5800788,1487580007256556476,,,4.52,600460652,a7742aaf-056a-4486-a955-e185842937fa
2020-01-16 11:02:57 UTC,cart,5775987,1783999063314661546,,,3.97,573459554,6e14a5fb-e0b3-448a-9429-6f61f603f007
2020-01-16 11:20:17 UTC,cart,5830552,1487580005671109489,,masura,1.73,453904032,afd00b3d-2a3c-4811-ab7d-bb0f312c8cd0
2020-01-16 11:49:02 UTC,view,5840399,1487580011702517887,,,2.05,601915841,65f85c2a-e31a-4916-b1a2-72ae1f81c1df
2020-01-16 11:51:42 UTC,view,5603960,1487580007717929935,,,0.75,472253173,d586abd4-ffcb-4920-939d-8dbe8b727e39
2020-01-16 12:04:22 UTC,remove_from_cart,5751422,1487580005268456287,,uno,10.95,601928278,2108a44f-9b37-47cf-9b7a-4c306e649e90
2020-01-16 12:14:35 UTC,cart,5772289,1602943681873052386,,grattol,6.03,593455116,84775d46-c152-4e51-922e-281ad9290e18
2020-01-16 12:59:01 UTC,view,3774,1487580005411062629,,cnd,16.03,601952118,d9c8d141-a394-47da-8034-488cf0548983
2020-01-16 13:18:51 UTC,view,5886338,1814592470537732872,,,6.75,601834430,072012c8-fbcf-4471-84f5-ae439085634a
2020-01-16 13:22:47 UTC,remove_from_cart,5723494,1487580005134238553,,runail,2.62,397297338,0ad5ac5c-c79a-4478-8f8a-8cc90643008c
2020-01-16 13:24:46 UTC,cart,5762154,1487580009286598681,,,1.35,574087079,dc686e3c-d6bf-451a-9646-6e500aa5e40f
2020-01-16 13:39:39 UTC,purchase,5866146,2055161088059638328,,,2.06,556579890,62d7c353-6c64-ecb0-4bc4-4ade2a20d912
2020-01-16 13:53:05 UTC,view,5758952,1487580005067129686,,,2.38,535768408,57b2c4c3-28ab-4ffa-b7f0-e2436c44f63a
2020-01-16 15:03:20 UTC,purchase,60005,1487580012969197740,,,5.87,537277141,e7017b39-e2c7-45ee-95f5-49ce8bdde043
2020-01-16 15:43:46 UTC,view,5909013,1487580005427839846,,irisk,6.19,567408991,e2d6bca2-74eb-4d41-93ea-e060a9ed6b8f
2020-01-16 16:04:11 UTC,remove_from_cart,5769910,1487580013841613016,,kapous,3.65,507238706,316d80a0-9693-4168-9c89-419e33f78870
2020-01-16 16:30:41 UTC,view,5896173,1487580004916134735,,,4.76,592061084,700a26e8-9ff3-4e68-b08a-ee3403bb934d
2020-01-16 16:32:02 UTC,view,5710530,1487580009622143014,,irisk,0.71,571465925,7405639f-a4f3-4e70-9b0e-9cb14145cf52
2020-01-16 16:59:15 UTC,view,5876927,1487580011308253293,,domix,3.41,597352871,1748b21a-8312-4c97-ad64-3b52cf81dfc4
2020-01-16 18:06:05 UTC,view,5757574,1487580005511725929,,,4.27,501038485,5f2a0fd6-91d8-4ca9-9638-fce975b3cf97
2020-01-16 18:23:26 UTC,cart,5912895,1487580004832248652,,beautix,9.37,602072739,ba343d09-e9ad-4c2f-b9ca-524d7478cc0d
2020-01-16 18:29:49 UTC,remove_from_cart,5859467,1487580005671109489,,masura,3.95,567707386,ce78dfbd-8320-4e6f-bbdd-7c41b9de6a55
2020-01-16 18:32:15 UTC,cart,5820723,1487580006317032337,,,7.14,459226304,ecc4adbe-c6f8-4b7c-8d29-fe47c947217b
2020-01-16 18:32:56 UTC,view,5899250,1487580013229244601,,,4.43,396937050,329e416d-9211-433b-9347-8842aa603ffd
2020-01-16 18:45:32 UTC,cart,5723490,1487580005134238553,,runail,2.62,601194802,18dad5bd-c73b-4537-a08f-260a66d68d90
2020-01-16 18:53:09 UTC,cart,5674916,1487580007852147670,,zinger,13.02,602092500,c47b102c-6754-4103-961f-0c429afd6366
2020-01-16 19:15:07 UTC,view,5883984,1487580009143992338,,lowence,38.1,602095625,6dee2bb3-d4c0-46af-9f4e-aa4a43685c63
2020-01-16 19:31:46 UTC,view,5758501,1487580008758116352,,masura,3.48,601842841,cd5f14e0-85fe-4383-a2d3-31be45e4ee59
2020-01-16 19:34:33 UTC,view,5760768,1487580005134238553,,runail,2.35,595241180,66fbff4d-f712-4098-b271-0a30b95a66ef
2020-01-16 19:36:20 UTC,view,5890940,1487580007952810971,,metzger,5.56,531240302,c384f742-1347-4004-9b32-526ec8f5a52a
2020-01-16 19:55:59 UTC,remove_from_cart,5796983,1487580005671109489,,masura,1.73,585344364,d2049eed-6aa8-434d-9403-879ecb4f0b99
2020-01-16 20:13:18 UTC,cart,5700037,1487580009286598681,,runail,0.4,347428181,dfba470e-52f9-4c43-98b3-dc7aed8e05ae
2020-01-16 20:13:55 UTC,remove_from_cart,5887008,1487580006317032337,,,1.9,602118796,36811f53-007d-4eef-8b50-786c44f76106
2020-01-16 20:25:54 UTC,view,5838771,1487580005855658874,,bluesky,2.38,602077398,8bf1a744-8fdf-4ffa-9631-44cafa2f20e9
2020-01-16 20:39:37 UTC,cart,5910905,2069804417665728971,,cosmoprofi,4.76,573434125,4a732810-ea62-42a0-bfbc-ad291c368ff1
2020-01-16 20:46:03 UTC,cart,5714065,1487580004832248652,,beautix,14.13,602127662,a5fbb428-2af6-4da4-bf68-90bc5726762e
2020-01-16 21:48:34 UTC,cart,5790688,1487580009445982239,,nitrimax,3.97,597983013,b00f50e1-d9fd-4ab1-aaf5-50cf591cdcb7
2020-01-16 21:56:56 UTC,view,5885833,1487580013254410426,,provoc,7.0,593971363,f93e6f3c-09dc-4dbe-a73c-2bdc532ef2d4
2020-01-16 22:17:24 UTC,cart,5816643,1487580005553668971,,,7.46,486889022,d222e842-114c-4627-854e-e547f84f2eda
2020-01-16 22:26:44 UTC,cart,5735268,1487580005268456287,,haruyama,3.97,543885832,cd8c9793-98d4-4aa8-9481-c7a3c829baea
2020-01-16 23:42:29 UTC,view,5910974,1487580005134238553,,runail,3.17,579295157,2cc77bdd-0a93-4414-9ba0-3e93a6f9289f
2020-01-17 00:57:16 UTC,remove_from_cart,5767492,1487580013053083824,stationery.cartrige,italwax,1.98,602174797,9652a149-d0d1-46eb-a747-b9f3f95f8ce1
2020-01-17 01:07:23 UTC,purchase,5784109,1487580005671109489,,masura,2.84,509279792,6ad26696-aa1d-4f29-b6ec-efa557f6d684
2020-01-17 01:22:41 UTC,purchase,5773330,1487580005134238553,,runail,2.62,526142221,fa9dfdd3-7c64-4067-a475-8d0f22aab2e1
2020-01-17 02:12:57 UTC,view,5853537,1487580005050352469,,haruyama,3.97,546414644,0b9446d5-2bbf-f6e6-8b7e-12ce3a45d441
2020-01-17 03:56:58 UTC,view,5563766,1487580005595612013,,,3.0,422477593,a916e7f7-b44b-4c97-b489-081a6f7f3461
2020-01-17 04:35:32 UTC,view,5899357,1487580006551913373,,,4.44,602207045,11d505f2-fd5d-457c-be52-501b2d42c23c
2020-01-17 04:51:32 UTC,view,5877489,1487580007675986893,,freedecor,2.38,586288985,6b719d7a-2884-4380-8538-2e2112c0ffa3
2020-01-17 05:40:21 UTC,view,5846335,1487580013841613016,,,4.14,458229590,032aa33a-c60a-430e-afa8-dcb53871855d
2020-01-17 05:43:59 UTC,remove_from_cart,5859403,1487580005671109489,,masura,2.37,523418374,b0d8e918-5cf6-4f34-a4e4-7963094ab5f0
2020-01-17 06:37:53 UTC,view,5904526,1487580005268456287,,irisk,3.02,354914317,0a9b72c5-49fc-48a6-9620-7f44d2ffe69d
2020-01-17 06:42:23 UTC,cart,5772471,1602943681873052386,,grattol,4.76,526439142,d5f86459-6a7c-4216-a2f1-3897c7179955
2020-01-17 07:05:41 UTC,remove_from_cart,5853246,1487580005134238553,,runail,3.17,593276651,bd9c5724-0617-4446-8e49-7735987aa871
2020-01-17 07:31:41 UTC,view,5785164,1487580013950664926,,,13.49,602259392,5add9a56-c181-4352-a36e-ce4517b3dd47
2020-01-17 07:32:43 UTC,view,5898380,1783999072332415142,,ecolab,8.08,408634781,f1cfeaf5-6e9d-4fdc-b5b7-49d7f752e8d3
2020-01-17 07:33:42 UTC,cart,5813840,1783999064069636330,,,3.79,533744568,1391ce4f-1348-4d20-a0a3-f7d72d74df68
2020-01-17 07:36:34 UTC,cart,5853682,1487580005671109489,,masura,3.63,585362639,742037e6-5659-4fab-b3ef-20d8e36063d1
2020-01-17 08:26:34 UTC,view,5854487,1487580005268456287,,,12.38,599465072,c4537b5d-2cb1-4a57-8318-32aab94f5b8b
2020-01-17 08:50:08 UTC,cart,5840114,1897124478404526487,,runail,3.17,601566968,219383e3-0104-fe63-61c2-4eeb39322e4e
2020-01-17 08:52:56 UTC,remove_from_cart,5875445,2084144451428549153,,,2.05,563066632,9cffaedb-3502-4418-bbf7-f20da1e1cec9
2020-01-17 09:12:01 UTC,view,5763379,2141560642253881670,,,4.6,593142247,ef9b9e4c-ce29-4480-a129-a5a777980a90
2020-01-17 09:12:35 UTC,remove_from_cart,31607,1487580006317032337,,runail,3.43,248834759,111898d5-6953-49d1-ba65-aae039db1aed
2020-01-17 09:58:16 UTC,cart,5893841,1487580005671109489,,masura,1.73,600302482,8289d976-7a9b-4f03-b581-84235583fdca
2020-01-17 10:05:21 UTC,remove_from_cart,5848106,1977575787259232875,,,5.4,489426978,6b80702d-dc01-4d9c-8040-15b3879b72cf
2020-01-17 10:35:04 UTC,view,5646937,1487580005511725929,,,5.56,520367619,f8f62a50-9fcb-4a00-b340-4c00d7afbc2e
2020-01-17 10:59:34 UTC,view,5788783,1487580013053083824,stationery.cartrige,italwax,1.98,379775300,42cb69b9-8c3c-4935-8091-05847edc056f
2020-01-17 11:25:45 UTC,cart,5833334,1487580007675986893,,bpw.style,0.79,485634933,566e5455-2b4e-4ec1-960f-d02080c6fbbd
2020-01-17 11:31:20 UTC,remove_from_cart,5852507,1783999064103190764,,,11.43,506113956,cffc5d4d-f815-478f-9161-c883c5f443ae
2020-01-17 11:46:19 UTC,cart,5712808,1487580008112194531,,jaguar,2.38,587685826,ac306925-9e68-4902-bd61-7bdf1545aa56
2020-01-17 11:55:24 UTC,cart,5757578,1487580005511725929,,,4.27,601483418,5c9a7971-02b8-4d37-9133-5e860cdbbd51
2020-01-17 12:30:43 UTC,view,5829689,1487580013841613016,,concept,3.16,602368498,c5915fa0-f76c-4810-91ec-c35354319507
2020-01-17 13:12:28 UTC,cart,5864600,1487580013011140782,,italwax,1.24,602395924,7f1c3e25-4d15-4ae5-984c-df119bbde72e
2020-01-17 13:18:09 UTC,remove_from_cart,5773373,1487580005134238553,,runail,2.62,451884994,ab3efce6-e064-4e58-9d37-41bff003e703
2020-01-17 13:21:58 UTC,view,5821169,1871018959927509750,,i-laq,4.6,520261563,46462928-bdbe-4047-b112-5ce0c566403a
2020-01-17 13:35:34 UTC,purchase,5854812,1602943681873052386,,grattol,5.24,494557869,54cbf0a7-c316-4129-8a87-e53a32423391
2020-01-17 13:47:27 UTC,view,5870632,1487580011585077370,,siberina,5.49,486974702,74c4d56d-30e1-408c-911c-400a19efa49c
2020-01-17 13:53:38 UTC,view,5814967,1487580005050352469,,haruyama,3.97,438350301,6057d569-e16c-4c89-ba7a-31c322a22414
2020-01-17 14:24:03 UTC,view,5816166,1602943681873052386,,grattol,5.24,542980783,8e6c88c1-5c2d-4910-b102-74a058812aba
2020-01-17 14:28:48 UTC,cart,5802427,1487580008187692007,,,0.79,539797657,21bb4c2c-e7f1-43f5-b209-a1b248ff647e
2020-01-17 14:30:05 UTC,cart,5782036,1638456119066100510,,pole,4.11,413209269,d51c13ba-84c8-4600-99e3-5e74ec6d3430
2020-01-17 14:34:01 UTC,remove_from_cart,5809225,1487580007675986893,,bpw.style,1.59,602421350,3316bc9b-6f78-4e76-a7a8-72d13be19a8f
2020-01-17 14:38:19 UTC,cart,5683376,1487580012927254698,,irisk,2.54,602422981,69634f2e-c5af-4cc6-867c-a370840e8d85
2020-01-17 14:38:23 UTC,view,5915337,1761186209054327497,,dermacol,12.54,281731547,df3dc802-52e1-476d-946c-e337799aa968
2020-01-17 15:06:34 UTC,cart,5649219,1487580005268456287,,,7.14,589883536,1ceb660f-a0b8-48b3-a5df-2953f2576114
2020-01-17 15:10:28 UTC,cart,5733776,1487580005050352469,,haruyama,3.97,589883536,1ceb660f-a0b8-48b3-a5df-2953f2576114
2020-01-17 15:25:24 UTC,view,5707751,1487580011383750769,,swarovski,5.56,602445884,b8373fb7-88ee-4d30-ba2c-33ab21bbb9b9
2020-01-17 15:26:56 UTC,purchase,5773367,1487580005134238553,,runail,2.62,366310212,7669e283-2616-7c36-ee0b-79cfdb6f493e
2020-01-17 15:54:24 UTC,remove_from_cart,5854897,1487580009445982239,,irisk,0.32,591712101,dcacede5-faf8-46aa-ac3a-f0d256af06cc
2020-01-17 16:00:58 UTC,remove_from_cart,5704385,1487580008246412266,,estel,6.11,465262908,bf874d75-7cc2-40f3-825b-4f671b8c8001
2020-01-17 16:31:45 UTC,remove_from_cart,5839672,1487580005671109489,,masura,2.37,567875777,6f3385e9-2dcd-49c0-b6cd-4cf64113b4e7
2020-01-17 16:46:41 UTC,remove_from_cart,5706487,1487580013950664926,,,16.67,602449229,5473ccf0-0d7f-4fff-ac53-1d6fd0267ee8
2020-01-17 16:58:57 UTC,cart,5839706,1487580005671109489,,masura,1.73,594309039,7044a3d9-f365-4129-ba93-24da633820da
2020-01-17 17:01:14 UTC,view,5878175,1487580007575323592,,freedecor,1.27,602122323,df5ba97a-d792-4525-9b44-046e75802a90
2020-01-17 18:50:25 UTC,cart,5836522,1487580013522845895,,nagaraku,0.4,598552992,2a383fe2-9d0e-4382-806c-76f81c6bb4c1
2020-01-17 19:02:19 UTC,view,5864286,1597770225539875791,,,20.16,599281168,442ff82b-6e73-4dc5-8a7e-aad2ea363b2c
2020-01-17 19:13:23 UTC,cart,5746635,1487580009445982239,,,0.48,541105324,b05a423a-a2a4-4f88-b147-dda384e8857f
2020-01-17 19:28:13 UTC,view,5844300,1487580013950664926,,,16.67,387308588,fb970140-65f5-4073-81da-64f21421b391
2020-01-17 19:37:46 UTC,view,5731470,1487580004916134735,,,6.35,263341197,3e3c7f0d-7a6b-4e4e-aebd-42efcc9a305a
2020-01-17 19:45:38 UTC,view,5859421,1487580005671109489,,masura,2.37,551687645,e9530ce6-d90a-4adf-9814-60b4fde5ef52
2020-01-17 19:54:57 UTC,remove_from_cart,5830554,1487580005671109489,,masura,1.73,595027765,d3d2dede-c934-43d9-bf9b-a8cad509f4ee
2020-01-17 19:57:49 UTC,purchase,5809910,1602943681873052386,,grattol,5.24,601968271,b634c876-dedb-4f52-b822-1c50d5042850
2020-01-17 20:28:25 UTC,remove_from_cart,5738965,1487580008246412266,,kapous,5.08,602525083,06253c4c-f243-442b-bfb3-9321c558dd7b
2020-01-17 20:28:29 UTC,view,5812957,1487580011283087468,,kinetics,6.83,511802656,01937ef3-ca10-4906-bd67-48d544d53041
2020-01-17 20:35:40 UTC,view,6944,1783999064136745198,,runail,4.92,602561503,f29c4ff0-705f-48e2-a66b-413e68bfd692
2020-01-17 20:46:57 UTC,remove_from_cart,5648256,1487580005511725929,,,4.27,537223030,7d135986-b1c6-495a-9e86-a6dd12aa5b5c
2020-01-17 20:50:08 UTC,view,5887040,1487580013170524342,,,3.21,602568090,45b879fe-99bd-494d-8e17-25288365f923
2020-01-17 21:12:50 UTC,remove_from_cart,5635068,1487580005754995573,,,4.44,492432974,8ecb0f7f-35c2-49e9-9036-a6c7ce397aa1
2020-01-17 21:22:05 UTC,view,5849556,1487580011585077370,,bioaqua,9.84,506344833,02ce5b95-d656-4980-9492-684d7b3d9e62
2020-01-17 21:43:06 UTC,view,5815661,1487580006317032337,,,0.92,540934565,24872653-ce86-43b9-8ab3-d6896a9089c0
2020-01-17 22:04:05 UTC,remove_from_cart,5888551,1487580004916134735,,,3.97,267219465,c2c7b71a-5f7f-46e1-8452-cf97b10fc282
2020-01-18 00:08:13 UTC,view,5837641,1487580005092295511,,,10.32,595044070,c6effa9e-3f38-42ed-adba-a700916992d6
2020-01-18 00:46:56 UTC,view,5763380,2151191075757228942,,,4.6,602610031,6cd859cc-9590-4af2-85d4-bbadd99165c1
2020-01-18 01:24:25 UTC,cart,5650136,1783999067156644376,,concept,8.25,602459267,f83cbfdf-402a-4349-861d-1666a5fe4313
2020-01-18 02:19:34 UTC,view,5883789,1487580008347075566,,,3.92,494171604,a0b16823-8bfe-41c7-9edf-48b52df1d5b1
2020-01-18 04:22:59 UTC,cart,5802433,1487580009286598681,,,0.35,600678982,7edc1f92-4c12-4e34-9fa9-9c2c78e8e04a
2020-01-18 05:37:36 UTC,cart,5841294,1487580008145748965,,irisk,1.59,309413236,cd2298d8-30f0-9f59-0558-cd63dcf93dc4
2020-01-18 05:45:18 UTC,view,5843597,1783999071199952917,,,0.79,602619621,59f06c3f-eda5-80e7-4950-f761777f7cfc
2020-01-18 06:10:44 UTC,cart,5783935,1487580005595612013,,,2.06,602650909,8c4d4475-bb99-4c0a-9e31-1e2808ad99de
2020-01-18 06:21:29 UTC,view,5764716,1487580012902088873,,italwax,15.71,602671765,6165265d-67a5-454e-aff8-f7d136dae6eb
2020-01-18 06:36:45 UTC,purchase,5877346,1487580005671109489,,masura,3.95,602662362,9b589556-d765-4daa-ad12-18805683f455
2020-01-18 06:57:58 UTC,view,5894248,2151191059751764547,,cristalinas,9.51,602682340,aeeda449-1d76-4e0d-8cdb-65e8989651d3
2020-01-18 07:22:44 UTC,cart,5906933,2018395024110125980,,,9.84,602493824,08e1743f-b9f2-4f34-8115-ffd08c4864eb
2020-01-18 07:35:06 UTC,cart,5839412,1487580006551913373,,lovely,3.16,398162492,da5e4ede-c6cb-4901-bccb-4bea2007b871
2020-01-18 08:16:47 UTC,view,5877454,1487580006300255120,,jessnail,44.29,600342274,9dc75bad-8c4d-43f5-ad77-a0c5e57de81a
2020-01-18 08:23:55 UTC,cart,5585658,1487580007256556476,,,0.71,575551796,bd35d5f0-0504-4e04-855a-6cd13de7c5b1
2020-01-18 08:41:22 UTC,view,5763909,1487580007835370453,,,3.73,596274357,39c78b8c-3781-4bc6-b88d-16e8ade02d13
2020-01-18 08:49:52 UTC,cart,5884351,1487580010561667147,,oniq,10.32,413841440,075b263f-5a17-4e56-ad4d-d9e35b8c204d
2020-01-18 09:02:07 UTC,remove_from_cart,5814045,1783999063314661546,,grattol,10.32,557758187,e2f41081-bd26-42ca-b5d5-6c06cb9e37cd
2020-01-18 09:41:29 UTC,view,5788434,2151191071378375538,,,0.79,591742621,69e8c7e9-35de-417b-acd2-bc245d80f63f
2020-01-18 09:57:59 UTC,view,5784982,2195085255034011676,,severina,3.22,531583693,d11d5b26-28e6-43ed-b8e6-9677a310e733
2020-01-18 10:05:25 UTC,view,5689731,1487580007910867929,,staleks,8.65,583001172,968ca1c7-86cc-4419-836c-f0af06c437b7
2020-01-18 10:37:59 UTC,view,5835171,1487580005461394279,,bluesky,5.56,602763284,beaba2af-ddc5-430d-8be1-3fcf0f33d077
2020-01-18 11:04:14 UTC,remove_from_cart,5830553,1487580005671109489,,masura,1.73,491552905,f734c992-3b97-4f9c-b82b-68ae61dddc69
2020-01-18 11:10:05 UTC,view,5650457,1487580007910867929,,metzger,6.83,602739574,4d56b248-528d-47e2-924c-1768699ccac2
2020-01-18 11:11:44 UTC,view,5861470,1487580013841613016,,farmavita,6.0,587119162,f4a29679-a8fa-43f7-9884-6116870ea579
2020-01-18 11:27:17 UTC,view,5891172,1487580012096782476,,grattol,4.76,602307050,a560ed60-1cd7-2121-a685-516d4d646d3a
2020-01-18 11:33:18 UTC,view,5804017,1487580007432717250,,,3.97,586694392,bd14b40b-bb14-4788-986a-0629aa352578
2020-01-18 11:35:12 UTC,view,5868346,1487580013011140782,,domix,9.19,514219929,79b66be9-3fb1-493f-ab75-f4148a530b31
2020-01-18 11:46:38 UTC,view,5904488,1487580007675986893,,,1.59,537912363,cb172422-a902-4a45-811b-07cfc564fbad
2020-01-18 11:48:52 UTC,cart,5815689,1487580006317032337,,,6.95,401591740,be5ee5ed-7494-40dc-ad69-31c57d8a8a12
2020-01-18 12:06:39 UTC,view,5877454,1487580006300255120,,jessnail,44.29,573484647,9db1dd79-bcd4-45e0-a2fb-a1693443fca3
2020-01-18 13:01:37 UTC,cart,5836489,2151191071051219817,,nagaraku,5.56,599631887,14800ae1-e1c1-434a-aa94-727be6290b2c
2020-01-18 13:13:57 UTC,cart,5856831,1487580008288355308,,,3.81,469299888,986d0e13-19d6-4244-83dc-5f7133cbc2f8
2020-01-18 13:40:49 UTC,view,27759,1487580013950664926,,masura,76.17,598506234,c9bdd52b-746a-45cb-9962-2089a4b34630
2020-01-18 13:55:03 UTC,remove_from_cart,5835151,1487580005092295511,,oniq,10.79,580352351,af9ec852-e341-4572-8e20-013f5cd9f01a
2020-01-18 14:05:45 UTC,remove_from_cart,5649521,1487580006962955182,,,5.56,519431347,91b8eb87-4ae6-e643-613e-752d765fac76
2020-01-18 14:45:05 UTC,view,5913492,1542195323827388674,,dermacol,13.02,602862246,400f72b1-658d-43c7-b230-868a597c750c
2020-01-18 14:45:28 UTC,view,5784096,1660394382047576308,,,0.79,578399391,a4de4668-1e65-463c-9423-7218f8293f78
2020-01-18 14:47:34 UTC,cart,5809871,1605161575889502297,,grattol,3.02,595698830,c1bb2404-f7d5-48a6-aa3b-8c608b2bf2a3
2020-01-18 14:52:28 UTC,view,5807805,1487580005713052531,,ingarden,4.6,325562276,6edda728-1b0a-46b0-b169-31044cc2bf86
2020-01-18 15:16:32 UTC,view,5859323,1487580007776650194,,,1.27,599763169,d1f7d2cf-13c4-4b22-b81a-3bb5c8e51458
2020-01-18 15:19:15 UTC,cart,5830942,1487580006509970331,,domix,1.14,572502589,df6de11c-0a9a-46a4-a276-31132c1af887
2020-01-18 15:40:50 UTC,cart,5865590,1487580012373606546,,treaclemoon,3.17,601886736,f3ba5657-10c1-4812-8f6a-6c48086b0198
2020-01-18 16:25:09 UTC,remove_from_cart,5834647,1487580008145748965,,pole,1.68,602894603,e7888983-4515-4693-9e78-854f5ea92420
2020-01-18 16:28:17 UTC,remove_from_cart,5339,1487580006551913373,,cnd,1.1,531240302,641fcbbf-ad98-4b76-9858-258fd02394da
2020-01-18 16:40:13 UTC,purchase,5564074,1487580005855658874,,ingarden,2.38,598978603,993783f7-3123-4d4c-92e6-f1afb8a05393
2020-01-18 16:41:50 UTC,remove_from_cart,5767374,1487580005268456287,,lianail,5.54,549698680,456a7830-3526-4bac-b0e3-46891ec0c53e
2020-01-18 16:50:51 UTC,purchase,5809612,1487580012994363565,,,2.83,593302927,fae7c34b-5c86-4390-9813-ae9ec47fa1de
2020-01-18 17:11:04 UTC,remove_from_cart,5839673,1487580005671109489,,masura,2.37,530126676,1b813332-d7cb-4b5a-9a69-e3d435634ea3
2020-01-18 17:13:07 UTC,purchase,5765509,1487580011627020412,,dizao,1.08,602916937,b203b4da-5032-482c-8aa4-6f622b41556e
2020-01-18 17:14:20 UTC,view,5848640,1921723491720102387,,,5.71,578648930,67ddb6be-55ae-4cf1-93c9-5536d55288ee
2020-01-18 17:25:22 UTC,cart,5857286,1487580005134238553,,runail,2.62,600672247,17b48593-71b8-4094-9585-561754ce15f1
2020-01-18 18:01:30 UTC,view,5854897,1487580009445982239,,irisk,0.32,556616475,cca92a96-5c63-4997-8fb7-fcec690541df
2020-01-18 18:19:00 UTC,remove_from_cart,5842363,1783999072332415142,,shary,4.76,602879486,e6eeee07-d99a-42b9-862b-2f50da852341
2020-01-18 18:30:25 UTC,view,5716568,1487580007550157767,,,0.79,579947902,a9fc9e56-dac0-404b-ad23-68bac2e35e68
2020-01-18 18:31:53 UTC,view,5879298,1487580008800059394,,masura,5.54,602941051,eb8b81fb-c210-4671-929a-2b9d88b6e884
2020-01-18 19:09:45 UTC,remove_from_cart,5887577,1487580005595612013,,,3.0,537223030,98407800-2c1d-42d9-b8bf-f221210766cf
2020-01-18 20:09:04 UTC,view,5806548,1487580004916134735,,,10.63,309136352,fd40450e-1456-4f56-869f-cd987422b0a6
2020-01-18 20:32:36 UTC,remove_from_cart,5786837,1783999068909863670,,smart,5.56,348926062,a031dc66-9e98-4c04-9387-e52db6fec213
2020-01-18 20:35:39 UTC,view,5824613,1487580005671109489,,masura,3.63,594309039,824b6388-2ea3-4594-8811-40c811f09a89
2020-01-18 20:42:14 UTC,cart,5809910,1602943681873052386,,grattol,5.24,497313733,a485c7e0-23fd-4df7-ac9e-c9acd1723682
2020-01-18 21:07:12 UTC,view,5706302,1487580004832248652,,beautix,14.13,546720529,b28c64f4-0f55-45be-a288-44d10e631c4f
2020-01-18 22:39:44 UTC,cart,5875513,1487580005268456287,,,2.54,455028740,43b716bc-483b-4ffe-aaa2-0fac2f22c82c
2020-01-19 01:16:46 UTC,view,35688,2151191071051219817,,,26.97,603044128,528c9ba6-dcac-4eb6-8583-1c54378f90ab
2020-01-19 02:21:20 UTC,remove_from_cart,5617830,1487580013254410426,,provoc,6.57,425263836,f44f08f3-2ee5-43ba-9e53-5052c96ea90b
2020-01-19 02:24:35 UTC,cart,5900470,2151191071378375538,,,4.76,603049479,c859fd8b-fedf-4049-b1e5-db3af0689a5a
2020-01-19 03:31:16 UTC,view,5650175,1487580008263189483,,concept,9.21,482120399,2aeb8ff3-006d-473b-8134-59472a561051
2020-01-19 05:29:25 UTC,remove_from_cart,5700035,1487580009286598681,,runail,0.4,602993197,c3cadabb-0476-48f0-8e80-386c5d9d76d1
2020-01-19 05:55:52 UTC,view,5860173,1487580013950664926,,,25.6,381106149,53f9d4fb-c1e0-a1bf-f13b-f39fe6ab55b3
2020-01-19 06:04:03 UTC,cart,5859407,1487580005671109489,,masura,2.37,590723290,77a902c6-1124-4005-8e55-061a1021d7d2
2020-01-19 06:43:48 UTC,remove_from_cart,5885845,1487580007910867929,,,5.08,317527043,295d58e6-6492-4db7-8e51-26a4679ec8fc
2020-01-19 06:51:18 UTC,view,5854812,1602943681873052386,,grattol,5.24,548714012,2dc77452-c02a-4dd5-8351-ae6301428c74
2020-01-19 07:13:58 UTC,remove_from_cart,5769877,1487580013841613016,,kapous,3.65,442150560,99506c1b-efef-4749-8c8f-f19d3548e0da
2020-01-19 08:00:25 UTC,view,5723511,1487580005134238553,,runail,2.62,522145326,ca9e5c84-9841-4cd1-8b90-715a2bbd1346
2020-01-19 08:04:20 UTC,remove_from_cart,5875368,2084144451428549153,,,2.05,584152407,342af0ad-5408-44fe-affa-90295e422db8
2020-01-19 08:27:57 UTC,cart,5700046,1487580009286598681,,runail,0.4,476456956,65c187c0-ef6e-4541-899c-4f9609dc7cc8
2020-01-19 09:43:29 UTC,purchase,5844320,1487580006317032337,,,1.57,493445471,d9ecbfa1-fd8a-493f-ade5-372f2e8c2d74
2020-01-19 09:44:28 UTC,view,5869139,1783999064103190764,,cosmoprofi,6.35,566933822,d11b5cae-15b7-44d0-bbf9-5eb75e55347e
2020-01-19 09:51:14 UTC,view,5872989,1487580011585077370,,,11.27,522601816,8182109d-4fcd-4fd3-8a89-d6cf60c0388e
2020-01-19 10:39:11 UTC,view,5651938,1487580012902088873,,,6.33,499798663,136fd71d-781b-4210-94af-dded3e3d04e3
2020-01-19 10:40:15 UTC,cart,5834670,1487580007281722301,,,4.68,603182678,36a1c827-6c38-4157-9462-bf75fb481bec
2020-01-19 12:06:59 UTC,view,5914455,1487580005713052531,,ingarden,4.6,562405020,e703c96a-f44a-4c83-8d5d-00a314d287e7
2020-01-19 12:41:37 UTC,view,7500,1487580010377117763,,konad,2.38,448272087,e3b0c15c-3c01-4164-a605-e9791c6395ce
2020-01-19 13:04:00 UTC,view,5852634,1487580005092295511,,,3.81,551687645,b5d3baad-5c0f-4cea-aa41-ffc8696750bb
2020-01-19 13:26:53 UTC,cart,5844149,1487580008313521133,,,4.6,587685826,c87d810c-5c16-45fe-867d-fd94efb1bb4a
2020-01-19 14:00:54 UTC,remove_from_cart,5829347,1487580011585077370,,farmstay,0.79,540785160,5539924c-8d3a-48ac-99cd-9d47f295469d
2020-01-19 14:32:06 UTC,remove_from_cart,5875320,1487580010100293687,,,0.92,566536713,135a3cd0-7335-4c48-9404-8bbb78d68b7a
2020-01-19 15:13:12 UTC,cart,5688906,1487580007675986893,,milv,0.79,438810803,6247531a-c583-45c8-89fe-8d9f724c6dbf
2020-01-19 16:00:45 UTC,view,5865807,1487580007634043851,,,0.79,603336578,2ad80dd0-03d3-4562-b1d7-a84ce4c38acf
2020-01-19 16:52:00 UTC,cart,5157,1487580009202712597,,runail,4.05,257230720,41a67b27-c8c5-4319-9024-d3fa5b28ceb4
2020-01-19 17:06:34 UTC,view,5838088,1487580011702517887,,levrana,6.35,230862012,5b9bcf07-5c80-4f98-84dd-cad0883e0477
2020-01-19 17:11:38 UTC,remove_from_cart,5857681,1487580005092295511,,artex,15.08,537109272,815feff3-6530-4416-ad6e-85be9d4684c8
2020-01-19 17:13:31 UTC,view,5584844,1487580013581566154,,levissime,4.95,603285758,56e6d76e-c67d-4f65-97fc-228e5dcdb147
2020-01-19 17:35:57 UTC,cart,5819226,1487580005713052531,,ingarden,4.6,584895615,5553bb2f-62db-482a-a6e9-124204882fca
2020-01-19 17:47:53 UTC,view,5773606,1487580006317032337,,irisk,1.59,597701749,b239c4e7-f3e1-e90c-fbfa-dd37386c6a7c
2020-01-19 17:48:33 UTC,remove_from_cart,5802447,1487580013506068678,,,7.94,601366883,1019e8d8-14c1-4550-9ff8-a6195e3f57ea
2020-01-19 17:50:02 UTC,view,5685608,1487580008145748965,,ingarden,6.19,337259840,77cd53fc-ec72-4ce7-987a-5bf76da1d1f2
2020-01-19 18:05:08 UTC,cart,5596128,1487580005595612013,,,1.25,463216313,1298a501-32b2-405f-822d-3b7ef2f6ed18
2020-01-19 18:16:38 UTC,cart,5649238,1487580005511725929,,,4.27,391803784,0e7722e9-8fe0-4883-989e-73300832140e
2020-01-19 18:36:26 UTC,cart,5845343,1487580004916134735,,,5.22,602744804,239e3f0b-c114-47cf-a713-be1096dc1d6d
2020-01-19 18:36:53 UTC,view,5850496,1783999067156644376,,insight,15.71,603399836,ebf4647f-48ab-4c51-ad47-416884573b39
2020-01-19 18:41:52 UTC,remove_from_cart,5904699,1487580007675986893,,,1.59,465151898,15843513-b7d9-4fa4-8aed-42f39bb99767
2020-01-19 18:57:06 UTC,cart,5698330,1487580011585077370,,shary,3.1,594170770,a713d20f-8d73-4772-8560-a23734aed53c
2020-01-19 19:07:25 UTC,view,5790689,1487580009445982239,,nitrimax,3.97,603413585,8a58858f-0e11-43d1-ace5-94f42a5be780
2020-01-19 19:37:47 UTC,remove_from_cart,5816170,1602943681873052386,,grattol,5.24,508754894,44fa367b-41e4-41dc-a945-6835076836f3
2020-01-19 19:51:00 UTC,cart,5743437,1487580011652186237,,,3.49,571762106,79354341-7eae-4b3c-9845-c508cd7eb4b9
2020-01-19 20:12:14 UTC,cart,5857192,1487580005855658874,,irisk,2.54,596774183,3e0489ea-b62d-4f34-b6cf-aa2bdd1c5c61
2020-01-19 20:25:04 UTC,view,5856840,1487580008288355308,,,2.95,603429444,b7c55ad8-7a9d-4522-98d1-4b08334c743d
2020-01-19 20:31:50 UTC,remove_from_cart,5804534,1487580005671109489,,masura,1.73,583683130,cf56fce0-37a4-451f-9792-9fc8e0a68339
2020-01-19 20:36:31 UTC,remove_from_cart,5772288,1602943681873052386,,grattol,6.03,394812662,afe4c7bb-413f-8e1e-803f-ffd7ae84d9bd
2020-01-19 20:36:56 UTC,view,5636337,1487580013950664926,,ingarden,15.08,429389924,2dcab0c5-daa1-449c-b17f-6c6b8ac5a097
2020-01-19 20:48:16 UTC,view,41964,1487580010125459512,,,9.37,603248587,bebec81b-28c4-3156-0afc-8c14029472d3
2020-01-19 20:56:32 UTC,view,5809261,1487580007675986893,,bpw.style,0.79,603447795,5c1ef51d-a9a9-48ff-b4f6-0f48bfee5481
2020-01-19 21:00:49 UTC,view,5706426,1487580004832248652,,beautix,14.13,497619017,67d3677c-ef1d-4ac7-929f-b958a3376461
2020-01-19 21:10:10 UTC,view,5876838,1783999072332415142,,,10.87,603452888,b7042928-b6fb-427f-9017-54181593f954
2020-01-19 21:12:48 UTC,cart,5811949,1487580008800059394,,masura,3.16,603451057,e8b31018-181a-4aab-a55f-18a02ea8e9c1
2020-01-19 22:40:55 UTC,view,5875361,2084144451428549153,,,2.05,584152407,6ddc7bcd-9c23-42b3-99cb-5c7129062548
2020-01-19 22:56:08 UTC,view,5859423,1487580005671109489,,masura,2.37,579947902,43d91183-f46c-42fe-bf33-8096c18a5cc8
2020-01-19 23:50:22 UTC,view,5904952,1487580009051717646,,irisk,54.76,311187346,1be9c76b-35cb-4499-a51a-3447d6413802
2020-01-20 01:38:26 UTC,view,5879290,1487580008800059394,,masura,5.54,391026288,47f03067-bdc7-49ff-a30b-04361c121f54
2020-01-20 02:28:18 UTC,view,5870161,1487580012524601496,,levrana,2.38,407980823,7a7ae039-0986-9e3c-1098-13357a9e0bd1
2020-01-20 02:53:21 UTC,view,5844250,1487580010242900029,,osmo,22.19,584153478,26d03f22-6996-4808-afd2-86f2aee3e420
2020-01-20 04:50:45 UTC,view,5748490,1487580006350586771,appliances.environment.vacuum,,26.97,522532032,582da76f-c0dc-4acb-b5eb-4bfc36a7193a
2020-01-20 05:14:15 UTC,purchase,5841324,1891434214553813877,,,3.95,429108862,adde5e78-51a3-490d-94f7-489588961390
2020-01-20 05:45:20 UTC,view,5622672,1487580007281722301,,,9.83,450551003,ca434608-aacd-488a-a650-e97116bd49b3
2020-01-20 06:39:55 UTC,purchase,5861280,1487580005092295511,,lovely,10.95,603560995,72260332-d17c-455a-91b8-3d9b466f55a5
2020-01-20 07:02:05 UTC,remove_from_cart,5911875,1487580008246412266,,estel,17.46,544997281,f2bcdba2-4c76-49a2-bf98-1a450ec28301
2020-01-20 07:13:56 UTC,remove_from_cart,5565820,1487580009311764506,,,0.4,580842661,16d31578-ef67-4535-b7d6-374d9d6cd5f0
2020-01-20 07:46:54 UTC,view,5881775,2084144451428549153,,,2.05,593880714,5d5074ec-45bb-429e-bc07-d69e5126b8a5
2020-01-20 07:51:45 UTC,cart,5906102,1487580007675986893,,bpw.style,0.79,519949925,e9124eee-c32d-48af-9b80-7d46f79ad5dc
2020-01-20 08:03:21 UTC,cart,5822300,1487580005595612013,,,3.0,603575542,b373c5bc-cae7-4192-8b06-e1e46cd9ad49
2020-01-20 08:32:33 UTC,view,5866559,1891434214553813877,,,3.97,354371889,d4c52da8-16fa-4342-be75-d89ddfa80a4e
2020-01-20 09:16:01 UTC,view,5803434,1487580005461394279,,bluesky,5.24,479948142,2703cf2a-32b0-a82b-1ed3-19c4fb1fad9a
2020-01-20 09:29:22 UTC,cart,5869151,1487580005092295511,,cosmoprofi,7.94,596661532,2449391f-ee64-42da-9aed-d95f220e32d7
2020-01-20 09:59:56 UTC,view,5825444,1487580013279576251,,,6.83,587664693,891e349c-dfc7-46cd-967f-a7e497994f0f
2020-01-20 10:41:25 UTC,cart,5814843,1487580005134238553,,runail,3.0,527278633,911c8bd0-ff67-41fb-b312-86a78910fd86
2020-01-20 11:01:39 UTC,remove_from_cart,5875521,2084144451428549153,,,2.05,599097966,30c612c0-7779-43ce-8290-39e14f796cc3
2020-01-20 11:18:40 UTC,view,5832416,1487580009471148064,,,0.95,603486049,00bc7807-78ca-473a-878b-3b3de3586b1e
2020-01-20 11:23:55 UTC,view,5677422,1487580008246412266,,estel,13.49,592487803,278855cc-9bbe-498a-91ec-7e6273b9ae37
2020-01-20 11:28:53 UTC,view,5739117,1487580008288355308,,kapous,9.05,392547225,0e4449fa-5ead-4df9-84fe-a3189f7ff7ce
2020-01-20 11:29:42 UTC,remove_from_cart,5859318,1487580007776650194,,,1.27,533890915,77c3090c-f1df-4c28-a990-4080dad500e3
2020-01-20 11:43:25 UTC,view,5789668,1487580005595612013,,,2.68,287211108,ccf4a04b-7555-48e2-aec5-c443f0978933
2020-01-20 12:00:30 UTC,view,5843552,1487580010628776014,,,3.97,469059049,8f4bcee8-70d1-41de-b87b-d45eea6e2ac1
2020-01-20 12:17:49 UTC,cart,5858182,1487580012574933146,,,6.59,603698160,d650a0a2-672f-498a-a68d-408d0bdb3c63
2020-01-20 12:29:20 UTC,cart,5659663,1487580007717929935,,airnails,0.95,603664628,74ffb447-2f96-45ce-ba3e-b600a0e5f0fd
2020-01-20 12:47:33 UTC,purchase,5875950,1783999071199952917,,,4.76,493840329,96b437e7-3811-46be-90ed-0f1177a8cbaf
2020-01-20 12:51:14 UTC,remove_from_cart,5814532,1783999063314661546,,runail,6.27,603665258,03cad433-4ac9-4ed7-97dc-dbeb349c65d7
2020-01-20 13:04:02 UTC,remove_from_cart,5900644,1487580005713052531,,ingarden,4.6,419246960,5e95c22b-8752-47cc-829d-f2a8b4c3b91f
2020-01-20 13:30:03 UTC,remove_from_cart,5825560,1487580006132482952,,,1.27,546790201,746157e3-97a2-4df6-8ff7-da26ebdbe95b
2020-01-20 13:41:13 UTC,cart,5787705,1487580005511725929,,,5.56,380581727,6e01faf6-95d4-4d9b-8084-e920e755a907
2020-01-20 13:47:06 UTC,cart,5849033,1487580005092295511,,uno,10.32,603740355,429e167e-28e7-42ee-9d20-1467aed6ac08
2020-01-20 14:12:39 UTC,view,5786549,1715102773747384334,,italwax,9.35,495665089,217b4fd1-52db-4a01-8b06-d8e48e70c2a9
2020-01-20 14:20:40 UTC,cart,4922,1487580008187692007,,runail,1.19,603738308,73eae6a5-f46c-4e32-b25f-1a18a063c6c1
2020-01-20 14:53:02 UTC,view,5849033,1487580005092295511,,uno,10.32,603769337,8ff23854-e1b5-449d-af15-e3f98d02b1ff
2020-01-20 15:04:39 UTC,cart,5836514,2151191070984110951,,nagaraku,1.59,600187384,3b69bc87-7542-4504-be93-18744de55fb2
2020-01-20 15:05:19 UTC,view,5870975,1487580008800059394,,masura,3.48,603469791,274f60c5-507e-4ae3-9952-5fc909b9f50c
2020-01-20 15:06:18 UTC,cart,5816174,1602943681873052386,,grattol,5.24,282966249,bb0138da-14f9-41ef-87a8-b3f11e71ba51
2020-01-20 15:34:04 UTC,cart,5686925,1487580009311764506,,,0.35,176234010,465eb182-296e-4681-8cf3-6a6bee6a7b38
2020-01-20 15:48:18 UTC,cart,5902893,1487580007675986893,,,1.59,492622614,025c8161-c1e8-6475-0676-b59bc7ad7ef1
2020-01-20 16:04:51 UTC,view,5809225,1487580007675986893,,bpw.style,1.59,602979597,2cd2be19-eddd-7c14-c2a8-22501bca1e93
2020-01-20 16:22:37 UTC,view,5844895,1487580008263189483,,,17.56,311497444,260b1e92-a3b4-41fb-9916-42c48343c55b
2020-01-20 16:29:28 UTC,view,5835858,1487580009445982239,,,1.43,603809111,80d92f6e-7d82-4f00-8251-ea213bb8f8d3
2020-01-20 16:46:32 UTC,purchase,5736178,1487580005050352469,,haruyama,3.97,598336264,12d473c4-c1a9-4558-94a9-f64cbffe22ac
2020-01-20 16:59:15 UTC,view,5584842,1487580013581566154,,levissime,4.95,603813608,f0695944-766d-4605-a4f8-8f39460f780e
2020-01-20 17:01:53 UTC,remove_from_cart,5697497,1783999067156644376,,estel,7.94,598355299,9f981073-ca6f-4b4f-9e97-543d3129fc97
2020-01-20 17:09:45 UTC,view,5896413,1487580009076883471,,jessnail,1.29,603825419,44aa9e78-8fd9-4afa-bae7-436c224cf4ab
2020-01-20 17:16:57 UTC,view,5884037,1487580008347075566,,,4.06,291860648,f0bf9bbd-bea3-4f25-a8c8-8fb5eaa49c1d
2020-01-20 17:25:33 UTC,cart,5796774,1487580004916134735,,,4.29,237974133,69b21878-1f12-4127-8447-d30030d65632
2020-01-20 17:29:24 UTC,view,5870111,1487580006317032337,,,4.29,536364918,6c161e48-d101-45f1-86f0-ad43a9620d16
2020-01-20 17:31:50 UTC,view,5896787,1487580012927254698,,milv,3.97,603832271,c04519e3-09b7-4967-8f83-b75dccb97c9d
2020-01-20 17:50:41 UTC,remove_from_cart,5911875,1487580008246412266,,estel,17.46,603834327,2aed2871-cd75-4d49-876c-925f82d90b77
2020-01-20 18:10:26 UTC,view,5879278,1891434214553813877,,masura,3.95,599385216,0cf47dc8-baae-48fe-8bbe-4f30f2f93b96
2020-01-20 18:22:28 UTC,cart,89312,1487580009605365797,,,1.43,473201628,74f1c4e6-05ac-43c7-b9cc-5bdceaed5002
2020-01-20 18:25:00 UTC,cart,5814523,1487580005092295511,,runail,4.44,572349415,68839155-23f7-47bd-832a-79bacfdab9c5
2020-01-20 18:28:22 UTC,remove_from_cart,5787893,1658462125284131265,,uskusi,2.78,579779788,7b6ae2c9-e561-444e-888e-b7f7e9c81fc7
2020-01-20 18:38:35 UTC,view,5785422,1487580007256556476,,,3.16,599309549,fd67f166-47d6-4267-91a8-13b444fec7d3
2020-01-20 18:41:39 UTC,purchase,5899144,1487580005553668971,,,6.67,599309549,fd67f166-47d6-4267-91a8-13b444fec7d3
2020-01-20 18:55:23 UTC,remove_from_cart,5758043,1487580004882580302,,,2.7,603865628,51185e7f-5f58-4880-8f89-94d49a1245f8
2020-01-20 19:19:32 UTC,view,5826822,1487580006317032337,,,15.71,585723954,5dda235c-ca4b-6d03-958e-6b30eeabdfe2
2020-01-20 19:39:27 UTC,remove_from_cart,4591,1487580007483048900,,runail,5.95,583922655,74f52a81-cb4f-49dd-b643-7e2256db3ef5
2020-01-20 20:06:34 UTC,cart,5903603,1937169073007756269,,lovely,5.54,603882313,42a59764-c6b2-4a46-9a12-978d9530d985
2020-01-20 20:11:20 UTC,view,5903874,1487580005268456287,,uno,9.37,600790100,01c8e135-d1a7-40c5-a179-0872a17cfa63
2020-01-20 20:59:53 UTC,cart,5734585,1487580005050352469,,haruyama,2.97,381263419,19b3d7ea-5561-4e00-982d-ab3bb519a5e1
2020-01-20 21:02:04 UTC,remove_from_cart,5815662,1487580006317032337,,,0.92,584895615,fbfb336d-97ae-47f4-a881-6831a9775698
2020-01-20 21:13:29 UTC,cart,5850619,1602943681873052386,,grattol,5.24,415653222,47aa793f-e7c9-47d6-9f33-0d3af9773682
2020-01-20 21:52:45 UTC,cart,5726648,1487580008145748965,,,0.79,349583651,bf2fc5e6-957e-4f9f-9097-64eae9287760
2020-01-20 22:07:12 UTC,remove_from_cart,5839718,1487580013841613016,,estel,5.79,562561729,37dac710-38d1-4df8-b84c-1ab38f9e8ab7
2020-01-20 22:12:52 UTC,purchase,5896723,1487580009311764506,,irisk,0.63,603665258,0e9a49ae-1e3a-4b1d-b620-d08ff90964ba
2020-01-20 23:05:12 UTC,view,5885845,1487580007910867929,,,5.08,505040364,2756409a-7b17-474c-af6e-6ce8d65e3ee2
2020-01-20 23:56:55 UTC,view,5304,1487580009471148064,,runail,0.32,602050813,187aa446-e440-4c2a-afa5-f150777b14ec
2020-01-21 00:03:07 UTC,view,5853240,1487580005134238553,,runail,3.17,564492290,8ff8931e-5a21-4062-8c40-3efd04bfe36b
2020-01-21 00:51:21 UTC,cart,5802441,2151191070908613477,,,2.16,603944485,de1899bc-2512-4870-be32-4003a8a3355f
2020-01-21 02:53:15 UTC,cart,5901869,2007399943458784057,apparel.glove,benovy,11.19,569898950,448999f9-7cfa-4e41-9e40-2e1eda271be7
2020-01-21 03:52:25 UTC,cart,5859248,1487580009471148064,,,1.65,600285289,b661db74-5bf9-40c8-ab1b-6b5448a0ce64
2020-01-21 03:57:59 UTC,remove_from_cart,5588610,1487580006317032337,,irisk,3.33,558981959,f9e6ee9c-c214-42d9-b76a-e3c7aeca724f
2020-01-21 06:37:16 UTC,view,5875315,1487580013489291461,,,3.89,548599729,df9002b8-2c9d-492e-9169-9fbff9fc5377
2020-01-21 06:49:20 UTC,view,5786622,1783999068867920626,,smart,8.73,601498065,2442a620-08d4-4faa-b0a6-f7b546e22d0e
2020-01-21 06:55:52 UTC,view,5706487,1487580013950664926,,,16.67,604023481,e91fc22e-6103-45c3-be7f-db081fcf55f8
2020-01-21 06:59:36 UTC,view,5761284,1487580011627020412,,dizao,1.08,576981244,51e4a297-9132-ae9a-1d23-db50c2fada4e
2020-01-21 07:00:41 UTC,cart,5866561,1891434214553813877,,,3.97,540667232,43d89b64-c7e1-4bdd-8811-92e45903b39f
2020-01-21 08:25:43 UTC,remove_from_cart,5793704,1487580006509970331,,irisk,2.38,535137363,b242dc43-ef36-48c5-bce1-e7806572619c
2020-01-21 08:39:19 UTC,remove_from_cart,5809915,1602943681873052386,,grattol,6.03,459028980,35e74ba5-1bc7-6842-0477-2f6ed926c1b8
2020-01-21 08:44:32 UTC,view,5859188,1487580007432717250,,,2.19,597855537,031a7fbf-5c9a-4927-8766-0f02a9b27014
2020-01-21 08:44:33 UTC,cart,5664665,1487580011383750769,,,0.63,604031068,18073c17-ec52-4ab5-a418-f8eb73bc9de3
2020-01-21 08:52:01 UTC,view,5904488,1487580007675986893,,,1.59,576472726,6936bd56-6d69-4405-9436-ca30f8f3ba10
2020-01-21 09:23:06 UTC,view,5904471,1487580011283087468,,opi,13.87,601555654,c5d7177b-b22d-4d5c-851a-f7947a14e406
2020-01-21 09:29:30 UTC,cart,5760335,1487580009261432856,,zinger,1.9,576512718,64409fea-5bc8-4b67-880c-53cb1a808697
2020-01-21 09:43:36 UTC,cart,5867965,1487580005671109489,,masura,1.73,527846171,7e276ba7-6244-4052-9895-aa4fca03b360
2020-01-21 09:44:41 UTC,cart,5882778,1487580005134238553,,runail,3.17,555255282,54f7a897-9d37-48eb-bc2e-255028b567c8
2020-01-21 09:50:46 UTC,remove_from_cart,5542,1752742615205281895,,ingarden,2.86,604055573,d27f7f50-0539-4cf3-815e-ebc8c8dc3b11
2020-01-21 09:57:56 UTC,view,5827448,1487580008984608779,,solomeya,44.44,604094606,8da3a8b0-d12e-4ba9-84dc-1cc5d3a119ef
2020-01-21 10:08:08 UTC,remove_from_cart,5916070,1487580011585077370,,siberina,7.14,524940698,76eb2920-1c23-4b5b-94c2-d211d09a14c1
2020-01-21 10:09:21 UTC,view,7681,1487580009227878422,,runail,4.44,315707474,ad19a5ba-c8ca-44ac-b4e5-515ac0bea3b9
2020-01-21 10:13:43 UTC,view,5853436,1559261858748170632,,profhenna,2.97,273882721,81899b51-9ee9-413e-9b93-cc5edbb89753
2020-01-21 10:29:11 UTC,view,5848909,1487580007675986893,,bpw.style,0.79,604110773,19714562-844b-4b3e-851a-7aa00f807c73
2020-01-21 10:34:32 UTC,view,6648,2196456817641391019,,runail,1.98,516694222,efb3064e-c313-4e85-b670-acff04eaa78b
2020-01-21 10:39:35 UTC,cart,5550302,2195085255034011676,,,1.21,604111449,384284a9-bee3-457f-ad6c-c2d2ba2332b6
2020-01-21 10:45:04 UTC,cart,5723206,1487580009445982239,,,1.43,574103667,5e981986-dd3a-4e98-83c7-cb68039b94fd
2020-01-21 11:33:57 UTC,remove_from_cart,5802434,1487580009311764506,,,0.35,554058974,b62e50ca-ca0e-4111-9d25-3a6b9f3262ac
2020-01-21 11:50:25 UTC,view,5796697,1487580008800059394,,masura,3.16,552033162,0362a03a-45f7-4790-8b90-a26f6e4db6ce
2020-01-21 12:28:05 UTC,view,5853699,1897124478404526487,,masura,3.95,585214032,49d357db-0c54-4d3e-956f-0cb6742085a3
2020-01-21 13:08:26 UTC,remove_from_cart,5723522,1487580005134238553,,runail,2.62,518112341,76e41a20-9230-4c38-84e7-97dbba6217dc
2020-01-21 13:11:55 UTC,view,5875333,2084144451428549153,,,2.05,595027765,9b43f5b8-e246-48fa-b46b-0ac4bde50103
2020-01-21 13:39:44 UTC,view,5838622,1487580011308253293,,kinetics,8.25,600413001,9b45bd72-9dc2-48b1-a5ec-133639edc299
2020-01-21 15:01:35 UTC,cart,5869134,1783999064136745198,,cosmoprofi,6.35,378796900,eda6fd67-3e15-46d6-8598-51d750496df5
2020-01-21 15:18:07 UTC,cart,5678022,1487580013640286413,,,5.24,604226595,c3fa9f8b-68c8-4384-bdc1-42de882c6a92
2020-01-21 15:24:37 UTC,cart,5646937,1487580005511725929,,,5.56,601406974,698bbdfd-6043-47a6-baa7-3779afc04c06
2020-01-21 15:40:09 UTC,view,5821544,1487580011627020412,,,3.16,601125193,a866e42d-bde3-4cee-8a0e-cc5f5358589f
2020-01-21 16:13:43 UTC,view,5857260,1487580005134238553,,runail,2.62,595300225,b660c665-cb7d-4c85-98ec-9feeaf813127
2020-01-21 16:18:44 UTC,view,5850625,1602943681873052386,,grattol,5.24,564203244,9f071ee5-d486-4730-8055-98a8ad88c0fd
2020-01-21 16:26:32 UTC,remove_from_cart,5760765,1487580005134238553,,runail,2.62,477568350,5c655a62-88eb-4829-8a8b-14de21b84d0b
2020-01-21 17:10:34 UTC,view,5876837,1542195323827388674,,,8.83,574915174,5bc0d75d-5050-491e-856d-1c58a950c09c
2020-01-21 17:18:32 UTC,view,5884209,1487580005092295511,,,10.63,546081952,cd211c94-7af7-4e08-9764-704ef2350bb3
2020-01-21 18:00:28 UTC,cart,5711701,1487580005008409427,,f.o.x,6.03,580352351,a0fab442-72b7-44af-9259-4d06708d347a
2020-01-21 18:05:29 UTC,remove_from_cart,5814517,1487580013539623112,,,12.54,603559059,e9ca0ddb-39b7-4d1c-b0be-a6876bfdd812
2020-01-21 18:11:09 UTC,purchase,5864584,1783999072332415142,,,24.92,590717417,9813517e-5bab-48a8-8c67-aa2bc36f8191
2020-01-21 18:43:59 UTC,cart,5754158,1487580007910867929,,yoko,12.0,543521465,8b87acbf-9ebc-4021-9e1e-0427d1f0e24d
2020-01-21 18:55:45 UTC,cart,5836522,1487580013522845895,,nagaraku,0.4,598955567,0cb363c6-ff87-40ad-a46d-1e11ee094e64
2020-01-21 19:01:58 UTC,cart,5809570,2196456817641391019,,,5.87,532273520,43266c0d-4162-483f-b87d-b67cdf9b14d8
2020-01-21 19:19:22 UTC,cart,5760338,1487580009311764506,,zinger,0.44,338121640,054edb72-f843-4159-9af0-db4553ecdf03
2020-01-21 19:29:57 UTC,view,5918581,1487580013657063630,,avene,29.03,541981465,ebb3ab21-7993-43e3-95b3-f9299cf45b67
2020-01-21 19:53:56 UTC,view,5921418,1487580011786403970,,,0.0,223293700,59878189-cbae-4fd1-be25-a6b235b8605c
2020-01-21 20:12:20 UTC,remove_from_cart,5550302,2195085255034011676,,,1.21,499699450,915f2c03-61cf-400f-bada-f9bab310df80
2020-01-21 20:24:52 UTC,purchase,6544,1487580008347075566,,sophin,5.24,531703983,39e8e8cd-0a77-42b6-b49b-cda1113e56ae
2020-01-21 21:17:33 UTC,view,5700046,1487580009286598681,,runail,0.4,584298485,5c868130-dbcb-43a8-8718-5b5c68165f5e
2020-01-22 01:02:17 UTC,remove_from_cart,5877766,1605161575889502297,,,4.76,364361915,e96c1d8e-4fe3-45f5-ab83-5100b7fe4bb5
2020-01-22 01:55:19 UTC,view,5876073,1487580012574933146,,,5.24,601133911,6de7422a-9c63-4ebf-9387-fde7f2de1e3d
2020-01-22 01:56:28 UTC,remove_from_cart,5866471,1487580010335174721,,estel,3.33,601133911,6de7422a-9c63-4ebf-9387-fde7f2de1e3d
2020-01-22 04:52:15 UTC,remove_from_cart,5700048,1487580009286598681,,runail,0.4,515679356,84c30be2-85a5-41f7-8703-b3a1574ab238
2020-01-22 05:06:47 UTC,cart,5842654,1487580013841613016,,,14.51,604432683,72616c4f-7a98-4fd0-85c7-101cc66d816e
2020-01-22 05:13:17 UTC,cart,5809303,1487580007675986893,,bpw.style,0.79,508704292,0786f39e-8ef2-479b-9132-705ed5490b2e
2020-01-22 07:04:08 UTC,remove_from_cart,5773381,1487580005134238553,,runail,2.78,425893543,0983e700-bb0e-4ff4-a20d-59c2afbc5d1f
2020-01-22 07:27:53 UTC,view,5728072,1487580009177546772,,runail,29.29,604317195,13750700-c987-44ea-87bc-84572fc26ecb
2020-01-22 07:52:19 UTC,cart,5753486,1487580013069861041,,italwax,13.02,604485148,d44f69fb-277b-4e28-b0ce-2edda35697e1
2020-01-22 08:09:36 UTC,cart,5889092,1720400165430363096,,,3.65,302092476,254bf36f-c77a-4378-b551-fe2d10c158a3
2020-01-22 08:16:02 UTC,cart,5886707,1487580005067129686,,,2.38,569759976,eb074147-e19f-4f3d-92ca-4ae93a3383a7
2020-01-22 08:48:08 UTC,view,5902336,1998040852064109417,,freedecor,5.56,465932664,4e01337e-5e61-4974-9e00-7d21b90a2dfe
2020-01-22 08:50:50 UTC,cart,5855129,1487580005268456287,,,15.56,597590357,56749d14-cdd2-40a5-968b-ef795f28ab7d
2020-01-22 09:10:54 UTC,cart,5584838,1487580013581566154,,levissime,4.95,604512390,5eee553f-35e1-461a-8dd2-3497794ce98f
2020-01-22 09:13:24 UTC,remove_from_cart,5910611,1783999072332415142,,,37.57,541380348,259cafcf-731c-4275-8e21-f6175778d87f
2020-01-22 09:24:42 UTC,remove_from_cart,5677463,1487580013858390233,,estel,0.87,602256380,a489f410-37b0-4051-92a7-9123af677654
2020-01-22 09:27:44 UTC,cart,5899833,2115334439910245200,,,3.97,553003878,8599d4bb-a809-4e52-b4e5-76b73c6de8e4
2020-01-22 09:53:00 UTC,cart,5694173,1487580007852147670,,yoko,20.0,272785625,00d2173d-5570-43d1-bd0e-c32858171d12
2020-01-22 10:12:58 UTC,purchase,5739056,1783999067156644376,,kapous,6.27,382941134,f4747f03-5236-4b20-ae03-d2772c4ec5a6
2020-01-22 10:17:26 UTC,view,5687151,1487580009605365797,,,1.9,604546455,dca43b27-5919-477f-b5b0-4518b5f5b8de
2020-01-22 10:17:36 UTC,view,5877450,1487580008984608779,,jessnail,8.73,604545446,15245636-8b96-448f-b7af-b9e0f49e3b00
2020-01-22 10:37:02 UTC,purchase,5687154,1487580010645553231,,,6.33,598955567,cc3ee478-9ccb-4f65-a05b-59245c009878
2020-01-22 10:46:24 UTC,view,5886334,1761186209054327497,,,3.54,604557672,8b060121-8c06-41a3-8488-6a2e8f8b6639
2020-01-22 10:58:08 UTC,remove_from_cart,5699808,1487580004882580302,,,2.7,604484850,ddf58b91-2af8-4e89-be11-651a81a6f1d6
2020-01-22 11:18:53 UTC,view,5746011,1487580009051717646,,runail,34.92,565745379,1efa7768-c01e-4087-b9f6-9d62c3da052c
2020-01-22 12:01:04 UTC,remove_from_cart,5700037,1487580009286598681,,runail,0.4,443900126,cd1f000e-44e7-4b91-819f-df0e61375bf8
2020-01-22 12:04:23 UTC,cart,5773351,1487580005134238553,,runail,2.62,578409721,e9288c65-1fd9-4c09-93eb-2e7fc121a2f8
2020-01-22 12:48:37 UTC,view,5823407,1487580005713052531,,ingarden,15.71,601950670,1c4d57fa-a382-4fce-bb96-73c79638748b
2020-01-22 12:49:47 UTC,view,5899834,2115334439910245200,,,3.97,604606905,9488388d-8918-498f-930d-c6eadc72024e
2020-01-22 12:51:40 UTC,view,5879617,1982860263572898112,,concept,6.16,548513727,76cee816-7efe-40d6-85fe-c9460f032114
2020-01-22 12:51:49 UTC,cart,5812036,1487580005427839846,,irisk,2.48,571812337,e234bab3-12a2-400f-b3c0-32e18a4dc5c2
2020-01-22 14:18:44 UTC,remove_from_cart,5793703,1487580006509970331,,irisk,2.22,561078200,7dd2f4df-99ce-4058-8f38-536736d0141d
2020-01-22 14:39:02 UTC,view,5886729,1487580005067129686,,,2.38,253146360,223e747b-d6ca-45f6-a645-429d75741e29
2020-01-22 14:45:33 UTC,purchase,5677623,1487580013858390233,,estel,6.11,600729756,4d1fe8a7-e53e-4ac7-8315-d70aa7fbd251
2020-01-22 14:47:06 UTC,view,5705002,1487580006551913373,,irisk,3.33,589248971,c1203c8a-bc5a-4c81-983f-a55c0d0da67d
2020-01-22 15:09:20 UTC,view,5823776,1487580013749338323,,estel,2.38,604660188,fea0f6dc-cc28-41b0-9c76-e6f7e07e78f6
2020-01-22 15:14:05 UTC,cart,5854897,1487580009445982239,,irisk,0.32,587840983,59bf557c-8dc8-4f17-afe4-e0a03ff2db50
2020-01-22 15:28:30 UTC,view,5921822,2115334439910245200,,,0.0,604666233,54311fd8-30e0-493a-a6ac-862ded7c6de8
2020-01-22 15:35:51 UTC,cart,5802431,1487580009286598681,,,0.33,592529219,fcc205ea-ecb8-4a88-b8c9-42db5ee68e37
2020-01-22 16:02:47 UTC,purchase,5809105,1487580012902088873,,irisk,10.06,543018210,8ed9a0ce-ad88-45eb-9844-42e94ff2048e
2020-01-22 16:49:02 UTC,cart,5877766,1605161575889502297,,,4.76,583567540,8d8cc31e-0550-4f4b-b5c6-2861636756b2
2020-01-22 17:06:24 UTC,view,5649219,1487580005268456287,,,7.14,552311088,478b5d74-aee9-4a44-a454-3813670465bf
2020-01-22 17:07:08 UTC,cart,5921604,1487580005092295511,,,0.0,308521287,1dab20e6-5627-47b0-a9b3-55b337d1e9fc
2020-01-22 17:11:50 UTC,view,5723516,1487580005134238553,,runail,2.35,604111338,99fc8848-1469-d1e0-be65-cc45cb195028
2020-01-22 17:30:46 UTC,view,5674916,1487580007852147670,,zinger,13.02,604716046,a3ddfb6b-6bbc-46f5-92b1-321dc2b44584
2020-01-22 17:38:59 UTC,view,5739036,1487580008246412266,,kapous,3.32,238782125,99c17e68-53da-48c8-8371-043e9ed9b868
2020-01-22 17:43:06 UTC,view,5812573,1487580008800059394,,masura,3.16,409656744,534dc25c-8181-454f-b03a-0b4fd93ea11a
2020-01-22 17:56:07 UTC,cart,5814702,1783999068867920626,,smart,1.43,571123796,3b66730b-a04a-4ac9-a8ce-bbad0f7a6089
2020-01-22 17:56:33 UTC,cart,5846310,1487580013841613016,,,4.14,599324274,2e1d48cc-45dd-4c72-b5e9-205f06bf5480
2020-01-22 18:28:37 UTC,view,5560758,1487580006300255120,,strong,187.3,561353040,1b36f082-ec58-4758-85f8-b8a527e87d78
2020-01-22 18:30:41 UTC,cart,5815167,1487580005461394279,,bluesky,3.97,603173285,3474dc4f-a333-41a3-aaa2-62880b1c844a
2020-01-22 18:39:40 UTC,view,5769896,1487580013841613016,,kapous,3.65,604741137,68e46f80-3d47-451d-afb9-bc5726d4ec94
2020-01-22 18:40:27 UTC,cart,6732,1487580013027917999,,,8.41,528853396,38c529b0-adec-497d-ba77-240525ef9fa3
2020-01-22 18:47:14 UTC,view,5856767,1487580010268065854,,joico,31.27,604744540,3e30fb90-ad6f-49ac-b706-01cd0f64d739
2020-01-22 18:49:51 UTC,view,5921836,2115334439910245200,,,0.0,527595689,416b2999-3aff-41ff-be01-22bc2b486270
2020-01-22 19:20:21 UTC,remove_from_cart,5814828,1487580005134238553,,runail,2.38,604752998,152d0cb0-1cc2-4bba-8a6d-9991b2ef250f
2020-01-22 19:30:38 UTC,remove_from_cart,5850619,1602943681873052386,,grattol,5.24,530318335,0e069a7f-d015-4cc2-957f-10ffa536e018
2020-01-22 19:36:37 UTC,cart,5906927,2018395024110125980,,,9.84,486777715,3b84a686-229b-4a6c-9f7e-e08fa39b82a5
2020-01-22 19:39:47 UTC,view,5752493,1487580005511725929,,,4.27,473539618,13b2c061-c273-4bb6-a945-f6bbef006899
2020-01-22 19:50:13 UTC,view,5906538,1487580005268456287,,,8.73,600091440,04f92393-ad42-47cb-abfe-0dd3f8e4d941
2020-01-22 19:58:29 UTC,view,5815777,1487580005092295511,,beauty-free,2.37,604758535,41509b29-578c-4810-89ac-daf3d72c5e85
2020-01-22 20:11:19 UTC,remove_from_cart,5837915,1487580010779770966,,,0.63,510676251,018d2fb5-3239-4581-9f3c-b642f7e1faff
2020-01-22 20:14:55 UTC,cart,5904744,1487580007675986893,,,1.59,579170730,0bdc0ad1-2685-4dc7-8d0e-8dbbbc125852
2020-01-22 21:51:32 UTC,view,5745314,1487580010628776014,,,1.43,501014717,f2c31f4b-d58f-4eb7-b12f-899b090da930
2020-01-22 22:16:23 UTC,view,35658,1487580013506068678,,,19.84,604800797,67ee4ffb-338c-410e-999e-98a20344cb8b
2020-01-22 22:17:31 UTC,view,5736174,1487580005050352469,,haruyama,3.97,529986269,581251e0-14e7-45ee-8cd1-2ff26d5d2d3a
2020-01-22 22:17:43 UTC,cart,5894638,1487580005528503146,,pnb,5.56,604803006,b841f3cb-926b-430c-a98f-b6d5addf6386
2020-01-22 22:20:16 UTC,view,5832425,1487580006317032337,,,9.52,578094547,8ed008a6-cea8-49ab-9b0c-94ba777f4700
2020-01-22 22:23:38 UTC,view,5903736,1487580007675986893,,,1.59,527021202,731d3af2-ccd6-4935-811f-2b52c1b83a8d
2020-01-22 22:48:23 UTC,cart,5700067,1487580012902088873,,runail,23.02,603228884,010947ff-a4ab-4c3b-9771-01ce97e461a6
2020-01-23 01:30:02 UTC,view,59976,1487580012096782476,,,8.25,511589756,0959698f-c86a-3679-f17e-1e9435262136
2020-01-23 03:31:29 UTC,cart,5902635,1487580008187692007,,f.o.x,5.24,499695012,ee284cca-c3e5-4a05-9ef5-fcd2eaacba4a
2020-01-23 05:11:41 UTC,cart,5627097,1487580007675986893,,milv,0.79,569238001,b2343eaa-56ae-4dd3-818b-de3ffe911390
2020-01-23 05:21:54 UTC,remove_from_cart,5823284,1487580005134238553,,runail,2.14,599084707,5e0b8dd2-4589-48b2-a996-69111159aea7
2020-01-23 05:38:41 UTC,view,5894646,1487580005268456287,,pnb,6.13,231388984,2b2dae3a-f1da-4357-b133-94d9f3a5c58b
2020-01-23 06:20:17 UTC,remove_from_cart,5683554,1487580005595612013,,,2.52,588249391,0ce60ed4-2086-5065-6bf6-55c02e2f0a09
2020-01-23 06:31:34 UTC,remove_from_cart,5875285,1487580009496313889,,,9.52,598021890,fa1491ef-a96d-4266-aaac-e27440cf9d54
2020-01-23 07:47:07 UTC,view,5857277,1487580005134238553,,runail,2.62,506879897,14cd6e57-7fe6-4472-92d7-64372c163b5d
2020-01-23 08:08:24 UTC,view,5881773,2084144451428549153,,,2.05,591307302,5db22257-84d7-41f7-834e-bc28d7913908
2020-01-23 08:22:42 UTC,view,5759491,1487580013011140782,,italwax,1.94,565373457,8e156c4b-0b2b-4336-acb6-69db86da4f29
2020-01-23 08:25:58 UTC,cart,5903956,1487580007675986893,,,1.59,448947039,bd1f6761-d29c-4b56-83e0-bd87aecd1f04
2020-01-23 08:35:15 UTC,purchase,5774872,1487580005671109489,,masura,1.73,469558198,5b102d32-1107-4667-8c98-e93ebc5d8d36
2020-01-23 08:52:27 UTC,view,5900651,1487580013950664926,,,19.52,574891126,42f33a9f-f362-4288-9759-541784b85424
2020-01-23 08:59:37 UTC,purchase,59893,1487580007634043851,,runail,0.95,591433094,3c2f1595-6f65-42e2-9dd4-268f2c7a6d78
2020-01-23 09:51:45 UTC,cart,5760790,1487580005134238553,,runail,2.62,604743387,92656318-8fe1-44da-bf9e-b5880022fc8a
2020-01-23 10:07:45 UTC,remove_from_cart,5847348,1487580005092295511,,,19.21,298490679,c7da0241-b17e-4175-95cc-3dc0a59ca23c
2020-01-23 10:16:01 UTC,cart,5829350,1487580011585077370,,farmstay,0.79,541137136,2f655f2a-0570-4b02-89c4-41666367489f
2020-01-23 10:21:45 UTC,view,5536,1783999064136745198,,ingarden,14.76,429567396,7a9eacf5-a749-43df-8672-66f2ee700eff
2020-01-23 10:38:19 UTC,remove_from_cart,5896178,1487580004916134735,,,4.76,320396132,fbf4a1ca-2027-45df-b539-d3bbe92df1af
2020-01-23 11:18:13 UTC,view,5866189,1487580013950664926,,estel,23.81,578166886,bbea9579-04c7-49b1-be65-62254bfcee3d
2020-01-23 11:41:47 UTC,remove_from_cart,5766386,1487580009118826513,,kaaral,38.35,577194126,38522fc7-88a4-4b8c-aa76-a3a2e7571d84
2020-01-23 12:36:40 UTC,remove_from_cart,5689471,1487580007852147670,,staleks,13.17,476180402,9565ae3a-f0cb-4db1-ae15-5bd5530187ff
2020-01-23 12:38:40 UTC,view,5635073,1487580005754995573,,,4.44,379654283,fd5ff750-51b1-48ff-ad18-22eef59d9d5a
2020-01-23 12:43:40 UTC,view,5877190,1487580007675986893,,freedecor,1.43,603919012,708dc1e0-096f-7712-dd22-cac27c69d9ee
2020-01-23 13:08:58 UTC,view,5834159,2151191070984110951,,runail,3.1,248217333,11b9bed8-68d0-4c85-b8fc-f40f480c8330
2020-01-23 13:27:08 UTC,view,38750,2140803113261466607,,runail,1.59,562646452,8ec0b1cf-faa3-4337-b22e-4f93f3a8a596
2020-01-23 13:39:33 UTC,view,5613539,1487580008984608779,,,9.51,570101433,ba6a32a9-a795-4855-9563-eb7f756340f0
2020-01-23 14:15:46 UTC,view,5739449,1487580008288355308,,kapous,4.98,589785461,300e6174-b0df-4e84-a6e2-c718d788681c
2020-01-23 14:27:31 UTC,view,5836501,2151191071051219817,,nagaraku,4.76,605083167,841ae7b6-5c32-45ac-92eb-9857adab0d6b
2020-01-23 14:34:01 UTC,purchase,5823968,1487580009387261981,,,2.06,601588885,b9b51038-ab8c-47cf-82aa-298cb22f74d7
2020-01-23 14:38:27 UTC,purchase,5733046,1487580013011140782,,italwax,2.06,360789754,555cbf49-58ea-40cd-af5a-86731bc07ab6
2020-01-23 15:25:03 UTC,remove_from_cart,5798085,1487580005754995573,,,8.73,548117467,1a997fb3-b2a9-4051-875c-d8aba3a65e0c
2020-01-23 15:28:40 UTC,view,5815662,1487580006317032337,,,0.92,438912888,08da036f-f404-4fca-a47a-552d71fb184e
2020-01-23 15:32:06 UTC,cart,42675,1487580011383750769,,swarovski,2.38,602517871,a122b6e5-ff3b-486e-8e4e-1d82d22c67aa
2020-01-23 15:33:53 UTC,view,5780701,1487580005092295511,,pole,5.56,461558134,a97c916a-2a6e-4c76-b477-634485a20531
2020-01-23 15:57:58 UTC,cart,5785452,1658462125284131265,,uskusi,3.17,582131498,f2eb4b48-a6c1-4988-a0cc-6c2c1a562f72
2020-01-23 16:37:57 UTC,cart,5896779,1487580008758116352,,milv,2.38,433321254,91154e26-0787-4be5-89d7-2786c93714f1
2020-01-23 17:14:07 UTC,remove_from_cart,5905704,1487580005092295511,,,10.63,543627684,d60e9a3d-fad3-41a6-8b02-42ec508180b6
2020-01-23 17:33:58 UTC,view,5809912,1602943681873052386,,grattol,5.24,560521312,2df0d4da-b975-4921-8b32-75bbd0bcf42e
2020-01-23 17:53:02 UTC,cart,5836522,1487580013522845895,,nagaraku,0.4,582157193,00570333-7a40-4eeb-93b7-a1a23cbc1319
2020-01-23 17:57:16 UTC,view,5774240,1487580009051717646,,,39.67,605085913,f9e2d120-eba8-49c0-bce4-cbcf8b7fecda
2020-01-23 18:06:43 UTC,view,5887256,1487580013522845895,,,3.08,605168660,f11a02ee-fe43-430d-9d88-a509edd05661
2020-01-23 18:19:20 UTC,view,5916118,1814592470537732872,,,4.43,605173277,56610ab1-56fa-48f6-a409-2d6a2cc2d5c7
2020-01-23 18:56:49 UTC,view,5910731,2187790129827939246,,dewal,3.22,494347208,6a66d592-d398-4f2a-9ecb-e02c3c193be3
2020-01-23 19:09:12 UTC,view,5856186,1487580006300255120,,runail,75.4,484855934,ec7d3a05-1be1-4c87-8d8d-dd74ae4bbd74
2020-01-23 19:35:39 UTC,cart,5869139,1783999064103190764,,cosmoprofi,6.35,540588550,e8da4141-4cf3-44ff-a710-7f7ff62d7194
2020-01-23 19:35:53 UTC,remove_from_cart,5802649,1487580005754995573,,,5.56,369972903,9d93e7d1-93f8-4c52-8221-d360d39a6d40
2020-01-23 19:36:17 UTC,cart,5814066,1487580005855658874,,grattol,2.3,500294539,6f7af336-7a51-44a0-8918-d27bb94cddb1
2020-01-23 19:41:54 UTC,view,5868868,2018395024110125980,,,9.84,541249170,953057fc-0909-428e-873c-a4dacd1017bd
2020-01-23 19:54:21 UTC,purchase,5693500,1487580007306888126,,,2.54,534530170,eb8e5246-5900-4129-9635-33f811d2f4b4
2020-01-23 20:07:39 UTC,view,5850379,1597770225539875791,,bioaqua,15.56,550246874,9fb31d87-bc92-4e58-baca-008fa741141b
2020-01-23 20:25:08 UTC,view,5858490,1487580005754995573,,,4.6,565856088,03544c11-8757-4900-b463-fa3fa159112c
2020-01-23 20:51:49 UTC,view,5921723,2115334439910245200,,,4.83,605222307,d22953d5-424c-4429-aa2b-e77b7e8d7c1a
2020-01-23 21:08:10 UTC,cart,5865796,1487580011383750769,,,2.86,505093982,11506462-5616-4724-b477-5569fe3ca573
2020-01-23 21:12:23 UTC,view,5826603,1487580008288355308,,,15.56,545025693,0fc3512e-dff4-4691-b968-c33190dfed15
2020-01-23 21:36:05 UTC,cart,5587740,1487580006551913373,,irisk,0.87,605182965,ca670d30-d118-42bc-8814-851caf6648ca
2020-01-23 22:04:48 UTC,view,5687136,1487580008145748965,,,0.48,527285942,47fb2f61-0d5a-4902-a04d-bc31f32de441
2020-01-23 22:08:44 UTC,view,5802441,2151191070908613477,,,2.16,605233623,97365075-226d-4ae3-bb31-fad4f64c2df6
2020-01-23 22:09:19 UTC,remove_from_cart,5908201,1487580007675986893,,,1.43,476450673,afeaa78d-d746-414e-a9f1-d2b7e1df86e8
2020-01-24 02:56:54 UTC,cart,5906172,1487580013388628160,,runail,2.7,498819459,dd09e5a7-8eb5-4612-8938-f91249dacf77
2020-01-24 03:28:54 UTC,cart,5846403,1487580006551913373,,lovely,3.16,498819459,dd09e5a7-8eb5-4612-8938-f91249dacf77
2020-01-24 04:37:05 UTC,view,5853650,1487580010872045658,,,0.79,604743387,71f5a686-cf45-456f-95d8-dc7405a88395
2020-01-24 05:49:33 UTC,cart,5896507,1487580008246412266,,concept,7.86,601951286,a691b376-7b57-468f-af24-fe5780da6453
2020-01-24 06:15:17 UTC,purchase,5810037,1487580005092295511,,,8.73,599755739,6081f166-1f7c-431b-a279-afe04a03868a
2020-01-24 06:25:57 UTC,view,5816172,1602943681873052386,,grattol,5.24,331251142,e8335861-7f57-6cdf-291b-6e27dacc3782
2020-01-24 06:30:15 UTC,purchase,5732018,1487580007281722301,,domix,2.52,503749995,759edcce-68e0-4d5a-aefb-a2f80f2c8af4
2020-01-24 06:56:05 UTC,view,5862564,1487580008145748965,,roubloff,1.71,605323812,4f3fa3d0-701b-4e2c-b7c4-fad99d3c8ae5
2020-01-24 07:09:51 UTC,cart,5698282,1977575787259232875,,art-visage,1.98,593277928,64528d07-f25b-bd4e-9eeb-f8076b9ff922
2020-01-24 07:16:57 UTC,remove_from_cart,5723268,1487580010872045658,,ingarden,1.57,520115348,576b2a4d-d789-4caf-91c3-6f0df286285f
2020-01-24 07:21:53 UTC,remove_from_cart,5304,1487580009471148064,,runail,0.32,438624619,36115120-14c3-4050-ae7a-a2534c8e8c6d
2020-01-24 07:38:29 UTC,cart,5646937,1487580005511725929,,,5.56,596919918,9bb94b56-363a-4f54-9d48-4bc2192c0dc4
2020-01-24 08:36:29 UTC,view,5704385,1487580008246412266,,estel,6.11,466915588,c2648954-254d-46eb-9f13-ab8faddb2017
2020-01-24 09:07:19 UTC,remove_from_cart,5772466,1602943681873052386,,grattol,4.76,523171212,f9dc4a93-05de-4a1c-aff5-733c0e2a0c8c
2020-01-24 09:11:45 UTC,remove_from_cart,5751422,1487580005268456287,,uno,10.95,424418878,74e6b286-b0c3-424e-a86f-5299d0f402a5
2020-01-24 09:19:52 UTC,remove_from_cart,5913641,1487580008112194531,,dewal,3.05,556323016,ff880ef2-c4a8-49f1-9bab-1d4a17bd57e0
2020-01-24 09:25:16 UTC,view,5899856,2115334439910245200,,,4.46,587840983,426bfe69-4365-498f-8e8e-c68571ba2574
2020-01-24 09:53:32 UTC,cart,5809912,1602943681873052386,,grattol,5.24,595199161,50fe66ac-a026-4c97-8af9-8982d4783f6b
2020-01-24 10:00:47 UTC,cart,5799882,1487580010821714008,,,0.63,495194136,5c57f90d-fc27-1dfe-786e-e52d57bf30e9
2020-01-24 10:13:53 UTC,view,5809910,1602943681873052386,,grattol,5.24,593779707,1e43210c-eb1c-41cd-aa63-8a53b60f4de5
2020-01-24 10:25:18 UTC,view,5700039,1487580009286598681,,runail,0.29,501038163,1ca81316-7985-412b-b50f-cfd8b65f1fd6
2020-01-24 10:42:53 UTC,remove_from_cart,5754853,1487580005092295511,,,10.63,493746825,4ea68b2c-b3e4-411a-80a6-9d8329d3484f
2020-01-24 10:51:44 UTC,view,20843,1487580008347075566,,sophin,5.24,409285529,a46a7c8a-e749-4512-90a4-ee866b8bc912
2020-01-24 10:51:56 UTC,view,5816919,1858245586344477369,,kaaral,23.33,602508417,6bacadf2-3519-408c-8f7a-61330c28f88f
2020-01-24 11:02:51 UTC,view,5790563,1487580008263189483,,,7.14,605432891,0412dc31-c628-4ec9-ae52-a734ba603c18
2020-01-24 11:08:48 UTC,view,5784078,1487580010872045658,,,0.79,391441403,6b30b2c6-dc01-4ad6-b20d-5cf5a0810f69
2020-01-24 11:36:19 UTC,view,5875508,1487580005092295511,,,2.3,605415574,0d0d71b2-6aa2-4265-89db-e87b0fee411d
2020-01-24 12:41:05 UTC,cart,5845647,1487580007852147670,,yoko,22.0,568526079,d6dd1a28-e9e9-4432-b258-9e837fd1b71d
2020-01-24 13:04:26 UTC,view,5758948,1487580005067129686,,,2.38,605482864,d6526998-8196-4e1f-b844-6b3fecf21899
2020-01-24 13:19:33 UTC,purchase,5735217,2195085255034011676,,domix,0.68,604046345,99e58515-cc15-4607-8dae-2859fa1d730b
2020-01-24 13:45:21 UTC,view,5703538,1487580013145358517,,art-visage,3.89,106245920,c62c9138-8513-47e7-a7cd-2506818b12cf
2020-01-24 13:51:26 UTC,view,4961,1487580008145748965,,runail,2.7,483155204,9d4e6586-ea76-4df8-9b0a-4835d3486019
2020-01-24 14:03:34 UTC,purchase,5676828,1487580008246412266,,estel,7.3,605227731,b5651b44-ec8f-f464-300f-6ca6a2cab95c
2020-01-24 14:08:02 UTC,view,5589,1487580006132482952,,runail,4.84,605519028,7985c2c2-4f83-4a54-96ae-9b0afd2291e0
2020-01-24 14:12:38 UTC,view,5788779,1487580013069861041,,italwax,18.25,533612144,2214cc49-5b16-4bc7-be09-af20c8021ae1
2020-01-24 14:43:02 UTC,remove_from_cart,5550302,2195085255034011676,,,1.21,594921456,e5141784-2b25-41d8-9170-8259817b9f75
2020-01-24 15:03:54 UTC,view,5730211,1487580005268456287,,,10.32,528874321,8ce5bf51-02fa-4348-be5e-0714fd1bd677
2020-01-24 15:23:17 UTC,remove_from_cart,5729864,1487580006509970331,,,0.41,602947929,0b750f11-a7d9-4a60-9d4b-b224b2dd1be4
2020-01-24 16:06:27 UTC,view,5806452,1487580004916134735,,,4.29,605534362,6e12f8ff-21ea-46ff-bc9f-c6ef5e40b0f5
2020-01-24 16:30:15 UTC,cart,5869134,1783999064136745198,,cosmoprofi,6.35,605574041,5d468f2e-af56-4b2e-a676-880099bf96c3
2020-01-24 16:33:20 UTC,cart,5801306,1487580005511725929,,,5.08,598649312,f520c474-9520-4a01-87b5-a2ef2a5bf7c1
2020-01-24 17:06:27 UTC,purchase,5842760,1487580012121948301,,kinetics,41.11,448332092,73e4d099-b9d7-4a75-93ce-5c6807e9ab7c
2020-01-24 17:28:16 UTC,view,5649174,1487580005511725929,,,4.27,605131044,5dddaa9f-a601-4f32-9004-f9675e412ce6
2020-01-24 17:36:24 UTC,view,5917178,1487580013950664926,,,16.35,417302791,9b5fda9a-bc94-4411-9ae2-16739186b1d1
2020-01-24 17:37:18 UTC,view,5814086,1842735758805303837,,beauty-free,2.37,526044493,7e4cc150-1180-cdf4-1a8d-cf5f68a29bf4
2020-01-24 17:54:04 UTC,view,40101,1487580011383750769,,swarovski,1.86,605603557,b3af9d34-29d0-4eff-b7b8-7662d1db9c94
2020-01-24 18:03:32 UTC,remove_from_cart,5770861,2035665444290953519,,,5.24,501533859,8b0f2c4f-51e9-4402-89e6-515f5c8c8aa7
2020-01-24 18:24:01 UTC,view,5906118,1487580007675986893,,bpw.style,1.27,391848429,f853d4a7-81b0-4fee-9b68-bf4549ecb71a
2020-01-24 18:47:29 UTC,remove_from_cart,5913046,1487580006962955182,,ingarden,3.56,531223355,70d96d1c-fd0c-439b-ac9e-b389332da37f
2020-01-24 19:01:21 UTC,remove_from_cart,5622687,1487580007281722301,,severina,1.81,594877178,e340a354-5aa9-4bb3-83c1-b9394b7d7173
2020-01-24 19:08:38 UTC,cart,5830535,1487580005671109489,,masura,1.73,488587118,b10d4e54-675b-43c1-adf8-1699696f97df
2020-01-24 19:09:38 UTC,cart,5813060,1487580005671109489,,masura,1.73,488587118,b10d4e54-675b-43c1-adf8-1699696f97df
2020-01-24 19:30:31 UTC,view,5659919,1487580006409307030,,airnails,2.86,533254899,b16b5f12-bd46-4aea-b670-76f83e3816f1
2020-01-24 20:32:55 UTC,view,5817702,1487580009496313889,,,0.63,537472193,b73d21ef-34fe-418d-ac01-3c44932c7bf2
2020-01-24 20:41:51 UTC,cart,5793077,1487580007776650194,,,0.79,584486794,db790cc2-9044-43a6-b85f-270a17732207
2020-01-24 20:48:07 UTC,cart,5695950,1487580007575323592,,,1.43,543383084,b77a5539-66eb-4f5d-952d-4595bb386134
2020-01-24 20:55:31 UTC,view,5885863,1487580007852147670,,,3.81,605664241,5272f357-3d66-4b86-ac93-e3c75bc3542d
2020-01-24 21:06:31 UTC,remove_from_cart,5835377,1924049106385240809,,,4.13,506503594,274cad63-5346-41d3-acba-b070bf8e6d5d
2020-01-24 21:24:58 UTC,cart,5900467,2151191071378375538,,,3.81,523740630,cfdeba87-440a-445d-8d41-57ff946a6ea2
2020-01-24 21:31:37 UTC,purchase,5875296,1487580005092295511,,,7.22,597926181,6f6039a5-1939-4d7b-ad41-3a188afbcb9f
2020-01-24 21:39:15 UTC,cart,5784109,1487580005671109489,,masura,2.84,445777038,3fde3b34-e72e-4bd6-b3c9-3c95cbe85ecf
2020-01-24 22:13:20 UTC,cart,5821094,1487580005754995573,,,4.44,537624782,d94e4083-d2e1-4167-8a3c-78c3e638a7cf
2020-01-24 23:25:44 UTC,cart,5883809,1487580008347075566,,,3.81,563821252,fb59a843-a1d4-48ea-974a-808f43eef0b0
2020-01-24 23:41:05 UTC,cart,5820776,1487580006317032337,,,3.97,526194260,beb36f94-8ef9-4f01-a134-200c07a89fbd
2020-01-25 00:11:30 UTC,view,5852395,1487580005713052531,,ingarden,4.6,604813223,bbf9f3b5-bebe-4bc9-ab91-ee63f64d5bd1
2020-01-25 00:12:56 UTC,purchase,5853689,1487580008800059394,,masura,6.97,490702199,5dfd8a68-be88-48a1-b4ee-4a1b0c8f99cd
2020-01-25 00:43:16 UTC,view,5855282,2195085255034011676,,severina,1.73,605701235,13a3b3b7-fb1d-440b-911d-8433da0e4833
2020-01-25 02:29:14 UTC,remove_from_cart,5847252,1487580005671109489,,masura,1.73,565373457,c178149d-2ce9-4074-a1d2-ec20dd822eff
2020-01-25 04:00:12 UTC,view,5784898,1487580009143992338,,,1.78,557679544,842162af-7ae7-4b8a-bf49-cc4e6d8d7c94
2020-01-25 05:09:21 UTC,view,5677043,1487580008246412266,,estel,13.33,506445736,abd4387f-a7cd-4e92-b241-6a8ffdf34897
2020-01-25 05:33:58 UTC,remove_from_cart,5839651,1487580005671109489,,masura,2.37,534274053,c2de6f14-ffd8-46f3-b01c-a6dd1384df5f
2020-01-25 05:34:40 UTC,view,5824803,1487580009521479714,,domix,4.25,565717811,2eb619e3-3aa6-41f0-b784-b3f2d1deeb3b
2020-01-25 05:58:39 UTC,view,5812466,1487580008347075566,,kinetics,7.14,131716474,33be4eaf-929e-47c1-bc25-7d37df6b65a5
2020-01-25 06:20:06 UTC,view,5877392,1487580005671109489,,masura,1.73,586239610,1088890b-a92a-4c42-8ba1-8fc1fe991392
2020-01-25 06:54:15 UTC,view,89343,2193074740619379535,furniture.living_room.cabinet,,299.81,550521163,49c84540-7e88-45c2-b5fa-fff4aea96204
2020-01-25 07:49:43 UTC,view,5743912,1487580011652186237,,,3.97,599939664,10cc6cd5-e13b-76ac-3ecd-9a5c7096078e
2020-01-25 08:55:42 UTC,remove_from_cart,5868458,1487580013069861041,,italwax,3.25,539101992,86601c70-5f29-4f65-a1b7-95250b6e48f6
2020-01-25 09:27:50 UTC,cart,5861470,1487580013841613016,,farmavita,6.0,443804362,f41597d5-5f05-4728-b08a-4ba3b773d9e7
2020-01-25 09:35:42 UTC,cart,5864794,1487580005595612013,,,2.4,555667465,a1b2a844-18f8-4abd-94dd-c5eb8d14bbe8
2020-01-25 09:37:44 UTC,cart,5864805,1487580005595612013,,,2.4,605834154,745ce905-1085-4330-9b23-5a6514a23008
2020-01-25 09:38:15 UTC,cart,5835704,2151191070908613477,,runail,6.11,356336080,20ca2167-8261-4210-b31e-f4545d5209f1
2020-01-25 10:09:17 UTC,view,5830628,1891434351850160381,,lsanic,20.89,534006348,086f84e3-5c2b-427e-9d06-e809bec25263
2020-01-25 12:21:25 UTC,cart,5857306,1487580005134238553,,runail,2.62,537539243,67f96803-6c20-4866-8020-20d1be28d13d
2020-01-25 12:34:13 UTC,cart,5801486,1487580008246412266,,kerasys,10.16,590024778,f1527dcb-b528-4756-9156-345d92cfcb00
2020-01-25 12:37:02 UTC,view,5887279,1487580013254410426,,,2.57,463754959,61559cfa-ac77-43d6-81f1-bc28273bb34e
2020-01-25 12:37:41 UTC,view,5893070,1487580005134238553,,runail,3.97,306078644,918b614d-ad03-4ad7-ba05-de64d10621f3
2020-01-25 12:39:30 UTC,view,5678162,1487580007524991942,,,2.38,605906647,f64ac68e-94c7-409d-aa69-1b467380b167
2020-01-25 12:41:15 UTC,view,5869135,1783999064136745198,,cosmoprofi,19.05,605907349,c959eb85-19c6-442e-8067-1d331023ea3c
2020-01-25 12:45:38 UTC,view,5662460,1487580009311764506,,irisk,0.63,587341564,de2a4a4b-817b-b5b8-1dc2-ab302675427a
2020-01-25 13:19:11 UTC,view,5823666,1487580013841613016,,kapous,6.89,560166367,41b37687-1ba3-40db-ab9d-d2a5b1212925
2020-01-25 13:22:00 UTC,cart,5916310,1487580007675986893,,,1.43,542234922,e360d669-3f9f-4aef-8900-ddbb64acca09
2020-01-25 13:23:39 UTC,cart,5820708,1487580006317032337,,,2.22,605918141,f7c721d4-956a-408e-b273-42fcf03b0b3d
2020-01-25 13:38:24 UTC,cart,5789668,1487580005595612013,,,1.98,397008197,667a7810-1991-46f9-8c94-7f4923ce3cc3
2020-01-25 15:25:38 UTC,remove_from_cart,5723502,1487580005134238553,,runail,2.62,234651934,45adeb74-c22c-44dc-b29f-a7228ba4804c
2020-01-25 15:33:03 UTC,view,5867160,1487580006300255120,,domix,74.22,605973126,ad37ce1d-4952-47eb-9dbe-4b55684c8d76
2020-01-25 15:42:27 UTC,view,5622690,2195085255034011676,,,1.89,595746142,907f471e-f73d-4704-a272-9c2f0c3e6dee
2020-01-25 15:52:42 UTC,view,5714897,1487580005511725929,,,4.27,604850939,02600810-a4ee-4c17-b7af-06b20394b62d
2020-01-25 16:13:32 UTC,view,8078,1487580006585467807,,,41.56,566422086,a8ad761c-267f-4b3e-9052-aa5696aab809
2020-01-25 16:18:40 UTC,cart,5760789,1487580005134238553,,runail,2.62,605616662,20441f23-1f8d-4b63-b6ff-58d8ceae8701
2020-01-25 16:40:55 UTC,view,5726198,1487580005595612013,,,3.0,471593792,8d09364b-067a-4ff3-b564-f279673ac184
2020-01-25 16:45:03 UTC,view,5861386,1487580013522845895,,,3.97,446956550,c8d31d33-565d-49c0-b78b-d095cf3aee14
2020-01-25 17:01:43 UTC,view,5769910,1487580013841613016,,kapous,3.65,519888774,0ca3e19e-3e80-4afd-847c-7c00d060cd48
2020-01-25 17:03:47 UTC,remove_from_cart,5735268,1487580005268456287,,haruyama,3.97,485676003,79439182-3873-49aa-b0fa-e6d503820b4e
2020-01-25 17:16:05 UTC,cart,5809210,1487580007675986893,,bpw.style,1.43,564118805,d4c29c7c-a7c2-4293-b69e-f832231ff506
2020-01-25 17:22:26 UTC,remove_from_cart,5908751,1487580007399162817,,,3.17,249268373,3d9ee169-bd1a-455e-b6a7-61ff4d11f989
2020-01-25 17:29:51 UTC,cart,5645617,1487580005411062629,,cnd,16.03,606019502,6009a404-ece2-4b84-9207-da8f45f3c5c9
2020-01-25 18:07:00 UTC,view,5863849,1542195323827388674,,missha,40.16,606034234,2d0c540a-a168-4ce7-8813-d7a931912a15
2020-01-25 18:14:54 UTC,cart,5751742,1487580005092295511,,,14.6,547531519,9f6ac989-b621-43e0-9d36-03e5b7a20ce5
2020-01-25 18:22:40 UTC,cart,5916336,1487580007675986893,,,1.43,602087303,d0a0f117-d9ab-4c81-b7bd-5ad431b9d683
2020-01-25 18:52:10 UTC,cart,5916959,1487580007675986893,,,1.43,527021202,bcccb8be-a4a5-49ac-b61c-85b7d193e96f
2020-01-25 18:52:57 UTC,view,5819639,1487580008162526182,,,30.78,606052016,bf0aee0b-e0f7-4e65-a766-12b62908fb78
2020-01-25 19:09:26 UTC,view,5599779,1487580006962955182,,irisk,4.6,539691934,c4334270-f15d-4ada-8f2d-e80e83b03eef
2020-01-25 19:35:00 UTC,cart,5813288,1842735760499802745,,kinetics,9.44,606065388,6dc236df-6ff5-47ea-bcc6-aa36ce0f1b98
2020-01-25 19:41:42 UTC,view,5889105,1487580005268456287,,,3.97,606059089,2ed90ab9-36d7-4723-ab4f-93cb69a49bc2
2020-01-25 19:52:01 UTC,remove_from_cart,5564074,1487580005855658874,,ingarden,2.38,458250224,859958b6-a16d-4491-8477-2a1dcc8ab6d4
2020-01-25 20:00:29 UTC,view,5739055,1487580008246412266,,kapous,4.75,601868022,b2318024-28ca-4e77-b6ee-2a8aa10c5f3a
2020-01-25 20:15:23 UTC,remove_from_cart,5676783,1783999067156644376,,estel,7.94,513882289,1fd0934b-85d3-49ba-a8b2-98903107e1ea
2020-01-25 20:32:11 UTC,cart,5881775,2084144451428549153,,,2.05,602998644,f8725ebf-1cc7-488d-84c1-8a42bf131867
2020-01-25 21:19:48 UTC,view,5861820,1487580007634043851,,de.lux,1.27,602929953,990270c2-b478-406a-9eec-0a04317714df
2020-01-25 22:10:56 UTC,cart,5794152,1487580005671109489,,masura,3.95,583939746,ab795fcd-cc96-4a6d-85e5-649829186236
2020-01-25 23:17:41 UTC,cart,5823535,1487580004916134735,,,5.22,548503528,c221729f-9a5f-478a-984d-2e26871a28be
2020-01-25 23:19:36 UTC,view,5773329,1487580005134238553,,runail,2.62,606123493,f6084dc6-fbbe-426c-a897-ae80df87dccf
2020-01-26 01:20:17 UTC,view,5742957,1487580009387261981,,,3.81,578436477,cc59b416-9da2-4313-b58e-1adbf74c64f8
2020-01-26 02:30:03 UTC,view,5690225,1487580013841613016,,estel,2.62,602674273,5eda1825-1412-4890-922d-3c0751a4326b
2020-01-26 03:39:40 UTC,cart,5820708,1487580006317032337,,,2.22,585502919,b9bec3f1-a831-93d9-877e-2ca0622d6e98
2020-01-26 04:15:25 UTC,view,5878923,1487580007256556476,,,8.1,556967499,53e9a6e4-d1af-4a3b-a935-ae3ff457a392
2020-01-26 06:38:29 UTC,remove_from_cart,5860165,1487580011585077370,,,0.78,599413515,b1455c4f-fb3f-4b4e-8ad0-8faea6985ca4
2020-01-26 07:11:06 UTC,view,5921835,2115334439910245200,,,4.95,530268993,5824a5fb-3ba0-45d0-96f3-f6faaac11694
2020-01-26 07:40:45 UTC,view,5812128,1542195323827388674,,art-visage,4.73,598487063,ab74c5c6-e8a5-42c8-bf4a-4dc71f9bd43f
2020-01-26 07:42:02 UTC,view,5751218,1511892746070131099,,uno,9.37,606217054,8244ea46-66d8-4c50-a89e-42f118863a3e
2020-01-26 08:34:08 UTC,view,5840033,1783999071325782053,,irisk,2.38,606236103,c1f80b56-9ade-41e1-9233-d984ceb1e7ae
2020-01-26 09:02:29 UTC,remove_from_cart,5877392,1487580005671109489,,masura,1.73,604565259,0ee9b7ee-7748-43cb-a341-0c3e5f8f84dc
2020-01-26 09:12:05 UTC,view,5809220,1487580007675986893,,bpw.style,1.27,486610563,e14aaca9-a08f-0b80-1704-58dba52e4a99
2020-01-26 09:25:21 UTC,view,5612762,1487580012994363565,,,9.52,606255787,decb0ce9-5767-4109-9ea2-06975cb246e9
2020-01-26 10:19:08 UTC,view,5870296,1487580013950664926,,estel,3.97,606277869,bfde61a1-2cb2-4621-8297-69b8ee08d848
2020-01-26 10:38:23 UTC,cart,5857361,1487580008145748965,,runail,1.51,589426643,441b408f-2b24-b34a-f8a0-48aedd4d65ff
2020-01-26 11:29:41 UTC,cart,5884012,1487580008347075566,,,3.89,406825848,e0374b14-cb7d-408f-920c-e7a0d43c6067
2020-01-26 11:47:06 UTC,cart,5764989,1977575787259232875,,,3.97,606308720,61f43bca-ce9a-42de-86cf-b00b2fcd7c05
2020-01-26 12:28:43 UTC,cart,5912329,1487580005754995573,,,5.56,606323757,26e7b6ef-0ee9-4799-a7ef-a04e7c74b066
2020-01-26 12:47:10 UTC,remove_from_cart,5837642,1487580005092295511,,,10.32,602941053,4eda3e43-bf06-403a-8992-2a2936b255bb
2020-01-26 13:01:31 UTC,purchase,5809910,1602943681873052386,,grattol,5.24,605474838,f31bbf3c-628e-4c26-9023-65b625a73200
2020-01-26 13:30:15 UTC,view,5877599,1487580007675986893,,bpw.style,1.27,524084300,ff9cfe1b-3522-4ac8-a17f-163980939faf
2020-01-26 13:35:50 UTC,view,5912472,1487580013824835799,,dewal,0.54,606345971,419050f6-9f07-4824-8ff8-00e8023bbc39
2020-01-26 13:41:29 UTC,view,5753400,1487580013069861041,,italwax,2.68,606355863,fbad1d82-a958-4b11-995b-8124c7f91130
2020-01-26 13:57:07 UTC,remove_from_cart,5859410,1487580005671109489,,masura,2.37,577025266,ce20c3d3-49d7-44cd-bbf2-b4e116483bdc
2020-01-26 14:00:59 UTC,view,3806,1487580005411062629,,cnd,16.03,467259441,acb39ea5-5f2e-4aad-9f59-84c1bcee6907
2020-01-26 14:02:00 UTC,view,5798056,1638456119066100510,,pole,5.56,524444085,72d8bf1e-887f-442c-8c10-b642c36f4711
2020-01-26 15:02:24 UTC,view,5861282,1487580005092295511,,lovely,10.95,525616993,60bc937b-f71b-4d76-a4f8-80c7f61a4d0c
2020-01-26 15:08:00 UTC,cart,5773181,1487580005134238553,,runail,2.62,603180044,68f6beca-8848-4c3d-a65f-965a8f8824ae
2020-01-26 15:21:18 UTC,cart,5700037,1487580009286598681,,runail,0.4,567560629,ab777cd2-0e98-4799-a688-cec34d68bb7c
2020-01-26 15:42:37 UTC,remove_from_cart,5697536,1487580006409307030,,airnails,2.86,490707725,dcd75351-3b9d-4f2a-b9b9-8030cabd143f
2020-01-26 16:25:15 UTC,cart,5744187,1487580011534745720,,,1.89,590117448,0ccbd981-719a-48bb-bc00-dfa682ab83f8
2020-01-26 16:25:45 UTC,cart,5804161,1487580005671109489,,masura,3.95,606415526,a389262e-24f8-40a5-b134-e6385406beac
2020-01-26 17:01:47 UTC,view,5809910,1602943681873052386,,grattol,5.24,562675767,7eafaa73-a067-427b-9a9e-8a66dfed05db
2020-01-26 17:11:03 UTC,remove_from_cart,5859471,1487580005671109489,,masura,3.95,546864525,8c2095fd-3737-48d5-902f-c1245c344d25
2020-01-26 17:15:00 UTC,cart,5865725,1487580011585077370,,farmstay,0.95,510421223,244f242d-cc37-4690-8305-680cdb11f65b
2020-01-26 17:15:55 UTC,remove_from_cart,5921391,2007399943458784057,apparel.glove,benovy,7.16,487251557,7144ec92-b652-461f-8996-b94d135f4e58
2020-01-26 17:23:19 UTC,remove_from_cart,5696177,1487580005134238553,,runail,2.38,538166128,a585f6ba-7868-4283-a06c-ea3fa4b110f6
2020-01-26 17:26:15 UTC,cart,5835041,1487580005268456287,,,7.46,598394544,7122a8c6-67ec-4a2a-811d-5eeabfa7ad97
2020-01-26 17:31:37 UTC,remove_from_cart,5746440,1487580005754995573,,,4.44,504573797,f4a3176a-f1af-45a7-884c-766c6e411053
2020-01-26 17:42:13 UTC,view,5329,1487580009445982239,,runail,1.11,606456294,90833d75-a525-46e3-9733-21b32e042455
2020-01-26 17:55:14 UTC,cart,5875791,2084144451428549153,,,2.05,479408028,6fff9ad6-58e9-454e-acc9-d629178f2a73
2020-01-26 18:07:41 UTC,remove_from_cart,6819,1487580013011140782,,,12.54,606464236,bb14c0d6-5c36-4a0f-881a-13ee21ba7ecb
2020-01-26 18:12:39 UTC,purchase,5712804,1487580008112194531,,jaguar,3.25,315466646,d922f282-90d7-b39a-1dfe-9dcec1f41638
2020-01-26 18:16:56 UTC,remove_from_cart,5899850,2115334439910245200,,,4.46,605853910,cdcb785d-ae13-4873-a64f-55dee15e9d54
2020-01-26 19:10:22 UTC,view,5824130,1487580005092295511,,,12.7,465483396,d2c174f6-cb84-412d-a372-914a79ffe3da
2020-01-26 19:11:52 UTC,view,5694153,1487580007952810971,,yoko,17.78,555776914,6c1f34aa-3bb5-43d6-baea-50ce740517e3
2020-01-26 19:15:15 UTC,cart,5885390,1487580007675986893,,bpw.style,1.27,525732675,111d6134-87ad-4d97-8bec-06618868aa3a
2020-01-26 19:24:50 UTC,cart,5834740,1487580009445982239,,,3.17,528827901,8acb6868-c244-4b3f-9e51-b7f71f301db3
2020-01-26 19:47:26 UTC,view,5920560,1487580010561667147,,,7.94,550499459,c37dde8d-cbd4-4ae5-ab8f-7b804a819c0c
2020-01-26 19:48:38 UTC,view,5848040,1526733091857498510,,,8.73,495179656,da47959a-cb83-478c-a2f5-ba56d0262b8d
2020-01-26 20:03:52 UTC,cart,5759361,1487580011585077370,,estelare,1.9,543833115,e6705825-142f-4b26-a699-5ec2b617970e
2020-01-26 20:11:30 UTC,view,5808547,1487580008313521133,,kapous,3.81,584695871,58b92fbd-12ca-df82-1c7b-be3d4a233eba
2020-01-26 20:26:57 UTC,cart,5686925,1487580009311764506,,,0.35,516533903,db0b9560-2e4c-4658-ab38-16c4aeb99a56
2020-01-26 20:59:32 UTC,view,5899968,1487580011585077370,,kocostar,2.86,321326377,a2e4ca96-1ff5-4767-92c5-18a78a83b8c5
2020-01-26 21:08:05 UTC,view,5680443,1487580013841613016,,estel,5.24,606530126,8d716b70-c675-462c-ba0f-a1a9555cc2b2
2020-01-26 21:14:29 UTC,remove_from_cart,5875428,2084144451428549153,,,2.05,518112341,ae44865d-b732-44b9-b0a7-70fa5bd282ae
2020-01-26 22:04:39 UTC,remove_from_cart,5619869,1487580005134238553,,runail,2.86,586656704,2ad15c44-048c-160c-5dbb-4e6df058aa55
2020-01-26 22:06:06 UTC,view,5914130,1487580008112194531,,dewal,2.98,606544028,11903531-b58e-4c95-9569-b08f8cc3e72f
2020-01-26 22:29:00 UTC,remove_from_cart,5754148,1487580007936033754,,yoko,6.03,409083724,1bc8225c-ed65-468e-a623-336a0e28544a
2020-01-26 22:42:08 UTC,view,5013,1487580008145748965,,runail,1.27,525850187,e4da2d7c-3915-441c-a9d7-b812ecdfdb49
2020-01-26 22:46:06 UTC,view,5814520,1487580005092295511,,runail,4.44,415863710,4bc12751-24f4-4a70-a691-32498ec16d95
2020-01-26 23:03:25 UTC,remove_from_cart,11708,1487580006132482952,,entity,3.4,594345494,b273e49a-faa6-4571-9574-6891cbea3343
2020-01-26 23:49:35 UTC,remove_from_cart,5726464,1487580005268456287,,,5.56,580627889,a9aa5866-a1f7-4cfe-beb8-9ee4a04963f2
2020-01-27 00:33:52 UTC,view,5857002,1487580011098538083,,runail,1.9,554415051,ef4429b1-cdd3-441a-a80e-e111e7e6af17
2020-01-27 01:42:22 UTC,view,5809910,1602943681873052386,,grattol,5.24,606574312,e63578a0-8e00-465b-93eb-8680159cc1a7
2020-01-27 02:56:24 UTC,remove_from_cart,20894,1487580011996119176,,ingarden,4.6,604695939,10072876-3845-4c82-a63a-9dfe370c18d6
2020-01-27 03:03:00 UTC,view,5859317,1487580005511725929,,,5.56,606588804,703eb97d-fedc-4ce8-a67c-8cc76435e093
2020-01-27 03:47:04 UTC,cart,5870974,1487580008800059394,,masura,3.79,567796965,17f25e55-aa50-4834-8096-ecabc1096c5b
2020-01-27 04:37:07 UTC,view,5649277,1487580005511725929,,,5.56,572388197,4e267faf-9238-4026-8143-e48c7653de21
2020-01-27 04:48:11 UTC,remove_from_cart,5627739,1487580007634043851,,ingarden,1.27,396963010,05644515-baaa-4baf-824a-c6814d90f52c
2020-01-27 05:00:33 UTC,view,5896420,1487580006300255120,,jessnail,49.21,544487741,5e64510c-83be-4aca-a06e-44f4fa155afc
2020-01-27 06:21:02 UTC,cart,5567930,1487580005595612013,,,3.0,606264179,f1c939d2-fc2c-4103-90eb-d18e76d44c41
2020-01-27 06:22:16 UTC,view,5700855,1487580013950664926,,irisk,63.41,606634445,c2fde5e1-0b2e-4816-bc9a-c20a14864827
2020-01-27 06:23:14 UTC,view,5903793,1487580007675986893,,,1.59,435289288,61f49fea-196e-428c-922e-da1e848b697c
2020-01-27 06:33:04 UTC,view,5803700,1487580011627020412,,,21.11,562817002,b2fc2f17-86a9-48ca-bbb4-d8427c90de03
2020-01-27 07:38:11 UTC,view,5777428,1487580008246412266,,lakme,13.17,541380348,443b5361-4a3b-4b0f-be81-0917490a1c0f
2020-01-27 07:46:58 UTC,view,5872988,1783999072332415142,,,15.71,606664892,ef464bc9-b108-471c-b3e5-8e4a5de650ab
2020-01-27 07:51:46 UTC,cart,5887264,1487580013229244601,,,2.76,606638374,650ce1ee-ce59-48e8-bbe9-aae42bfdae2f
2020-01-27 07:53:07 UTC,cart,5599831,1487580011383750769,,swarovski,2.06,454428867,4ab393ee-5a80-43e1-b2ae-9b933cdd6805
2020-01-27 07:53:57 UTC,view,5884033,1487580008347075566,,,4.06,420629880,76a06fcc-aa9a-42e0-95f6-f8f3db37b368
2020-01-27 08:20:15 UTC,view,5830635,1891434351850160381,,petitfee,19.27,569199487,969eedaf-89b4-4185-88a4-650cdad7df25
2020-01-27 08:31:52 UTC,remove_from_cart,5897913,1487580011585077370,,,5.71,596732136,71a89f48-71b2-d787-f57c-75b5b8289670
2020-01-27 08:36:43 UTC,cart,5751383,1487580005092295511,,uno,10.32,601262736,a94d82ff-94f1-4d57-aa1c-fcdde232c891
2020-01-27 09:01:29 UTC,remove_from_cart,5686079,1487580008145748965,,,0.51,542873035,342db60b-9dc2-4f0a-bc0d-9baff7f07db0
2020-01-27 09:06:43 UTC,remove_from_cart,5878923,1487580007256556476,,,8.1,590187262,6b56c10b-eb3b-497b-af83-b85b005a87d0
2020-01-27 09:14:38 UTC,cart,5810157,1487580009445982239,,irisk,1.43,606671845,2e53f7ea-f7ab-48e7-a72d-595f5c997e5f
2020-01-27 09:18:36 UTC,view,5848656,1921723491720102387,,,5.71,606701034,f2815b19-456a-4e7f-a2e4-c864d57edb44
2020-01-27 10:28:09 UTC,purchase,5809910,1602943681873052386,,grattol,5.24,433636815,ddaffd25-ce35-fed5-b607-a1ba0805bd5e
2020-01-27 10:33:14 UTC,view,5896028,1487580012373606546,,,3.35,419246960,119a21a3-8ec3-4cf6-92bf-4e348f81decb
2020-01-27 10:36:24 UTC,view,5915375,1487580013388628160,,relouis,5.94,543057950,e686bf09-860a-46b5-ad0a-e9372fb3a5d5
2020-01-27 10:40:50 UTC,view,5828711,1487580010125459512,,solomeya,1.75,562400323,b9d252ff-b28c-416f-85d7-9b44a8450e4f
2020-01-27 10:42:03 UTC,view,5802165,1487580009143992338,,kapous,5.56,441528987,09e32b37-222f-4275-8954-e7bd2a88ff60
2020-01-27 10:46:59 UTC,remove_from_cart,5823915,1487580007432717250,,milv,1.59,480712750,68b9a00e-41a0-4c6a-90a0-d1969bed7a69
2020-01-27 11:14:27 UTC,cart,5757701,1487580013430571202,,,2.38,606701446,8b04f358-18d2-430d-b17a-91b2ed6f1852
2020-01-27 11:14:45 UTC,view,5917178,1487580013950664926,,,16.35,359425101,938a0611-c928-43d3-a1eb-f4f50b48c5b7
2020-01-27 11:19:43 UTC,remove_from_cart,5829287,1487580011585077370,,eunyul,0.95,599312902,8fa985f1-18b8-4849-9c3d-562461898d0e
2020-01-27 11:23:38 UTC,cart,5819230,1487580005713052531,,ingarden,4.6,460680065,e02041ca-4348-4f40-b6c4-538e15e3d8fd
2020-01-27 11:23:43 UTC,purchase,5829157,1487580011652186237,,farmstay,7.27,599413515,1a1bf9df-4571-4a00-8852-62b71e75458d
2020-01-27 11:34:57 UTC,view,5678116,1588205336064425989,,estel,10.63,598011433,2d85fcce-86d7-4bc1-95a0-c24e72c661da
2020-01-27 11:46:08 UTC,view,5864475,1597770225539875791,,,15.87,525936333,bd044df7-b9f0-1e22-9b34-7a986e40bc7e
2020-01-27 11:59:42 UTC,cart,5915333,1487580013212467384,,dermacol,8.25,602233914,2af6fc59-ca7a-4d9c-bf8d-cc81021cc1f4
2020-01-27 12:02:05 UTC,cart,59984,1487580009227878422,,,7.14,479934434,f3485e17-0628-453d-af21-31993d3350dd
2020-01-27 12:02:32 UTC,remove_from_cart,5713562,1783999064103190764,,,12.54,606766449,88370460-cd9a-49e5-a711-9b82578f12eb
2020-01-27 12:04:59 UTC,view,5723509,1487580005134238553,,runail,2.62,471221429,adc4d10b-c633-478a-aafc-804fef868551
2020-01-27 12:08:36 UTC,cart,5819894,1783999067156644376,,kapous,4.92,493592716,947930ba-5044-48ec-adb3-c926e2527cfb
2020-01-27 12:11:44 UTC,view,5779406,2151191071051219817,,,2.86,598339640,2b23806e-5acb-4dc3-990e-a50ad0e3490f
2020-01-27 12:14:35 UTC,view,5853230,1487580005092295511,,runail,3.49,587770932,8d32e01c-9146-4b6e-83c5-dd0e0ea52477
2020-01-27 12:20:25 UTC,view,5813059,1487580005671109489,,masura,1.73,540165089,0f8e5d8e-1a83-4f9f-8cfc-6a57766971e3
2020-01-27 12:32:47 UTC,remove_from_cart,5856235,1658462125284131265,,uskusi,3.0,451444243,2254f2ed-e569-4061-93d1-6d63dfaca04b
2020-01-27 12:38:11 UTC,view,5811824,1487580005671109489,,masura,5.54,544737459,b2c42d85-d561-41ad-94c5-be95563e5bd8
2020-01-27 12:50:01 UTC,remove_from_cart,5883649,1487580007776650194,,rosi,0.79,467810091,2762a13f-b58e-4298-a188-91f0d7b04736
2020-01-27 12:54:00 UTC,view,4185,1487580005411062629,,cnd,19.37,606793015,da5ce0b1-37fb-4118-9543-5a776a7ad575
2020-01-27 13:15:16 UTC,cart,5856843,1487580013657063630,,,2.29,606800153,6436d141-8bfa-4adc-80b9-6b2be474cdd9
2020-01-27 13:16:58 UTC,view,5585632,1487580009311764506,,,0.95,578252523,a9421d4e-093a-4ee9-b24f-b3de3b91e110
2020-01-27 13:19:36 UTC,remove_from_cart,5670327,1487580007306888126,,,3.49,586440430,523c7393-1cb2-4aa5-b47f-1d282360717e
2020-01-27 13:24:53 UTC,remove_from_cart,5893669,1487580005754995573,,,4.92,585344542,40851479-5028-4783-9352-b7a11e6879f4
2020-01-27 13:25:08 UTC,view,5812040,1487580005427839846,,irisk,2.48,547862800,05987a3f-c8a3-48f7-8a43-948f23e829ed
2020-01-27 13:26:34 UTC,view,5768981,1487580006300255120,,irisk,82.54,460783373,670427dc-a7d7-4943-b176-017a6cea70d7
2020-01-27 13:30:23 UTC,remove_from_cart,5784099,1487580005671109489,,masura,2.84,580642474,7a708820-1223-4c0e-b8b2-c202cf466b9b
2020-01-27 13:31:22 UTC,remove_from_cart,5840114,1897124478404526487,,runail,3.17,517560525,68246f44-a4a4-4695-abe6-f3b32e3ed2c3
2020-01-27 13:51:14 UTC,remove_from_cart,5854903,1487580013522845895,,irisk,1.11,605208004,e84ac0ad-05ba-4c37-ae29-43dd02f21fb1
2020-01-27 13:51:14 UTC,remove_from_cart,5854903,1487580013522845895,,irisk,1.11,605208004,e84ac0ad-05ba-4c37-ae29-43dd02f21fb1
2020-01-27 14:01:40 UTC,cart,5788438,2151191071378375538,,,0.79,318537394,19474d05-4416-4515-b63b-49a1e87ad959
2020-01-27 14:15:05 UTC,view,5766377,1487580008246412266,,kaaral,12.25,562493517,d55562b2-642e-4c1d-a591-5bc86b753d3d
2020-01-27 14:18:14 UTC,view,5563536,2195085255034011676,,irisk,3.02,606831006,368e7f9e-f2ab-4eb5-b985-d3920ec1419f
2020-01-27 14:25:34 UTC,view,5811668,1487580005427839846,,irisk,2.48,606574831,a074d0f2-e133-426e-ad06-3983c7df197f
2020-01-27 14:36:00 UTC,view,5803977,1487580005461394279,,bluesky,3.97,606838176,adc96e54-de00-4d37-8482-2b43f3c92c15
2020-01-27 14:43:34 UTC,remove_from_cart,5796988,1487580005671109489,,masura,1.73,606839036,665fced8-155b-4abb-a218-ac1e572523e0
2020-01-27 14:46:20 UTC,view,5809729,1487580005092295511,,uno,7.78,490617758,5a1349e7-58b5-4794-9bed-5246c9e9ee38
2020-01-27 14:48:01 UTC,view,5905704,1487580005092295511,,,10.63,592107871,cc3dd954-7801-42a8-93cb-4831c6d381d9
2020-01-27 14:48:17 UTC,view,5921807,2115334439910245200,,,4.75,595323204,d41bf0d0-395c-447b-a6cb-db38d61b3163
2020-01-27 14:56:06 UTC,cart,5885630,1783999064103190764,,,31.35,486536309,020ccdb7-2f88-4fdd-8872-6885aa090f34
2020-01-27 14:58:37 UTC,purchase,5835150,1487580005092295511,,oniq,10.79,548209402,b6adc184-3a9f-4d56-be33-dc12bb12ca40
2020-01-27 15:22:43 UTC,view,5820719,1487580006317032337,,,7.14,598337472,c32e9ec4-dcb7-4735-8c87-0204153d45c1
2020-01-27 15:30:31 UTC,view,5599264,1487580005553668971,,,5.71,605066663,a63a4067-0f51-4b2b-bd4c-4897fc12c118
2020-01-27 15:35:38 UTC,view,5731393,1487580004916134735,,,6.35,605066663,e25be8e7-1195-4f9a-aa6a-5612f9627b22
2020-01-27 15:38:56 UTC,view,5823408,1487580005713052531,,ingarden,15.71,600638649,2e85b185-00b3-4e3a-a39d-177107c724ea
2020-01-27 15:40:50 UTC,purchase,5736097,1487580005050352469,,haruyama,3.97,433049979,108221d1-0c8f-4843-a983-94a6badc7b98
2020-01-27 15:44:58 UTC,remove_from_cart,5724563,1487580005427839846,,irisk,2.48,479588253,775e44d1-5787-4dca-8544-44910de3f066
2020-01-27 16:01:41 UTC,view,5866990,1487580008246412266,,cutrin,29.35,317819944,80e1bceb-2cdd-428e-98a0-e2bc564f4c1a
2020-01-27 16:13:24 UTC,remove_from_cart,5711724,1487580005008409427,,f.o.x,4.83,391397559,b2df243e-58d0-4c3a-adb5-f13f61c250a1
2020-01-27 16:14:11 UTC,cart,5261,1487580009605365797,,runail,0.4,559254736,c1d43289-bab2-4396-ae40-36b11455703f
2020-01-27 16:41:02 UTC,cart,5843836,1487580009286598681,,,0.38,571465925,0f0027ba-7a5a-4069-a731-e80a17c314f4
2020-01-27 16:50:20 UTC,view,5567976,1487580005595612013,,,3.0,571325428,b89c5287-25c6-4d32-a78b-c53cab24ffe8
2020-01-27 17:08:43 UTC,view,72442,1487580011677352062,,skinlite,5.71,576306152,b2437092-3d9e-4816-a131-5e2819d58825
2020-01-27 17:41:03 UTC,cart,5814871,1487580008112194531,,zinger,2.54,606913265,b1360eec-1be1-44c6-8335-1ce15ec6084b
2020-01-27 17:46:48 UTC,cart,5723460,1487580010922377308,,,0.79,504532206,1e7df676-a72e-4178-a57a-3544b54c1b11
2020-01-27 18:06:24 UTC,view,5783930,1487580005595612013,,,2.06,580516527,1b8ae2d7-fcf4-4d49-9221-405a8cc31c29
2020-01-27 18:15:01 UTC,view,5805493,1783999076551885399,,happyfons,5.87,578226086,f405b39a-f85b-4107-b164-6133d50e02ec
2020-01-27 18:15:26 UTC,cart,5885637,1487580005092295511,,,9.44,603586473,38899034-9463-46fe-b627-8a2a4d82558c
2020-01-27 18:29:23 UTC,cart,5849033,1487580005092295511,,uno,10.32,599840485,0d75fddb-a23b-41a6-8fed-766e222ca976
2020-01-27 18:35:58 UTC,view,5809792,1487580011970953351,furniture.bathroom.bath,milv,4.76,598963470,bd54c757-7c8d-4b4d-ad0e-aca7544be6b8
2020-01-27 18:42:13 UTC,view,5815689,1487580006317032337,,,6.95,432393277,c280137a-a7d1-4e99-9359-ee28f0e1fb33
2020-01-27 18:44:11 UTC,remove_from_cart,5882776,1487580005134238553,,runail,3.17,556821478,1b9a6eda-bd57-4c2d-915b-d3555513d490
2020-01-27 18:44:35 UTC,remove_from_cart,5892051,1487580010377117763,,,4.29,600200679,f6ec16e8-4f3a-42ea-a3d0-1d0788a5e8b5
2020-01-27 18:55:40 UTC,remove_from_cart,5461,1487580006317032337,,,9.52,602109668,be047e8f-0fd2-49cc-807b-5aa4a27e9013
2020-01-27 18:57:51 UTC,remove_from_cart,5921830,2115334439910245200,,,4.95,388018099,a2a1717e-6ed1-49c6-bf42-006ea35abc67
2020-01-27 19:03:55 UTC,view,5740523,1487580005671109489,,masura,3.95,298143625,b167a721-f974-4bb1-b3fe-bd6cb0c38f61
2020-01-27 19:05:48 UTC,view,5848395,1998040849203594085,,,14.29,606944682,6003e195-bbd9-4df7-a1b4-61aa49344661
2020-01-27 19:09:24 UTC,view,5746902,1487580006317032337,,irisk,8.57,606948073,58c5a925-7b79-4ab3-9797-03ef1d5f14de
2020-01-27 19:34:37 UTC,remove_from_cart,5779242,1487580004916134735,,,4.76,606941256,e7ecc687-48eb-41b9-8111-2092f355f0c2
2020-01-27 19:44:02 UTC,view,5693617,1487580013749338323,,concept,3.05,606958563,aa6ffdcd-6db9-4853-b927-ff320ab142cd
2020-01-27 20:41:54 UTC,remove_from_cart,5304,1487580009471148064,,runail,0.32,581727747,5a686f46-a454-47da-911e-ca54b8ed976c
2020-01-27 21:08:15 UTC,remove_from_cart,5679449,1487580011182424167,,irisk,0.63,376182888,03b93854-0e81-456d-945a-f4db57924630
2020-01-27 21:18:36 UTC,view,5813824,1783999064069636330,,,3.79,493576132,f8c1bcc5-77c1-4ccb-aae4-5c3ca6e4e2ac
2020-01-27 22:17:33 UTC,remove_from_cart,5861764,1487580006350586771,appliances.environment.vacuum,emil,1.43,594848887,d76675f7-2936-4afa-725d-9c0582c64d8c
2020-01-27 22:33:47 UTC,view,5740686,1487580007306888126,,domix,6.19,598622316,28a50eeb-1f88-4294-82a3-6640a50d1f61
2020-01-28 00:12:53 UTC,remove_from_cart,5896603,1487580005427839846,,irisk,2.48,442587706,fd835875-e1f0-476d-a872-7e46970761eb
2020-01-28 02:45:48 UTC,view,5902747,1487580009445982239,,,13.97,520672512,4e25b6fd-94bc-4573-84c1-4367f00b7626
2020-01-28 02:46:07 UTC,view,5724563,1487580005427839846,,irisk,2.48,569633333,32266dc1-5d73-47d6-bc8a-f15c7a6c14fa
2020-01-28 03:47:38 UTC,view,5833334,1487580007675986893,,bpw.style,0.79,600272595,f123e0dd-f335-42de-99b4-3eca999fb313
2020-01-28 04:09:26 UTC,view,5677224,1487580008263189483,,estel,10.4,607055096,35116fcf-2464-478d-8e9c-22ec900f49ff
2020-01-28 04:30:23 UTC,cart,5815662,1487580006317032337,,,0.92,602607491,8b983a87-ab77-4bf6-b6fb-b668e84930b8
2020-01-28 04:47:37 UTC,purchase,5622080,1487580007306888126,,,4.11,598144410,44c1d1ee-d66d-4a9e-b450-ab142f6dda00
2020-01-28 04:47:46 UTC,cart,5859468,1487580005671109489,,masura,1.73,454426688,2c7a70ce-f5f0-486f-9d47-58b4931f086e
2020-01-28 04:54:37 UTC,view,5700203,1487580006317032337,,,9.52,529688737,96d413c4-81cc-4333-b88b-764b1638bc4e
2020-01-28 04:59:54 UTC,view,5899851,2115334439910245200,,,4.46,458870646,81798d26-c32d-46b6-b87f-88603a170880
2020-01-28 05:06:27 UTC,view,5809910,1602943681873052386,,grattol,5.24,245596843,c1eb4f12-edfa-4d91-b348-4d1cc6488f4e
2020-01-28 06:04:00 UTC,view,5661283,1487580006317032337,,,6.98,577236973,54a383b3-bd77-4a8f-8a52-c9a17c4ef5cd
2020-01-28 06:11:09 UTC,purchase,5854897,1487580009445982239,,irisk,0.32,603289007,442a2461-c4f7-45a3-867e-9192fc607333
2020-01-28 06:20:56 UTC,view,5739097,1487580007910867929,,,13.81,607087337,0edc6797-37db-46b9-b11a-7c3f2f09442e
2020-01-28 07:19:29 UTC,remove_from_cart,5836204,1487580013539623112,,irisk,13.49,576385766,70cf5f05-d20a-4c55-bfce-3d3e31c19bb1
2020-01-28 07:22:46 UTC,purchase,5844894,1487580008313521133,,,6.22,522390142,d23f4034-1c6c-4ab1-943c-cb9eaa785aa5
2020-01-28 07:48:17 UTC,cart,5837644,1487580005092295511,,,10.32,545117871,e8681967-30f4-48b8-be9f-13c4746f2b16
2020-01-28 08:07:11 UTC,view,5774240,1487580009051717646,,,39.67,584893297,e47e4628-3e00-4e5d-9100-237dcaf22f28
2020-01-28 08:35:43 UTC,view,5841090,1487580013950664926,,,47.46,437721668,616c41d0-f7e1-4060-8083-ef2efdeb700f
2020-01-28 08:35:47 UTC,view,5560754,1487580006300255120,,strong,194.44,596419365,f2283e8f-4137-4f77-9988-6c79e5a7f598
2020-01-28 09:10:38 UTC,cart,5915812,1487580010561667147,,moyou,8.71,601202247,d8fbada0-8386-415e-8d0a-e308aa394c02
2020-01-28 09:21:09 UTC,view,4807,1487580006300255120,,runail,39.68,607165225,e0ac08e8-3297-4840-8ce4-a5ae18606bf1
2020-01-28 09:26:57 UTC,view,5766276,1487580013841613016,,,14.29,607151639,7d11bafa-1a81-4563-95d1-3311a7e98837
2020-01-28 09:31:18 UTC,cart,5680823,1487580011383750769,,,2.54,597859412,50fdebb9-753c-479b-ad80-7ac215a878f4
2020-01-28 09:50:02 UTC,view,5766085,1487580013841613016,,,13.49,591152108,6c696555-f7cf-49c9-a66a-d4e7801879f2
2020-01-28 09:50:52 UTC,purchase,5753480,1487580013069861041,,italwax,2.68,573657152,891d0b37-9ca0-4acc-b424-cd66d2d89bef
2020-01-28 09:51:27 UTC,view,5808564,1487580011627020412,,irisk,0.95,607178349,adf2cc30-c7b2-4242-91e2-f2b9c63656bf
2020-01-28 10:09:52 UTC,remove_from_cart,5789668,1487580005595612013,,,2.68,579962600,3efad6ab-5cb1-4540-97aa-7b1edeeed80d
2020-01-28 10:37:12 UTC,cart,5754160,1487580007910867929,,yoko,13.33,464144234,3eab6003-7bdf-440d-a514-3f5cc2d89c62
2020-01-28 10:40:37 UTC,view,5814046,1487580005092295511,,grattol,6.27,433783948,ad8e3510-7feb-40f0-8b83-0b21a5d4e5c6
2020-01-28 10:42:58 UTC,remove_from_cart,5875773,2084144451428549153,,,2.05,514374591,779ede18-cb3b-4f7c-91cf-c36a36fd5d87
2020-01-28 11:04:06 UTC,purchase,5659901,1487580006409307030,,airnails,2.86,607200744,a70f7364-8c9a-451e-9ef5-c92dbc5d7244
2020-01-28 11:14:56 UTC,view,5844894,1487580008313521133,,,6.22,542023631,ecfddf8b-f546-4dbc-8187-965216e04a22
2020-01-28 11:15:29 UTC,view,5739053,1487580008246412266,,concept,7.78,487021159,35eedd3b-2eea-4b93-b85e-0a9778c4159f
2020-01-28 11:31:02 UTC,cart,5815491,1487580010125459512,,,1.43,415972913,b0f7345d-6628-45dc-a037-2e40a52d639a
2020-01-28 11:38:09 UTC,cart,5889604,1487580013539623112,,,10.95,573930772,9acbdb7a-f47f-4a47-9ea3-4ff65c576b16
2020-01-28 11:43:37 UTC,remove_from_cart,5814523,1487580005092295511,,runail,4.44,604910869,6cb61545-8058-4fd6-bfbe-8a2d996779d1
2020-01-28 11:49:44 UTC,cart,5826186,1891434214553813877,,,7.14,423470664,dcf72974-afb4-44af-8f36-fe18fe491a1b
2020-01-28 12:03:14 UTC,view,5774340,1783999064136745198,,runail,4.13,530550366,bc8fbdb3-bd44-4005-99f5-580ea64ba948
2020-01-28 12:04:05 UTC,view,6730,1487580007256556476,,,6.35,528004561,94b9359b-9774-4719-b84b-4e0f8a78ecba
2020-01-28 12:36:54 UTC,view,5881807,1487580013522845895,,irisk,2.63,574554556,36491553-54f9-42d7-a527-7378822a4540
2020-01-28 12:38:11 UTC,purchase,5814066,1487580005855658874,,grattol,2.3,605442295,52736901-0a63-4118-a649-57b9810e7254
2020-01-28 13:00:29 UTC,remove_from_cart,5912539,1487580013011140782,,mayamy,3.95,419643586,d9f5b1d6-1acd-47b4-aab8-62a63517db53
2020-01-28 13:05:27 UTC,purchase,5767378,1487580005268456287,,lianail,7.92,333883623,79b9e9c5-da14-446b-a8de-05b3d0634c2b
2020-01-28 13:40:40 UTC,cart,5807844,1487580005713052531,,ingarden,4.6,605653002,65bcb93f-8635-4159-8216-6e169257aa4a
2020-01-28 13:50:09 UTC,cart,5859024,1487580007457883075,,pnb,6.03,480011597,15b90349-700b-472d-946d-9bd9119ac863
2020-01-28 14:08:22 UTC,view,5905207,1487580005092295511,,,8.73,412735076,63ec6e87-e3ba-418a-839a-3bebb6c1244b
2020-01-28 14:08:28 UTC,view,5792800,1487580005268456287,,,10.32,72655920,c5643d68-0641-4f40-9f1e-7019a49ec320
2020-01-28 14:11:52 UTC,remove_from_cart,5732039,1487580011970953351,furniture.bathroom.bath,domix,3.41,550093278,c9a1a4f3-838d-4953-a5e1-498d2128fb18
2020-01-28 14:15:27 UTC,remove_from_cart,5875780,2084144451428549153,,,2.05,605982657,7681b41d-89c7-7bfb-f348-dd913cd11863
2020-01-28 14:24:08 UTC,view,5759491,1487580013011140782,,italwax,1.94,504061319,0e2874f8-1d5d-41a7-bd83-a9ad39a3db55
2020-01-28 14:29:14 UTC,cart,5904007,1937169073007756269,,lovely,5.54,570696425,cd1eb544-0ae7-4f51-af32-f0d5e0f628b9
2020-01-28 14:50:25 UTC,remove_from_cart,5823590,1487580004916134735,,,4.7,607149019,4c550efa-b795-426f-a21c-5da11c6f626e
2020-01-28 14:50:40 UTC,view,5867624,1487580004916134735,,,3.13,607149019,4c550efa-b795-426f-a21c-5da11c6f626e
2020-01-28 14:55:01 UTC,purchase,5854599,1487580009521479714,,polarus,28.25,424408513,a9414817-9375-40e0-9842-89ccf42420fb
2020-01-28 15:35:22 UTC,cart,5897918,1783999072332415142,,,6.67,170386254,2d70265a-3fef-4d08-9658-6bec66adff9f
2020-01-28 15:54:51 UTC,view,5856946,1783999068867920626,,staleks,4.76,572722791,fe187a2e-7cfc-4183-86a6-9ed266031866
2020-01-28 15:56:26 UTC,view,5921828,2115334439910245200,,,4.95,520594609,0cc27506-94e8-4819-bf6c-b2e8b159696d
2020-01-28 16:15:55 UTC,remove_from_cart,5769903,1487580013841613016,,kapous,3.65,490149385,8367498f-b83e-402f-bbf3-1595ce3b186a
2020-01-28 16:37:26 UTC,cart,5686925,1487580009311764506,,,0.35,605483873,04371580-47d7-4b09-860f-9742b2bad50e
2020-01-28 16:46:57 UTC,view,5727523,1487580005671109489,,masura,1.73,509580365,0999e5d5-483d-4201-91e7-8033614b62d7
2020-01-28 16:53:28 UTC,cart,5816170,1602943681873052386,,grattol,5.24,600346364,7d7fdeb6-5d9d-4054-ba4d-c99dec7e7e66
2020-01-28 17:01:39 UTC,view,5560756,1487580006300255120,,strong,207.94,607360483,ed460f25-2fea-4365-8505-c22ed63d9f43
2020-01-28 17:08:45 UTC,view,5807747,1487580008187692007,,,6.03,607362626,c251dd76-bab3-4e5b-a0de-2f327a5044d5
2020-01-28 17:09:08 UTC,view,5560970,1487580005595612013,,,3.0,607283179,e60dc44f-b7f1-43fa-8330-ea4a73ea084d
2020-01-28 17:11:36 UTC,view,6941,1783999064103190764,,runail,4.71,589166184,ac8434d1-b4c3-4dc8-824f-33815fcc55a9
2020-01-28 17:17:13 UTC,cart,5705002,1487580006551913373,,irisk,3.33,540992354,dd5ebb35-0567-45c3-bd01-86a8569a0b8d
2020-01-28 17:18:54 UTC,remove_from_cart,5911829,1487580005671109489,,masura,1.73,516115059,85b730fa-a276-402e-8f34-983a14ce8e64
2020-01-28 17:20:40 UTC,view,5886694,1783999063314661546,,,11.11,540992354,dd5ebb35-0567-45c3-bd01-86a8569a0b8d
2020-01-28 17:22:05 UTC,remove_from_cart,5875508,1487580005092295511,,,2.3,597306650,5300edde-4cd4-471a-920b-a4dbcb676f70
2020-01-28 17:37:10 UTC,view,5810082,1487580006350586771,appliances.environment.vacuum,irisk,24.6,540495702,fceda59e-5532-412e-b54e-ab3de5c44d51
2020-01-28 17:42:23 UTC,cart,5711173,1487580005008409427,,f.o.x,6.03,514808192,8728e676-9914-4b50-a76f-d84fd09edc8d
2020-01-28 17:44:20 UTC,view,5805505,1783999076551885399,,happyfons,5.29,287095485,f7b5ae43-1673-4277-8408-7dd0c86e6b5e
2020-01-28 18:05:22 UTC,remove_from_cart,5817691,1487580010872045658,,,0.79,600232952,1697e0cb-897e-4586-b87c-f09f49763f42
2020-01-28 18:17:05 UTC,remove_from_cart,89343,2193074740619379535,furniture.living_room.cabinet,,299.81,513427843,a31549d5-da6a-46e6-87c2-422cb88c4c19
2020-01-28 18:24:20 UTC,remove_from_cart,5853683,1487580005671109489,,masura,3.63,289352630,5fe9da9b-c3e9-4db4-9824-9c54520302fb
2020-01-28 18:32:09 UTC,remove_from_cart,5797792,1638456119066100510,,pole,4.11,442764501,3a4b20d8-3d9a-4d9a-ba55-9c0eaeb25153
2020-01-28 18:42:54 UTC,view,5792813,1487580005092295511,,,5.56,548763301,1547103f-ce54-4679-b643-9dc52758a87f
2020-01-28 18:46:19 UTC,remove_from_cart,5829793,1897124478404526487,,,6.35,415081867,56dd0c7f-428c-4560-a55d-bfcef321a72a
2020-01-28 18:46:55 UTC,view,5815319,1487580008246412266,,,7.22,603460767,a88af273-69c7-49f8-8bb0-75f201f63a6b
2020-01-28 18:58:09 UTC,cart,5888546,1487580007776650194,,rosi,0.79,421904475,21253261-107f-4cb9-8764-68f51c7ea952
2020-01-28 19:01:22 UTC,purchase,5843083,1487580007256556476,,,3.1,410435622,ea3d9ba4-d61b-4632-ac43-f48a4a08bc8b
2020-01-28 19:04:02 UTC,remove_from_cart,5813478,1487580005671109489,,masura,3.95,559719299,d5464dff-711c-4675-9388-bd0807ec549f
2020-01-28 19:12:41 UTC,view,5734949,1487580005595612013,,,2.54,259471352,7905f6b5-971e-43b0-9427-247069cd6d28
2020-01-28 19:19:34 UTC,purchase,5847863,1487580006317032337,,,9.52,546298659,a81b1ed6-c371-4645-8616-f84f8f771e2f
2020-01-28 19:55:43 UTC,view,5882348,2151191071051219817,,enigma,13.97,607426055,273fc0aa-cbc6-41ab-a946-db7d0ad8f4df
2020-01-28 20:13:32 UTC,remove_from_cart,5903968,1487580007675986893,,,1.59,526646470,49165fba-21e3-426b-8174-fae34c7820ea
2020-01-28 20:21:05 UTC,view,5742717,1487580009605365797,,,1.9,607400400,319eae42-e3bf-4f08-adea-784a499bf054
2020-01-28 21:28:02 UTC,cart,4819,1487580006317032337,,,4.92,547746164,494b47a3-0684-409e-afba-c98b862ca551
2020-01-28 21:40:38 UTC,remove_from_cart,5571062,1487580014009385185,,,2.37,514455276,961bcda5-e8c8-4563-aab4-638a7659bcf8
2020-01-29 02:22:50 UTC,view,5902148,1487580005268456287,,,11.11,419452237,0ce98d56-92ed-4e4c-9d74-ab547cbac864
2020-01-29 03:44:36 UTC,cart,5574062,1487580006962955182,,runail,1.59,566439116,073043b4-9306-4256-a362-f0c8b81eed07
2020-01-29 04:27:50 UTC,remove_from_cart,5659900,1487580006409307030,,airnails,2.86,230121886,8ea67477-d49c-41a3-9784-2cd4f61ac83d
2020-01-29 05:33:00 UTC,view,5811686,1487580005427839846,,irisk,2.48,576168608,835f3bdc-abca-4314-9b9c-5a1be23f985a
2020-01-29 06:54:02 UTC,cart,5321,1487580009445982239,,runail,1.24,432512432,2114db09-df40-4136-9cfe-d64813dcc5d7
2020-01-29 06:56:48 UTC,remove_from_cart,5831631,1487580013950664926,,,38.89,373394127,1225b3b0-beeb-41ce-8c59-651cb80bb839
2020-01-29 07:10:25 UTC,view,5830627,1891434351850160381,,lsanic,20.89,607569839,71046aca-4d93-4827-81cb-a6a644da6847
2020-01-29 07:51:51 UTC,purchase,5809910,1602943681873052386,,grattol,5.24,560917915,ceebc4c1-1f5d-4e14-803e-2da78c370d00
2020-01-29 07:54:07 UTC,cart,5845266,1487580011652186237,,,10.63,478195092,cee7d115-4ace-4366-81f7-1bdcd1c7a950
2020-01-29 07:55:42 UTC,view,5882975,1487580013841613016,,,7.41,607586946,c083a4a8-3fb7-4745-ba60-de762559e15a
2020-01-29 08:38:47 UTC,cart,5677465,1487580013732561106,,estel,1.03,605787860,ca0a5caa-a2b0-4b8d-b934-e4cf900b1ba2
2020-01-29 08:58:57 UTC,remove_from_cart,5804820,1487580013950664926,,,63.33,503214825,2076e745-dcf2-47e4-9dff-61a2446e73b9
2020-01-29 09:01:10 UTC,cart,5899852,2115334439910245200,,,4.46,607613459,164f313d-1bf8-4478-8a94-8f3945e35ddd
2020-01-29 09:02:47 UTC,view,5714897,1487580005511725929,,,4.27,500809084,42918560-f225-48aa-b880-542882ca4d1f
2020-01-29 09:31:59 UTC,view,5761411,1487580007432717250,,ingarden,2.86,607619361,2cfa9ef0-1a7e-40f5-bb43-4ee5f8ee25a6
2020-01-29 09:46:34 UTC,view,89343,2193074740619379535,furniture.living_room.cabinet,,299.81,593349311,2209fec3-d589-4373-bc43-c825a491fc5c
2020-01-29 10:34:16 UTC,cart,5812055,1487580005427839846,,irisk,2.48,603592695,376fa791-870d-4e21-bb14-215b48f3a864
2020-01-29 10:57:33 UTC,cart,5844894,1487580008313521133,,,6.22,565064711,26e5d912-9b32-489d-b1ec-91095a9c00ba
2020-01-29 11:10:49 UTC,view,5809164,1487580005411062629,,cnd,14.13,584410857,f1652228-b99b-42b7-af3e-29b3f26b9803
2020-01-29 11:26:26 UTC,cart,5848329,1487580007675986893,,freedecor,1.43,508352429,5f5dc615-5b91-4d11-b8b3-bdea00686a14
2020-01-29 11:44:19 UTC,view,5690208,1487580013841613016,,estel,5.79,562981796,1531b339-e9f2-4891-99dd-d7aa04b891b7
2020-01-29 11:57:05 UTC,view,5866963,1487580009051717646,,sunuv,66.67,432661235,b822ab3a-40a5-4e61-b8a4-f675b8469620
2020-01-29 12:09:07 UTC,cart,5700046,1487580009286598681,,runail,0.4,541805438,7862b1a4-e1a9-4be0-8ed3-f18828dd30fc
2020-01-29 12:41:10 UTC,purchase,5677039,1487580008288355308,,estel,11.9,607683906,053587e4-0ce6-4848-abe5-387878872674
2020-01-29 12:44:30 UTC,cart,5700037,1487580009286598681,,runail,0.4,482706140,632c99b8-9357-45d6-bc69-b5fbc119757d
2020-01-29 12:44:30 UTC,cart,5904703,1487580007675986893,,,1.59,607670614,61c7349d-ffbf-4280-8edd-99f5fe6257fe
2020-01-29 12:58:13 UTC,view,5809910,1602943681873052386,,grattol,5.24,486611276,1baaf18f-b582-48da-a75b-e90dad0891ca
2020-01-29 13:02:30 UTC,purchase,5904533,1487580005427839846,,irisk,2.48,605381985,6736d5e4-4e8a-462e-8b0c-4dfbeceb441e
2020-01-29 13:21:54 UTC,cart,5882031,1487580009261432856,,solomeya,3.17,607724274,7b52c286-202b-43ee-9f60-6ad9727169c1
2020-01-29 13:29:41 UTC,purchase,5696150,1487580005134238553,,runail,2.14,537009195,1eaff14e-23ad-4577-894d-80e4c2104782
2020-01-29 13:38:00 UTC,view,5811667,1487580005427839846,,irisk,2.48,288310232,78059c8a-88ef-4efa-a82e-628f6f9d38cc
2020-01-29 13:42:18 UTC,remove_from_cart,5875759,2084144451428549153,,,2.05,580963699,be4c62c2-78e6-44b6-8540-04b518fa7636
2020-01-29 14:00:54 UTC,view,5808666,2089259162625114209,,ardell,6.37,591358367,90ed6f82-dc1e-499c-9eae-e973ded8da79
2020-01-29 14:07:36 UTC,view,5891174,1783999064103190764,,,10.95,531583693,6ab2b24d-c9dc-12e5-5ffa-eebde630c9a2
2020-01-29 14:30:35 UTC,view,5833655,1921723491720102387,,,5.71,598904114,088d2b97-0f4d-45cb-85b2-cd0505b8af4d
2020-01-29 14:33:07 UTC,remove_from_cart,5565062,1487580005595612013,,,3.0,605070348,676a6413-2de2-4ac1-bf37-465fe4bc797e
2020-01-29 14:48:46 UTC,view,5824227,1487580013539623112,,,13.49,598018728,e20479b3-7e62-4ef5-93c1-643e6b8e22bd
2020-01-29 14:52:17 UTC,view,5809157,1487580005411062629,,cnd,14.13,396573699,52cefb5f-ac09-46d4-b653-59e1ddd8c70b
2020-01-29 14:55:09 UTC,purchase,5814520,1487580005092295511,,runail,4.44,606683973,f9146afa-336b-7db3-c116-f8267e9ad54d
2020-01-29 14:58:44 UTC,view,5812120,1761186209054327497,,art-visage,3.02,607447931,44fab5ef-e23e-4e24-8008-00fb9f3a0c77
2020-01-29 15:08:53 UTC,remove_from_cart,5834157,1487580013506068678,,runail,5.71,537604307,22134631-ef41-4dbf-977a-ca34deede255
2020-01-29 15:38:26 UTC,view,5677426,1487580009143992338,,estel,7.94,604080594,c256c5e4-92d5-4ee9-adb9-97921e5e80ec
2020-01-29 15:50:00 UTC,cart,5859196,1487580009605365797,,,1.57,607156331,b9f245e8-aa18-46ad-897f-2a83141a6256
2020-01-29 15:52:34 UTC,view,5760359,1487580009311764506,,zinger,3.67,525739968,84f9ebdb-2737-4aa1-84d7-e4cefeb2548a
2020-01-29 15:52:53 UTC,view,5883957,1487580011585077370,,,9.51,607788239,5f812ead-7abb-48fb-b541-3f13ca22c228
2020-01-29 15:59:40 UTC,view,5866212,1588205336064425989,,concept,5.06,607147107,936751cb-edcc-43a3-a977-124c05eea99b
2020-01-29 16:17:44 UTC,view,5797971,1487580005671109489,,masura,1.73,513047687,e3b91964-c4e0-486a-91b3-eaba8a7a9287
2020-01-29 16:20:27 UTC,view,5899830,2115334439910245200,,,3.97,489318557,63102d94-5670-41b3-ace4-c49ecb15e205
2020-01-29 16:23:39 UTC,view,5809911,1602943681873052386,,grattol,5.24,431678543,d78ec1fa-6644-4ea2-a696-2a4b67f82991
2020-01-29 16:24:28 UTC,view,5864804,1487580005595612013,,,2.7,605620661,464bfcf6-7b65-488c-a80d-6e14833cad56
2020-01-29 16:46:58 UTC,view,5858992,1487580007634043851,,de.lux,0.79,569482926,28829644-f969-46e6-a2f9-d8cf419a39ac
2020-01-29 16:55:25 UTC,view,5866189,1487580013950664926,,estel,23.81,454891655,ca97c105-ea62-4d20-8b08-3d93551d5676
2020-01-29 16:56:19 UTC,view,5711362,1487580005092295511,,,6.35,453723481,1a6dd861-3dfa-455e-9a0d-0c5f08db2bc0
2020-01-29 17:06:04 UTC,view,5920553,1487580005092295511,,,15.08,603380277,c67694c4-dc57-4d2c-8de6-2d79b269eab4
2020-01-29 17:28:08 UTC,view,5700088,1487580011677352062,,,13.33,607122294,500425f5-2129-4a84-bfc6-f3e1e0b74311
2020-01-29 18:05:04 UTC,view,5866553,1487580011283087468,,,12.7,607819749,796aa29d-b9fa-46b1-97a6-2be116ea819e
2020-01-29 18:16:31 UTC,cart,5894658,1487580005092295511,,,14.6,598849908,442c5008-4e7e-4942-adb0-c556ab261d9b
2020-01-29 18:20:58 UTC,remove_from_cart,5841804,2196456817641391019,,,3.49,586305625,139dad8c-68c5-4060-8d16-a7c5d228fc10
2020-01-29 18:47:21 UTC,cart,5685673,1487580011853512836,,runail,2.38,607848427,3f9e153c-b535-4162-926c-98cfaf2e29ec
2020-01-29 18:58:38 UTC,view,5752069,1487580007306888126,,irisk,2.7,607860967,d45191f2-e653-4d8c-9b5a-c8d182041424
2020-01-29 19:02:36 UTC,view,5838932,1487580005713052531,,ingarden,4.6,553020966,e83afed2-21b4-4b91-8845-dbebe6e4e883
2020-01-29 19:05:28 UTC,remove_from_cart,5711164,1487580005008409427,,f.o.x,3.02,567728276,015dd728-9c16-47e5-b556-0417b61d0c1d
2020-01-29 19:22:18 UTC,cart,5726196,1487580005595612013,,,3.0,607865434,64d63b19-9076-4b62-8b3f-b35c6826aaa0
2020-01-29 19:23:30 UTC,remove_from_cart,5776130,1487580013472514244,,art-visage,1.98,607868231,946544de-8802-45b9-8ef6-2282841df3f8
2020-01-29 19:29:13 UTC,purchase,5896418,1487580006300255120,,jessnail,49.21,606065697,17afa2de-6a00-40f0-a5b0-b4aea5616351
2020-01-29 19:44:24 UTC,remove_from_cart,5740015,1487580005092295511,,irisk,6.19,527835532,c795cf56-b56a-468c-ac8b-36ec67b51581
2020-01-29 19:51:33 UTC,remove_from_cart,5705014,1487580009445982239,,irisk,1.11,559289041,d5411737-cf31-410f-b2cb-d866c8cd46e2
2020-01-29 20:12:52 UTC,remove_from_cart,5844894,1487580008313521133,,,6.22,598824049,9f9a6b1f-8ce2-4499-af0e-b893c5ab9a3d
2020-01-29 20:18:37 UTC,view,5850281,1487580006300255120,,marathon,137.78,533376616,1ddbfe23-b32d-4bb3-9795-3e7ab71ad129
2020-01-29 20:29:16 UTC,view,5734590,1487580005050352469,,haruyama,3.97,607886135,ceb268dd-bb92-43ad-9781-213e551905e0
2020-01-29 20:50:50 UTC,cart,5781350,1638456119066100510,,pole,4.11,598923402,af216bfc-acc3-4c1a-a1b4-77b039b4111f
2020-01-29 21:01:10 UTC,view,5726198,1487580005595612013,,,3.0,548080517,b1cc7c50-2cd9-4361-90d2-972aeb2c2408
2020-01-29 21:10:08 UTC,view,5731716,1495705810662064688,,,6.98,539691934,0ed7af35-6849-45a0-918f-593aa2c5e038
2020-01-29 21:45:07 UTC,view,5921792,2115334439910245200,,,5.13,551917875,0ad74cf3-1fbe-c511-1ef6-23a7a2e39672
2020-01-29 23:32:56 UTC,view,5610208,1487580008800059394,,masura,5.06,603471824,bcceabc8-5a3e-4fca-b2dd-dcd2a47961ca
2020-01-30 01:50:14 UTC,view,5700095,1783999072332415142,,,17.14,393045199,1ea9da44-52fa-4373-a8fe-f1e7423e85c1
2020-01-30 03:01:55 UTC,cart,5867639,1487580011627020412,,kims,28.56,468418351,5d61da00-03b4-43fc-8f13-7311f8cba54f
2020-01-30 03:58:29 UTC,cart,5724569,1487580005427839846,,irisk,2.48,556955176,894abb35-c85c-a30e-e22b-ccc15b301647
2020-01-30 04:54:11 UTC,cart,5646938,1487580005511725929,,,5.56,598637395,1e1befe5-baf6-4a0b-8bc7-ee302364590c
2020-01-30 05:09:41 UTC,view,5809911,1602943681873052386,,grattol,5.24,462022232,9b5c1974-0188-4855-9ab0-07f9c450d116
2020-01-30 05:12:03 UTC,view,5838939,1487580005713052531,,ingarden,4.6,474126193,131d41e2-5fc4-4c6d-8487-39deff3585e3
2020-01-30 05:52:26 UTC,view,5754899,1487580005092295511,,,4.76,380517428,65b0117d-56e9-45b5-8b58-42e8f333f952
2020-01-30 05:55:12 UTC,view,5802441,2151191070908613477,,,2.16,548113427,6f9bcda8-c998-4f1d-b9b0-fb2e47fa8bd2
2020-01-30 06:39:58 UTC,cart,5854881,1487580009445982239,,irisk,0.24,578649066,cbd04186-37e8-4303-b3af-b02d8ae81deb
2020-01-30 07:02:25 UTC,view,5626878,1487580010125459512,,,0.95,604118387,cd1c7b44-91f0-4c8a-9fea-aad0059c580c
2020-01-30 07:10:18 UTC,cart,5747363,1487580010821714008,,,0.95,482873356,3bd7fb15-1a10-4aa1-a0bd-e2d1e4c400fb
2020-01-30 07:38:23 UTC,remove_from_cart,5893844,1487580005671109489,,masura,1.73,608032679,0eb46d70-a7ac-4889-abe3-1aaf0e7b19b7
2020-01-30 07:57:05 UTC,cart,5649219,1487580005268456287,,,7.14,608027377,0a36395a-565c-4a56-8024-f6a441aa74b0
2020-01-30 08:10:56 UTC,view,5675744,1487580009026551821,,,17.44,554223436,77f02a70-d555-4961-88f7-ec637b0f6998
2020-01-30 08:11:31 UTC,view,5921827,2115334439910245200,,,4.95,608046547,1bdc84e6-c385-4903-91ca-879316dfdd36
2020-01-30 08:14:05 UTC,cart,5682470,1487580007910867929,,zinger,4.6,520611521,fd7781c3-68b1-4d37-bb16-5eddd3ce73e9
2020-01-30 08:14:59 UTC,remove_from_cart,5842112,1487580006317032337,,,0.79,530613515,cbf3f817-2686-432b-a29d-746d479f4f73
2020-01-30 08:17:29 UTC,view,5899852,2115334439910245200,,,4.46,607980472,ed6bf2b9-6e2e-4f64-a45b-a806cde841f5
2020-01-30 08:18:35 UTC,cart,5708350,1487580012876923048,,italwax,25.4,390922599,b6e45865-2503-4dc5-bea3-76cf57d5b961
2020-01-30 08:19:20 UTC,remove_from_cart,5724568,1487580005427839846,,irisk,2.48,101245254,f37f5194-220d-4455-8d2a-aec810ea1dcd
2020-01-30 08:30:03 UTC,view,5755172,1487580009387261981,,,2.29,605069518,3b1cd3ff-f680-4c56-bbb0-3248446cfee4
2020-01-30 09:04:46 UTC,remove_from_cart,5850620,1602943681873052386,,grattol,5.24,446755357,03509e30-035f-4b08-9fae-611e9fabea2b
2020-01-30 09:07:42 UTC,view,5826000,1487580005092295511,,lianail,6.33,456131187,c49619f8-fd63-44e1-988a-9dcc60170383
2020-01-30 09:09:22 UTC,cart,4581,1487580006317032337,,,0.3,608015884,f916114d-1eac-448a-9d2c-140a9cf840c5
2020-01-30 09:09:32 UTC,view,5724662,1487580005427839846,,irisk,2.48,385129410,9d610dbf-d92e-45c6-9c35-5eb21b202556
2020-01-30 10:03:31 UTC,view,5861594,1487580008263189483,,lador,16.6,604871637,9373504b-d5eb-4d6d-8d25-f963038a7db6
2020-01-30 10:16:33 UTC,view,5879279,1891434214553813877,,masura,3.95,607507735,031f5c43-42f4-4855-8ad0-6b3afb387471
2020-01-30 10:44:45 UTC,view,5885832,1487580013254410426,,provoc,7.0,608092244,82c5554d-f32a-4fde-a63d-327ced5f7529
2020-01-30 10:47:43 UTC,cart,5751395,1511892746070131099,,uno,9.37,592919750,243da00a-ee81-4e0b-9c11-7f337627dac3
2020-01-30 10:50:59 UTC,purchase,5836514,2151191070984110951,,nagaraku,1.59,607638700,3e808904-0b12-4bfd-abfe-f7ce530abfaf
2020-01-30 10:56:53 UTC,cart,5877490,1487580007675986893,,freedecor,2.38,443860926,daa005dc-2592-416f-b42e-0706a871bd70
2020-01-30 11:09:14 UTC,view,5848407,1487580007675986893,,freedecor,0.79,512049340,502a8c83-120a-49e9-9f3e-01ad5990ee24
2020-01-30 11:11:06 UTC,view,8193,1487580006551913373,,,6.35,605816317,42030ac0-6b3a-4cb8-a4e2-370a561fd351
2020-01-30 11:14:22 UTC,view,5767376,1487580005268456287,,lianail,5.54,472253173,9ccac1e8-3135-4369-b4cd-3f9b7ebf2aa0
2020-01-30 11:16:55 UTC,view,5801816,1487580008657454075,,,2.86,568078333,8ccfe7e2-5e1e-4916-8489-fa385e895457
2020-01-30 11:19:26 UTC,view,5920553,1487580005092295511,,,15.08,606428101,7da3ae63-22cc-4d30-b74b-1fa97d471f5c
2020-01-30 11:59:36 UTC,remove_from_cart,5685678,1487580009311764506,,,0.32,580926038,6b69781a-c4d4-4834-81b6-4984fd00c1bb
2020-01-30 12:11:31 UTC,view,5834160,1487580013506068678,,runail,6.67,608142611,47b0363f-942f-42ea-a421-21a6d45ba5b9
2020-01-30 12:13:15 UTC,cart,5695572,1487580007659209676,,,0.75,595764691,66feae60-e5f0-47c9-a953-e06371169de0
2020-01-30 12:19:56 UTC,remove_from_cart,5896782,1487580010125459512,,milv,2.38,321342957,6aff1563-07d6-45b3-a696-b5077c9dfbb3
2020-01-30 12:27:23 UTC,cart,5891360,1487580008758116352,,art-visage,2.38,608152713,7c3022fd-4cfe-4865-acd1-3fcd890f7c19
2020-01-30 12:29:29 UTC,cart,5587642,1487580008187692007,,roubloff,3.32,606465710,b0575f94-4667-47e9-8258-1f59efaba792
2020-01-30 13:03:52 UTC,remove_from_cart,5784897,1487580008288355308,,,1.78,589924196,48d349d8-0062-4ea9-8016-a545ecf431ea
2020-01-30 13:13:13 UTC,view,5913350,1487580008246412266,,,19.52,608160488,d89ac71a-0b3a-4687-8dcb-5ab9ff7d8ebe
2020-01-30 13:22:42 UTC,purchase,5859329,1487580007675986893,,,1.75,538499183,dd516c11-c4a8-40db-9975-01f9432ca4f9
2020-01-30 13:55:16 UTC,view,5875717,1487580013229244601,,,61.75,608190653,478cff75-af23-4e82-96a1-a44197d78527
2020-01-30 14:17:49 UTC,view,5898920,1783999067156644376,,,7.79,531900924,19abf0f1-ac6a-4654-b030-b60a1a3510e3
2020-01-30 14:22:54 UTC,view,5881579,1487580013539623112,,lovely,23.79,608199722,f22f232c-f37e-45dc-af05-020bc5c992fd
2020-01-30 15:04:05 UTC,remove_from_cart,5813928,1842735758805303837,,beauty-free,2.37,603146356,012ddc99-c5ae-4ebf-aba3-9da719cd00a6
2020-01-30 15:04:49 UTC,remove_from_cart,5734526,1487580005050352469,,haruyama,3.97,514374591,c6307f1a-762e-be78-1136-801602b621b6
2020-01-30 15:23:56 UTC,purchase,5816175,1602943681873052386,,grattol,5.24,529638236,125d1437-921c-4987-8f49-eecac1d4cd00
2020-01-30 17:05:14 UTC,view,5896174,1487580004916134735,,,4.76,605350749,726e7850-2649-43fc-a873-d7a468c5f1c0
2020-01-30 17:25:51 UTC,view,5816172,1602943681873052386,,grattol,5.24,498699210,10940937-7823-4f92-8fd9-f6ec7088d09f
2020-01-30 17:41:39 UTC,purchase,5810673,1487580013069861041,,italwax,10.32,472636887,1dec5bab-b567-4f60-b15d-1f9268c86cae
2020-01-30 18:08:35 UTC,view,5808495,1487580013522845895,,irisk,3.02,603655086,a54a52e2-13a2-496d-a9a5-8f821e7717c0
2020-01-30 18:37:09 UTC,remove_from_cart,5857682,1487580005092295511,,artex,15.08,608262593,c77cc0c5-15b9-456e-8a06-86f4ca766216
2020-01-30 19:02:29 UTC,remove_from_cart,5839663,1487580005671109489,,masura,2.37,571067958,4d43ccf3-1ecb-4fb8-8fc0-e5d328b551b8
2020-01-30 19:23:02 UTC,view,5806949,1791442895991997390,,,8.73,541201865,2168be79-ddb2-4fef-9918-1c79ed9165f2
2020-01-30 19:25:15 UTC,cart,5899929,2115334439910245200,,,3.92,608312773,c960480b-c993-483d-aeb0-fa1b88d12cf9
2020-01-30 19:39:24 UTC,view,5760001,1487580013522845895,,irisk,3.81,543992419,bed39794-2c33-48b0-9637-f99d1625a912
2020-01-30 20:13:23 UTC,cart,5843367,1487580004857414477,,lianail,6.33,459659126,266066d6-05cd-4312-bb2c-9a9335e3eecf
2020-01-30 20:26:44 UTC,remove_from_cart,5900260,1487580005008409427,,f.o.x,6.03,514374591,32e455a9-d16d-4f9c-97d8-6795095aeaba
2020-01-30 20:29:17 UTC,cart,5851214,1525995662934540829,,,3.97,412860194,789c446d-9e06-46fc-9385-e689bd2099fd
2020-01-30 20:40:21 UTC,view,5883819,1487580008347075566,,,3.81,607392600,ce8a3b4e-0e87-4612-aeed-3e66d9f69685
2020-01-30 20:43:53 UTC,view,5730985,1487580010100293687,,,1.51,469301209,63125dac-df23-488d-bd11-3715454e4bbf
2020-01-30 20:45:40 UTC,view,5887733,1487580013279576251,,,2.49,593751672,271c7af6-ade0-4cbc-b149-68d083c3a6df
2020-01-30 20:51:33 UTC,remove_from_cart,5900271,1487580007675986893,,freedecor,1.43,382261190,eb756831-029e-47ec-9863-b76e962ebb2c
2020-01-30 21:15:11 UTC,cart,5823516,1487580004916134735,,,3.9,537790857,b0f6957a-895e-4dfa-a738-e28428709ece
2020-01-30 21:16:28 UTC,view,5848910,1487580007675986893,,bpw.style,0.79,608350432,024908ae-f723-4ff2-9292-1cfe8ac1cd40
2020-01-30 21:26:15 UTC,cart,5868465,1487580013027917999,,,1.98,608347741,b6bce08c-a220-4042-9267-1c8ea9e8c4ef
2020-01-30 21:31:13 UTC,view,5761116,1487580008246412266,,,14.13,376944882,e5ba42e0-f60b-4aa2-949b-3163203dc240
2020-01-30 21:41:24 UTC,view,5714897,1487580005511725929,,,4.27,587681963,afd2b2f1-fe14-4308-8fed-a804c03b60db
2020-01-30 22:17:00 UTC,view,5762498,1558526315760452545,,,0.35,446878752,a0a3ef05-0778-e678-7528-3c2c89866e8c
2020-01-30 22:22:33 UTC,cart,5838932,1487580005713052531,,ingarden,4.6,454773845,34e39cac-6665-4633-aa50-0b59234bd366
2020-01-30 23:49:31 UTC,view,5792800,1487580005268456287,,,10.32,608018455,8061030f-32d7-465f-b1b5-54d6662edea6
2020-01-30 23:49:43 UTC,cart,5799881,1487580010821714008,,,0.57,562371879,f6166303-b1c3-404c-ad5e-b5f141ed79f7
2020-01-31 01:51:36 UTC,remove_from_cart,37987,1487580009177546772,,runail,42.86,526393234,fd543442-5e66-4b77-86fd-41cb1a48a3d8
2020-01-31 02:06:43 UTC,remove_from_cart,5865164,1487580006509970331,,zinger,1.78,607942090,fedbd8a0-b73e-407a-bfad-06ba91cda64f
2020-01-31 04:52:04 UTC,view,5896177,1487580004916134735,,,4.76,605340131,bc3e6efd-964c-4172-a0be-1c5318bcab4f
2020-01-31 06:33:55 UTC,view,5878247,2093602042093240877,,,25.4,586723007,71a8cba2-b359-42a9-81a1-43542688ce04
2020-01-31 07:07:37 UTC,cart,5864586,1487580011677352062,,,35.08,382721506,c9e8c308-08e5-4014-9538-ff5c0dbdebe9
2020-01-31 08:05:08 UTC,cart,5809912,1602943681873052386,,grattol,5.24,590534553,044b9b2c-1d61-c7e9-d551-a81ff0926234
2020-01-31 08:49:32 UTC,purchase,5875449,2084144451428549153,,,2.05,219271433,fa4855df-5609-43af-bc52-483b9e29f572
2020-01-31 09:43:26 UTC,view,5845609,1937169073007756269,,lovely,7.78,235166770,3b80c2ca-c77a-4d97-be04-4eeac0c09b6c
2020-01-31 10:15:01 UTC,view,5896717,1487580007675986893,,irisk,0.63,603872172,c28a9169-0d3e-421b-8e59-4692ebf3b6cf
2020-01-31 10:46:19 UTC,remove_from_cart,5888090,1487580013388628160,,shik,11.11,288095792,c8d92dc2-e2b1-4d6e-aab9-48d7de70e9aa
2020-01-31 11:17:48 UTC,view,5884285,1487580013413793985,,,4.16,563790766,75e8606e-7916-45ae-b9e2-3f4deff78ea5
2020-01-31 11:18:51 UTC,view,5844300,1487580013950664926,,,16.67,482391100,b7835781-c430-4436-b612-79e6cbac4686
2020-01-31 11:29:35 UTC,cart,5745314,1487580010628776014,,,1.43,599893517,49e599cd-b10c-4b54-973c-f27867c5d092
2020-01-31 11:41:07 UTC,view,4497,2195085258272014535,,runail,3.11,608580397,68493a44-19c0-4f38-bd7c-78cc1eacd68c
2020-01-31 11:54:15 UTC,view,5790689,1487580009445982239,,nitrimax,3.97,608571458,babe3dd2-d474-4616-9e98-d26c6cf5535e
2020-01-31 12:27:23 UTC,view,5809910,1602943681873052386,,grattol,5.24,543991123,b66d349c-e4ae-4113-a0ce-82c550119628
2020-01-31 12:40:08 UTC,view,5914691,1487580005461394279,,bluesky,5.56,608599935,09a542f5-94c1-4172-959b-24d1d6b1c905
2020-01-31 12:44:19 UTC,view,5869629,1487580008313521133,,levrana,6.35,443536797,5c3c31f7-826c-4861-a104-9c19fed9bbe5
2020-01-31 12:50:21 UTC,view,5790689,1487580009445982239,,nitrimax,3.97,608611439,56b016c2-aacf-4e69-b4e7-d2a5d7b3428a
2020-01-31 13:03:46 UTC,cart,5724564,1487580005427839846,,irisk,2.48,434753520,a615bf66-8f3e-4053-8edd-f2aeb1f21543
2020-01-31 13:13:46 UTC,cart,5724230,1487580005092295511,,,18.25,563298922,be56b7a6-0810-4a73-94d7-36c3e674117e
2020-01-31 13:19:40 UTC,cart,5820756,1487580006317032337,,,2.22,441253204,50f25968-6c01-79fe-1b8a-e1e6bc4effc5
2020-01-31 13:26:49 UTC,view,5849033,1487580005092295511,,uno,10.32,608625508,74a2a8fa-3145-483e-8392-5649dae0215f
2020-01-31 14:24:56 UTC,view,5849674,1487580013841613016,,keen,6.22,596735079,2b0dcecd-76f6-4ed2-a770-bdb8b2f22183
2020-01-31 14:44:12 UTC,view,5809288,1487580007675986893,,bpw.style,0.79,377637223,23376f45-7b31-42e8-8f9e-55a8367ba19c
2020-01-31 14:52:35 UTC,remove_from_cart,5823407,1487580005713052531,,ingarden,15.71,552924802,31723dcf-4e1e-416c-8223-583ee18f8514
2020-01-31 15:06:37 UTC,cart,5780830,1487580005092295511,,rosi,7.14,608666196,c15850c2-5097-454c-befc-d6c61c226143
2020-01-31 15:18:15 UTC,remove_from_cart,5905704,1487580005092295511,,,10.63,356000111,d165a080-4739-4e79-bd3e-639da9dcfe38
2020-01-31 15:30:29 UTC,view,5759348,1487580012021285001,,milv,10.48,441797837,e08e4f7a-6abc-45c3-b692-ba538413cb7f
2020-01-31 16:02:46 UTC,view,5811659,1487580005427839846,,irisk,2.48,558058074,650d6752-d9b1-4afa-a9c3-08bf2311fd94
2020-01-31 16:53:33 UTC,view,5811383,1487580005528503146,,pnb,5.56,597875994,1614e0ef-0b5f-4237-ba70-bcf8e8a224b4
2020-01-31 16:53:33 UTC,view,5844009,1487580010318397504,,,5.16,415812453,3416162a-c03c-46ef-a61a-aeab5802167e
2020-01-31 16:58:53 UTC,view,5770264,1487580005595612013,,,3.0,543839991,2fc59021-5e08-442b-844a-d08bdf6ce380
2020-01-31 17:06:10 UTC,view,5896431,1487580006350586771,appliances.environment.vacuum,jessnail,53.17,601199170,1e02ba79-b9ad-4d31-9688-0c28e2978616
2020-01-31 17:08:31 UTC,cart,5877452,1487580006300255120,,jessnail,44.29,542650411,0e7cb826-9cc1-45a4-b52e-f4af4a247ae5
2020-01-31 17:12:12 UTC,remove_from_cart,4895,1487580008162526182,,runail,3.81,432126059,5d9035fb-99df-4ec3-bf6b-97f1d8d598af
2020-01-31 17:14:17 UTC,remove_from_cart,5826810,1487580009445982239,,,0.63,608711418,56504281-2532-41aa-8333-42cf39d37e7a
2020-01-31 17:31:58 UTC,cart,5587772,1487580006317032337,,irisk,1.9,372597889,3e5fcf78-1e9a-4d5c-9e82-f5605296e662
2020-01-31 17:48:30 UTC,cart,5817702,1487580009496313889,,,0.63,599788398,16733bef-6903-4e83-8424-5b90792875c2
2020-01-31 19:51:35 UTC,view,5828610,1487580009227878422,,solomeya,2.06,608770547,8558d537-0175-4486-ba22-0ff48f4a9eff
2020-01-31 19:57:38 UTC,remove_from_cart,5700032,1487580009286598681,,runail,0.4,558101607,f2d3ce55-5790-4021-ad19-cef3f5806f86
2020-01-31 20:11:24 UTC,cart,5911814,1487580005671109489,,masura,1.73,477883018,d73ec811-1c80-4414-ae77-04ce50afbeb1
2020-01-31 20:18:43 UTC,view,5924309,1487580013229244601,,,0.0,607418587,daa782f7-d5ed-478d-8078-8797820c3a40
2020-01-31 20:24:41 UTC,view,5773330,1487580005134238553,,runail,2.62,571146811,6b9f69b7-93b8-4e35-9141-fbe8a7dd7c04
2020-01-31 20:40:57 UTC,remove_from_cart,5760352,1487580009261432856,,zinger,5.02,389340436,5f55c632-73e2-48b2-8f79-749389ddc8ca
2020-01-31 20:45:40 UTC,view,5922012,2022516588854378951,,,0.0,608783163,b33a1257-8414-44e3-806d-52f47f4d22f3
2020-01-31 20:46:32 UTC,remove_from_cart,5889182,1487580006962955182,,,3.17,437201620,f5c8d7f9-6e8b-488e-ba9f-0bda5478691c
2020-01-31 20:55:20 UTC,view,8122,1487580013615120588,,,3.97,436030562,9820d659-4bbd-429e-8e1d-5d355e656b93
2020-01-31 21:01:15 UTC,remove_from_cart,5724605,1487580005427839846,,irisk,2.48,608787751,1f6cdb9b-4e4a-43e1-96db-fdb3712c6d72
2020-01-31 21:01:39 UTC,view,5877031,1487580010100293687,,milv,3.49,603395800,5dbe4db6-846c-42b9-90f0-d0cec5fb85f8
2020-01-31 21:03:30 UTC,purchase,5651973,1487580012902088873,,,13.49,558030082,d195fa85-64b1-4e13-a5fe-77f8c913c532
2020-01-31 21:09:21 UTC,view,5863843,1542195323827388674,,missha,9.52,606991435,f7724685-0d98-4c00-9f25-95abddc9ddac
2020-01-31 21:30:14 UTC,view,5915007,1487580008028308447,,babyliss,57.25,608763170,50820bd7-688d-47f6-a3e1-0c6638912b2c
2020-01-31 21:38:13 UTC,cart,5811667,1487580005427839846,,irisk,2.48,259471352,a9bc262f-8d6f-436b-95fd-3162df76ed65
2020-01-31 21:53:48 UTC,view,5550042,1487580005595612013,,,3.0,555721025,6e6fe04f-f35d-4b2c-a501-854b7ca9f828
2020-01-31 22:01:58 UTC,view,5685386,1487580012096782476,,farmona,31.24,528759174,f31d07e2-1a54-4591-8fac-4dbc05ac347a
2020-01-31 22:19:36 UTC,cart,5772453,1602943681873052386,,grattol,4.76,608312235,6940d773-f763-4a83-a609-004a33ea8fcb
2020-01-31 23:20:34 UTC,view,5724675,1487580005427839846,,irisk,2.48,373692809,890fbe2c-2682-4ca4-bdb5-096109bfa843
2020-01-31 23:42:17 UTC,view,5683378,1487580012927254698,,irisk,2.54,567263997,d7d26e7f-73c4-44c0-b1f2-a11cf356d123
