event_time,event_type,product_id,category_id,category_code,brand,price,user_id,user_session
2020-02-01 00:16:57 UTC,cart,5725672,1487580010796548183,,,0.48,371700894,6e3128a2-b78e-4316-8cf9-8e819796c13f
2020-02-01 03:26:11 UTC,cart,5859484,1487580005671109489,,masura,1.73,604459113,8aa27736-9355-4a19-af84-ffa0e636dc1f
2020-02-01 05:42:36 UTC,view,5769877,1487580013841613016,,kapous,3.65,608877699,b2f97a78-8f5e-4f8a-bfe3-9369cb6fec86
2020-02-01 06:05:44 UTC,view,5759509,1487580007457883075,,,3.97,608874356,6cd1f323-cc58-47ce-8b9d-88659500f8e3
2020-02-01 06:24:27 UTC,view,5899830,2115334439910245200,,,3.97,427857792,c1e30748-c059-426a-933a-31eb94930726
2020-02-01 08:06:36 UTC,remove_from_cart,5706753,1487580004832248652,,beautix,14.13,561791527,a72a29d5-b742-4b08-8e7f-e9e32b83c8dd
2020-02-01 08:22:34 UTC,view,5915192,1487580008053474272,,babyliss,65.43,590690571,a8d2fe6e-b5d6-4690-8273-b7f0044327de
2020-02-01 08:22:47 UTC,remove_from_cart,5856990,1487580005268456287,,,8.73,549981132,6aaa665a-c349-405f-8adf-3f4f86a5e07b
2020-02-01 08:23:26 UTC,remove_from_cart,5848405,1487580007675986893,,freedecor,0.79,494277072,f9e26dd9-bafb-4dd1-9ffc-57c8b2c1cc86
2020-02-01 08:38:59 UTC,remove_from_cart,5871014,1487580008800059394,,masura,6.02,607846342,87be17a1-203d-44b6-8425-e7bb73ff119e
2020-02-01 08:39:55 UTC,view,5919906,1487580005754995573,,,4.44,573440658,59d9ed13-ff6e-42c4-b2f7-11d48f62db98
2020-02-01 08:52:18 UTC,remove_from_cart,5838938,1487580005713052531,,ingarden,4.6,430220205,d56f8dd7-6a27-4720-953b-caa5ee477492
2020-02-01 09:23:16 UTC,remove_from_cart,5859411,1487580005671109489,,masura,2.37,203089623,bb466162-5cc1-4585-a940-2c76dd93e170
2020-02-01 09:23:33 UTC,cart,5904543,1487580005427839846,,irisk,2.48,599840485,dd738e59-138e-4924-a92e-6da574d0bf95
2020-02-01 09:47:56 UTC,cart,5837109,1783999068909863670,,staleks,2.46,348435532,bf9ef043-b67d-435c-b910-8e575a65bf51
2020-02-01 09:50:17 UTC,view,5897553,1487580009286598681,,,2.54,583884978,78cb8408-fce4-4270-a409-cc49a5e9edc4
2020-02-01 09:53:53 UTC,view,5854101,1487580008657454075,,,2.22,608964783,4e4cc153-718f-40ba-88e7-495caf01cf94
2020-02-01 09:56:43 UTC,remove_from_cart,5900880,1487580005511725929,,,5.56,470137917,5a32ff07-f5f8-4238-b518-441ad4920199
2020-02-01 10:23:40 UTC,cart,5898244,1487580007634043851,,de.lux,1.27,549048640,132213a0-729c-4393-b051-12c31e8c6be5
2020-02-01 10:35:52 UTC,view,5857007,1487580009496313889,,runail,3.17,470997536,1e5aca78-8fc0-c2b0-3eab-e36b045980c4
2020-02-01 10:40:03 UTC,purchase,5862327,1487580007675986893,,freedecor,0.79,571851223,47e1938c-5b9c-419b-a23b-1dd4ecbe6f78
2020-02-01 10:41:49 UTC,view,5924482,1487580013950664926,,,15.24,607145862,11080197-4424-47f9-a9b8-1908a96e72f4
2020-02-01 11:27:52 UTC,view,5862628,2151191071051219817,,nagaraku,7.94,460122465,239bf5dd-b85b-4b27-aea1-ece3912a7476
2020-02-01 11:43:51 UTC,view,5814046,1487580005092295511,,grattol,6.27,572419465,7116829c-d96e-4291-abde-a2573e2479c3
2020-02-01 12:13:15 UTC,view,5814649,1487580013950664926,,,5.94,609021629,8190e7e7-c39a-4da4-bb6f-18c3889e87b5
2020-02-01 12:15:00 UTC,cart,5916478,1487580013279576251,,relouis,5.76,607850370,b030e34e-1f21-48b0-b486-4e34ac5820d3
2020-02-01 12:15:26 UTC,remove_from_cart,5862562,1487580008145748965,,roubloff,1.81,542905046,6281dec0-32aa-47f2-9cd0-c6e7cbaa5888
2020-02-01 12:41:49 UTC,view,5808664,2089259162625114209,,ardell,6.37,584462519,15417bb7-6c01-4e7c-8889-0c35aa6b7eef
2020-02-01 12:47:29 UTC,cart,5724647,1487580005427839846,,irisk,2.48,608975808,4c24f227-07eb-4b14-a97a-390f59abe06d
2020-02-01 13:16:15 UTC,view,5764990,1487580011702517887,,bodyton,4.29,562963718,0666a55c-b76c-4569-b27a-558dc9c980bd
2020-02-01 13:46:11 UTC,cart,5811694,1487580005427839846,,irisk,2.48,602921137,d7775595-3e9f-4611-95b3-8256143ad328
2020-02-01 13:59:16 UTC,view,5846754,1487580004857414477,,lianail,6.33,585287457,fa65fde8-999c-4ef9-a293-d9f89243909d
2020-02-01 14:40:16 UTC,remove_from_cart,5743932,1783999073758478650,,,5.4,359425101,ebe428db-92fb-45ef-e5a2-e4d2a6133708
2020-02-01 14:41:52 UTC,view,5808666,2089259162625114209,,ardell,6.37,609060555,c49f1835-61a1-4716-a3f4-ac8b6b52224f
2020-02-01 14:54:30 UTC,remove_from_cart,5904920,1487580005134238553,,,0.0,399445659,495e5746-f04a-487f-842c-0eea74dc73e5
2020-02-01 15:00:30 UTC,cart,5687478,1487580008145748965,,,1.75,558432692,3b202a50-7371-4b8e-968c-fe19cdb2f0c9
2020-02-01 15:18:13 UTC,cart,5868468,1487580013011140782,,,1.35,608676708,c19440ab-cba6-420e-a27a-20543084cdc3
2020-02-01 15:27:15 UTC,cart,5859328,1487580007675986893,,,2.06,483192630,63824e78-2d19-4976-85cf-6cf6e9cc32d3
2020-02-01 15:31:34 UTC,cart,5622674,1487580007281722301,,,1.17,496979912,e8850d18-8b22-4f60-9848-117b8fc3cc7b
2020-02-01 15:58:15 UTC,view,5861721,2235524499636224267,,,4.76,576627077,a4453b3e-3f4b-45c4-ac60-db031d6b3861
2020-02-01 16:02:55 UTC,view,5808664,2089259162625114209,,ardell,6.37,599811137,ceaefeaf-89d5-452b-a0a3-1c80c257a622
2020-02-01 16:33:46 UTC,remove_from_cart,5921818,2115334439910245200,,,4.95,605447562,b3db5f21-b36c-42f4-aac8-c5388831b0c4
2020-02-01 16:47:44 UTC,view,5463,1487580009387261981,,ingarden,4.92,540007883,2417e801-3983-4a69-b51b-a67cf3a46538
2020-02-01 16:57:25 UTC,view,5814050,1487580005092295511,,grattol,6.27,604230986,2e7f6ff5-62aa-466b-a669-830474043bd4
2020-02-01 17:09:32 UTC,view,5924348,1487580007675986893,,,0.0,606311106,71a1389c-de0c-4969-ae8c-ecddb44818eb
2020-02-01 17:12:39 UTC,cart,5836508,2151191071051219817,,nagaraku,4.76,295578531,1f28b4ae-1eee-4300-ba1a-3ff0dd65a747
2020-02-01 17:17:05 UTC,view,5808664,2089259162625114209,,ardell,6.37,609151259,478cbf57-7d0b-4e63-a1f8-21584025d7aa
2020-02-01 17:49:40 UTC,view,5677930,1487580013732561106,,estel,5.79,399261969,11bdbb65-241d-4b80-9fd6-90aad7406db9
2020-02-01 18:12:32 UTC,view,5726182,1487580005595612013,,,3.0,529437989,ce1c13b3-f7a3-481d-8098-b48ce53882cc
2020-02-01 18:30:33 UTC,cart,5896618,1487580005427839846,,irisk,2.48,335880168,e3fc14a9-4b80-45f4-97d0-c82ddfa4b826
2020-02-01 18:53:09 UTC,remove_from_cart,5833330,1487580007675986893,,bpw.style,0.95,536490529,4f6de90c-10b8-4944-bd50-9360bb5153b5
2020-02-01 19:10:10 UTC,view,5909810,1487580013950664926,,,18.73,609180893,81413b3b-b448-42d5-9826-2ca1e4f4fa8b
2020-02-01 19:25:59 UTC,cart,5875513,1487580005268456287,,,2.54,551114613,8ec37c30-040b-4c9d-865c-a262d9a5313c
2020-02-01 19:27:06 UTC,cart,5650290,1487580007877313495,,metzger,2.3,606851541,a7b504f9-eab7-4cf2-9d5d-016379f5d4ed
2020-02-01 19:43:31 UTC,cart,5724664,1487580005427839846,,irisk,2.48,517273169,8c2a4914-5f64-4952-8f52-b18f1875494b
2020-02-01 19:49:51 UTC,cart,5664036,1487580009286598681,,,1.27,571181373,350f9afc-f720-4cf2-b276-2d733001acc3
2020-02-01 19:52:37 UTC,view,5808664,2089259162625114209,,ardell,6.37,609202463,0acfd611-b6a0-4b13-93bd-4a8ade5d3f54
2020-02-01 20:20:01 UTC,cart,5819273,1554383493545328915,,,4.76,572692737,42d97049-24c7-474d-86cc-e651dfd6bc5d
2020-02-01 20:25:29 UTC,remove_from_cart,5852669,1648815651034235876,,rosi,6.03,370385858,a8a37416-f2cb-4970-b897-21584c6313ec
2020-02-01 20:41:45 UTC,view,5889091,1487580005092295511,,,4.44,601323032,c7a3e135-5fa4-40de-9c51-5a216a673e96
2020-02-01 20:46:25 UTC,view,5704411,1487580008246412266,,estel,11.57,606977058,c913541e-de9c-441d-8080-dd10f8e67a60
2020-02-01 20:51:59 UTC,view,5796982,1487580005671109489,,masura,1.73,608889829,6be35ff2-e50e-4648-80e4-5890871ba9b9
2020-02-01 20:54:02 UTC,cart,5724614,1487580005427839846,,irisk,2.48,601371149,c6e7f2e4-4275-410c-8d7e-f78d4da350cd
2020-02-01 20:56:59 UTC,view,5688124,1487580009311764506,,,0.32,413478295,8ad88d2e-7b71-4409-8049-61aa58ce6bf6
2020-02-01 21:03:06 UTC,remove_from_cart,5881652,1487580013539623112,,lovely,4.44,589508100,8f7e58d5-fee9-47bd-910e-d04d13fc1c24
2020-02-01 21:08:58 UTC,cart,5886705,1487580005067129686,,,2.38,491832899,ea6df8c3-cb55-4286-8b55-35460a1f5fd6
2020-02-01 21:26:37 UTC,remove_from_cart,5809728,1487580005092295511,,uno,17.46,609226371,7b45cecf-2fb6-4037-9f75-8227a5733339
2020-02-01 21:55:12 UTC,view,5808664,2089259162625114209,,ardell,6.37,609243101,baa9ef5c-b896-44fb-bf6d-1fb8b34753c8
2020-02-01 21:59:00 UTC,view,5913343,1487580008112194531,,dewal,10.56,462031196,5b63623f-1f15-494d-aab3-6adf75e7820c
2020-02-01 22:16:09 UTC,view,5916865,1487580013413793985,,relouis,4.37,223293700,15f5ff0b-1487-4b75-8a58-f321ef1be6df
2020-02-01 22:37:04 UTC,view,5896606,1487580005427839846,,irisk,2.48,586543058,2ac2a9c3-89df-4698-b70c-3578738283c4
2020-02-01 22:53:59 UTC,cart,5911709,1487580005754995573,,,4.44,392588267,36ff5443-91a8-4e8a-94a9-e64275977c42
2020-02-01 23:58:16 UTC,remove_from_cart,5819352,1487580011585077370,,,9.05,461550500,a062f07b-4eef-4266-8660-b3040ed412aa
2020-02-02 02:51:25 UTC,cart,5923696,1487580007675986893,,,1.32,599989948,a8a74764-973e-4dca-a1b4-37fa4bbd063d
2020-02-02 03:14:28 UTC,cart,5790687,1487580009445982239,,nitrimax,3.97,567444693,2e526afb-db64-4122-918e-7af4376c6f43
2020-02-02 05:22:32 UTC,view,5808663,2089259162625114209,,ardell,6.37,609314601,cadc0ab5-0c13-4a7c-8646-19771dda82b3
2020-02-02 06:01:08 UTC,purchase,5790689,1487580009445982239,,nitrimax,3.97,609320507,769d5f92-06fb-438d-9ede-8423aa725c73
2020-02-02 06:31:04 UTC,cart,5749212,1487580008447738866,,cnd,10.0,474807271,65304a4a-03ed-4eaa-87e6-6076d8c4c1d2
2020-02-02 07:17:25 UTC,cart,40090,1487580011383750769,,swarovski,2.06,609340769,a4c42281-5a75-4873-ac7b-d38c348591fd
2020-02-02 07:39:39 UTC,view,5856186,1487580006300255120,,runail,75.4,609351607,a700e3d4-d060-486f-bd90-9b2dfa1478be
2020-02-02 08:29:21 UTC,view,5850281,1487580006300255120,,marathon,137.78,431792275,73bf9adc-7ca9-45f5-98ab-99fc3a283b7a
2020-02-02 08:30:55 UTC,cart,5562100,2195085255034011676,,runail,2.86,600552423,ec52d6ee-9880-4309-8fd8-6bcf1ed6ec35
2020-02-02 08:34:29 UTC,purchase,5785651,1487580007432717250,,milv,1.59,540678302,55a1d279-84ba-4181-ae5f-651c65e77ea5
2020-02-02 08:54:58 UTC,view,5876062,1487580005553668971,,,6.67,609378563,e76c06a2-e143-4387-9f68-22efda5eedc2
2020-02-02 08:55:58 UTC,purchase,5784982,2195085255034011676,,severina,3.22,607786159,04e68b79-7461-4555-a60d-0d809e0c7cc8
2020-02-02 09:02:32 UTC,cart,5735268,1487580005268456287,,haruyama,3.97,609374652,5a6e334a-3679-463a-ab53-544a223db113
2020-02-02 09:19:33 UTC,remove_from_cart,5863470,1911999801088541491,,,8.65,470720776,2069b43b-7334-437a-9282-48a67b8934cf
2020-02-02 09:52:57 UTC,cart,5923702,1487580007675986893,,,0.0,358869333,4d278f3e-241c-415c-bd49-21ade8de6cc5
2020-02-02 09:54:20 UTC,view,5712801,1487580007256556476,,,3.02,609229569,dca49c1c-5f0b-2267-8efd-9de58d7bed45
2020-02-02 10:40:53 UTC,purchase,5896613,1487580005427839846,,irisk,2.48,394765722,fba8efc3-f139-457f-a044-5514a1b20942
2020-02-02 10:48:37 UTC,cart,5783935,1487580005595612013,,,2.06,547953576,dcf1e870-2baa-463e-ac18-3c7d07f58504
2020-02-02 11:02:10 UTC,cart,5747404,1487580005671109489,,masura,6.33,600354827,ee7f96d4-385c-4fdd-93c5-8ba4efe9ab4e
2020-02-02 11:13:26 UTC,remove_from_cart,5561510,1487580007910867929,,,7.46,608968231,ba5f4259-7e6d-49f9-937f-3b6560884852
2020-02-02 11:17:43 UTC,cart,5771966,1487580013522845895,,,3.97,609417987,53690abb-90be-4ec3-9781-025f47faf55b
2020-02-02 12:09:26 UTC,remove_from_cart,5812033,1487580005427839846,,irisk,2.48,609391760,78d3089b-3052-4eb9-a8e4-b148f38fc873
2020-02-02 12:13:27 UTC,remove_from_cart,5921788,2115334439910245200,,,5.13,566439116,4d531810-7642-fd98-8f41-f5b3dc9a4316
2020-02-02 12:16:16 UTC,cart,5866174,1487580007675986893,,,1.75,584022461,e7da2c55-dbcb-48b4-9104-739c7aaa34d8
2020-02-02 12:22:24 UTC,remove_from_cart,5882774,1487580005134238553,,runail,3.17,435289288,7086d8f8-7a16-4b7e-8001-e1d43f6c384d
2020-02-02 12:36:46 UTC,remove_from_cart,5664664,1487580011383750769,,,0.79,581111525,1ba97bbc-272c-49a3-8187-e24b74ab5ce2
2020-02-02 12:40:05 UTC,cart,5808666,2089259162625114209,,ardell,6.37,609468000,ac83ee6f-bd9f-451c-a004-cc4171186c6e
2020-02-02 12:42:08 UTC,view,5723529,1487580005268456287,,runail,2.94,575190669,3deafe2c-0f40-f3dd-079c-42c06bd42db9
2020-02-02 12:55:25 UTC,cart,5848412,1487580007675986893,,freedecor,0.79,552821096,9153cba4-e663-477b-82f4-7ea065e61e6f
2020-02-02 13:04:09 UTC,view,5851606,2055161088059638328,,irisk,1.75,466572521,55699532-a52c-47cb-81b1-950c79f2fa63
2020-02-02 13:21:24 UTC,cart,5841190,1487580009051717646,,,47.59,609484552,4c641514-3565-400a-b437-a564c5a78728
2020-02-02 13:41:37 UTC,cart,5773186,1487580005134238553,,runail,2.62,570078919,1911f7fc-dfb2-4679-8681-527945db9b6b
2020-02-02 13:48:12 UTC,view,5904751,1487580007675986893,,,1.59,609479901,eb65d2de-ebf3-4d9e-9c37-de21b09ddbc3
2020-02-02 13:56:40 UTC,view,5808663,2089259162625114209,,ardell,6.37,609498941,d0f445c1-ca1c-46aa-b00c-4cefbcaecc32
2020-02-02 14:08:01 UTC,purchase,5664504,1487580013640286413,,,1.11,609496603,e24e7e60-0a33-42bd-aa2b-ac98642f02a7
2020-02-02 14:22:00 UTC,cart,5753816,1487580005008409427,,f.o.x,5.43,565036131,0dd9fdb3-c445-438a-ade9-b51b4ce54db2
2020-02-02 14:27:29 UTC,view,5724613,1487580005427839846,,irisk,2.48,600362901,7684b9d6-60c3-473e-9b68-c2b9ccaa5fe5
2020-02-02 15:23:43 UTC,cart,5811702,1487580005427839846,,irisk,2.48,609518961,43e1681f-3b79-467d-bc88-9b178062e172
2020-02-02 15:28:19 UTC,remove_from_cart,5857272,1487580005134238553,,runail,2.62,469374083,0807063d-7e78-48a7-8a70-17864bf861ca
2020-02-02 15:29:31 UTC,cart,5843569,1783999071199952917,,,0.48,609534046,b7eeeefa-e45c-4e87-90e2-89e5f76ddab5
2020-02-02 15:41:12 UTC,view,5772311,1602943681873052386,,grattol,4.76,509668583,dd921b28-0d55-4321-8ff0-f3c7ec42ca24
2020-02-02 15:44:59 UTC,view,5766980,1487580013053083824,stationery.cartrige,italwax,1.98,505996568,19dc1efa-9dcc-4e0f-96ae-7a009f52c6c1
2020-02-02 16:02:12 UTC,cart,5886344,1487580013296353468,,,6.24,601858621,a384ad86-a16f-4b81-95c5-a5a64b24ddf7
2020-02-02 16:04:34 UTC,view,5867961,1487580005671109489,,masura,3.95,501210559,be14c31c-84fb-4c32-b5ad-2ebdca57d18a
2020-02-02 16:11:47 UTC,view,5836842,1487580005025186644,,pnb,31.59,535401122,c2faeb30-25dd-47e1-af9f-8270306caa1c
2020-02-02 16:26:43 UTC,view,5877098,1487580007675986893,,freedecor,1.11,501210559,b4b85a40-b18a-4ae1-8437-d29355facde0
2020-02-02 16:41:42 UTC,view,5835921,1487580004857414477,,lianail,5.54,462142543,611cf594-ff94-41a6-9278-ec1ef8180158
2020-02-02 16:58:19 UTC,remove_from_cart,5643944,2195085255176618020,,,6.06,600666631,ebdb7152-7b62-47d7-8341-27bf6210886f
2020-02-02 17:02:11 UTC,view,5774340,1783999064136745198,,runail,4.13,596336643,1f1ca03b-792a-45fc-aa4f-67c8fd3f67a7
2020-02-02 17:06:24 UTC,view,5811764,1487580005092295511,,pnb,5.9,608503200,b009c0fa-360a-453a-8ed9-43c2acddbe9e
2020-02-02 17:07:31 UTC,view,5875423,2084144451428549153,,,2.05,605480280,2d4587e2-dc69-483b-b67f-c25ee2072a7d
2020-02-02 17:11:27 UTC,cart,5689201,1487580011585077370,,dizao,1.9,485066213,c8ca20e0-d762-4a46-b024-cff5a0781f41
2020-02-02 17:18:18 UTC,view,6587,1487580008347075566,,sophin,5.24,580353281,dc2ec59f-16c2-47f5-a081-50670cdfabaa
2020-02-02 17:22:52 UTC,cart,5844892,1487580008313521133,,,4.33,609572568,5e09eaa1-f51b-4aaa-8ee4-3e87bb54daba
2020-02-02 17:48:26 UTC,remove_from_cart,5901625,1487580007675986893,,freedecor,2.38,501210559,f9d93f25-42a8-4c43-9668-b2d29b953608
2020-02-02 17:59:34 UTC,cart,5891183,1783999064103190764,,,10.95,609591528,62605891-4945-4ada-b170-1b95811a92b1
2020-02-02 18:07:37 UTC,remove_from_cart,5855096,1487580012642042013,,,8.73,609559647,ddedcdad-cc41-429f-8482-ff66b2918554
2020-02-02 18:13:15 UTC,remove_from_cart,59975,1487580012096782476,,,0.0,462587678,565d1c17-f1d5-4a0e-97a1-58dbce77b383
2020-02-02 18:26:09 UTC,purchase,5752484,1487580005511725929,,,4.27,609476618,6a63d7bc-2618-4213-9e6e-f81ea1abe804
2020-02-02 18:27:17 UTC,view,5916115,1487580013321519293,,,4.21,607274347,1d882a70-7f76-43a8-8dad-3d2c3b0361c6
2020-02-02 18:30:55 UTC,cart,5802544,1783999063314661546,,,9.52,582172218,da078861-8b6c-4af6-821a-ecd4f37d8b0e
2020-02-02 18:32:06 UTC,cart,5745313,1487580010628776014,,,1.43,595885764,9f399267-c433-41ed-8038-8cbe7ffd5363
2020-02-02 18:36:41 UTC,cart,5700037,1487580009286598681,,runail,0.4,609606669,a34f8a22-9f93-41fa-addc-e29196357d92
2020-02-02 18:47:53 UTC,cart,5879279,1891434214553813877,,masura,3.95,609605775,4ffebaf0-ce5e-4de8-bb7e-fefc8315281f
2020-02-02 18:54:11 UTC,purchase,5842128,1487580006317032337,,,1.59,605138387,5e987863-bd70-4de1-af90-99841399be6b
2020-02-02 19:54:22 UTC,purchase,5585660,1487580007256556476,,,0.92,598411286,4288bb0a-2341-46c3-8b8c-5361a7c6efac
2020-02-02 19:55:06 UTC,view,5763379,2141560642253881670,,,4.6,606402614,cfaa0941-19a2-4a8a-8add-bde46e456e50
2020-02-02 20:07:45 UTC,cart,5811762,1487580005092295511,,,0.0,307994645,4a5516f3-66d8-359f-05c9-beba7e35570e
2020-02-02 20:21:02 UTC,cart,5695527,1487580005595612013,,,3.33,104258018,85f00583-0dd4-4e88-b278-5657edc4c79f
2020-02-02 20:34:35 UTC,cart,5723206,1487580009445982239,,,1.43,601494019,293aabc3-c574-45f9-a1de-0c8a18bca809
2020-02-02 20:44:26 UTC,remove_from_cart,5865803,1487580007634043851,,,0.79,531757886,ad96e930-a61e-4ef6-a1de-2eb0c2c7d0c1
2020-02-02 21:17:10 UTC,view,5911263,1487580009051717646,,runail,33.33,552860068,30220d54-0bf5-47e5-af55-7cfbc9624484
2020-02-02 21:17:44 UTC,cart,5807862,1487580009471148064,,irisk,1.51,608763184,b0b39e08-5a97-4276-8aa2-d5f90063f311
2020-02-02 21:53:24 UTC,view,5787747,1487580012927254698,,italwax,11.11,609664354,fedc2708-0613-440b-8e45-0f193b145e55
2020-02-02 21:59:47 UTC,cart,5813466,1487580006300255120,,,86.51,609666952,167185ec-0916-41c0-bf10-eacdeeaa73e8
2020-02-02 22:06:42 UTC,view,5622680,2195085255034011676,,severina,2.21,609667300,59b5dd9a-ccf8-43e1-b807-242e0d05cc8c
2020-02-02 22:53:18 UTC,view,5841742,1487580005268456287,,pnb,6.13,609252933,52577968-bbba-4a64-bff9-0675388dd40e
2020-02-03 02:53:17 UTC,cart,5542,1752742615205281895,,ingarden,2.86,607507735,23a288e3-e88e-42f2-b350-a566df9fd47d
2020-02-03 02:54:24 UTC,view,5861354,1487580006317032337,,,13.14,594309039,4baf917e-3666-4699-85a2-ba58058ad85c
2020-02-03 03:15:19 UTC,remove_from_cart,5850625,1602943681873052386,,grattol,5.24,557560536,0dc8432d-de9c-4fbf-8248-3696984337a0
2020-02-03 03:16:09 UTC,view,5837197,1487580012373606546,,kamill,1.87,609715120,48e419c5-29f2-4397-bba1-418b413d72fd
2020-02-03 03:23:43 UTC,view,5793261,1487580010100293687,,,22.21,589296633,3b0b50f7-fd08-44d5-b538-1cceb4b7ce25
2020-02-03 04:42:11 UTC,cart,5896723,1487580009311764506,,irisk,0.63,601260189,1159df91-2e8c-4020-a6a7-1d2578fd4142
2020-02-03 04:44:51 UTC,view,5804820,1487580013950664926,,,63.33,532559070,3ef326ac-054c-47d9-bef2-f2d53eb052df
2020-02-03 05:03:12 UTC,view,5726648,1487580008145748965,,,0.79,566983155,7751c24a-57d8-42d6-b126-295f824c37f5
2020-02-03 05:43:13 UTC,view,5864587,1487580011652186237,,,27.78,570339733,67d217ed-e5ee-427f-adc2-211b43119f82
2020-02-03 06:10:11 UTC,view,5587642,1487580008187692007,,roubloff,3.32,608971697,5fdf001e-8ff4-455e-acc0-7432c79beb7c
2020-02-03 06:18:13 UTC,cart,5549842,1487580005268456287,,,3.81,538535098,e5212feb-e41f-40ab-b9e9-cd05f7481f52
2020-02-03 06:31:44 UTC,cart,5876854,1487580009445982239,,domix,11.98,576375906,5f832e99-0e23-4097-b84d-4aa06ad21e51
2020-02-03 06:37:24 UTC,cart,5878913,1487580007717929935,,freedecor,1.27,609752425,a98ab067-3d17-41c9-841c-5e5d57b09891
2020-02-03 06:41:41 UTC,view,5702039,2140803113261466607,,irisk,0.79,551099180,f9cb8fbf-6b1e-43c4-bcdc-b8221390d126
2020-02-03 06:52:44 UTC,view,5910249,1487580004857414477,,lianail,6.33,600481421,38d18d4e-bba2-4518-8a11-7ab36e887c5f
2020-02-03 07:12:37 UTC,purchase,5725683,1487580010796548183,,,0.48,609355174,90815239-4575-4e19-a8f3-020b9983570d
2020-02-03 07:17:35 UTC,cart,5584836,1487580013581566154,,levissime,4.95,609767426,257a5ce4-d879-4e45-be66-078a9b29827b
2020-02-03 08:02:33 UTC,purchase,5812221,1487580005427839846,,irisk,2.48,607223691,928a76ec-4d8e-4f22-a386-6962b993e62c
2020-02-03 08:25:03 UTC,view,5861277,1487580006317032337,,,21.27,609796680,b3bb33df-fcfd-4a2e-adba-7be929ab7201
2020-02-03 08:53:04 UTC,remove_from_cart,5696181,1487580005134238553,,runail,2.38,607835899,b4f59545-dcb0-4685-aa7c-f4e83c7089ac
2020-02-03 08:54:32 UTC,cart,5809910,1602943681873052386,,grattol,5.24,416586392,a973d7ad-beb4-4b82-a000-89fe026180a6
2020-02-03 09:14:17 UTC,view,5787479,1487580014009385185,,,47.6,609746635,944ef549-84c8-4213-950a-6304838ae765
2020-02-03 09:23:36 UTC,view,5734536,1487580005050352469,,haruyama,3.97,321607478,0f6023c9-6366-446d-bb03-ced6bff544ef
2020-02-03 09:26:47 UTC,view,5835325,1783999063314661546,,,6.19,609820767,d67ad7dd-59a1-408f-9937-4202c1d3d6c5
2020-02-03 09:41:17 UTC,cart,5895780,1487580012591710363,,,1.21,609828169,523c138a-ec79-4fd3-98df-cd10002c5242
2020-02-03 09:43:42 UTC,purchase,5833631,1487580011283087468,,,4.6,290625479,9d49c53f-49d5-69ca-be5c-42420d35c837
2020-02-03 09:48:59 UTC,view,5824227,1487580013539623112,,,13.49,420722551,7f7b40fd-b7c0-40bd-91e8-c5d99d5aae1a
2020-02-03 09:51:27 UTC,cart,5873317,1487580008246412266,,likato,6.3,609831847,0b0bb25b-11cf-4b12-a3c2-e23082d8dec3
2020-02-03 09:55:49 UTC,cart,59003,1487580013581566154,,refectocil,7.46,609206464,b9076a9d-4437-4e1d-a847-fc96369c8d3b
2020-02-03 10:21:53 UTC,view,5811696,1487580005427839846,,irisk,2.48,609844106,0185ab87-8748-448c-8782-d1f1ee58f761
2020-02-03 10:33:54 UTC,remove_from_cart,5816174,1602943681873052386,,grattol,5.24,580367476,68ecee5f-8190-465f-9b8d-df9dd4e10cd8
2020-02-03 10:34:33 UTC,cart,5811698,1487580005427839846,,irisk,2.48,571897850,5e931490-77d1-4d2c-8f82-5e9e20e408c7
2020-02-03 10:47:22 UTC,view,5742752,1487580004882580302,,,2.7,439789263,a1dae727-b190-42eb-be89-a02abf33fbbe
2020-02-03 10:57:04 UTC,view,5650012,1487580007365608384,,ingarden,5.4,589345431,ad3f83b0-d139-4e2b-8f2e-14ebd2cb0ed7
2020-02-03 11:05:43 UTC,view,5839690,1487580005671109489,,masura,3.95,482359186,a501734b-ea0b-41db-a238-4ed7fa41a090
2020-02-03 11:21:10 UTC,view,5739057,1487580008263189483,,kapous,4.75,609824916,606c626e-9b33-4468-aa38-ed37ec814032
2020-02-03 11:29:10 UTC,cart,5753480,1487580013069861041,,italwax,2.68,608818490,31b2e9d5-51ea-6840-e1a4-9f9cfed1ccf8
2020-02-03 11:38:05 UTC,cart,5899929,2115334439910245200,,,3.92,572926487,3280c87c-afa8-4eab-9ba7-ae18bd7315ee
2020-02-03 11:55:39 UTC,cart,5851921,1511892746070131099,,uno,8.41,599889882,b8f18196-0b0a-4854-9ead-dba456cc7e1b
2020-02-03 11:56:45 UTC,view,5925366,1487580007675986893,,,1.43,231464025,65c81d4c-f3fa-46ad-a0db-88017008d390
2020-02-03 12:00:18 UTC,remove_from_cart,5854812,1602943681873052386,,grattol,5.24,437326071,7ba7338d-c2a6-4529-ba05-9069bd696e7e
2020-02-03 12:06:55 UTC,view,5913527,1487580008246412266,,,18.54,601495821,410d8de1-0464-4013-884f-47e1977d6a5d
2020-02-03 12:22:46 UTC,remove_from_cart,5881424,1487580013506068678,,lovely,8.73,488660608,1774bfaa-2f5a-4522-aad0-2c61b9b048b8
2020-02-03 12:38:30 UTC,cart,5866559,1891434214553813877,,,3.97,473632011,0affac9c-b9b6-45b7-b615-b1eb38480547
2020-02-03 12:53:44 UTC,cart,5815777,1487580005092295511,,beauty-free,2.37,609906131,ce0f7800-b9f2-49e8-8284-81b5c40ae763
2020-02-03 12:59:38 UTC,view,4554,1487580010796548183,,runail,0.38,593675396,bcc3c32c-01b6-4732-9374-9990fa0c36c3
2020-02-03 13:05:27 UTC,view,5686925,1487580009311764506,,,0.35,551008008,830cb81d-d2e4-48e8-852a-6dc91e93482c
2020-02-03 13:05:53 UTC,view,5739055,1487580008246412266,,kapous,4.27,483129073,ee6beb4b-ba8d-46a4-a521-fa68ae9494a3
2020-02-03 13:07:48 UTC,cart,5855085,1487580005553668971,,,6.71,238893405,cc26ccde-f698-4e08-9c61-ce6bb17b921a
2020-02-03 13:24:32 UTC,view,5803691,1597770225539875791,,,13.33,604034527,204daaf1-bd16-469c-9086-4128a1936b98
2020-02-03 13:54:21 UTC,view,6733,1487580013027917999,,,14.71,608162408,9d4ee4b6-a368-4ca5-b9ba-45894b448d01
2020-02-03 14:05:30 UTC,remove_from_cart,5674738,1487580005595612013,,,3.0,567975023,dba87a3e-50b5-4ea4-9792-0f57f7b3ef99
2020-02-03 14:05:47 UTC,remove_from_cart,5757945,1487580008263189483,,kapous,9.51,530134721,aae417e4-7b71-4fe9-85b7-56acafbb5922
2020-02-03 14:10:48 UTC,purchase,5923725,1487580007675986893,,,1.43,358869333,e4f0fc51-95c6-ee59-201a-b8c28f93b5da
2020-02-03 14:12:56 UTC,view,5774161,1487580007592100809,,,0.32,415186518,979ef2c5-2fe7-4362-8909-ff00e0d3abce
2020-02-03 14:13:28 UTC,cart,5730206,1487580005092295511,,,10.32,531020322,cadcedb3-2891-40e2-8400-89f8619c4f31
2020-02-03 14:14:57 UTC,view,5676248,1487580008758116352,,zinger,2.38,515247042,8c678a74-7c32-428f-a5c5-36dfc3a38651
2020-02-03 14:26:54 UTC,remove_from_cart,5865794,2029082628195353599,,,3.97,586965932,4b5848a5-edd3-2bf1-d0e4-dfca6a89bda5
2020-02-03 14:55:13 UTC,remove_from_cart,5733056,1487580004832248652,,beautix,9.37,594376475,6e5b8877-8bd8-4263-a95c-a6cdd1cb20f3
2020-02-03 15:09:11 UTC,cart,5877597,1487580007675986893,,bpw.style,0.79,609957493,b7838374-b671-4382-b7af-e43155ddaab2
2020-02-03 15:09:12 UTC,purchase,5776132,2141560642253881670,,art-visage,2.7,570942625,2837311c-f082-b6b3-f8e4-df23353a1e2e
2020-02-03 15:10:39 UTC,cart,5909810,1487580013950664926,,,18.73,609293118,0470c450-4867-4ec4-888e-b4f66f33a76b
2020-02-03 15:32:45 UTC,view,5811687,1487580005427839846,,irisk,2.48,609097117,c9c16dfe-5f28-4e6d-a2dd-a73197314eb3
2020-02-03 15:46:52 UTC,view,5877456,1487580006300255120,,jessnail,122.22,609637875,20a3ae6f-3f5a-4b50-8565-76a9bb0e1654
2020-02-03 16:39:36 UTC,remove_from_cart,5911744,1487580005671109489,,masura,1.73,605285522,5e56239a-2c41-4454-a0ec-d39bfc7255f2
2020-02-03 17:05:56 UTC,view,5677366,1487580008246412266,,estel,6.57,599735423,b6db9fe6-81b3-4e0d-8aee-76f3de843990
2020-02-03 17:08:10 UTC,cart,5811796,1487580005671109489,,masura,1.73,606032851,3b778e50-254e-4202-b16f-1600a06a7565
2020-02-03 17:08:22 UTC,remove_from_cart,5732020,1487580007281722301,,domix,4.11,520677301,a254e109-24d4-48b4-90f2-2ac19d332290
2020-02-03 17:21:24 UTC,view,5726236,1487580005268456287,,,5.56,598772444,70895183-b314-4e93-9328-884ccc6b6595
2020-02-03 17:45:52 UTC,remove_from_cart,5807805,1487580005713052531,,ingarden,4.6,598041526,819bc251-81f9-46ee-b33a-a7b973a0499e
2020-02-03 17:48:54 UTC,purchase,5800788,1487580007256556476,,,4.52,609022605,5ca51992-1351-490b-83cd-0108b986cf49
2020-02-03 17:48:54 UTC,purchase,5802432,1487580009286598681,,,0.32,609022605,5ca51992-1351-490b-83cd-0108b986cf49
2020-02-03 18:03:46 UTC,cart,5751422,1487580005268456287,,uno,10.95,606980642,8017c7e9-c74c-407d-a910-809a1d88b54d
2020-02-03 18:07:28 UTC,remove_from_cart,36746,1487580012021285001,,,0.0,242399421,ffe59e3e-0745-42c9-ae92-e17e72190e2c
2020-02-03 18:10:26 UTC,cart,5649272,1487580013749338323,,concept,6.19,605217478,382ce56d-9013-4c66-ad56-c91776b3037b
2020-02-03 18:33:31 UTC,cart,5816169,1602943681873052386,,grattol,5.24,500155011,fe58e6e2-c3d4-42d3-8723-a859454586f9
2020-02-03 18:56:24 UTC,view,5843590,1783999071199952917,,,0.71,584486794,f0fcaae9-998c-4cd7-9829-6ab28654f1e4
2020-02-03 19:15:57 UTC,remove_from_cart,5860166,1487580011585077370,,,0.78,475468226,eeaa7dee-bc76-4bd1-b621-35286a1d47b5
2020-02-03 19:17:38 UTC,view,5856186,1487580006300255120,,runail,75.4,462576304,f227b925-c45c-4701-9efc-26789f7e3395
2020-02-03 19:33:19 UTC,view,5779235,1487580004832248652,,beautix,9.37,452170815,41ab2ca4-252c-479a-abf5-13270fe96bb3
2020-02-03 19:33:37 UTC,view,5809910,1602943681873052386,,grattol,5.24,583251449,fa180163-f8f7-4997-bac3-8b11833148b3
2020-02-03 19:36:12 UTC,view,5833318,1487580007675986893,,bpw.style,0.79,610061942,1d46d20f-0fe3-461f-8cca-5f82d395a4aa
2020-02-03 19:50:17 UTC,cart,5734560,1487580005050352469,,haruyama,3.97,600232952,c02c341a-5035-42a9-8ea5-bcb99279294c
2020-02-03 20:11:13 UTC,remove_from_cart,5853559,1487580005050352469,,haruyama,3.97,600232952,c02c341a-5035-42a9-8ea5-bcb99279294c
2020-02-03 20:13:12 UTC,remove_from_cart,5835924,1487580009471148064,,irisk,1.51,233895580,7cd1f87c-faf1-405d-8d6e-774afe959ba7
2020-02-03 20:15:18 UTC,remove_from_cart,5736358,1487580005050352469,,haruyama,3.97,600232952,c02c341a-5035-42a9-8ea5-bcb99279294c
2020-02-03 20:16:18 UTC,remove_from_cart,5822047,1487580005050352469,,haruyama,3.97,600232952,c02c341a-5035-42a9-8ea5-bcb99279294c
2020-02-03 20:16:52 UTC,remove_from_cart,5713383,1487580008112194531,,,9.37,609204297,95ab38d8-38e6-43eb-9204-110afb7f325a
2020-02-03 20:22:10 UTC,remove_from_cart,5809921,1487580010100293687,,grattol,2.06,610075830,79aaa580-d386-48b4-8816-cdf76f66ca5e
2020-02-03 20:27:28 UTC,cart,5733046,1487580013011140782,,italwax,2.06,377615962,453c8a4f-4dd9-4279-8b75-98e6af043a8f
2020-02-03 20:52:07 UTC,view,5914455,1487580005713052531,,ingarden,4.6,608824978,20df6492-f4dd-2194-800b-796f8d2a3cbd
2020-02-03 20:56:12 UTC,view,5875784,2084144451428549153,,,2.05,548294799,461e12ce-bdbd-4fa7-a110-4bcb04e6dcb0
2020-02-03 21:28:03 UTC,cart,5622088,1487580008657454075,,,0.0,489185813,0969eabb-9209-4091-b286-033f2fb6cacd
2020-02-03 22:22:04 UTC,cart,5905704,1487580005092295511,,,10.63,610067730,cca07398-62d4-4bbe-b52e-661accfc4ca1
2020-02-03 23:17:27 UTC,view,5849033,1487580005092295511,,uno,10.32,486399950,2476d347-3ce4-400f-9adc-d8d7ad2d636d
2020-02-04 03:53:29 UTC,cart,5916478,1487580013279576251,,relouis,5.76,610153161,4b94a111-da98-4375-887e-01ac16db2ffb
2020-02-04 04:22:37 UTC,cart,5700046,1487580009286598681,,runail,0.4,433965956,c1cf46ff-a817-c959-cb01-9a9036ab3cfd
2020-02-04 04:53:05 UTC,remove_from_cart,5773361,1487580005134238553,,runail,2.62,436585827,cb189995-ebbb-4f45-815a-329dd1779a3b
2020-02-04 05:14:14 UTC,view,5683895,1487580013841613016,,estel,2.62,596722206,c5583b25-eb64-4a5a-b652-be61bf33f8c2
2020-02-04 05:15:09 UTC,cart,5716212,1487580007550157767,,,0.79,604593680,895d3781-bd6d-43da-99d8-80ae62f3e509
2020-02-04 06:06:04 UTC,view,5821097,1487580005754995573,,,4.44,492693036,0526658e-3836-4f21-a153-37210e6ae342
2020-02-04 06:27:40 UTC,purchase,4600,1487580010796548183,,runail,0.38,563686734,5f233537-e9ad-488c-8542-eaa63b071087
2020-02-04 06:49:22 UTC,view,5848492,1602943681873052386,,grattol,5.24,391565874,e9a42154-fb19-4e61-9667-891f6c08fe3f
2020-02-04 07:06:46 UTC,view,5909810,1487580013950664926,,,18.73,550328876,1a185f87-19ca-db40-f722-e466d06b121e
2020-02-04 07:09:23 UTC,remove_from_cart,5859478,1487580005671109489,,masura,1.73,482241516,8c215ed6-1e83-c267-ec2e-dae2015440f9
2020-02-04 07:12:41 UTC,purchase,5812238,1487580005427839846,,irisk,2.48,597306650,2f40777d-5799-41bb-b0b4-313d1162e1c6
2020-02-04 07:15:14 UTC,view,5746896,1487580006317032337,,irisk,6.35,606059925,ae2eec77-01fa-41ae-afba-74117027a2bf
2020-02-04 07:27:19 UTC,cart,5868795,1783999064103190764,,cosmoprofi,6.35,515535641,d7b4c96e-09c8-45fb-b664-c7365e30d5fb
2020-02-04 07:29:59 UTC,view,5785472,1658462125284131265,,uskusi,3.97,405680961,2eff7cbc-3c46-4b26-88d9-e0014de315bc
2020-02-04 07:54:16 UTC,cart,5688124,1487580009311764506,,,0.32,456008376,3ad6d0e2-07f0-4055-877c-76bcc687f222
2020-02-04 08:33:55 UTC,view,5831855,1487580008263189483,,pole,5.86,610208234,6bf78728-1d2c-4665-a214-62eac484c269
2020-02-04 08:41:01 UTC,cart,5753487,1487580013069861041,,italwax,13.02,610235338,b6b4aafd-9025-4a30-a4db-0b31906f2c3e
2020-02-04 10:14:38 UTC,cart,5700032,1487580009286598681,,runail,0.4,607347355,370b06cc-2687-8c55-28bf-b2cea97a2527
2020-02-04 10:26:05 UTC,cart,5835859,1487580009445982239,,,0.63,542613553,8dadc322-43db-459b-8f36-b66260f5f18f
2020-02-04 10:28:13 UTC,view,5780834,1487580005092295511,,rosi,7.86,75649789,5605b843-56e4-4cb5-a53c-53a33d288f2d
2020-02-04 10:45:18 UTC,view,5686221,1487580009471148064,,,1.21,610287118,23781f3f-8931-49c9-b300-4d90a32d8d2b
2020-02-04 10:59:06 UTC,view,5736427,1487580011585077370,,,19.05,565696280,88c4a658-68fc-1a29-f1df-049130705928
2020-02-04 11:00:34 UTC,cart,5739037,1487580008246412266,,kapous,3.0,610279023,604d5275-1c99-4797-bc6d-f9ab93cda117
2020-02-04 11:22:55 UTC,remove_from_cart,5799039,1487580008246412266,,,8.05,442055107,bf866d52-702b-48a3-b9d2-c7c18fccb4a8
2020-02-04 11:28:29 UTC,view,5875350,2084144451428549153,,,2.05,566482845,5b761b7d-59ad-4c0c-ba64-1b0b8750b7a7
2020-02-04 11:41:36 UTC,cart,5853709,1487580009286598681,,runail,2.06,572106234,ce4be93f-7ae2-4c88-a6c5-cbf2b8931006
2020-02-04 11:47:49 UTC,purchase,5689735,1487580007910867929,,staleks,8.25,598780399,bde9eb43-864e-41ba-a1f9-3d6318bea340
2020-02-04 12:21:40 UTC,cart,7890,1487580009471148064,,,2.3,604738704,836bca32-72f4-427f-8152-e93f4f43392a
2020-02-04 12:25:35 UTC,view,5861721,2235524499636224267,,,4.52,610329450,163c3cdd-d594-490d-8eea-533971c0bd35
2020-02-04 12:27:59 UTC,view,5790563,1487580008263189483,,,7.14,610330460,4ae676f4-534b-4ced-af26-130fd806ecd5
2020-02-04 12:38:13 UTC,remove_from_cart,5853551,1487580005050352469,,haruyama,3.57,610333004,08f87d8a-aaef-481d-84c3-18e185136d7a
2020-02-04 13:21:46 UTC,remove_from_cart,5921839,2115334439910245200,,,4.87,606335652,5c51e157-ccd1-f4c9-aae7-a90d66f911c7
2020-02-04 13:52:09 UTC,view,5748491,1487580006350586771,appliances.environment.vacuum,,28.56,589668153,74a25b22-8e57-4b7c-956c-f1ce1ba8d6dd
2020-02-04 14:04:12 UTC,cart,5837102,1783999068909863670,,staleks,4.92,608347741,4e8cc842-9176-4e56-8208-6ad841937d40
2020-02-04 14:33:33 UTC,remove_from_cart,5694897,1487580009076883471,,,1.27,610053037,afd1b527-eed9-78eb-a332-ea2a9b663e81
2020-02-04 14:35:03 UTC,view,5904358,1487580007675986893,,,1.59,469015702,69f28417-fcc2-4fb0-a894-2d51b6298310
2020-02-04 14:35:57 UTC,view,5838846,1487580005092295511,,lovely,10.95,535164603,385910fe-3e68-46c5-bbf0-bdc108d08def
2020-02-04 14:42:12 UTC,view,4901,1487580008162526182,,runail,2.54,607776697,ce440324-fcbf-4f57-93f0-e8369c601fe8
2020-02-04 14:42:29 UTC,cart,5745318,1487580010628776014,,,1.43,587216002,10c486d4-d463-4287-bd0d-eebe765411e1
2020-02-04 14:44:36 UTC,cart,5736332,1487580005050352469,,haruyama,3.97,610379067,3a3f0a44-d4f8-433d-8ef6-993b59fdfd53
2020-02-04 15:15:57 UTC,view,5924509,1487580013279576251,,note,12.76,608612568,0ac10680-a3ad-4f6c-9b59-fccb2d102576
2020-02-04 15:16:04 UTC,view,5645160,1487580007256556476,,,0.49,610288385,8b30499f-f5c2-4cb1-a97c-ad9d20c06316
2020-02-04 15:21:12 UTC,view,5809910,1602943681873052386,,grattol,5.24,415870047,37027e52-76e5-4247-b041-90d9f1d7bc5a
2020-02-04 15:22:17 UTC,view,5899851,2115334439910245200,,,4.46,585017557,838564cb-4827-48dd-a27d-8cde456db327
2020-02-04 15:22:39 UTC,purchase,5724563,1487580005427839846,,irisk,2.48,603608687,5bf7b5d1-74cd-44dd-9858-aa8058318348
2020-02-04 15:27:05 UTC,cart,5785653,1487580007432717250,,milv,1.59,607999076,3adde15d-c2c6-48f6-af14-701905987db8
2020-02-04 15:30:07 UTC,purchase,5861764,1487580006350586771,appliances.environment.vacuum,emil,1.43,610390915,8dd6dcbb-7198-4753-b3a0-2b3a93eea84e
2020-02-04 15:47:49 UTC,remove_from_cart,5628025,1605161575889502297,,,2.7,605012368,c158c5ac-456e-41c7-8e69-2727e50e7afb
2020-02-04 15:50:48 UTC,view,5809910,1602943681873052386,,grattol,5.24,463782335,c38990c2-677d-402d-9b82-ea3dae2500ee
2020-02-04 15:58:22 UTC,view,5780297,1487580009143992338,,,20.62,610412708,557c1894-8158-4f25-8e43-e032a1fe9eb3
2020-02-04 16:12:12 UTC,remove_from_cart,5820746,1487580006317032337,,,2.54,559746406,efb06daf-5bb6-4a4f-b7c1-50fd9ed658da
2020-02-04 16:13:28 UTC,view,5786717,1487580007659209676,,irisk,1.43,493871481,db7d4803-cf4d-462d-9171-f9db91a9f3a8
2020-02-04 16:33:03 UTC,remove_from_cart,5853541,1487580005050352469,,,0.0,321241951,a9bc5820-6ee9-4f52-a49a-39a68e9cfd99
2020-02-04 16:51:45 UTC,cart,5884070,2115334439910245200,,,3.67,468933158,68077e86-2578-4123-bb39-30337e06f8fe
2020-02-04 17:02:57 UTC,view,5562312,1487580009227878422,,,1.35,585785992,d50e18ab-d327-466d-83c9-c0af25f32d20
2020-02-04 17:07:21 UTC,remove_from_cart,5812238,1487580005427839846,,irisk,2.48,593011583,51cbcad0-e1f2-479b-b49f-e552554b4630
2020-02-04 17:28:25 UTC,cart,5750291,1487580007550157767,,ingarden,0.95,566603176,04da6fbf-bf3e-4f95-a9fd-0e1271602531
2020-02-04 17:28:26 UTC,purchase,5736335,1487580005050352469,,haruyama,3.97,610373225,0bc26ab4-4522-2335-9aba-cb838eb31c5d
2020-02-04 17:29:40 UTC,cart,5815662,1487580006317032337,,,0.92,265157494,62ca7592-5346-46d8-81d3-b4a00f7bee03
2020-02-04 17:44:43 UTC,view,5921445,1487580011702517887,,bielenda,9.52,610451548,d1873a51-4048-4774-bd98-51dcf67a7c59
2020-02-04 17:46:03 UTC,purchase,5587642,1487580008187692007,,roubloff,3.32,571123796,bb9fe149-9f5d-4b8b-8268-46d4b6e77b65
2020-02-04 17:51:46 UTC,remove_from_cart,5851640,1638456119066100510,,pole,4.11,468154519,1525042a-6975-4b2c-9fca-89258468ee29
2020-02-04 18:00:17 UTC,cart,5882404,1487580009261432856,,zinger,2.37,589210593,6fcbf18c-bd8f-4326-8e3a-9c00d10c51b0
2020-02-04 18:04:35 UTC,view,5809910,1602943681873052386,,grattol,5.24,582110877,ef6080ec-d498-4f89-b68a-c28730583d2b
2020-02-04 18:35:28 UTC,cart,5858967,1487580007634043851,,de.lux,0.79,605192110,301dafbc-4416-4425-a28e-893f28d248cd
2020-02-04 18:44:20 UTC,view,5921821,2115334439910245200,,,4.95,561961047,1395e5a0-06f3-4305-b68f-7d7591e121e9
2020-02-04 18:52:33 UTC,view,5897627,2029082628195353599,,,3.14,583884978,e4a51b83-ddc2-43e6-b096-64647104ff4c
2020-02-04 19:03:04 UTC,view,5615144,1487580005092295511,,,4.76,601779311,6307283d-a52d-43e6-b258-a8d7cc5fc988
2020-02-04 19:03:39 UTC,cart,5745318,1487580010628776014,,,1.43,587216002,4a4f41a1-f2d7-4eee-a830-72d7409979a3
2020-02-04 19:14:33 UTC,remove_from_cart,5652774,1487580013950664926,,,13.49,581287301,b9c7dabb-595a-4ec1-a49c-245c5c9102b2
2020-02-04 19:24:19 UTC,view,5873339,1487580008246412266,,likato,8.19,472334418,efe4405a-530f-4018-9946-67769353ebf8
2020-02-04 20:06:42 UTC,purchase,5910757,1487580008087028706,,dewal,0.81,610465935,1e61b7c3-2f75-4975-80e6-f4be6360cd2c
2020-02-04 20:07:23 UTC,view,5838626,1487580012121948301,,kinetics,11.43,610500684,8cce436c-b3e8-4632-8c3c-89acbb67c6cb
2020-02-04 20:49:22 UTC,view,5785144,1487580013950664926,,runail,11.83,497329799,0db57782-a948-4307-a0e4-838441201ed1
2020-02-04 22:12:01 UTC,view,5808664,2089259162625114209,,ardell,6.37,610531763,574e0f25-1c83-4c9d-a9fe-b8fb666e45f8
2020-02-04 22:42:37 UTC,purchase,5676783,1783999067156644376,,estel,7.14,610328428,5575ec22-810c-926f-f522-7a4cc5cf92f1
2020-02-04 22:46:06 UTC,view,5924482,1487580013950664926,,,15.24,449206892,ac7b1c23-10a7-4858-8852-2dcf034342e9
2020-02-04 22:48:31 UTC,cart,5724587,1487580005427839846,,irisk,2.48,607735529,3228b431-bbbe-452f-97f9-5800ec73920f
2020-02-04 22:52:01 UTC,view,5850337,1487580007936033754,,,3.17,589524503,db2d2a3d-d1d6-4042-af6a-134250e7d32a
2020-02-04 23:20:11 UTC,cart,5873616,1487580009471148064,,,1.51,610535997,467bc13c-a0fc-4883-a480-cce0bd195de9
2020-02-05 00:38:15 UTC,remove_from_cart,5896178,1487580004916134735,,,4.76,552946986,340b8c99-ddd6-4b34-bfe7-b9f2344d02f7
2020-02-05 04:32:16 UTC,cart,5770158,1487580009286598681,,,0.0,401817994,cc33255d-f145-496c-ab57-5bf4b2101198
2020-02-05 06:29:16 UTC,purchase,5751401,1511892746070131099,,uno,9.37,568101636,ffbc948a-30d9-4be2-92e9-38d0f82ed2c2
2020-02-05 06:48:00 UTC,remove_from_cart,5903992,1487580007675986893,,,1.59,583947345,577fda35-a2a8-4524-bb61-dcc3ab7f871f
2020-02-05 07:18:08 UTC,view,5839667,1487580005671109489,,masura,2.37,513479812,78b33ddf-be3c-4534-95ce-cd297c8a5b77
2020-02-05 07:50:01 UTC,view,5684866,1487580008246412266,,,15.83,605446600,69d88ada-bfa1-4210-bb44-209065a48342
2020-02-05 07:50:29 UTC,view,5759486,1487580013011140782,,italwax,2.68,551481944,7f164f3d-422e-4730-93e6-b2f988d71545
2020-02-05 07:54:42 UTC,view,5651938,1487580012902088873,,,6.33,483212328,75d3522a-b175-49f9-a0c1-d14ae4de81a5
2020-02-05 08:02:05 UTC,cart,5724565,1487580005427839846,,irisk,2.48,610655302,446177c5-37ca-40d1-831a-e3d27f26efe2
2020-02-05 08:02:18 UTC,view,5809912,1602943681873052386,,grattol,5.24,602274208,034931ee-5275-4e25-80f5-5d1c6f77a533
2020-02-05 08:29:42 UTC,cart,5858981,1487580007634043851,,,0.0,421608334,5f05b914-c0f0-4a11-88b7-f29fc2a2689a
2020-02-05 08:53:16 UTC,remove_from_cart,5814045,1783999063314661546,,grattol,10.32,569220570,c60a8730-bd57-40e9-bd50-d1d1a8f814ae
2020-02-05 09:13:47 UTC,view,5587660,1487580008145748965,,roubloff,4.75,603492288,d258fd2f-b557-4c03-9fe9-b002528cc6bf
2020-02-05 09:29:22 UTC,cart,5723510,1487580005134238553,,runail,2.62,400385180,6299c683-004b-49d8-b5df-aae5ffcff9b4
2020-02-05 09:55:40 UTC,remove_from_cart,5647111,1487580008263189483,,,0.0,419558969,39d88d60-43c1-47a5-9d2f-90d08be62044
2020-02-05 09:55:40 UTC,remove_from_cart,5820528,1487580011585077370,,,0.0,419558969,39d88d60-43c1-47a5-9d2f-90d08be62044
2020-02-05 09:55:55 UTC,remove_from_cart,5848541,1487580011677352062,,,0.0,419558969,81046405-aede-45e4-b606-791a0399248e
2020-02-05 09:55:55 UTC,cart,5840415,1597770225539875791,,,0.0,419558969,7444905e-4f98-4adb-9d9f-b1b59a3959f8
2020-02-05 09:58:20 UTC,view,5747147,1487580005595612013,,,3.33,610683390,881a23e3-61af-497b-8f1f-c5a9a00876c6
2020-02-05 10:09:16 UTC,view,5811655,1487580005427839846,,irisk,2.48,434226733,3c795362-2768-4c66-bad0-bb6f04078434
2020-02-05 10:09:17 UTC,purchase,5863505,1487580011585077370,,missha,3.19,591220824,97a1211c-ebd6-418d-8b94-40d4466e4b66
2020-02-05 11:05:37 UTC,cart,5823549,1487580004916134735,,,5.22,502220691,12a57d2d-7312-4b61-99c5-12a2e1f9b3a9
2020-02-05 11:39:36 UTC,cart,4879,1487580010796548183,,,0.0,471714869,23053d79-ca7e-5649-a0a9-688fe1ac420a
2020-02-05 11:39:42 UTC,view,5763379,2141560642253881670,,,4.6,610742433,20923b88-1f53-4f75-8016-d92add3b38a1
2020-02-05 11:47:18 UTC,cart,5887574,1487580005595612013,,,3.0,538905646,872728e6-a38c-4641-a7ab-d5a63ffb6409
2020-02-05 11:55:29 UTC,purchase,5812620,1487580008447738866,,cnd,10.0,486562881,95bed2b1-3988-43d9-9761-44b3b589a39e
2020-02-05 12:28:30 UTC,cart,5879618,1982860263572898112,,concept,7.7,610738917,89593572-8b8f-4fb1-bbe9-7ce3b55cbce1
2020-02-05 12:31:54 UTC,view,5853037,1487580008246412266,,,16.0,610763617,a4e47e6e-aa5f-4220-9bc7-ecaee0222601
2020-02-05 12:36:50 UTC,cart,5762852,1783999071325782053,,,0.41,538905646,1a0a4b8b-b7ad-4039-9692-828e8c2c9195
2020-02-05 12:54:20 UTC,cart,5724606,1487580005427839846,,irisk,2.48,528755120,b7b51797-aa42-4f9f-9ecb-2deb06d11b2f
2020-02-05 12:56:40 UTC,cart,5854817,1602943681873052386,,grattol,5.24,565036131,bbdf3504-e29b-479b-89c4-216a900c4747
2020-02-05 12:59:25 UTC,cart,5808332,1487580013858390233,,kapous,0.86,610770517,a569f399-536a-43d5-8aac-8060952fab92
2020-02-05 13:05:43 UTC,cart,5844907,1487580013841613016,,concept,7.78,606991434,848b6023-6a2f-4f7d-8f2e-799e31668611
2020-02-05 13:14:53 UTC,view,5708652,1487580009605365797,,,3.02,610780611,a8e932c1-eb12-4d48-a1e2-5f98868bfa49
2020-02-05 13:17:13 UTC,view,5812220,1487580005427839846,,irisk,2.48,603705194,0f598b02-fded-43b5-b98d-cfcadd2e498a
2020-02-05 14:05:17 UTC,cart,5819586,1487580012969197740,,italwax,4.44,610789606,5c51759c-2272-4d8d-ac20-18acee7e8108
2020-02-05 14:41:26 UTC,remove_from_cart,5664665,1487580011383750769,,,0.0,470167482,d17c57fe-6b44-41ce-8f53-8c354851c2ec
2020-02-05 15:36:53 UTC,view,5426,1487580009387261981,,opi,9.92,522906997,ac27c338-b6ae-4e92-b4a3-3e0103d88bbb
2020-02-05 15:42:06 UTC,cart,5773433,1487580011970953351,furniture.bathroom.bath,,6.67,591900534,32c452e0-69ed-4dec-818b-8d58dea3aeec
2020-02-05 15:56:57 UTC,view,5706762,1487580004832248652,,beautix,14.13,609603252,0e05e4ec-0145-413a-bb87-eff7f485ae7b
2020-02-05 16:05:50 UTC,cart,5804329,1487580005461394279,,bluesky,4.71,394214574,56f9dcc7-25dc-4362-893e-7182ca468532
2020-02-05 16:14:39 UTC,view,5751411,1511892746070131099,,uno,9.37,608277011,0103c223-aae3-4fd5-98ff-b03de6484eb5
2020-02-05 16:26:50 UTC,remove_from_cart,5762161,1487580009362096156,,,0.87,610480739,98c7eb2d-4c73-416d-a76d-611c78b5c37f
2020-02-05 16:37:28 UTC,view,5811695,1487580005427839846,,irisk,2.48,565061712,18c9a88e-4cb7-4986-b352-6fd39445a3ec
2020-02-05 16:37:44 UTC,view,27763,1487580011308253293,,masura,17.44,603285508,a86c86ef-fdb3-49da-bce8-0ac4438cae98
2020-02-05 16:40:43 UTC,remove_from_cart,5895785,1487580012591710363,,,2.21,605594589,9d1eaede-55a3-4cfe-8692-ffee324e53a1
2020-02-05 16:44:43 UTC,cart,5801103,1487580008145748965,,irisk,1.59,530126676,fddaf5c1-5a4f-46c6-a729-4974df6f908d
2020-02-05 16:45:21 UTC,view,5810137,1487580009445982239,,irisk,1.9,451885466,2903fa4f-bc8e-4e89-8f30-bc706c768382
2020-02-05 16:47:51 UTC,view,5830635,1891434351850160381,,petitfee,19.27,451885466,2903fa4f-bc8e-4e89-8f30-bc706c768382
2020-02-05 16:51:14 UTC,view,5899833,2115334439910245200,,,3.97,576199245,579be642-303d-44cc-acd5-3e177b8fd951
2020-02-05 17:42:45 UTC,cart,5685798,1487580009445982239,,irisk,0.16,573608074,0acf1268-d4c3-48c6-a50a-5e0423d494aa
2020-02-05 17:50:28 UTC,remove_from_cart,5916262,1487580008246412266,,beautific,10.49,232445618,80df26df-cbf9-33ab-26ed-c212a91e66bf
2020-02-05 17:54:38 UTC,cart,5739029,1487580013858390233,,concept,0.87,412726203,ac604f4d-3b33-4c62-909e-11ab720fcd17
2020-02-05 18:24:14 UTC,view,5904369,1487580007675986893,,,1.59,610676701,8cab34c9-e7c5-4b9d-afa6-1b6204e63862
2020-02-05 19:03:27 UTC,cart,5838956,1487580005268456287,,lovely,10.46,599342193,aca9e55b-1616-4d63-8221-98fa93ca4e18
2020-02-05 19:11:48 UTC,cart,5788524,1487580005671109489,,masura,1.73,603123048,9f12de9f-53d4-40c1-be88-79b0098e1353
2020-02-05 19:19:06 UTC,view,5840113,1897124478404526487,,runail,3.17,579295157,95d049da-8645-4f5c-8b12-1be86f78c949
2020-02-05 19:26:46 UTC,view,5808664,2089259162625114209,,ardell,6.37,610920002,3f1787b1-728c-43a9-9ce5-f28442a5c49a
2020-02-05 19:33:22 UTC,view,5736345,1487580005050352469,,haruyama,3.97,483446395,70fd3f26-58d2-422b-9ddb-57a6c4bbc6a7
2020-02-05 19:59:14 UTC,cart,5857007,1487580009496313889,,runail,3.17,491263396,a77716e2-bd1c-4f63-a92f-2657f57aa37e
2020-02-05 20:03:17 UTC,view,5825604,1487580006350586771,appliances.environment.vacuum,polarus,1.27,575090443,8cdbb221-3c7e-42f9-be19-fdce934cfaa1
2020-02-05 20:29:57 UTC,cart,5857769,1783999067156644376,,,1.49,576289373,1a1da6a2-c4e8-4acc-94d8-4519ff2263b9
2020-02-05 20:53:33 UTC,cart,5881768,2084144451428549153,,,2.05,518817240,e4218e57-16df-4e04-9b1d-23c59d5ac57c
2020-02-05 22:03:53 UTC,cart,5774893,1487580005671109489,,masura,1.73,610773515,042683ce-93f6-4568-84d4-c2b5a4368dbb
2020-02-05 22:21:35 UTC,view,5861318,1487580008145748965,,,1.11,472992233,a5e01f7a-1636-47e6-8c67-08f472e3904c
2020-02-05 22:24:29 UTC,remove_from_cart,82955,1487580013581566154,,refectocil,10.16,610959098,6c071b5e-1b63-4a50-bd56-4045789994f4
2020-02-05 22:38:53 UTC,view,5823581,1487580004916134735,,,5.22,610597230,524c972d-a2a5-4a25-be68-239a20fbfaaf
2020-02-05 23:10:21 UTC,remove_from_cart,5843546,1487580010628776014,,,3.97,607684972,8c2a0db7-8fcb-4766-b463-f69115ae0064
2020-02-06 00:27:33 UTC,cart,5796807,1487580004916134735,,,4.29,580430877,76a91650-f61a-49e1-911e-a414d83d32a0
2020-02-06 01:10:03 UTC,cart,5896610,1487580005427839846,,irisk,2.48,408314228,05e78ac9-c765-444e-9d6b-9f1a5910d721
2020-02-06 01:12:30 UTC,cart,5700037,1487580009286598681,,runail,0.4,381816972,b54d5b39-0a1a-4ab5-89a1-e88d62f68c7d
2020-02-06 02:18:51 UTC,remove_from_cart,5849033,1487580005092295511,,uno,10.32,601447743,3df4852c-c473-4fe3-b437-f90d2e2a6998
2020-02-06 02:46:48 UTC,cart,5836489,2151191071051219817,,nagaraku,5.56,572676469,989e5046-3569-4eb9-a9a2-ce2ae405bed4
2020-02-06 03:36:00 UTC,view,5573510,1487580008347075566,,sophin,5.24,610273720,5a680035-e288-4c24-972a-eb6feabf0030
2020-02-06 04:13:25 UTC,purchase,5680396,1487580006317032337,,,1.59,610993185,f1e0e602-5fbb-4275-886f-8ab20165617e
2020-02-06 04:26:33 UTC,cart,5802432,1487580009286598681,,,0.32,600170334,5f7ede5a-e17a-4f74-982d-611081452cc1
2020-02-06 05:41:13 UTC,view,5814541,1783999063314661546,,runail,5.95,611037087,3aad68be-51da-40de-8e75-da5d9d5e8a80
2020-02-06 05:47:37 UTC,view,5810451,1487580005050352469,,haruyama,3.97,556774705,d338b39c-b864-4699-8837-b9b418db14a3
2020-02-06 05:57:11 UTC,remove_from_cart,5699728,1487580004882580302,,,2.7,511801097,4140a2da-243f-43c5-9faa-5ba8c02fdd26
2020-02-06 06:20:53 UTC,cart,5890811,1487580013413793985,,,5.02,601496565,f89278fe-e857-4fea-925d-cc28bc9d7c75
2020-02-06 06:23:37 UTC,remove_from_cart,5724565,1487580005427839846,,irisk,2.48,458531385,6798495f-6b1f-43da-91cd-ba8b7255eb1e
2020-02-06 07:00:23 UTC,cart,5712785,1487580005092295511,,f.o.x,9.44,611059980,34d87646-e7e9-4abb-997f-9b7222df4135
2020-02-06 07:31:04 UTC,cart,5910983,1487580005134238553,,runail,3.17,611073385,e06bb06e-a69d-4205-9b5c-62b363c76ccd
2020-02-06 08:05:21 UTC,view,5816168,1602943681873052386,,grattol,5.24,610714159,2397a213-1ed5-b854-bf22-c4172d7102d9
2020-02-06 08:11:48 UTC,cart,5809910,1602943681873052386,,grattol,5.24,611065257,5a96417e-3c20-447b-882b-8f82dd78c0d4
2020-02-06 08:37:17 UTC,cart,5895873,1487580005754995573,,,4.0,581581563,bb99ce3b-9637-465e-ad04-b24cc320fc0a
2020-02-06 08:52:19 UTC,view,5848380,1487580006317032337,,,9.52,557616099,bf8d25a1-9a09-4d56-9fb5-06f156e15011
2020-02-06 09:00:23 UTC,view,5870207,2029731308699124089,,levrana,3.97,610349904,2e30dc12-b3e4-4720-81fb-17ba28145cd1
2020-02-06 09:08:14 UTC,view,5870223,1487580008288355308,,levrana,2.38,437208817,9804825d-2083-4f43-8500-300eef3725e5
2020-02-06 09:18:17 UTC,cart,5528035,1487580005553668971,,,9.52,596813204,ff3996c6-0606-4885-bab0-2b83cf00a186
2020-02-06 09:34:27 UTC,purchase,5649205,1487580013581566154,,concept,2.94,611120130,2c3d04cd-826c-4dfc-929d-d8bf0c75f41f
2020-02-06 09:54:47 UTC,view,5856215,1658462125284131265,,uskusi,3.97,607256297,4bafbb0b-a566-4bf6-a4ee-6b94176328d1
2020-02-06 10:13:46 UTC,remove_from_cart,5820766,1487580006317032337,,,11.11,559789541,374e118d-0bc2-f0cb-7b3c-99ac4ebe3a08
2020-02-06 10:23:17 UTC,cart,5904536,1487580005427839846,,irisk,2.48,585804059,ba363804-c09b-47e7-821a-dca9857bf907
2020-02-06 10:46:31 UTC,remove_from_cart,5815143,1487580005461394279,,bluesky,3.97,555233296,7f5b049a-d5d6-9b09-db8a-690d173eb967
2020-02-06 11:06:47 UTC,cart,5836522,1487580013522845895,,nagaraku,0.4,547280460,1eedf521-ac2b-4212-97da-3cac00c189ed
2020-02-06 11:44:01 UTC,view,5915860,1487580008246412266,,,8.76,415020998,37a14c19-eb44-4795-87ba-8aaa4b8908b7
2020-02-06 11:54:15 UTC,view,5674747,1487580005595612013,,,3.0,549624729,684a8e47-93a4-4770-b3c1-30fa4910e2c1
2020-02-06 12:01:57 UTC,view,5862107,1487580013841613016,,farmavita,6.0,592043207,03ce6025-2e2f-4575-8263-42de57bbd5a2
2020-02-06 12:27:43 UTC,view,5692527,1487580014009385185,,,46.02,573646623,f58c41ff-9d84-4236-8e6a-c23c69753142
2020-02-06 12:33:07 UTC,view,5808333,1487580013858390233,,kapous,0.95,524851412,76914d19-3e9a-4fc5-b2b9-35a5ececa8c5
2020-02-06 12:34:49 UTC,view,5687743,1487580007852147670,,zinger,8.57,611199622,96f80184-3123-40fd-9054-ccf0c6983abe
2020-02-06 12:47:49 UTC,remove_from_cart,5859420,1487580005671109489,,masura,2.37,610931293,2270e1ac-9e32-4fbb-a108-0dd262ff4e9a
2020-02-06 13:00:03 UTC,view,5549838,1487580005092295511,,,3.33,524851412,2c68280a-4672-44ee-9050-51acfb7cf9af
2020-02-06 13:15:46 UTC,remove_from_cart,5869072,1602943681873052386,,grattol,4.76,556690441,82e5db63-4215-4b4e-a105-dd23b004599c
2020-02-06 13:56:50 UTC,view,5808664,2089259162625114209,,ardell,6.37,611232424,1e82a1f2-b322-4fa2-80c2-6bec0a797082
2020-02-06 14:04:31 UTC,cart,5751383,1487580005092295511,,uno,10.32,611235049,928769ba-af9f-4b61-9b3d-e353634a450a
2020-02-06 14:08:30 UTC,remove_from_cart,5831153,1487580012147114126,furniture.bathroom.bath,,4.95,566231614,7cbbfae9-b1ea-baa4-d21a-a2331877afa6
2020-02-06 14:41:10 UTC,view,5749199,1487580013053083824,stationery.cartrige,italwax,1.98,479928991,0d028f81-ba29-42f0-8452-4f29d6bb3970
2020-02-06 14:46:45 UTC,view,59004,1487580013581566154,,refectocil,7.46,611251543,d4a06889-f945-40a6-a7fb-8aafd188d74f
2020-02-06 15:23:06 UTC,remove_from_cart,5824992,1761186209054327497,,,12.84,593936513,8d2a8023-9087-4267-afeb-2db13c172221
2020-02-06 15:48:37 UTC,cart,5587744,1487580006317032337,,irisk,1.59,510549683,50af4a80-7e01-47b7-8326-30944b65eafc
2020-02-06 16:21:20 UTC,remove_from_cart,5787134,1487580008313521133,,estel,7.7,535348598,a0524832-2d19-4e4c-bddc-a954d999b7be
2020-02-06 16:26:05 UTC,cart,5893672,1487580005754995573,,,4.43,547802323,d8253971-bbfa-4b2c-9da7-7802bb80b073
2020-02-06 16:44:21 UTC,view,5560756,1487580006300255120,,strong,207.94,550023117,918ba96a-4e69-4d94-83b8-c8079c1b3040
2020-02-06 18:06:03 UTC,view,5906221,1487580006300255120,,strong,327.78,567521018,cabac6a3-f7b5-4000-bfaf-defc7517634b
2020-02-06 18:30:34 UTC,view,5598854,1487580011283087468,,,2.86,544388563,69811c39-e08e-4478-b96b-6c224cbb28de
2020-02-06 18:37:17 UTC,remove_from_cart,5808567,1495705810662064688,,irisk,2.38,554484586,28f8a99a-6030-47ea-87c2-b0de36ae79ee
2020-02-06 19:36:18 UTC,view,5890150,2134354342373753638,,,3.97,547217903,a1cf8718-8ba1-49dd-adf0-4ef7c9ea3dc5
2020-02-06 19:41:47 UTC,view,5844342,1858245586344477369,,osmo,21.78,509231202,5af6edc5-ede1-42c5-82cd-823db9eebdbb
2020-02-06 19:43:46 UTC,cart,5889486,1487580013824835799,,severina,1.9,565900326,ce957ac3-84e4-4c6a-91d5-ee2b33443be9
2020-02-06 19:44:10 UTC,view,5816169,1602943681873052386,,grattol,5.24,570181631,e1303955-cc52-4387-b2c6-8b5ce453dff6
2020-02-06 19:56:07 UTC,view,5896494,1487580013732561106,,concept,4.44,552132357,af94a916-5c5c-4167-8621-0a0ce3d5eeef
2020-02-06 20:05:13 UTC,purchase,5669231,1487580009311764506,,,0.54,600473805,860d3023-719d-4e98-b702-3e7ce9204374
2020-02-06 20:11:28 UTC,view,5863512,1487580011585077370,,missha,1.83,611153262,1488768a-c2ca-4e9b-8615-152be2f2f7d0
2020-02-06 20:23:16 UTC,view,5804467,1487580005461394279,,bluesky,3.97,564050742,fe1f86c8-d1f5-45b0-b256-6d84306321c4
2020-02-06 20:43:55 UTC,view,5888097,1487580013388628160,,shik,179.05,611377641,f8765db6-8efe-4869-aaf6-6c26abb93130
2020-02-06 20:57:26 UTC,view,5838932,1487580005713052531,,ingarden,4.6,472638211,13127a5c-dfd2-4d70-99b8-aae5a4ab92aa
2020-02-06 21:00:59 UTC,cart,5803916,1487580005461394279,,,0.0,345824591,35eda300-9c23-4d87-96a4-1da53bd142f7
2020-02-06 21:13:09 UTC,remove_from_cart,5921821,2115334439910245200,,,4.95,512320228,a57de2ed-ab4d-4a02-af55-98a0af0193a9
2020-02-06 21:56:00 UTC,cart,5855121,1487580005268456287,,,15.71,600896642,24138d95-446f-4309-8d5f-e86df1e7f963
2020-02-06 22:14:56 UTC,remove_from_cart,5887255,1977575787259232875,,,2.52,609664081,983463c2-486d-420f-92a3-deeaab7ba092
2020-02-07 00:16:27 UTC,purchase,5819127,1487580007675986893,,bpw.style,1.27,602310272,c03f989d-114d-4275-addd-28f978d8da80
2020-02-07 00:53:45 UTC,cart,5620908,1487580005855658874,,runail,2.22,363019273,0171cd72-70f3-4a8e-a092-1ef93891e286
2020-02-07 01:18:16 UTC,cart,5760339,1487580009261432856,,zinger,2.37,246459463,d76fa941-b5aa-4b25-8bd2-e80863634d07
2020-02-07 02:38:34 UTC,view,5781780,1487580006317032337,,runail,12.3,611435507,5334f24e-560c-4938-b9af-58d9f368b6eb
2020-02-07 03:36:34 UTC,remove_from_cart,5587772,1487580006317032337,,irisk,1.9,386988556,ff74051d-1787-f258-a9ab-854497426e85
2020-02-07 04:11:37 UTC,cart,5549788,1487580005595612013,,,3.0,446251477,904c9598-1043-420e-b45c-4a26e6c2c5a8
2020-02-07 04:17:18 UTC,cart,5875322,1487580010100293687,,,0.92,610780487,f17d7960-af8f-4ebe-b56b-f46a8904a7f0
2020-02-07 04:20:41 UTC,remove_from_cart,5861731,1487580008313521133,,,11.67,563974614,51b22b6b-7918-4932-bb7a-5b8fe9edfec1
2020-02-07 05:47:56 UTC,view,38750,2140803113261466607,,runail,1.59,598923950,a8e23364-a559-4704-a5b8-25d72eaba71e
2020-02-07 06:03:43 UTC,view,5622673,1487580007281722301,,,5.14,528562488,0ca1909b-e289-4b7b-9400-174b0f2a72be
2020-02-07 06:49:18 UTC,view,5752939,1487580013069861041,,italwax,19.84,582962229,548646d2-389f-4ae2-bd06-4378291fec00
2020-02-07 06:52:30 UTC,remove_from_cart,5808564,1487580011627020412,,irisk,0.95,611291348,9e0c4562-8ea6-4322-9231-9b195f9a006f
2020-02-07 06:52:49 UTC,cart,5739055,1487580008246412266,,kapous,4.27,608494208,93be52d8-ef49-4084-b8d4-ca9464ea2766
2020-02-07 07:13:07 UTC,view,5775260,1645114480121610699,,batiste,8.48,610327052,9f057e22-add1-4082-846c-ee65bbb2a8e3
2020-02-07 07:42:31 UTC,remove_from_cart,5838937,1487580005713052531,,ingarden,4.6,585232661,fba77a92-cc17-41ff-a812-d3e20cf7cd97
2020-02-07 07:55:00 UTC,view,5706900,1487580009051717646,,,31.75,563604204,4d8a355a-19fb-400e-ac4f-d91a7cc89110
2020-02-07 08:28:19 UTC,view,5804820,1487580013950664926,,,63.33,611532925,d409eb86-f36a-43ea-8fad-8147d4e46ef5
2020-02-07 08:36:08 UTC,view,5869155,1783999064136745198,,cosmoprofi,4.76,535292043,2b9205a7-b07c-46d4-a91a-fa919f3ab9db
2020-02-07 09:13:54 UTC,view,5786306,1487580008263189483,,,8.89,556700858,d04ff423-9145-49bc-b0fc-af6a91b7b7d0
2020-02-07 09:15:00 UTC,cart,5659367,1487580005268456287,,,6.35,609977037,56d6f879-e621-4408-aa65-eb4dba5b4c58
2020-02-07 09:28:36 UTC,view,5795702,1487580009387261981,,,7.78,611563558,24f2ceb1-626c-4814-a093-eb3b308875f3
2020-02-07 09:47:37 UTC,view,5703721,1487580013388628160,,zinger,2.86,611562474,4a1e2c46-45e8-47c6-b9d4-dde715c09c3f
2020-02-07 09:50:14 UTC,remove_from_cart,5838846,1487580005092295511,,lovely,10.95,611207972,f1b6104d-394d-49f0-b4bf-559ec4d83f8b
2020-02-07 10:14:20 UTC,cart,5811663,1487580005427839846,,irisk,2.48,602255511,d8b33da9-7655-4823-a028-2b3a794c2887
2020-02-07 10:22:39 UTC,cart,5869136,1783999064136745198,,cosmoprofi,6.35,550792448,0bf71323-e21a-4002-bff0-428b52f23e18
2020-02-07 10:53:35 UTC,cart,5816170,1602943681873052386,,grattol,5.24,611597868,ceb37f4a-d25b-4b0f-955a-c32e29634f8d
2020-02-07 10:54:26 UTC,cart,5875413,2084144451428549153,,,2.05,581294739,676ae2b4-93eb-4ffe-bd9c-56f1270ff454
2020-02-07 10:57:38 UTC,remove_from_cart,5858503,1487580005754995573,,,4.44,401805356,c87757bb-8383-4d8b-93d0-7a76de26c802
2020-02-07 11:07:11 UTC,cart,5695951,1487580007575323592,,,1.43,611591625,e3cb5068-09d7-4075-a3db-000e92e28212
2020-02-07 11:08:22 UTC,view,5885810,1487580008313521133,,markell,3.95,517328304,74b49d4e-48f6-4d7e-8d12-ad6087b3b369
2020-02-07 11:12:12 UTC,remove_from_cart,5823632,1487580004916134735,,,5.22,535847450,8d795eeb-9f96-4c97-923d-32b554245edd
2020-02-07 11:16:24 UTC,cart,5840114,1897124478404526487,,runail,3.17,474709605,0c07cc40-03e5-46a3-aaf5-ebf37716df98
2020-02-07 11:25:56 UTC,remove_from_cart,5926679,1487580005671109489,,masura,2.37,441944223,4a2477b4-7e2e-42a8-abd3-fc0d95031d00
2020-02-07 11:29:21 UTC,cart,5691775,1487580007936033754,,staleks,6.43,607214732,edfb6c64-d81b-481b-b482-6c9922cb71b2
2020-02-07 11:57:22 UTC,cart,5587766,1487580006317032337,,irisk,2.54,547652736,f27f7b72-1196-488d-9493-245730f0c823
2020-02-07 11:59:09 UTC,view,5687144,1487580009471148064,,,2.38,561921672,2eeb995b-1abb-43d2-b057-5ac50cf83da0
2020-02-07 12:04:32 UTC,view,5854838,1602943681873052386,,grattol,5.24,593598799,07ca43ac-1af6-4c6d-bf44-6867f78daa5f
2020-02-07 12:17:23 UTC,view,5723488,1487580005134238553,,runail,2.62,586239925,07957bcb-8283-40e2-972a-85bb7aa164c6
2020-02-07 12:17:42 UTC,cart,5889300,1487580007306888126,,,3.33,611613152,4c43c9a0-c80b-4540-a361-7a3a07067d61
2020-02-07 12:39:39 UTC,view,5802678,1487580010242900029,,,3.83,609949984,36b25f44-9f53-4e82-b8b4-07718c5c065c
2020-02-07 12:52:57 UTC,remove_from_cart,5810137,1487580009445982239,,irisk,1.9,429553357,5ab3c5f2-91e2-052f-ca5f-5cb4bf62d86d
2020-02-07 13:01:23 UTC,cart,38751,2140803113261466607,,runail,1.67,609161766,5359143f-eb65-4b3c-af4e-adebc45f4166
2020-02-07 13:30:20 UTC,view,5857277,1487580005134238553,,runail,2.62,577698829,1509166f-e323-5693-438a-12d5a73781eb
2020-02-07 13:47:00 UTC,cart,5777463,1487580008246412266,,lakme,5.75,611668929,bdd7f7d0-55ed-4d70-a9ab-7c5f45e57895
2020-02-07 14:32:45 UTC,purchase,5847717,1924049110428549877,,oniq,7.14,611683849,4ed4f939-a060-4525-822b-5d5548e62c3b
2020-02-07 14:33:35 UTC,remove_from_cart,5700180,1487580006317032337,,,8.25,262697315,07568832-0bdb-49af-9bc2-eec6e3825e36
2020-02-07 14:44:29 UTC,view,5830545,1487580005671109489,,masura,1.73,611688462,45f4e67e-d21f-422e-bdfb-e0c895d24afd
2020-02-07 15:00:58 UTC,view,5877454,1487580006300255120,,jessnail,44.29,601085082,b3e539d1-34dd-4874-92f1-6fee462fd505
2020-02-07 15:04:43 UTC,remove_from_cart,5896414,1487580009051717646,,jessnail,36.51,559309973,d1938fb4-a226-4086-8ac0-ec31d5e9acf0
2020-02-07 15:10:40 UTC,view,5809295,1487580007675986893,,bpw.style,0.79,579183541,5c4bb306-d4f8-4e4d-92ea-3028f5482c58
2020-02-07 15:41:23 UTC,view,5772167,1487580005268456287,,grattol,6.27,306223182,0b7d96cc-d9a5-4614-9103-5ca6aa475006
2020-02-07 15:53:34 UTC,cart,5859089,1487580009496313889,,pnb,4.52,572273118,f1039287-2928-4e5e-a801-73a82c73b811
2020-02-07 16:17:34 UTC,remove_from_cart,5550102,1487580005595612013,,,3.0,559093860,ee81f45e-c841-4c71-96fc-62505b3bb965
2020-02-07 16:17:53 UTC,remove_from_cart,5841190,1487580009051717646,,,47.59,606351975,8c48e0d4-0b5c-4164-bc02-03f3425da598
2020-02-07 16:42:29 UTC,view,5767494,1487580013053083824,stationery.cartrige,italwax,2.14,512152668,e5f2a8b6-dd00-4e3e-b534-4943db954dcd
2020-02-07 17:00:57 UTC,view,5885313,1487580011308253293,,trind,9.37,484961283,53194f44-53df-4ede-8d25-196da4e043b0
2020-02-07 17:32:08 UTC,cart,5847870,1487580006317032337,,,1.9,611752440,f8845c58-938f-43c1-9154-af2b4683caa6
2020-02-07 17:44:44 UTC,cart,5889898,1487580005511725929,,,5.56,419176717,56239753-7219-46bb-8710-ab1d62164a50
2020-02-07 17:56:39 UTC,cart,5846106,1487580009227878422,,solomeya,3.17,611763685,e09aae45-a10a-413c-aa7d-a0267119ae98
2020-02-07 18:16:37 UTC,view,5755601,1487580013539623112,,,14.05,396095762,900a7a04-1291-4f90-b7d5-b019d4cd4bbc
2020-02-07 18:31:29 UTC,remove_from_cart,5688034,1783999072332415142,,markell,4.84,610189265,4dcf1309-73ba-41c0-9798-eda20642e0db
2020-02-07 18:36:49 UTC,view,5809911,1602943681873052386,,grattol,5.24,515450592,acf945a0-7626-4631-8e50-b80d157e2a91
2020-02-07 18:37:31 UTC,remove_from_cart,5858145,1487580005092295511,,,4.73,407036229,c215e07f-b556-4ebd-9248-2466db0b63a9
2020-02-07 18:40:49 UTC,view,5766276,1487580013841613016,,,14.29,597917792,34ccf836-38ac-4c94-86e4-0a8e95b54801
2020-02-07 18:52:29 UTC,remove_from_cart,5775518,1487580005754995573,,,5.56,459145400,c7a526b4-5c09-466a-999b-e364cb6f6b53
2020-02-07 19:19:43 UTC,view,5738762,1783999067156644376,,kapous,4.7,611791134,75f3f4ed-5f78-4f8b-a53f-2044e37d8024
2020-02-07 19:33:33 UTC,view,6175,1487580007776650194,,runail,0.63,507405729,6c417fda-def5-45a8-a671-374bfddf3572
2020-02-07 19:48:48 UTC,view,5549842,1487580005268456287,,,2.67,609521228,d4d5675e-2b53-42f3-bf2e-22a4911ff035
2020-02-07 19:52:32 UTC,cart,6938,1487580007936033754,,runail,2.14,511059593,7c383ddf-a980-4026-8681-f4cff14e2439
2020-02-07 20:16:12 UTC,view,5904954,1487580012902088873,,irisk,29.37,611811042,019386de-0e55-4e26-b88f-08449a36a093
2020-02-07 20:30:54 UTC,cart,5754853,1487580005092295511,,,10.63,387376393,987089cd-25a2-4500-bd5a-86c4cac75df3
2020-02-07 20:47:16 UTC,remove_from_cart,5585630,1487580009311764506,,,1.05,610110739,c8e7c1dd-0fe2-4969-aa11-cfd998332429
2020-02-07 21:08:15 UTC,view,5921842,2115334439910245200,,,4.87,271500683,527fe1fc-c515-4022-a955-dfea58c19b5c
2020-02-07 21:26:04 UTC,view,5896178,1487580004916134735,,,4.76,563062833,7f13df99-a267-442f-bded-b92b9da5aa63
2020-02-07 21:51:59 UTC,view,5781910,1487580010100293687,,pole,2.52,581584395,2e517741-2bae-489c-9af5-27dc0dc46ce1
2020-02-07 22:11:13 UTC,remove_from_cart,5823263,1487580008087028706,,,3.0,472166156,76dc563b-0a07-43f6-b046-f8d7da4553d9
2020-02-07 22:43:45 UTC,cart,5587756,1487580006317032337,,irisk,1.59,498296542,173bce4e-e2cd-4ef7-890a-d55da8c44010
2020-02-07 22:44:26 UTC,purchase,5724606,1487580005427839846,,irisk,2.48,608394864,d3270998-ca7d-42f3-870b-97f2fbc2d405
2020-02-07 23:42:23 UTC,view,5896420,1487580006300255120,,jessnail,49.21,611851076,c1902b2f-b33f-4103-a68f-f6faba8f9736
2020-02-08 00:36:22 UTC,view,5855508,1487580006350586771,appliances.environment.vacuum,max,95.08,575190669,53cc4f60-6a1d-ce06-44d7-15a563cb9bd0
2020-02-08 04:05:22 UTC,cart,5855333,2193074740552270669,,,3.89,506877330,a76aba31-afe2-483b-b3a7-9ac3edc2d197
2020-02-08 06:23:12 UTC,view,5695622,1487580013581566154,,estel,5.4,597193898,7cc3f83b-edfb-4668-a212-415d816291c2
2020-02-08 06:31:31 UTC,view,5836842,1487580005025186644,,pnb,31.59,611922118,d4db44cd-bc08-4a0a-9f48-0008df2296aa
2020-02-08 06:56:34 UTC,view,5898244,1487580007634043851,,de.lux,1.27,610883973,9b9885ee-dd81-4e74-b275-1a27fc1dfb65
2020-02-08 07:29:54 UTC,view,5850854,1487580011652186237,,coxir,22.86,469684232,a1a60d21-e421-4cc2-9c2b-c6670ae3b3ec
2020-02-08 07:54:09 UTC,remove_from_cart,5804667,1487580013581566154,,,5.94,600301383,37bb14f8-22db-4ab5-987a-8981aceb7d6c
2020-02-08 07:54:57 UTC,cart,5775796,1487580011585077370,,estelare,3.02,590187285,769dcbfc-efad-46f1-9677-1e0e284f60fc
2020-02-08 08:19:21 UTC,view,5870431,1487580013657063630,,,6.03,433626396,c042dcc1-6a04-4886-8550-3e69af54845f
2020-02-08 08:25:35 UTC,cart,5712696,2007399943458784057,apparel.glove,nitrimax,9.21,611960772,39f698a7-bf37-4a7a-8ed6-6c877990b9e5
2020-02-08 08:38:51 UTC,cart,5913480,1542195323827388674,,dermacol,13.97,611335294,a62223de-0317-40e7-a20b-1eb9c5a86888
2020-02-08 08:40:06 UTC,view,27759,1487580013950664926,,masura,76.17,590391410,499d8b3f-2907-4d82-b857-f5e0aa0fd7b5
2020-02-08 08:55:47 UTC,cart,5848407,1487580007675986893,,freedecor,0.79,403288877,40e2df89-8fcb-42bf-b167-26665286742c
2020-02-08 09:21:05 UTC,remove_from_cart,5789668,1487580005595612013,,,2.68,554312634,58a4eefb-baf8-45c2-84e4-d23fd6833e94
2020-02-08 09:33:08 UTC,cart,5729864,1487580006509970331,,,0.41,611064064,e4bc40a2-b617-4178-a38d-45f5e4b48bbf
2020-02-08 09:44:31 UTC,view,5814818,1487580005134238553,,runail,3.0,608602640,05660e4d-b697-47ae-9a26-d6efa9179f9c
2020-02-08 10:03:01 UTC,view,5875502,1487580007281722301,,,1.75,554803219,2c3b6f73-0ac9-4f3c-9750-e365099dcd75
2020-02-08 10:05:45 UTC,remove_from_cart,5871053,1487580005754995573,,,3.19,587502881,f2fe7880-d0de-4b02-bb35-bd93fac7e2d9
2020-02-08 10:41:45 UTC,purchase,5904545,1487580005427839846,,irisk,2.48,522618261,eab1de2e-6456-4178-8767-107a829e4ff1
2020-02-08 10:55:07 UTC,view,5649236,1487580008246412266,,concept,8.03,459280321,e8d7b3a4-078f-460b-b120-ac974e3b3f7e
2020-02-08 12:14:49 UTC,view,5854821,1602943681873052386,,grattol,5.24,612045999,06dce043-8143-4b5b-8b6d-afb90fb22edb
2020-02-08 12:34:51 UTC,cart,5789896,1487580006132482952,,runail,0.06,468134023,fcb66ee8-310e-4b62-b6eb-e3833ad33ea7
2020-02-08 12:38:45 UTC,remove_from_cart,5862028,2151191071051219817,,,5.87,612052625,93772899-1aff-43bc-803d-7de95cddfdc5
2020-02-08 12:45:36 UTC,view,5836488,2151191071051219817,,nagaraku,5.56,612052625,93772899-1aff-43bc-803d-7de95cddfdc5
2020-02-08 12:48:40 UTC,view,5750301,1487580005713052531,,ingarden,15.71,584752395,d1e74367-2688-4679-ac77-d5e7bab7aa66
2020-02-08 12:58:58 UTC,cart,5805493,1783999076551885399,,happyfons,5.87,612059147,1d7e6f7c-65f2-4afe-84a9-23c32739e52b
2020-02-08 13:22:37 UTC,purchase,5843560,1783999071199952917,,,0.48,488682188,47719c8c-d758-405c-b043-12eee75d9f7a
2020-02-08 13:46:12 UTC,view,5649467,1487580005511725929,,,5.56,612040939,5d38c37e-aaf0-4332-b9e8-15d7cbe5f65e
2020-02-08 13:50:32 UTC,remove_from_cart,5911831,1487580005671109489,,masura,1.73,566536713,e289985b-06bb-4f2b-a02d-2721b27eaf34
2020-02-08 14:24:36 UTC,view,5808333,1487580013858390233,,kapous,0.95,612094018,bcc7d203-becd-43f7-ad54-28816331ff6b
2020-02-08 14:33:14 UTC,cart,5740522,1487580005671109489,,masura,3.95,423039919,d48c0e7a-7d97-48f8-92b2-7e6e66264826
2020-02-08 15:55:01 UTC,view,5900884,1487580005511725929,,,5.56,521962654,d5aad848-0dea-4540-8128-13ee8906cf2b
2020-02-08 16:17:45 UTC,cart,5724660,1487580005427839846,,irisk,2.48,612133544,582b18d7-bfef-405c-8a5f-6d5546d9630a
2020-02-08 16:20:44 UTC,cart,5923074,1487580005461394279,,bluesky,7.14,583814283,2f124909-0a70-4ebd-b42c-48e9707e27f1
2020-02-08 16:31:58 UTC,purchase,5778935,1487580005092295511,,f.o.x,13.97,611772630,5e0b17b4-1353-c7ea-8af9-b2e73aafcd62
2020-02-08 16:38:19 UTC,view,5724661,1487580005427839846,,irisk,2.48,556444165,3ecb8f12-7a5f-4baf-b215-2226745db894
2020-02-08 16:53:57 UTC,view,5896780,1487580007281722301,,milv,2.38,505295591,6ccb9071-c354-43d0-9dfd-a53cfd9d459b
2020-02-08 16:58:05 UTC,view,5875511,1487580005268456287,,,2.54,612154528,cf1ad654-1335-48ca-9808-3b3f619d096e
2020-02-08 17:05:45 UTC,remove_from_cart,5795346,1487580006300255120,,strong,153.17,612149131,0cf886f3-1de7-462c-b7cf-e7c9d1bc35d5
2020-02-08 17:06:01 UTC,view,5784897,1487580008288355308,,,1.78,593078431,cabe0abe-83e4-4d60-b461-ac7320137ba3
2020-02-08 17:24:48 UTC,view,5835915,1487580004857414477,,lianail,5.54,557338862,e71b3c33-f719-443f-b3b2-eeb5d150ea11
2020-02-08 17:26:20 UTC,view,5878648,2095736144888071137,,,4.13,536304206,e3d54dc0-a7fd-4e7d-9d62-5dd42e7d95c6
2020-02-08 17:31:42 UTC,remove_from_cart,5837087,1602943681873052386,,grattol,4.76,602963548,5b51cb2d-8e9a-49ae-aa62-18691a665794
2020-02-08 17:46:45 UTC,view,5855121,1487580005268456287,,,15.71,605227925,b0164ca5-bef6-4053-96e4-fc1f186539c2
2020-02-08 18:30:20 UTC,view,5770022,1487580013841613016,,kapous,2.81,585902382,a2acc127-46b8-4d25-b4d6-6ba4c321adde
2020-02-08 18:32:56 UTC,remove_from_cart,5878151,1487580005268456287,,cosmoprofi,7.14,607391185,ddda586d-81fe-4253-84f0-cdcaa0144b1f
2020-02-08 19:07:35 UTC,view,5685885,1487580007575323592,,,1.43,602080306,df50ce97-ef0d-4a2c-8566-14310a00b4ab
2020-02-08 19:34:07 UTC,cart,37446,1487580006317032337,,runail,5.59,612206177,16949665-0afc-4d22-8357-5c36d42922c2
2020-02-08 19:53:56 UTC,view,5803435,1487580005461394279,,bluesky,4.19,584620800,2a1d2212-20b3-4c22-ac23-5ebacbf0b564
2020-02-08 20:05:39 UTC,cart,5712695,2007399943458784057,apparel.glove,nitrimax,9.21,380233295,3c1d6b51-4253-450f-ad59-6cae51564b4f
2020-02-08 20:28:45 UTC,view,5649236,1487580008246412266,,concept,8.03,612224449,56d7b13c-361e-4de7-9147-1af54d1e400e
2020-02-08 20:35:21 UTC,cart,5621739,1487580009605365797,,,0.62,468390640,61bc8945-b55d-413e-8bfc-c6a23ec18798
2020-02-08 20:36:18 UTC,view,5698499,1487580007575323592,,ingarden,1.51,342792077,d83b4f0f-471f-4aca-a591-d140b2cd09f0
2020-02-08 20:38:49 UTC,cart,5839669,1487580005671109489,,,0.0,406955663,d8d3052a-78fd-4733-9995-21efb3827d4d
2020-02-08 20:39:26 UTC,cart,5837228,2151191071118328683,,nagaraku,0.24,612226612,d3275b8f-22b5-49c4-a786-ba1ecac8187b
2020-02-08 20:44:22 UTC,view,5876196,1487580012432326804,,,4.13,612226657,af46096e-4540-4926-91f1-7211b18b10eb
2020-02-08 20:48:45 UTC,view,5662696,1487580012096782476,,irisk,4.68,609553218,2d66a152-2368-4750-b145-fcd4a9c3d506
2020-02-08 21:09:14 UTC,cart,5746450,1487580005754995573,,,0.0,476450673,b0cb2301-59b9-42d2-8858-688de93ab3ff
2020-02-08 22:12:50 UTC,purchase,5752488,1487580005511725929,,,4.27,612229889,945a1fda-50be-4dac-bf38-cfa6e1f775be
2020-02-08 22:30:30 UTC,view,5886693,1783999063314661546,,,11.11,578550091,83f902f1-409e-4e3f-9b25-e2edc921f90b
2020-02-08 22:55:33 UTC,view,5873424,1487580005008409427,,f.o.x,5.43,568635899,af1a6cda-fa98-4529-a45e-b51590e3c147
2020-02-08 23:20:01 UTC,view,5854906,1487580009471148064,,irisk,0.16,612221675,d125aa44-8158-4a3d-b580-3a39d4a51330
2020-02-08 23:48:29 UTC,cart,5783960,1658462125284131265,,uskusi,3.97,476716209,8b4d4e5e-3b5b-f5bf-3bdc-9b328fc8ca96
2020-02-09 00:06:06 UTC,remove_from_cart,5783963,1658462125284131265,,uskusi,3.97,476716209,8e1dce41-c25e-47af-973b-2a6c3fb68a40
2020-02-09 01:11:08 UTC,view,5901987,2007399943458784057,apparel.glove,benovy,7.16,611116724,4d28b119-7aaf-48c4-b5d9-db475a47c47f
2020-02-09 01:32:26 UTC,view,5867159,1487580006300255120,,domix,74.22,605473947,4cf5c870-f5a2-491e-bf1c-f4143193d19a
2020-02-09 02:14:04 UTC,view,5896178,1487580004916134735,,,4.76,607733808,3574cbf8-7bf0-4c24-9019-578c1842b166
2020-02-09 02:24:40 UTC,cart,5837918,1487580007634043851,,,0.63,581139440,219035e2-795a-45e7-84f8-19e91e29605f
2020-02-09 02:57:12 UTC,remove_from_cart,5885377,1487580007675986893,,bpw.style,1.9,439964586,ec5821ee-396d-4b72-a89b-50aea5b0847b
2020-02-09 03:08:37 UTC,remove_from_cart,5848330,1487580007675986893,,freedecor,1.43,439964586,ec5821ee-396d-4b72-a89b-50aea5b0847b
2020-02-09 03:09:47 UTC,remove_from_cart,5859336,1487580007675986893,,,1.75,439964586,ec5821ee-396d-4b72-a89b-50aea5b0847b
2020-02-09 03:11:19 UTC,remove_from_cart,5904369,1487580007675986893,,,1.59,439964586,ec5821ee-396d-4b72-a89b-50aea5b0847b
2020-02-09 03:23:24 UTC,cart,5727534,1487580004882580302,,,2.7,611856739,d67aa467-9aaf-4bfa-8257-3e5f15bab434
2020-02-09 03:41:24 UTC,remove_from_cart,5904360,1487580007675986893,,,1.59,439964586,ec5821ee-396d-4b72-a89b-50aea5b0847b
2020-02-09 03:42:47 UTC,remove_from_cart,5903799,1487580007675986893,,,1.59,439964586,ec5821ee-396d-4b72-a89b-50aea5b0847b
2020-02-09 04:04:00 UTC,purchase,5670720,1487580010796548183,,,0.48,609917609,fe99ac52-de89-fb44-edcd-3a38446ac74d
2020-02-09 05:14:50 UTC,remove_from_cart,5869153,2195085258272014535,,cosmoprofi,5.71,598020468,881826fc-37c3-4ac7-80a5-80fa5329477f
2020-02-09 07:52:04 UTC,view,5862943,1487580007675986893,,freedecor,0.79,612353971,5f47def5-653d-46e6-af70-de543d14a920
2020-02-09 07:56:38 UTC,view,5706136,1487580004832248652,,beautix,14.13,511178265,edfde502-1bf4-4e96-93af-637f4eba991e
2020-02-09 08:46:36 UTC,purchase,4820,1487580010796548183,,runail,0.38,544654815,8348a138-bce6-4bf3-8d58-1c6d4d9eb81f
2020-02-09 08:56:01 UTC,remove_from_cart,5747406,1487580005671109489,,masura,6.33,427130962,1d4fd8cc-0e79-e97c-a581-ab7d878c5ef2
2020-02-09 09:10:43 UTC,remove_from_cart,5861723,1487580008313521133,,,8.33,612388647,e7fbd36d-b127-4e4d-b358-9f490dd9d0ed
2020-02-09 09:18:00 UTC,view,36748,1487580010125459512,,,16.46,587245239,774590dd-3945-4864-91a0-96c110948607
2020-02-09 09:19:23 UTC,view,5861761,1487580006350586771,appliances.environment.vacuum,emil,48.41,610093826,b69feaaa-65d3-4593-98b7-c4bd77708a72
2020-02-09 09:49:05 UTC,remove_from_cart,6175,1487580007776650194,,runail,0.63,435387149,fe47b5c4-7640-4cc7-ad22-caafaa6593ef
2020-02-09 10:00:08 UTC,view,5652774,1487580013950664926,,,13.49,612400856,190b64f2-1601-4834-aaae-abbf826fba50
2020-02-09 10:30:35 UTC,cart,5655060,1487580008145748965,,,1.43,603022024,ace69681-49c3-47ba-9743-f6f7286fe381
2020-02-09 11:24:47 UTC,remove_from_cart,5843545,1487580010628776014,,,3.97,612440382,716368c0-0e49-4ca9-9a0c-be5a3b3730de
2020-02-09 11:46:16 UTC,cart,5808501,1487580013388628160,,irisk,1.27,606868918,a83d389a-cf8a-4195-9b4c-3201df64ab08
2020-02-09 11:55:54 UTC,view,5757944,1487580008246412266,,kapous,7.6,594802801,ddb4e481-fa88-4ebf-a3b6-1aff156fc15e
2020-02-09 11:56:25 UTC,cart,5622687,1487580007281722301,,severina,1.81,478677519,2ca2bfd3-6874-4345-bd3b-bf8448ad4d80
2020-02-09 12:02:22 UTC,view,5780709,1487580005092295511,,pole,5.56,584022461,93c7858b-c831-4297-b9f6-c2e8069d31d6
2020-02-09 12:15:24 UTC,view,5711702,1487580005008409427,,f.o.x,6.03,609382444,f37362b1-68cc-4b82-9f3b-c2e6d3ca72e3
2020-02-09 12:15:32 UTC,view,5809898,1602943681873052386,,grattol,5.24,288052150,4b3a32a0-dc04-ee69-4d70-5ddb7ac5e7f1
2020-02-09 12:45:52 UTC,cart,5844309,1487580006317032337,,,1.57,435387149,52ab37a8-b312-4e40-b1c1-c5618285d41e
2020-02-09 13:12:17 UTC,view,5838935,1487580005713052531,,ingarden,4.6,612444922,b496bc09-f11f-4b98-8b00-9c1a7b9d2147
2020-02-09 13:39:28 UTC,view,5888515,1487580011652186237,,laboratorium,7.62,611607093,7f386732-b596-4eef-9c5b-cb678694d3f6
2020-02-09 13:55:26 UTC,view,5793105,1487580010100293687,,,1.9,392902877,69acd380-e410-4681-b058-e53f2bf15b97
2020-02-09 14:38:45 UTC,cart,5784039,1487580006551913373,,,3.02,612517154,e8382b43-ff74-4ef6-88cb-57987caf94e5
2020-02-09 15:01:05 UTC,view,5873238,1487580004857414477,,lianail,6.33,591044227,4899db00-7162-4a6d-84ba-d68e49fe9191
2020-02-09 15:57:20 UTC,purchase,5734508,1487580005050352469,,haruyama,3.97,612546671,5bccd5bb-0de3-4295-8eaf-d2204fe302bc
2020-02-09 16:12:15 UTC,cart,5811657,1487580005427839846,,irisk,2.48,515417680,d8ce45d8-4c36-419e-9e86-ffa8e35f68ed
2020-02-09 16:14:53 UTC,remove_from_cart,5664641,1487580011383750769,,,0.7,558839035,e67ad2e6-4753-4852-aee9-7a5a3504800a
2020-02-09 16:15:37 UTC,view,5780709,1487580005092295511,,pole,5.56,612546007,0dd6727f-23d5-46fa-a1f2-6cebb1fe2131
2020-02-09 16:25:42 UTC,remove_from_cart,5857284,1487580005134238553,,runail,2.62,600267118,5d8f94ea-c091-4693-a65f-a2eb18e7d3be
2020-02-09 16:25:42 UTC,purchase,5809910,1602943681873052386,,grattol,5.24,612522963,ba01f305-2488-4273-8c6d-ce84b8dd1816
2020-02-09 16:55:39 UTC,remove_from_cart,5811662,1487580005427839846,,irisk,2.48,520612523,cb050e17-9a38-4c46-9bee-f769eac24d48
2020-02-09 17:01:08 UTC,cart,5843568,1783999071199952917,,,0.48,529703632,1d19f5d5-a6df-c46d-296f-785137e37f11
2020-02-09 17:02:14 UTC,cart,5843079,1487580007256556476,,,3.1,520478174,e1001d30-5b3a-4ac2-bfcf-74d750815b34
2020-02-09 17:13:58 UTC,view,5809870,1487580009387261981,,grattol,3.97,574590361,3e90261c-dc54-4abf-ab28-85d62d9f877f
2020-02-09 17:15:54 UTC,remove_from_cart,5921129,1783999063314661546,,,13.49,609977037,2060e101-1537-4429-af03-f0edc7b774e6
2020-02-09 17:25:04 UTC,view,5869138,1783999064136745198,,cosmoprofi,6.35,608083968,961e8785-ea24-4f1b-bb88-e07470cfb0c7
2020-02-09 17:47:52 UTC,view,5724656,1487580005427839846,,irisk,2.48,260507566,6507b299-d9ca-e55f-45d5-f57fed30dd55
2020-02-09 17:55:02 UTC,view,5923115,2022516588854378951,,bespecial,23.65,564839406,7eb73f8b-6d4b-4259-8f88-7f1d98cd4ee3
2020-02-09 18:02:19 UTC,view,5866174,1487580007675986893,,,1.75,369972903,867b9662-81d3-41e3-835a-b5a064591e84
2020-02-09 18:48:21 UTC,remove_from_cart,5756553,1526733091857498510,,,5.56,599889882,a97c0302-b2ce-42ed-99a9-c9cb894c919a
2020-02-09 18:56:11 UTC,view,5022,1487580007952810971,,runail,4.84,486422315,e9c8e2b4-6929-493b-9e44-0a931e882362
2020-02-09 19:15:09 UTC,view,5822347,1487580005595612013,,,3.0,573872024,c307c124-7f85-48f6-a7cc-d5fc987039d1
2020-02-09 19:24:57 UTC,cart,5926717,1487580005671109489,,masura,1.73,504237753,3767a43c-ca31-4bc9-b22e-32ec95a91022
2020-02-09 19:49:09 UTC,remove_from_cart,5853239,1487580005134238553,,runail,3.17,568182862,94469f56-1210-4e45-9940-1e87445c5696
2020-02-09 20:06:44 UTC,view,5802651,1487580005754995573,,,5.56,612648184,d56d5c3b-1925-4d67-a0ce-fba250d4bc26
2020-02-09 20:07:42 UTC,cart,5763396,1487580010872045658,,,0.38,575418194,bb74c0ee-d2c0-4a5b-ab45-040f8425db59
2020-02-09 20:21:22 UTC,purchase,5810157,1487580009445982239,,irisk,1.43,357256113,6f23ff68-0f5f-4357-8f13-c94089ed3b74
2020-02-09 20:44:48 UTC,cart,5751383,1487580005092295511,,uno,10.32,538746131,a1ae4771-40f6-4bdb-950f-8539b0997b52
2020-02-09 20:49:45 UTC,view,5620924,1487580007256556476,,,6.65,568350690,c0d318b9-520f-4912-a707-793e7b04900c
2020-02-09 21:06:44 UTC,remove_from_cart,5568210,1487580005754995573,,,4.75,553132269,e8ff295a-c12e-4568-a5ac-3edec593cdb4
2020-02-09 21:09:18 UTC,view,5896420,1487580006300255120,,jessnail,49.21,612666169,040ee268-9baa-4d0f-8560-460b86f7dbfe
2020-02-09 21:11:32 UTC,remove_from_cart,5789896,1487580006132482952,,runail,0.06,579824048,7984c449-e214-49c9-ab48-3f0ddefe89b7
2020-02-09 21:37:20 UTC,cart,5706309,1487580004832248652,,beautix,14.13,595025866,23fcb591-21cc-41a8-ba6e-84dcc8792d92
2020-02-09 21:46:24 UTC,cart,5374,1487580009496313889,,runail,6.83,612534896,d1c3aea1-359d-4ebd-89ac-2ef295f3c38f
2020-02-10 00:52:38 UTC,remove_from_cart,5895890,1487580005754995573,,,4.0,531557729,d0e0aec7-9a69-401d-b548-f6ff77a08203
2020-02-10 01:00:44 UTC,view,5896618,1487580005427839846,,irisk,2.48,557724649,f2cc8338-061e-44cb-b20e-4cbd3e6a263d
2020-02-10 01:13:48 UTC,view,5899099,1487580009143992338,,ecolab,5.25,612702728,a497b99e-4d28-43f2-be6d-f4bcd5b46fc5
2020-02-10 01:37:03 UTC,purchase,5875418,2084144451428549153,,,2.05,612705118,142b18e4-483e-49ea-a969-e6c21339f78a
2020-02-10 02:14:10 UTC,cart,5854809,1602943681873052386,,grattol,5.24,478664153,02c2c955-c4fc-4e99-9794-73fb090c96b2
2020-02-10 03:48:08 UTC,view,4497,2195085258272014535,,runail,3.11,612731240,b185e423-9497-4f09-a34d-ba6820b51d06
2020-02-10 04:23:04 UTC,view,5905191,1487580005268456287,,,8.73,436521321,2e8b0ed1-af8b-4c1d-a599-28045c8889fe
2020-02-10 04:28:48 UTC,view,5841297,1487580010645553231,,irisk,46.83,537741645,0962a51d-b804-4214-9a9f-879230ffe563
2020-02-10 05:00:22 UTC,view,5848654,1921723491720102387,,,5.71,499356552,6a08b89c-c3da-4d7d-85f8-675f8b6477cb
2020-02-10 05:54:34 UTC,view,5768790,1487580005092295511,,,6.35,559192835,66438f86-24fe-4fce-a62c-e4cf98000af0
2020-02-10 06:46:09 UTC,view,5882765,1487580005134238553,,runail,3.17,445031734,1f0d5c59-bb64-414d-9b7e-f06c47242925
2020-02-10 06:52:18 UTC,view,5861740,1487580008246412266,,,19.05,612778835,0a03a9b7-3fdc-405b-8e86-05c6db7632dd
2020-02-10 07:05:02 UTC,view,5848646,1921723491720102387,,,5.71,612782858,b85583f8-3ff2-435a-a259-451c60b2b6e3
2020-02-10 07:09:43 UTC,view,5788779,1487580013069861041,,italwax,18.25,562539033,26c18979-6c15-42a4-8e9f-1f5b8fbfd4af
2020-02-10 07:33:11 UTC,remove_from_cart,5760806,1487580011677352062,,,11.27,503802475,a9698482-c146-4c0b-8b2d-27ad9b7a2ca4
2020-02-10 07:53:14 UTC,view,5872991,1487580011627020412,,,10.95,553515853,193c00e5-cf1e-48fa-bc15-0db52d77f2b5
2020-02-10 08:14:50 UTC,purchase,5564558,1487580006962955182,,runail,3.17,571147980,1133ca7b-2c5b-4653-8952-e3d09cedacfa
2020-02-10 08:25:01 UTC,view,5853448,1487580013950664926,,profhenna,10.22,612794388,e5b20306-25ae-4835-a968-56121bcf2002
2020-02-10 08:30:21 UTC,view,5760338,1487580009311764506,,zinger,0.44,599840485,6c817dd8-ed69-4a55-86f3-edd917f65e72
2020-02-10 08:31:12 UTC,purchase,5734477,1487580005050352469,,haruyama,3.97,595808960,5f945564-81b0-486c-bc98-003b203d1c9b
2020-02-10 08:58:05 UTC,cart,5752940,1487580013069861041,,italwax,19.84,612826964,e9720c7a-7fce-4c07-8e3a-3e463a4cda4d
2020-02-10 09:04:06 UTC,view,5848407,1487580007675986893,,freedecor,0.79,601057912,f156d225-c2f7-41aa-97fa-0ff98b752211
2020-02-10 09:14:04 UTC,remove_from_cart,5900610,1487580007675986893,,freedecor,0.79,573156576,1fcea37a-e48c-4281-ad3c-809c7270a6a6
2020-02-10 09:18:24 UTC,purchase,5683382,2151191071378375538,,irisk,4.92,495614851,c5d10070-1e63-459b-b2a3-6ee536c05ced
2020-02-10 09:38:21 UTC,view,5877453,1487580006300255120,,jessnail,54.29,607224877,46be527f-cb5f-49aa-a531-134f7d445184
2020-02-10 09:46:19 UTC,view,5896172,1487580004916134735,,,3.97,612842472,9a66c0fd-b6d2-4661-88f6-d41cfd57b5a2
2020-02-10 09:56:51 UTC,cart,5772287,1602943681873052386,,grattol,6.03,606394907,33696a0c-7e5f-479e-ad94-b99f8a600828
2020-02-10 10:15:17 UTC,cart,5635067,1487580005754995573,,,4.44,612738633,0b56b75a-779b-44a3-8a9b-0c553a239ff2
2020-02-10 10:46:33 UTC,view,37002,1487580013489291461,,ardell,7.3,603193482,0054c5ef-5393-42fe-b432-32ef03811ebc
2020-02-10 10:51:52 UTC,view,5809720,1487580013430571202,,,1.49,473444436,d19dd580-95f7-4d21-b606-6364ab3bbe0c
2020-02-10 11:15:05 UTC,purchase,5804463,1487580005461394279,,bluesky,3.97,401430663,6c9b14a2-41ad-49ea-80c7-24954c591053
2020-02-10 11:31:43 UTC,cart,5838932,1487580005713052531,,ingarden,4.6,609872689,a99a3993-9c20-483a-91c0-0d7c70c91014
2020-02-10 11:37:10 UTC,remove_from_cart,5859190,1487580009605365797,,,1.43,575882100,880afe2a-a356-443c-9aa3-7f57176bb20e
2020-02-10 12:05:21 UTC,view,5815492,1487580010125459512,,,1.43,585865812,7ae47304-555a-420a-a197-f4981576e281
2020-02-10 12:10:17 UTC,cart,5770265,1487580005595612013,,,3.0,493148015,fa9ac462-c60b-41fd-9ffb-c19c5fac5a58
2020-02-10 12:10:57 UTC,view,5838525,1487580012373606546,,levrana,5.56,612888179,a933bf3d-6634-4d37-b504-e3ad5251d783
2020-02-10 12:10:59 UTC,view,5763379,2141560642253881670,,,4.6,420515088,f98b7f43-4094-4afb-be98-c387f09e4696
2020-02-10 12:24:02 UTC,view,5881768,2084144451428549153,,,2.05,612913221,b38d46af-9573-4219-9589-c95e002fad6f
2020-02-10 12:48:35 UTC,purchase,5848387,1752742615205281895,,severina,1.06,612914706,616a2fc6-2b9e-43d6-b083-394449adb273
2020-02-10 13:22:05 UTC,cart,8200,1487580010100293687,,,3.0,612932438,c8128259-6b1d-48db-bec3-a2b0826f087d
2020-02-10 13:33:00 UTC,cart,5565058,1487580005595612013,,,3.0,612943128,4b898f41-0f61-4c4f-968e-9051e875ca61
2020-02-10 13:44:15 UTC,view,5903874,1487580005268456287,,uno,9.37,478605178,e021f226-8da3-4e24-9160-bab8712de0ad
2020-02-10 13:54:37 UTC,remove_from_cart,5875355,2084144451428549153,,,2.05,595228237,5a4bfb8b-9cfe-429a-8a5d-470895070ff0
2020-02-10 14:39:54 UTC,remove_from_cart,5751219,1511892746070131099,,uno,9.37,458547952,85374e9d-8d32-44f1-9a3b-c165944c9727
2020-02-10 14:50:43 UTC,view,5889487,1958278551207674674,,severina,2.86,612977965,d90cb839-7eb7-44c9-b822-57368ea9f7c2
2020-02-10 15:07:28 UTC,cart,5678039,1487580008246412266,,estel,13.33,593397182,b60549b5-b59f-4fa6-b8e9-abfbc32a4a5b
2020-02-10 15:22:10 UTC,view,5761412,1487580009445982239,,,2.22,612990540,b364d813-a676-440d-9093-ee82b81e4d6a
2020-02-10 15:38:51 UTC,cart,5896180,1487580004916134735,,,4.76,600505165,6471fef3-bda0-43c6-b9f6-f17578df1c5c
2020-02-10 15:49:31 UTC,remove_from_cart,5700487,1487580007634043851,,,0.54,561803423,31ec3aea-1804-4867-adb5-e92ca7e65d01
2020-02-10 16:21:09 UTC,view,5893947,1487580006962955182,,masura,11.79,436334302,a246d71d-f20a-4668-9323-d8236e44d679
2020-02-10 16:23:59 UTC,view,5817761,1487580008246412266,,zeitun,11.03,613015416,2022bb3b-cc94-40fd-b49b-1b5bb9332636
2020-02-10 16:29:15 UTC,view,5733086,1487580012902088873,,igrobeauty,8.41,612118410,9c276aa9-b760-4c92-aea5-d7224cda8231
2020-02-10 17:02:31 UTC,view,5700047,1487580009286598681,,runail,0.4,598805541,400a5d5d-18ee-4555-bacc-15c94229306a
2020-02-10 17:13:43 UTC,view,5809912,1602943681873052386,,grattol,5.24,613037299,567b7b22-7348-4947-ab13-0fee45fa9c7d
2020-02-10 17:41:38 UTC,remove_from_cart,5886730,1487580005067129686,,,2.38,613047538,e6b98240-63b1-4996-b2f0-f94cb3690e9c
2020-02-10 18:05:08 UTC,view,5851089,1487580010268065854,,kapous,2.7,612944902,24b17c5b-af5b-4674-a524-1d5ffe93a7aa
2020-02-10 18:08:34 UTC,cart,5859421,1487580005671109489,,masura,2.37,485766581,5483622a-5ed0-4676-897c-aea944d97958
2020-02-10 18:11:35 UTC,view,5814951,1487580005050352469,,haruyama,3.97,583070980,b471f09a-bcdc-4ba0-b82d-892d0068e6c0
2020-02-10 18:16:08 UTC,cart,5916962,1487580007675986893,,,1.43,613035205,05124f67-516e-4bfd-a7e0-97ba56d069c3
2020-02-10 18:37:07 UTC,remove_from_cart,5702039,2140803113261466607,,irisk,0.79,613065664,60fbcb0b-ddae-407d-8b67-5f8f9205b8cd
2020-02-10 18:40:38 UTC,purchase,5811843,1487580008800059394,,masura,3.48,612605297,5d3d36a2-61e6-cd0e-4285-0eb57af4033f
2020-02-10 18:54:45 UTC,remove_from_cart,5911807,1487580005671109489,,masura,1.73,521140705,413ca4a0-b640-4659-81a6-b4d2b73c2b72
2020-02-10 18:55:36 UTC,remove_from_cart,5911799,1487580005671109489,,masura,1.73,521140705,413ca4a0-b640-4659-81a6-b4d2b73c2b72
2020-02-10 19:05:34 UTC,remove_from_cart,5844397,1487580006317032337,,,2.38,603818408,190c516a-3c1e-4921-8b8a-60726758c3e1
2020-02-10 19:41:24 UTC,remove_from_cart,5776130,1487580013472514244,,art-visage,1.84,600308013,461f361a-dfd1-4451-ac08-88fa11361c53
2020-02-10 19:47:04 UTC,view,5882965,1487580013841613016,,,7.41,587999207,1da2afc6-73e2-4ee2-bfe5-d807e8daf7eb
2020-02-10 19:52:07 UTC,cart,5729864,1487580006509970331,,,0.41,613074799,fcd38a18-5604-4188-9109-d34b3fd9fee1
2020-02-10 19:53:00 UTC,view,5867185,1487580007910867929,,staleks,11.43,406709348,70a42440-b669-43a7-aaa7-44b1f548de0f
2020-02-10 19:57:11 UTC,cart,59896,1487580007634043851,,runail,0.95,613090786,cb7aefb4-89e4-40df-8d8a-20ed7283d8cf
2020-02-10 20:40:20 UTC,view,5894656,1487580005092295511,,,14.6,452829946,e10339b8-2bd0-43e2-8f9c-41117c094f55
2020-02-10 20:45:29 UTC,cart,5756761,1487580005268456287,,,6.35,606192367,a95150a6-9b81-46ce-9484-e669c4128286
2020-02-10 20:53:27 UTC,view,5918618,1487580008053474272,,,66.87,447220894,c8c39a9d-aef8-4c59-809e-0df7c4d249e8
2020-02-10 21:04:42 UTC,cart,5906091,2177933350667289121,,,5.56,612669911,0ce4ff6f-d111-4525-b5e2-e00d2f3ba406
2020-02-10 21:14:44 UTC,cart,5797146,1487580005754995573,,,5.71,556132242,11d4667e-097b-4591-bf05-d01c81ff434f
2020-02-10 21:34:27 UTC,view,5811578,1487580005528503146,,pnb,5.56,478554505,f0dc6dc8-5139-44f4-b72c-9b72b7512f95
2020-02-10 21:36:46 UTC,view,5808664,2089259162625114209,,ardell,6.37,551118135,944bd948-7e96-4985-b69c-491cb240c1ba
2020-02-10 22:09:01 UTC,view,5754990,1487580005092295511,,,4.76,442098666,a4aff61f-f7f3-4aed-90de-1756503ec1cf
2020-02-10 22:14:10 UTC,view,5767917,1487580005595612013,,,2.05,613127653,d6b21b52-f83d-40fc-a6a8-42183d558334
2020-02-10 23:23:45 UTC,view,5850621,1602943681873052386,,grattol,5.24,483321263,9bdc63af-d1df-4f96-8c88-b96e112d54ce
2020-02-10 23:58:48 UTC,view,5561044,1487580005595612013,,,3.0,478131003,0ac31758-411b-44b9-a4d9-17133b602341
2020-02-11 00:37:12 UTC,remove_from_cart,5587544,1487580008145748965,,roubloff,2.68,560838866,69ca6b1f-5c46-4718-ba2a-12d6263642aa
2020-02-11 01:23:04 UTC,cart,5792800,1487580005268456287,,,10.32,246464616,302cad38-fdea-473b-9832-77c7093c0fcd
2020-02-11 01:42:31 UTC,remove_from_cart,5823620,1487580004916134735,,,5.22,459589766,5badb0a5-bf8d-4fb9-871f-b13ec30e76a3
2020-02-11 01:59:52 UTC,cart,5886708,1487580005067129686,,,2.38,558093005,5346b4ff-cf38-47ea-8320-df924e61700f
2020-02-11 03:00:09 UTC,remove_from_cart,5759492,1487580013011140782,,italwax,2.37,582144943,2caf343c-a3f0-4383-ac91-06fb9c85be91
2020-02-11 03:44:48 UTC,cart,5738847,1487580013841613016,,concept,2.29,613180954,ee4b578d-1842-4673-b0d6-d085164a5b1f
2020-02-11 04:06:22 UTC,view,5649726,1487580008774893569,,,2.86,603000804,61b0cb1d-0dd1-465f-aacf-f0359937dda3
2020-02-11 04:25:19 UTC,remove_from_cart,5712784,1487580005092295511,,f.o.x,6.67,572773473,83e02c5d-8126-4938-9d30-45573497ed9e
2020-02-11 04:55:06 UTC,remove_from_cart,5847292,1982860244379763042,,,0.0,476875829,3d6cf9e2-e453-402f-9604-352bb1c2f6d5
2020-02-11 05:12:03 UTC,cart,5620923,1487580007306888126,,,4.05,557580322,48c37e46-24b3-486d-8736-d39807217ef4
2020-02-11 05:15:23 UTC,remove_from_cart,5570244,1605161575889502297,,,4.29,582738214,882876f7-7564-4d52-bdec-3dc4baa29e0a
2020-02-11 06:31:56 UTC,view,5814051,1487580005092295511,,grattol,6.27,610239865,e019f42b-1d38-453b-8510-8282981a5e19
2020-02-11 06:55:36 UTC,purchase,5857681,1487580005092295511,,artex,15.08,557443907,30668d98-dbd6-453a-b9e1-c279ecd15246
2020-02-11 07:02:59 UTC,view,5847342,1487580005268456287,,,6.98,380590958,43ca4d63-0246-48cb-a6fb-a8d038b8c9f3
2020-02-11 07:46:11 UTC,cart,5821094,1487580005754995573,,,4.44,362614796,b74479a2-c647-4ecd-887a-e0bcc7c3953a
2020-02-11 08:27:48 UTC,cart,27762,1487580011308253293,,masura,19.03,533790014,24d707f3-582d-4c6c-9e9c-a5ccf4b2bfbe
2020-02-11 09:39:08 UTC,view,5810172,1783999067156644376,,fancy,5.4,437315629,c48f8650-d968-4ade-8b53-ca6ee6283067
2020-02-11 09:52:51 UTC,cart,5622074,1487580014009385185,,,13.63,489090091,ce032d6b-e4e5-4362-8235-fce63c9df642
2020-02-11 09:55:33 UTC,cart,5802165,1487580009143992338,,kapous,5.56,548418670,31d329f5-d0da-4827-adba-41520d37b14d
2020-02-11 10:25:06 UTC,view,5896421,1487580009051717646,,jessnail,28.41,556606638,2366a2ca-e6a1-4cb8-a2dd-b3da07a568ac
2020-02-11 11:14:35 UTC,remove_from_cart,5714144,1487580009286598681,,,0.67,573012557,af6fff33-6fdd-4ca3-b41a-bad97dc44e6a
2020-02-11 11:51:54 UTC,cart,5540783,1487580012642042013,,,17.14,613353645,8665f01d-8635-465b-a6e5-ac7d95f19214
2020-02-11 11:56:05 UTC,remove_from_cart,5899833,2115334439910245200,,,3.97,613357885,dea4d895-996e-4d66-9910-f7c21726b2b6
2020-02-11 12:29:45 UTC,remove_from_cart,5773363,1487580005134238553,,runail,2.62,542816387,d957285c-e0ae-41a8-8122-32ca282ab055
2020-02-11 12:30:04 UTC,remove_from_cart,5839706,1487580005671109489,,masura,1.73,491412598,b256b964-afa8-48ce-83c7-5619d51b2ae0
2020-02-11 12:31:04 UTC,view,5884920,1487580004857414477,,lianail,5.7,612799536,dca48676-1cd1-4b8e-9d62-34d5aa017e32
2020-02-11 12:41:00 UTC,view,5866158,1487580007675986893,,,2.06,566434534,98d13bed-ea44-4b4b-adc6-c8c4772b379a
2020-02-11 12:50:41 UTC,cart,5853542,1487580005050352469,,haruyama,3.97,607867275,28ab022a-7b54-4968-a4ab-8ae08ab6c44e
2020-02-11 12:54:24 UTC,cart,5836514,2151191070984110951,,nagaraku,1.59,601239536,7b0b019e-4e00-423f-a663-10f715aa1d34
2020-02-11 13:13:58 UTC,view,5549834,1487580007281722301,,,1.75,603720954,702f1681-3e30-4203-b901-35ac5bb763cc
2020-02-11 13:59:50 UTC,remove_from_cart,5855129,1487580005268456287,,,15.56,547674164,0016e377-1d85-ceac-67f5-99f46d07cbf7
2020-02-11 14:12:56 UTC,remove_from_cart,5902061,1487580007634043851,,de.lux,3.97,526142221,1ed457a3-74ab-4871-9eee-dec15fe29a4a
2020-02-11 15:04:03 UTC,view,5649270,1487580013749338323,,concept,6.19,382764347,4994106e-e175-49d0-9864-4e429db3b28c
2020-02-11 15:16:17 UTC,view,5885319,2195085255176618020,,trind,6.1,583884978,39094222-a176-4332-acf2-c2717e86ee9d
2020-02-11 15:20:10 UTC,cart,5881776,2084144451428549153,,,2.05,596707592,7dfcddd8-0139-4609-9edb-c8d326a39406
2020-02-11 15:34:25 UTC,view,5704412,1487580008246412266,,estel,11.57,613423173,ce3aafcf-4c11-4eeb-ac8a-61f7ae3d3ec4
2020-02-11 15:37:49 UTC,view,5823600,1487580004916134735,,,5.22,535845259,cf470bf9-3c98-4ac6-96c2-01d0998930b8
2020-02-11 16:08:57 UTC,view,5735217,2195085255034011676,,domix,0.68,597780043,8256aa04-59d6-4795-b8df-8dbb83ab27e0
2020-02-11 16:38:55 UTC,cart,5864651,1487580005511725929,,,4.76,534497454,99990369-5578-452d-94c4-66139d0564e3
2020-02-11 17:28:58 UTC,remove_from_cart,5790483,1783999073758478650,,,4.44,561314109,8cf0b090-5582-466e-aeaf-e0abe15a562f
2020-02-11 17:43:35 UTC,cart,5695937,1487580007575323592,,,1.43,601246702,72cae75f-045f-42ae-8b0b-127329e06aac
2020-02-11 17:48:52 UTC,remove_from_cart,5924482,1487580013950664926,,,15.24,525890592,756de4fc-053b-426d-bb9f-2fe5d57e6bd7
2020-02-11 18:03:07 UTC,view,5826181,1487580007483048900,,,3.33,550435565,8e69406c-2bc3-f838-612e-1ba453a719a7
2020-02-11 18:18:07 UTC,cart,5744426,1487580009471148064,,,1.33,497030302,6fe072d5-5bf6-1a61-a9f7-06d330f7cd3e
2020-02-11 18:41:22 UTC,view,5729864,1487580006509970331,,,0.41,483523717,cc447d12-7d19-45c5-a2f0-49328830d8b9
2020-02-11 18:55:31 UTC,view,5780293,1487580008246412266,,,12.06,591081629,b0f2bbb7-d15b-426b-8fcd-38075630a6d3
2020-02-11 19:20:41 UTC,view,5892179,1487580013950664926,,,17.0,472251265,8ce1f322-7b0a-456d-8036-fe4879ef9e93
2020-02-11 19:49:11 UTC,view,5685402,2089259162625114209,,ardell,7.83,553709080,0b2ff68a-4056-444f-9d49-f86fa11472ce
2020-02-11 20:02:09 UTC,cart,5850281,1487580006300255120,,marathon,137.78,610490245,1916ca6b-d844-45a0-b9bb-4ce795c902be
2020-02-11 20:16:32 UTC,view,5861592,1487580008313521133,,lador,3.33,564321657,6d6bba25-0fc5-40bb-ada6-a8246b7c73ae
2020-02-11 20:21:29 UTC,remove_from_cart,20904,1487580006300255120,,,2.22,554609012,cc912b23-5f72-4840-9578-c9fbf76a8f37
2020-02-11 20:35:25 UTC,cart,5924418,1487580009445982239,,irisk,0.95,598928327,e0648def-649c-420d-8c03-3661bec77acc
2020-02-11 20:36:36 UTC,cart,5824810,1487580007936033754,,domix,0.79,186631290,faa43351-a4e6-4b2f-8f10-a8568521d3a9
2020-02-11 21:15:59 UTC,view,5851232,1525995662934540829,,,5.56,613483638,764a31cf-6c77-47be-91e8-b12c6501c235
2020-02-11 21:55:53 UTC,cart,5849033,1487580005092295511,,uno,10.32,450586126,0b028110-d127-486a-904a-5f0d516e0f3b
2020-02-12 02:50:14 UTC,cart,5888562,2151191071051219817,,,3.33,515869227,4eef5a36-0ee6-4211-b5bf-06abd0fef2d5
2020-02-12 04:20:00 UTC,view,5774946,1487580005713052531,,ingarden,4.44,577860517,1e37ba7a-4cd8-49c6-a012-da8f7d718703
2020-02-12 04:31:43 UTC,view,6222,1487580008816836611,,sophin,5.24,573144063,24fe2e15-e158-4034-8e4d-e9b7d031c991
2020-02-12 04:43:03 UTC,view,5926341,2235524499216793855,appliances.personal.massager,gezatone,95.08,596912506,b799ddc2-01a6-4a37-9432-f8a6ece332a2
2020-02-12 06:07:51 UTC,view,5879288,1487580008800059394,,masura,5.54,589308973,67682d2d-e6a6-4ea2-b7f6-551323fc8c68
2020-02-12 06:37:06 UTC,cart,5798090,1487580005713052531,,ingarden,6.27,470704713,42489b77-b7bf-4bc3-9827-80bde16ea943
2020-02-12 07:02:31 UTC,remove_from_cart,5848413,1487580007675986893,,freedecor,0.79,613530019,7a4722f9-61ec-3733-a9c6-d9d36878975f
2020-02-12 07:12:19 UTC,remove_from_cart,5852635,1487580005092295511,,,4.73,584769896,c6fd1796-78e3-4224-bed1-0b42aaf16fe6
2020-02-12 07:30:31 UTC,cart,5814959,1487580005050352469,,haruyama,3.17,351367566,852d9985-f23a-4469-8c92-190b2e3347d0
2020-02-12 07:34:17 UTC,view,5869270,1783999064136745198,,,28.57,610574717,25c7e262-4f53-4601-ab3e-f39cc140a448
2020-02-12 07:37:56 UTC,cart,5756771,1487580005268456287,,,6.67,604496065,27956651-b195-4b28-ae35-c57688ab0618
2020-02-12 07:47:04 UTC,view,5830536,1487580005671109489,,masura,1.73,613530019,20052634-394c-478b-a133-9a0b5cda01eb
2020-02-12 07:58:35 UTC,view,5896324,1597770225539875791,,,2.63,596295784,efcfbd37-f3ae-4aa0-84ab-186b4727dcde
2020-02-12 08:00:06 UTC,view,10106,1487580012717539489,,,0.56,464196565,88ccf7cc-f41a-c3e4-41f2-530329bf0902
2020-02-12 08:04:35 UTC,view,5654268,1487580013690618064,,,31.75,613728263,2763c85f-f3dc-4b3d-9ba3-096add8a92d2
2020-02-12 08:20:58 UTC,view,5813493,1487580005553668971,,,11.03,613732935,3e7b3a66-c8f3-4e6d-87ad-8d76714d9d88
2020-02-12 09:28:58 UTC,remove_from_cart,5849033,1487580005092295511,,uno,10.32,485264454,7572ed94-c941-4469-994e-32f7e848ae94
2020-02-12 09:42:19 UTC,view,5685448,1487580009286598681,,,0.67,246738485,7cb19c04-5de9-467d-b615-df2c0e8c3fbe
2020-02-12 09:52:23 UTC,cart,5797137,1487580005754995573,,,4.44,607818298,51c4a076-15c2-4243-876d-fb9fb04954f2
2020-02-12 10:14:38 UTC,remove_from_cart,5700035,1487580009286598681,,runail,0.4,613451540,4e224311-0aeb-4e92-8197-6120023faaee
2020-02-12 10:34:50 UTC,view,5797137,1487580005754995573,,,4.44,446053030,f5b1e6bd-06e2-45a5-bd13-b1d0859e0766
2020-02-12 10:40:16 UTC,cart,5899852,2115334439910245200,,,4.46,566710027,ade148e9-6c6a-4dea-92b0-708ad237a970
2020-02-12 10:41:40 UTC,cart,5869132,1783999064136745198,,cosmoprofi,7.14,367456178,91ea1f84-0632-405e-9220-80ff7ea0efa4
2020-02-12 10:49:44 UTC,cart,5686090,1487580009471148064,,,1.33,504237753,60651688-db6c-47a6-b521-f71f9af20a94
2020-02-12 10:54:47 UTC,remove_from_cart,5649303,1487580013749338323,,concept,7.78,610430949,e449b354-8686-4858-a928-e4ba2c2a0870
2020-02-12 11:20:01 UTC,view,5924505,1487580013279576251,,note,12.76,611174883,25e9fada-13e6-4093-a90e-749ffcbbf825
2020-02-12 11:29:52 UTC,cart,5848909,1487580007675986893,,bpw.style,0.79,612935944,e86e9322-d0f0-4586-b802-4c9f6c5cfb26
2020-02-12 11:58:03 UTC,purchase,5809625,1487580008145748965,,,4.83,364297762,d52ff865-be3b-49b2-820f-d012e6368274
2020-02-12 12:04:20 UTC,view,5814049,1487580005092295511,,grattol,6.27,462301863,d0c71d03-ac03-4924-894f-7042369e2989
2020-02-12 12:10:11 UTC,view,5864851,1487580005268456287,,,11.11,598637607,62d54236-fd62-4ca0-8f93-fb11ae5f5753
2020-02-12 12:58:33 UTC,cart,5869147,1783999063314661546,,cosmoprofi,7.94,613852004,22182dbb-c5f9-4cee-83b4-8054855e251b
2020-02-12 12:59:36 UTC,view,5878955,1487580013170524342,,,2.02,555424069,5d7db656-c9f1-4c69-a6a0-5c77e74e5b90
2020-02-12 13:02:34 UTC,view,5815449,1487580008187692007,,bluesky,5.56,613791288,bb997640-cf20-4a1c-b078-c753d92c4a85
2020-02-12 13:59:38 UTC,cart,5843547,1487580010628776014,,,3.97,613876955,8c0b9a38-3a4e-40b8-a0c4-17ca4466dfb3
2020-02-12 14:02:56 UTC,remove_from_cart,5827009,2193074740552270669,,,4.38,599856487,6d13ad76-1047-4202-b884-e49b562ef500
2020-02-12 14:11:22 UTC,view,5754158,1487580007910867929,,yoko,10.67,607232872,17873394-7d35-4b63-9689-caf5ccb3ba3d
2020-02-12 14:15:54 UTC,view,5711169,1487580005008409427,,f.o.x,6.03,611708590,e95044a2-b868-4e1b-b76e-0b99ba74bbd4
2020-02-12 14:16:54 UTC,view,5773433,1487580011970953351,furniture.bathroom.bath,,6.67,332040828,a5fd9d9a-b04d-44fe-9467-ea8d1567fd7f
2020-02-12 14:22:55 UTC,view,5858887,1487580005268456287,,,6.83,524162667,6a14c99c-dfbc-4a46-b07a-2055d3a0689e
2020-02-12 14:24:16 UTC,view,5858505,1487580005754995573,,,4.44,353185270,f1b221c8-c94c-4182-9c14-8899515dd387
2020-02-12 14:52:04 UTC,cart,5928156,1487580007675986893,,,0.0,459785463,f9970de6-9867-4789-b4d6-f043b949a1bc
2020-02-12 14:54:06 UTC,view,5813821,1487580005754995573,,,4.0,562474628,c55e779b-f0bd-4482-9ab0-b4e21a38f84d
2020-02-12 15:08:29 UTC,cart,5645751,1487580007717929935,,,1.59,613899753,5eb1286f-f00c-4e5b-9b71-de4ebf48aa59
2020-02-12 15:30:35 UTC,view,5683957,1487580005268456287,,,3.0,480273784,cbd18cbe-c511-8dfb-a570-7d7ef616095d
2020-02-12 15:34:02 UTC,remove_from_cart,5843836,1487580009286598681,,,0.38,613911822,3e541527-f344-450e-b435-5940130dfe1a
2020-02-12 15:48:51 UTC,remove_from_cart,5820756,1487580006317032337,,,2.22,609537637,30091203-1447-4a1f-bdbd-a9c04b20f39a
2020-02-12 15:53:56 UTC,remove_from_cart,5758509,1487580005671109489,,masura,1.73,604659536,55eb6a20-aba5-43f6-8659-58e422f47b4c
2020-02-12 16:02:53 UTC,cart,5887037,1487580013170524342,,,3.03,604659536,55eb6a20-aba5-43f6-8659-58e422f47b4c
2020-02-12 16:22:08 UTC,view,5635084,1487580005754995573,,,4.44,458526587,4f09511a-56ed-4025-8936-5c0b8d8957e7
2020-02-12 16:26:29 UTC,remove_from_cart,5596128,1487580005595612013,,,1.25,598392637,a1ff3869-1321-4fd1-b4ec-13699a49633e
2020-02-12 16:31:35 UTC,cart,5802432,1487580009286598681,,,0.32,564658360,f757c507-0464-430d-8fdc-f4e72971f754
2020-02-12 17:07:53 UTC,remove_from_cart,5811798,1487580005671109489,,masura,1.73,613945064,5327bba2-ecff-4f5a-bdb6-d3263537604c
2020-02-12 17:08:12 UTC,remove_from_cart,5779823,1487580005268456287,,pole,6.67,602963548,5346a4b8-1a95-4362-97cd-92697d8f2a06
2020-02-12 17:24:50 UTC,remove_from_cart,5833125,1487580008816836611,,solomeya,4.44,408420490,815b4ad8-86b2-4e20-8f21-db7ddfdf7dbd
2020-02-12 17:48:03 UTC,view,5802432,1487580009286598681,,,0.32,547927111,cb62d372-02e2-44f9-b96e-fe3ea1a07a05
2020-02-12 17:55:30 UTC,cart,5896177,1487580004916134735,,,4.76,613962142,f225306b-ebf2-4599-83b8-7b598c3f881c
2020-02-12 18:14:38 UTC,view,5840321,1487580005754995573,,,7.14,557749463,cfc15caa-e2e4-4592-ba01-f22a5eb38f3b
2020-02-12 18:21:09 UTC,cart,5816175,1602943681873052386,,grattol,5.24,584990416,f56a4600-2be7-4719-a9fe-3c1b4668aa1c
2020-02-12 18:54:42 UTC,view,4708,1487580010821714008,,runail,0.38,569952595,1d0afddb-0885-4eb5-81b5-0add635b4dc4
2020-02-12 18:57:04 UTC,cart,5820720,1487580006317032337,,,7.14,607098750,6ece57ce-8b6d-4f91-81a7-7923ebe12c3e
2020-02-12 19:17:32 UTC,remove_from_cart,5877603,1487580007675986893,,bpw.style,1.27,584236665,c7f307f0-8bac-4e6a-a28c-5f19b03732f6
2020-02-12 19:27:57 UTC,view,5650431,1487580007952810971,,metzger,8.33,533545902,1f7776ca-4ae4-46a1-ae05-ba08f87bbdb9
2020-02-12 19:28:28 UTC,cart,5650431,1487580007952810971,,metzger,8.33,533545902,1f7776ca-4ae4-46a1-ae05-ba08f87bbdb9
2020-02-12 19:30:24 UTC,view,5685798,1487580009445982239,,irisk,0.16,614012871,d69df579-b602-4d96-b2bc-c2d4b088c9ee
2020-02-12 19:47:58 UTC,remove_from_cart,5861109,1487580007659209676,,,0.32,613965496,daddbc4b-abb6-4aec-9bcb-62e9b82686a5
2020-02-12 20:16:38 UTC,cart,5769985,1487580005411062629,,cnd,16.03,614014168,67cd4092-1440-4d8a-b5e9-f9ffe2f4efee
2020-02-12 20:34:34 UTC,view,5692262,2140803113261466607,,staleks,4.44,235418787,b54c7da3-642e-4e46-a7dd-95dedee77b63
2020-02-12 20:51:47 UTC,view,5814046,1487580005092295511,,grattol,6.27,358442990,0801448f-fcf5-4777-b087-a7e42c7d4dd0
2020-02-12 20:57:24 UTC,view,5747147,1487580005595612013,,,3.33,601026729,67237bb8-28a6-4dbc-a3dc-2cc3e22a4147
2020-02-12 21:39:51 UTC,view,5786389,1783999067156644376,,,9.79,526241254,468e0ce6-b294-4ef1-92a4-8788e9076e31
2020-02-12 21:49:29 UTC,remove_from_cart,5858488,1487580005754995573,,,4.6,476450673,34019081-2ee4-4858-9f13-b9943a15c042
2020-02-12 21:50:50 UTC,view,5911708,1487580005754995573,,,4.44,476450673,34019081-2ee4-4858-9f13-b9943a15c042
2020-02-12 22:08:24 UTC,view,5745712,1487580006317032337,,runail,8.73,612436349,83afe4e6-773d-4c99-a3e5-f0db55268099
2020-02-12 22:27:26 UTC,view,5885815,1487580012096782476,,markell,2.29,571252644,2cb65289-b704-4101-a20b-53e7f2b3f7d0
2020-02-12 22:28:46 UTC,view,5585184,1487580006526747548,,,4.76,597635532,a9c98994-5d2b-1de1-71b8-582259e32abb
2020-02-12 22:57:23 UTC,cart,5875511,1487580005268456287,,,2.54,593866915,b349200d-68e2-4a70-bf24-801932d661f7
2020-02-13 00:53:09 UTC,remove_from_cart,5759899,1487580005713052531,,ingarden,4.44,323271019,decc4ac1-136e-4e4c-add9-9d99f1d3355f
2020-02-13 04:22:32 UTC,view,49674,1487580006317032337,,runail,1.11,444582025,50422bf9-d60e-4c88-ad0e-c0c779869ecf
2020-02-13 04:26:55 UTC,purchase,5875399,2084144451428549153,,,2.05,586661874,55858c66-7994-4d5e-b2b4-227199dfaa53
2020-02-13 04:30:01 UTC,view,5805497,1783999076551885399,,happyfons,5.87,614126696,e614db70-46b6-48d6-ad0b-0ec95b52ae6d
2020-02-13 04:34:09 UTC,view,5713017,1487580008011531230,,coifin,63.48,463772339,c13d5fb5-a495-4d13-a689-8bc1d025ba7d
2020-02-13 05:01:56 UTC,view,5862305,1487580007675986893,,freedecor,0.79,607150991,18a982c8-d51f-4114-a878-88a879ed3eae
2020-02-13 05:21:22 UTC,cart,5830538,1487580005671109489,,masura,1.73,557689785,9866a84c-4aa1-49b3-acc8-8bb5c0ac41c9
2020-02-13 05:41:00 UTC,view,5767495,1487580013011140782,,italwax,1.25,614149218,8235ead9-6f86-48dc-819d-00e33c6976b9
2020-02-13 05:43:32 UTC,remove_from_cart,5812124,1542195323827388674,,art-visage,4.05,463159706,db8c5d02-61bd-4af0-8bf9-60dcc1086f48
2020-02-13 05:58:08 UTC,cart,5896177,1487580004916134735,,,4.76,533890915,380cf986-4c23-4f2f-acaf-262a32a035ec
2020-02-13 06:11:53 UTC,view,5801116,1783999063314661546,,irisk,11.59,614160114,44fb65d0-3cbd-4f86-9868-1b9059381f82
2020-02-13 06:55:49 UTC,view,5560754,1487580006300255120,,strong,194.44,464372102,014c12cf-47c7-43c5-b680-e5388aed87e5
2020-02-13 07:54:01 UTC,view,5915043,1487580011652186237,,yu-r,5.08,572092407,7acf1171-e5a1-ca4e-a962-51d3983a9a18
2020-02-13 08:01:56 UTC,cart,5550700,1487580008145748965,,,5.4,581811273,39166f67-ba7b-4a36-84fa-e3817f15a176
2020-02-13 08:04:05 UTC,cart,5840115,1897124478404526487,,runail,3.17,474647218,88a8e210-e0ff-431b-872f-7afe8e32931b
2020-02-13 08:16:11 UTC,cart,5848407,1487580007675986893,,freedecor,0.79,401717472,f148ac38-affc-40fd-a195-3c6c036c3fca
2020-02-13 08:38:29 UTC,view,5788739,1487580008447738866,,cnd,10.0,614223111,d3fb666a-f032-4fd1-b963-5dfcf5146b9c
2020-02-13 08:40:51 UTC,view,5618276,1487580006434472855,,jas,57.94,614219804,0ab77348-7ec2-434a-b334-edb90f0da1d9
2020-02-13 08:48:20 UTC,view,5819640,1487580008162526182,,irisk,26.98,605356783,4b056295-84e3-4ea8-a0f0-30f1e95b12a4
2020-02-13 09:14:59 UTC,cart,5700031,1487580009286598681,,runail,0.4,525183366,adac7a5f-65d9-4b8c-8df9-9a8860cde633
2020-02-13 09:19:50 UTC,view,5875315,1487580013489291461,,,3.89,614242056,a0cf93a7-25f1-40c2-8f7b-ce02836f92a2
2020-02-13 09:21:06 UTC,view,5776886,1487580004832248652,,beautix,9.37,539621794,edcac177-d041-4ec3-8d73-661f4e51bc71
2020-02-13 09:45:18 UTC,remove_from_cart,5733860,1487580005050352469,,haruyama,3.97,614002700,91134a45-a373-45c0-8483-51178edf4dc1
2020-02-13 09:56:24 UTC,view,5907832,1487580011652186237,,,0.0,600296206,b69cf7c4-ac89-46a2-8ffa-2e02e3849ac7
2020-02-13 11:14:18 UTC,view,5885389,1487580007675986893,,bpw.style,1.27,492897137,1b409391-b9ab-fdb7-430c-2db565b368a1
2020-02-13 11:29:24 UTC,remove_from_cart,5783778,1487580007910867929,,zinger,19.21,609469929,c5a4ecc0-3d5a-4b17-ac60-16589f4996b9
2020-02-13 11:42:52 UTC,remove_from_cart,5635100,1487580005754995573,,,4.44,492791712,0a814fd6-589d-45d7-807d-fa975d84949a
2020-02-13 12:04:11 UTC,cart,5563766,1487580005595612013,,,3.0,614294845,5414bf9a-8034-4dac-9ce9-464891c8774c
2020-02-13 12:11:02 UTC,cart,5776130,1487580013472514244,,art-visage,1.84,578175653,9f4a2ef7-3b0f-415d-8fbc-aa2a0ee660b9
2020-02-13 12:13:15 UTC,cart,5771953,2151191071378375538,,,7.3,601001101,4a201b2c-4985-446d-9cda-a8eaac933a3d
2020-02-13 12:28:13 UTC,view,6174,1487580007776650194,,runail,0.63,605473947,620c0d0d-8017-4a1e-8819-13895f036352
2020-02-13 12:33:40 UTC,view,5891033,1487580005092295511,,irisk,8.73,409165059,7fd590e0-d7b4-485d-8eb1-2cd6544a3931
2020-02-13 12:46:21 UTC,view,5736181,1487580005050352469,,haruyama,3.97,614338996,d8e55664-7964-4f66-9988-9160a3e1e346
2020-02-13 13:00:28 UTC,view,5760765,1487580005134238553,,runail,2.62,609026179,1cc19ded-81e9-42ba-9e41-54dd785cc299
2020-02-13 13:20:57 UTC,view,5876794,1487580010100293687,,jessnail,1.43,515459709,f2ba7e09-e673-439a-8e03-b959f1ef752e
2020-02-13 13:26:20 UTC,view,5911703,1487580005754995573,,,4.44,563330298,37edb4ae-9d57-4004-aa11-5f09bd57f38a
2020-02-13 13:36:27 UTC,remove_from_cart,5858474,1487580005754995573,,,4.6,494000599,aa7ce7fa-4fb6-4083-ab36-54d6abb6b466
2020-02-13 14:17:31 UTC,cart,5825923,1487580004857414477,,lianail,6.02,613057783,3b554521-068f-474a-851b-335600c1c8f3
2020-02-13 14:24:42 UTC,view,6370,1495705810704007729,,konad,3.97,614378328,93af2044-15d2-4c87-b00b-bba3af5106c0
2020-02-13 14:26:16 UTC,cart,5650627,1487580008263189483,,concept,5.71,613709521,8ab4f352-a379-3fa0-e771-78817efacb8b
2020-02-13 14:38:10 UTC,view,5695530,1487580005595612013,,,3.33,614340415,d33c2187-edd1-4f28-b5ea-edd02b0c1bea
2020-02-13 14:44:17 UTC,view,5881430,1487580013506068678,,lovely,11.9,614388850,62296ff5-aa45-4bbb-a901-690d74d38aeb
2020-02-13 15:18:36 UTC,cart,5889590,1495705810729173554,,,3.17,607003217,2e2000a5-2705-7e27-de2a-cb04eff087ac
2020-02-13 15:19:58 UTC,remove_from_cart,5864806,1487580005595612013,,,1.79,538533695,28af622c-eca8-4cee-a6b9-be3494b8f1fe
2020-02-13 15:22:41 UTC,view,5760173,1487580009387261981,,ingarden,21.43,539821089,ce1d0733-abb4-46eb-9200-7dc91154657f
2020-02-13 15:44:28 UTC,cart,5793707,1487580010100293687,,irisk,3.02,614404550,027860f7-dca0-468a-be1c-8dce9163eb65
2020-02-13 16:49:42 UTC,cart,5903949,1487580007675986893,,,1.59,558170280,60760f4a-072b-4f97-9742-df7e77bec7dc
2020-02-13 16:53:57 UTC,remove_from_cart,5904540,1487580005427839846,,irisk,2.48,479429686,557b70bb-d60a-4c6c-a944-2f6364cb9fc9
2020-02-13 16:56:29 UTC,cart,5928530,1487580013950664926,,,0.0,553420693,95a362d7-56ff-4e19-807b-2c10a65a3d49
2020-02-13 17:28:17 UTC,cart,5848909,1487580007675986893,,bpw.style,0.79,606503643,76ef69d9-7bf0-406e-b52a-569312b7f7ed
2020-02-13 17:47:46 UTC,remove_from_cart,5910215,1783999072332415142,,,18.41,442925551,d0da2e2e-7e73-4429-9865-9069c470bc51
2020-02-13 17:51:53 UTC,view,5926393,1487580005092295511,,uno,7.78,588829348,4bdf52b3-ba41-41a4-b624-c5ecc2e81c54
2020-02-13 18:01:05 UTC,remove_from_cart,5699727,1487580004882580302,,,2.7,466018870,50e23715-34ee-47d9-b9d4-732cb0a386d4
2020-02-13 18:06:31 UTC,cart,5758939,1487580005067129686,,,2.38,231019877,b3bcbaf6-655b-4de0-b451-92d4e28737e5
2020-02-13 18:09:08 UTC,view,5611067,1487580008246412266,,matrix,20.63,608752212,0e63a1f5-a082-4abb-8f0b-693becc530db
2020-02-13 18:17:56 UTC,view,5814046,1487580005092295511,,grattol,6.27,614441808,82370087-6473-451e-a4ca-d7d396369d27
2020-02-13 18:27:56 UTC,view,5896417,1487580009051717646,,jessnail,49.21,558798454,d3a55d61-ee4a-4e2b-9a01-998a46e1d495
2020-02-13 18:30:02 UTC,view,5828711,1487580010125459512,,solomeya,1.75,594925049,e9929c2c-b07d-4318-b7a4-f70d41866c6b
2020-02-13 18:31:57 UTC,view,5824871,1487580005595612013,,,2.37,343017356,301b4371-5c2a-447d-a292-8d002b619459
2020-02-13 18:34:30 UTC,remove_from_cart,5560970,1487580005595612013,,,3.0,541258988,48bd0513-adba-4257-9cd2-9a4233f007a6
2020-02-13 18:46:08 UTC,cart,5859325,1487580007776650194,,,1.27,231363422,d86b9175-6b62-4faf-a5b8-a3a0fc06124b
2020-02-13 19:18:01 UTC,cart,5622677,1487580007281722301,,severina,3.16,611296358,a8d25af4-36c2-43ee-818d-93fb0458a105
2020-02-13 19:28:00 UTC,cart,5800468,1525995662934540829,,,3.57,614211120,47b0d86a-1a0e-4dbe-9ae4-45123d20924c
2020-02-13 19:29:20 UTC,view,86005,1487580005713052531,,ingarden,4.44,539821089,243c41b1-0908-44e7-b286-756f06a1d53b
2020-02-13 19:33:18 UTC,cart,5753842,1487580007457883075,,f.o.x,5.24,614518344,064cac77-a323-4101-9d14-59daae38796e
2020-02-13 19:34:20 UTC,view,5852260,1487580008246412266,,kaypro,25.0,492075708,ecd39b26-db2f-4a2f-a334-f28306e3d82e
2020-02-13 19:45:18 UTC,remove_from_cart,5910557,1487580008263189483,,kezy,9.1,614521919,d8f0f98c-0f81-4597-acfa-c9eaa95ebb6f
2020-02-13 20:01:41 UTC,cart,5846818,1487580013489291461,,browxenna,9.44,614530197,02ff8c4a-112a-4e7e-b95b-1b7a9b24fecf
2020-02-13 20:15:15 UTC,view,5857767,1487580008246412266,,,1.51,556806908,b86026fa-37c8-40da-b40f-b63d359c7fc5
2020-02-13 20:17:29 UTC,view,5635092,1487580005754995573,,,4.44,416050708,110cf360-6978-48bf-bf88-9cfd59e625e2
2020-02-13 20:26:29 UTC,cart,5808490,1487580009445982239,,irisk,1.75,599473647,fc83dd50-13c7-41d5-a9e0-88240989fd8d
2020-02-13 20:36:21 UTC,view,5831846,1597770225539875791,,pole,3.63,614518042,acf063e2-2e03-4f4b-9d37-b1f611bff94b
2020-02-13 21:06:32 UTC,view,5916273,1487580011534745720,,eos,9.37,614549738,7cdd3518-6870-40b9-bd9f-baae815fdada
2020-02-13 21:29:05 UTC,view,5924482,1487580013950664926,,,15.24,572452179,17589d71-b093-4660-8138-699a06e27f37
2020-02-13 21:40:11 UTC,view,5928354,1487580005838881657,,runail,3.97,497058885,c11feb81-9b74-47e8-80a9-cda6208c905a
2020-02-13 22:07:04 UTC,cart,5798088,1487580005713052531,,ingarden,6.27,395482993,ace5efe8-0532-4faa-8b60-ee947d3e3768
2020-02-13 22:35:44 UTC,view,5815685,1487580006317032337,,,6.95,614518730,6cf7773b-eea4-4eca-b68e-1d27bf5be6ed
2020-02-13 22:47:10 UTC,cart,5928175,1487580007675986893,,,1.43,511973458,c583174b-625f-4067-8ea2-f9e8317603fa
2020-02-14 05:01:39 UTC,cart,5529096,1487580013027917999,,,1.83,497706082,5a972ca0-973e-42ae-ad8a-32328327bec7
2020-02-14 05:57:17 UTC,remove_from_cart,5926699,1487580005671109489,,masura,1.73,604972979,57e03d70-bef7-44ac-8628-af71d6f1e9f0
2020-02-14 06:03:04 UTC,remove_from_cart,20904,1487580006300255120,,,2.22,490090695,fdef5782-137c-453a-bd8f-76b023ced6e9
2020-02-14 06:42:00 UTC,view,5842317,1487580013489291461,,refectocil,2.7,572162446,a727ff14-9824-4119-9d30-761502d61718
2020-02-14 06:49:10 UTC,cart,5742957,1487580009387261981,,,3.81,601018768,6503c182-f332-44c7-8957-6f411d95024a
2020-02-14 07:08:14 UTC,cart,5820785,1487580006317032337,,,5.56,614515960,7a1b6ae6-940c-b5de-5f5b-7f934b971124
2020-02-14 07:35:37 UTC,view,5730206,1487580005092295511,,,10.32,614716314,3e169d64-7a1e-4e68-a80a-ea07b95ac740
2020-02-14 07:38:37 UTC,cart,5844310,1487580006317032337,,,1.57,407520226,5b485ce7-3c3d-40ba-89b6-919cc739463f
2020-02-14 07:59:48 UTC,purchase,5783937,1487580005595612013,,,2.06,606615277,1c7e2a62-c803-4ef3-b2e6-7a666bd591cf
2020-02-14 07:59:50 UTC,cart,5693787,1487580008657454075,,,2.86,549189136,b0f7e4b7-6e70-40e4-915e-dbf1e632373c
2020-02-14 08:21:27 UTC,cart,5686081,1487580008145748965,,,0.57,541377976,d5a7d65d-71ba-4a9c-ae6b-53778e2bda41
2020-02-14 08:37:17 UTC,remove_from_cart,5809912,1602943681873052386,,grattol,5.24,614739039,87006b95-374b-4b64-9b45-33f0e2b078ef
2020-02-14 08:49:58 UTC,view,5813880,1783999064069636330,,,3.81,232723518,0656107a-8b2c-4891-acab-840131231cc1
2020-02-14 09:07:48 UTC,view,5819263,1487580005713052531,,ingarden,4.6,551742187,698d58f2-1f05-4b35-bf0e-bdf6f1112f3c
2020-02-14 09:41:57 UTC,view,5855120,1487580005268456287,,,15.56,573972852,71f051d5-4965-44b3-92e6-e449f52c1d30
2020-02-14 10:03:26 UTC,remove_from_cart,5781744,1487580011853512836,,,7.62,612481150,ee186e12-5eaf-4cab-a54c-0fe668ac6199
2020-02-14 10:21:02 UTC,remove_from_cart,5925620,1487580010100293687,,,6.19,605601918,70a2e4ea-bf78-4f35-86dc-5011e628d346
2020-02-14 11:03:07 UTC,view,5855092,2018287324474901238,furniture.bathroom.bath,,4.92,614788024,1336f345-aefe-4ed6-b777-adc530cdfa35
2020-02-14 11:05:23 UTC,remove_from_cart,5900361,1487580007675986893,,freedecor,1.43,552513333,bf5b84a3-7d24-4d80-8274-0df95ab123e6
2020-02-14 11:38:01 UTC,view,5928377,1487580007675986893,,,1.43,603872172,db84fc66-fd16-49b7-bb65-c18660dd969c
2020-02-14 11:51:26 UTC,purchase,5836150,1487580008246412266,,,4.76,468596449,3b129e9c-ec99-4956-af4b-5fa643f1f85c
2020-02-14 12:01:11 UTC,purchase,5763380,2151191075757228942,,,4.6,597674045,1dfc64c6-6dd5-45b8-af9b-49b1ba8235a6
2020-02-14 12:01:29 UTC,remove_from_cart,5895880,1487580005754995573,,,4.0,442516592,964803b0-5b5a-4155-af86-1e71fff0efa0
2020-02-14 12:40:17 UTC,view,5649235,1487580008246412266,,concept,5.24,614851115,84d66710-23ec-47c2-9975-c45ff7e0a352
2020-02-14 12:55:22 UTC,cart,5622677,1487580007281722301,,severina,3.16,614848582,7cb1ac31-8688-43f2-ae46-2fd74048e48f
2020-02-14 13:05:51 UTC,cart,5862628,2151191071051219817,,nagaraku,7.94,614859838,d1cd9ed1-d569-472b-a798-adfb37656b58
2020-02-14 13:16:46 UTC,cart,5769927,1487580013841613016,,kapous,4.22,614845668,6602be59-f8b6-4a92-9d27-8fc93b287160
2020-02-14 13:23:21 UTC,cart,5837121,1783999068909863670,,staleks,1.75,560410933,03dd769b-2fc6-4fba-bca4-024169cb690c
2020-02-14 14:56:21 UTC,cart,5906116,1487580007675986893,,bpw.style,1.27,560136947,28a59411-598e-429b-b425-06a8eff2c1a5
2020-02-14 15:11:33 UTC,view,5698981,1487580006317032337,,,1.59,612482279,d23c030d-5134-477c-bba4-8f289a57ade5
2020-02-14 15:29:20 UTC,cart,5591314,1487580005268456287,,,4.29,582144943,55936502-e508-47f4-a445-5284ae00db4f
2020-02-14 15:45:27 UTC,purchase,5840367,1487580007432717250,,,4.6,573823111,4afa0bac-329b-41c4-8f39-e3a41f36b1c0
2020-02-14 15:59:25 UTC,remove_from_cart,5739491,1487580012927254698,,,7.14,569645181,5526a49b-e024-4d82-bb05-2662283b5cc1
2020-02-14 16:12:01 UTC,cart,5879122,1487580007634043851,,,0.79,539126460,a21e460c-fbab-43a3-b4cb-918eea23128c
2020-02-14 16:37:29 UTC,cart,5585658,1487580007256556476,,,0.71,605186148,8962a9ae-8fd0-4ea4-b284-13858d42d05b
2020-02-14 16:37:54 UTC,purchase,5854820,1602943681873052386,,grattol,5.24,490513311,d2f0a3bf-5b93-49ef-8391-6d30bd7b51f0
2020-02-14 17:06:49 UTC,view,5920569,1487580007936033754,,,4.76,599323496,07c46b67-8846-4343-a485-84fb32d98e3c
2020-02-14 18:00:22 UTC,view,5837087,1602943681873052386,,grattol,4.76,591987177,20dbc30c-c6e7-4dc6-8a60-3062ccf01d43
2020-02-14 18:02:41 UTC,cart,5816899,1487580013841613016,,kaaral,3.14,591922898,4c94b915-5b6a-4cd5-8dad-5c1fef7aa94f
2020-02-14 18:02:42 UTC,remove_from_cart,5723489,1487580005134238553,,runail,2.62,612011828,f61bae1e-179f-4795-9f8e-041e57fd147c
2020-02-14 18:19:47 UTC,view,5895407,1487580011702517887,,,11.83,564321657,5e7f4095-8fbe-4197-811c-ad11d5fe1915
2020-02-14 18:31:07 UTC,remove_from_cart,5820748,1487580006317032337,,,2.54,563602414,2aaafabc-3c27-4347-8b33-e4eaaa6c192b
2020-02-14 18:32:20 UTC,view,5818481,1897124478404526487,,,3.14,445365138,33b2094a-983f-42d4-90e3-159c259fdbf3
2020-02-14 18:38:58 UTC,cart,5870081,1487580005268456287,,grattol,10.32,435533428,ba51ff6b-ce7c-4593-a82d-580aa5f1e308
2020-02-14 18:43:13 UTC,view,5839048,1487580005511725929,,,5.56,608344211,49c1586c-e378-46fd-a3be-ceda64a9dd86
2020-02-14 19:37:01 UTC,cart,5656125,1487580006509970331,,,0.75,606692889,2d46bbf1-4ab8-4700-a382-0a3d2d536ef3
2020-02-14 19:57:33 UTC,remove_from_cart,5779264,1487580006962955182,,,7.14,614030816,63a959ef-8c25-4870-a740-fb56619fe0d9
2020-02-14 19:58:21 UTC,cart,5842142,1487580006317032337,,,1.59,232055413,a8e6234f-4ad1-4c0b-963f-c34b9914e79a
2020-02-14 20:00:07 UTC,remove_from_cart,5820745,1487580006317032337,,,2.22,479809315,d423deef-c520-4d32-a46a-72d136351159
2020-02-14 20:30:46 UTC,view,5692024,1487580009143992338,,concept,5.32,615039820,1ee707b9-f03d-425b-b834-315a30597cab
2020-02-14 20:35:09 UTC,view,5805497,1783999076551885399,,happyfons,5.87,615041187,2c839802-81b2-4667-a685-719b169a5937
2020-02-14 20:45:32 UTC,remove_from_cart,5739096,1487580012969197740,,,6.35,443512968,7e6b0247-0dbe-4eee-9281-6e71751b63b7
2020-02-14 21:11:27 UTC,view,5858887,1487580005268456287,,,6.83,446186010,12caae74-e1db-47e3-80d6-719b6a93c5d8
2020-02-15 02:44:37 UTC,cart,5694190,1487580013841613016,,estel,2.62,602633483,82957c07-4d77-4268-9f61-7735752918b3
2020-02-15 02:45:56 UTC,remove_from_cart,5815662,1487580006317032337,,,0.92,519418027,47bce80d-424f-4412-907d-8863bd798a3e
2020-02-15 05:46:31 UTC,view,5745720,1487580006317032337,,irisk,8.57,615162521,14aa5bad-51d4-4ff0-b459-f9e722a8a41f
2020-02-15 06:44:50 UTC,view,5772167,1487580005268456287,,grattol,6.27,603151259,cad580da-e164-4b56-b000-a38d46cb8279
2020-02-15 07:31:31 UTC,remove_from_cart,5746898,1487580006317032337,,irisk,7.71,611204221,459ec92a-51c2-90ad-4edb-f0cfc8982244
2020-02-15 08:21:12 UTC,remove_from_cart,5815660,1487580006317032337,,,0.92,396352483,1bc00af9-1981-4d6a-bda7-463e048eb47d
2020-02-15 08:49:01 UTC,remove_from_cart,5794753,1487580005595612013,,,4.11,615215058,205e9da7-110f-45ac-a489-8c567b4c1ff0
2020-02-15 09:37:51 UTC,remove_from_cart,5677358,1487580008246412266,,estel,14.29,540662244,d0329072-074c-495a-861e-0f483ef3ea42
2020-02-15 10:14:36 UTC,view,5809292,1487580007675986893,,bpw.style,0.79,615256823,9c0c2d6a-031b-4f3a-975a-864242728e0c
2020-02-15 10:21:49 UTC,view,5764715,1487580012902088873,,italwax,30.16,615256976,c0ba4c22-4add-451e-9c38-6d340479a8a6
2020-02-15 10:33:15 UTC,view,5677989,1487580008263189483,,estel,8.73,437208817,a10cbd9c-3e31-4908-b3ce-2d56fee948f7
2020-02-15 10:42:54 UTC,remove_from_cart,5627736,1487580005713052531,,ingarden,4.44,611016716,378d63b2-9945-4114-a3c0-4f668cb9d59c
2020-02-15 10:45:35 UTC,cart,5677045,1487580008246412266,,estel,7.7,538095325,86da62be-116a-4c67-a22e-3f51a358f746
2020-02-15 11:49:47 UTC,view,5853036,1487580008263189483,,,10.48,615234171,7d5b4a72-4f91-41c0-a2c3-4dfa5f13828e
2020-02-15 11:51:34 UTC,cart,5861762,1487580006350586771,appliances.environment.vacuum,emil,84.29,430220205,6434b5f7-9d28-4c47-97c4-f4db4f53a02c
2020-02-15 12:04:47 UTC,purchase,5900609,1487580007675986893,,freedecor,0.79,604627682,6e8b717f-3b08-a75d-b3e4-e99dad3a4575
2020-02-15 12:06:29 UTC,remove_from_cart,5899851,2115334439910245200,,,4.46,526670452,9c006cab-295f-e2f6-981f-b7044630ed3c
2020-02-15 12:09:04 UTC,remove_from_cart,5928976,1487580007675986893,,,1.43,584587036,d53c72b5-9de9-acdf-71b2-5dd3aae16680
2020-02-15 13:16:46 UTC,view,5884577,1487580006350586771,appliances.environment.vacuum,max,47.46,588582265,d699bb41-9c38-4695-93fc-f2714856fcd3
2020-02-15 13:35:24 UTC,view,4591,1487580007483048900,,runail,5.95,615334070,22005ad2-2e32-494d-ba61-f11eb09b7d2d
2020-02-15 13:49:47 UTC,cart,5815659,1487580006317032337,,,0.92,273308416,a94c16cb-d235-4522-9899-43b4e034c138
2020-02-15 14:21:37 UTC,view,5783355,1658462125284131265,,uskusi,3.97,599365340,a091398f-18e0-40d8-b97a-5691a70cb5d8
2020-02-15 14:39:47 UTC,view,5923062,1487580007675986893,,,1.43,612443726,536443fe-f2e5-41c1-98a7-c83396cf2a3d
2020-02-15 14:49:15 UTC,view,5694628,1487580007835370453,,yoko,3.65,615365789,eaf8bf1f-12ad-4be6-9379-2e515b919838
2020-02-15 14:55:18 UTC,view,5570254,1487580009286598681,,,0.63,612628037,e8098673-9c52-457a-acb3-6f5073ada18d
2020-02-15 15:00:21 UTC,view,7527,1487580009605365797,,,3.02,551099180,02b65b1f-75f8-45e1-bf71-78438c128124
2020-02-15 15:05:56 UTC,cart,5633791,1487580005855658874,,,0.79,490674752,3478524e-b537-4853-99d1-1777abe19eca
2020-02-15 16:08:37 UTC,cart,5810075,1487580005427839846,,,0.0,445777038,74206ba1-c863-4760-bbdc-b11777059e46
2020-02-15 16:08:37 UTC,cart,5736448,1487580004857414477,,,0.0,445777038,74206ba1-c863-4760-bbdc-b11777059e46
2020-02-15 16:08:37 UTC,cart,5800857,1487580005553668971,,,0.0,445777038,74206ba1-c863-4760-bbdc-b11777059e46
2020-02-15 16:08:54 UTC,remove_from_cart,5797995,1638456119066100510,,,0.0,445777038,74206ba1-c863-4760-bbdc-b11777059e46
2020-02-15 16:08:54 UTC,remove_from_cart,5789476,1487580005050352469,,,0.0,445777038,74206ba1-c863-4760-bbdc-b11777059e46
2020-02-15 16:08:54 UTC,remove_from_cart,5682570,1487580007575323592,,,0.0,445777038,74206ba1-c863-4760-bbdc-b11777059e46
2020-02-15 16:08:56 UTC,remove_from_cart,5779184,1487580005050352469,,,0.0,445777038,74206ba1-c863-4760-bbdc-b11777059e46
2020-02-15 16:39:01 UTC,cart,5840114,1897124478404526487,,runail,3.17,538533695,fdada641-4492-4e4c-a29b-ab749d818aac
2020-02-15 17:51:13 UTC,view,5676325,1487580007852147670,,zinger,17.46,615294843,bc119ced-8704-82fa-433f-bc36a1c163d4
2020-02-15 18:10:26 UTC,view,5744098,1487580008288355308,,,3.02,604593734,b339c441-164c-4736-ad64-360f310c2b64
2020-02-15 18:10:32 UTC,view,5888084,1487580013388628160,,shik,11.9,614541530,a5532e97-666b-491d-9be5-789b3f589ecd
2020-02-15 18:13:20 UTC,view,5689219,1487580011585077370,,dizao,1.67,567808708,2b5f44aa-c7fa-43e4-b616-3a16acb8e713
2020-02-15 18:16:00 UTC,purchase,5563824,1487580005595612013,,,3.0,421451215,325f05c9-d8c7-442a-82fe-79a0eafcf2d3
2020-02-15 18:27:38 UTC,cart,5809733,1487580005092295511,,uno,7.78,608262593,3703d071-f0bc-4953-8270-c177eb6364bc
2020-02-15 18:51:34 UTC,remove_from_cart,5881607,2151191071051219817,,lovely,13.48,600828353,f6f25aba-5038-4332-aed5-6b5139683b8d
2020-02-15 19:05:37 UTC,view,5683894,1487580013841613016,,estel,2.62,615471736,5264e5ae-c1ba-4693-96d0-68c5a486c250
2020-02-15 19:06:55 UTC,view,5769908,1487580013841613016,,kapous,3.65,530899587,ed6cb9dd-eb5d-4d64-bdad-200939037867
2020-02-15 19:30:52 UTC,cart,5843836,1487580009286598681,,,0.38,543200703,d66fdb55-fd5a-4bdc-95fd-7666cb6f6a4d
2020-02-15 20:40:27 UTC,view,5709100,1487580009143992338,,concept,10.16,512052505,82864db3-eb8c-402a-adab-6a3a9fe66b80
2020-02-15 21:00:04 UTC,cart,5489,1487580005713052531,,ingarden,4.44,615506102,eb2b8a8a-fc28-4dd8-ad46-2b5ea9bacdcb
2020-02-15 21:32:29 UTC,cart,6845,1487580007306888126,,,3.14,615399960,767a2779-87ae-437d-ae56-a89d3ac9405d
2020-02-15 21:45:08 UTC,cart,5808505,1487580011853512836,,irisk,6.11,615524757,a5e55a1d-8c4d-4f17-a16c-12aa0b5bdc86
2020-02-15 21:51:43 UTC,view,5597547,1487580008112194531,,,20.48,615526906,c045de61-12e8-45f2-abb0-4bcb2c3b4801
2020-02-15 21:55:59 UTC,view,5862313,1487580007675986893,,freedecor,0.79,585939637,3a015073-0d2c-406e-b191-a51cc48ae814
2020-02-15 21:56:27 UTC,cart,5867181,1487580007910867929,,staleks,9.84,432468677,6df5f9fa-7203-4191-a220-3c01f073f942
2020-02-15 22:28:46 UTC,cart,5885416,1487580005092295511,,grattol,6.27,365921172,a6bbd12c-9be4-47ec-932b-74e66548e95b
2020-02-15 23:34:52 UTC,view,5910969,1487580008246412266,,barex,12.98,545584872,0ec65de5-1afa-4c3f-b874-2c0e32c27897
2020-02-15 23:42:38 UTC,cart,5815567,1487580013640286413,,soleo,0.71,528238621,ae168a02-d391-4654-a8ec-32098e946bf5
2020-02-16 00:01:57 UTC,view,5843590,1783999071199952917,,,0.71,554466426,8f7e2eab-142d-4a69-acd1-1026380cae4b
2020-02-16 00:02:55 UTC,view,5909372,1487580011652186237,,,16.16,586410237,403c583c-ea5a-4586-8d55-5fb251e8cdd6
2020-02-16 00:35:53 UTC,remove_from_cart,5861344,1487580009471148064,,,1.84,468660421,512caf51-7684-4040-8c85-bf3972ffdd8c
2020-02-16 04:38:41 UTC,cart,5865598,1487580008187692007,,,5.56,573174307,6203cca2-6fce-4509-8990-543076060f98
2020-02-16 05:02:26 UTC,cart,5758922,1487580005067129686,,,2.38,611296358,d70d7cae-c694-f10a-3338-8078dff3dd5f
2020-02-16 06:23:05 UTC,purchase,4497,2195085258272014535,,runail,3.11,615422883,63a73b09-7374-af7f-00eb-9ec40066151e
2020-02-16 06:43:48 UTC,view,5802068,1487580012927254698,,italwax,12.86,601146750,e5339858-5fdb-491a-87d4-24defbebe044
2020-02-16 06:49:52 UTC,cart,5785455,1658462125284131265,,uskusi,2.57,599896230,4c1e321e-f589-40ae-a203-37b8f980f638
2020-02-16 07:36:38 UTC,cart,5787576,1658462125284131265,,uskusi,2.97,603113349,365a7665-f941-4d32-b380-7b9eaad53fc9
2020-02-16 07:45:35 UTC,cart,5887298,1487580013229244601,,,2.62,615658830,fdf5a954-ef4c-4beb-9b07-729ddea0004a
2020-02-16 07:53:50 UTC,cart,5788145,1487580005754995573,,,6.35,513098578,1bf93ba3-c4ff-4059-ad4b-793e7ac91482
2020-02-16 08:03:26 UTC,cart,5837918,1487580007634043851,,,0.63,615662805,eabcd791-50fe-4819-bc91-f5cbb0d2096f
2020-02-16 08:11:54 UTC,view,5792813,1487580005092295511,,,5.56,609045429,1865754b-f69a-4f84-bce5-943177051e75
2020-02-16 08:12:32 UTC,cart,5820773,1487580006317032337,,,3.97,609000173,9168b778-4927-48d3-a504-e89ca886e14b
2020-02-16 08:22:15 UTC,view,5847336,1982860244379763042,,,7.14,580815064,2bbb3344-4db7-4a9f-95f0-88a7ae613790
2020-02-16 08:45:57 UTC,cart,5819250,1487580005713052531,,ingarden,4.6,614199290,b8986abf-f269-454a-ba96-7156a26528a2
2020-02-16 08:46:00 UTC,cart,5560994,1487580005595612013,,,3.0,596477839,de8c9c29-6f37-48b9-a658-f0aa59a37445
2020-02-16 09:07:41 UTC,cart,5826265,1897124489259385629,,kocostar,3.33,459366853,5615d439-f172-4692-8278-f4a7b7dd6a24
2020-02-16 09:15:55 UTC,cart,5773363,1487580005134238553,,runail,2.62,611173575,fd8aaebc-947b-455e-80e6-a6456a64726b
2020-02-16 09:17:39 UTC,cart,5731810,1487580010125459512,,domix,9.89,551382427,b2267027-fac7-44ec-95b2-2f376e2ae6c8
2020-02-16 09:27:48 UTC,view,5866941,1487580010268065854,,cutrin,14.44,566226175,fdf3d7e8-835b-4a5b-a963-e96a4c3fb742
2020-02-16 09:34:26 UTC,view,5649518,1487580007457883075,,,6.35,406772131,9f63c4cc-910b-493e-8212-6dac8af670bb
2020-02-16 09:44:42 UTC,view,5869130,1783999064136745198,,cosmoprofi,7.14,386372723,258ad9b1-c776-4bdd-b176-bf01ddffd5f8
2020-02-16 10:05:50 UTC,remove_from_cart,5895890,1487580005754995573,,,4.0,615694098,ee4444b9-bbaf-4c9f-9cf8-d9ee26e37eb7
2020-02-16 10:49:32 UTC,purchase,5843559,1783999071199952917,,,0.48,611118115,c3490712-df30-46f2-8672-8befed978d6c
2020-02-16 11:26:49 UTC,remove_from_cart,5855122,1487580005268456287,,,15.71,267278306,ff7a34b2-b07d-4163-9017-c2892ae94658
2020-02-16 11:27:07 UTC,view,5877036,1487580010100293687,,milv,3.49,615727172,44f0a5be-16cc-4acf-b0d2-348fd5589c6e
2020-02-16 11:32:47 UTC,view,5896423,1487580010645553231,,jessnail,35.24,556635691,532d04b9-37f3-4d53-80a0-20b1ebed0630
2020-02-16 11:42:34 UTC,cart,5836527,1487580013522845895,,nagaraku,0.63,615760516,6fac65ca-5d9b-4431-a7ac-b7aefbc77ae4
2020-02-16 12:22:21 UTC,remove_from_cart,5899930,2115334439910245200,,,3.92,615246586,7fa03f16-f55e-416b-bc9b-c812dd40e1a5
2020-02-16 12:45:47 UTC,view,5914153,1487580012432326804,,siberina,4.6,615779796,6d34b8f7-8b98-4858-a174-3dbe1765ce7c
2020-02-16 12:51:32 UTC,view,5304,1487580009471148064,,runail,0.32,544922376,cc342a46-6f69-47c6-b7fb-6efd9950b2bc
2020-02-16 13:07:23 UTC,view,5833318,1487580007675986893,,bpw.style,0.79,615797150,8b70d71d-47a8-4420-bd82-aa22d941787c
2020-02-16 13:20:23 UTC,cart,5773606,1487580006317032337,,irisk,1.59,193176680,e0cba755-23d0-40bb-99e1-2f5e7b60bf4f
2020-02-16 13:31:03 UTC,cart,5740530,1487580005671109489,,masura,3.95,589132836,83b455e4-816d-48ab-86cc-71bd4276ea86
2020-02-16 13:55:11 UTC,view,5899250,1487580013229244601,,,4.11,474738923,c0c78bde-bae0-4bd4-aa08-e408fbc52687
2020-02-16 14:38:40 UTC,cart,5916101,1977683390215749955,,,13.49,571115338,73410f2c-d678-44ae-90f8-45c880db93ac
2020-02-16 15:04:10 UTC,view,5809910,1602943681873052386,,grattol,5.24,609917609,e6e76a6c-f56b-4eea-a82c-565cab311e99
2020-02-16 15:36:30 UTC,remove_from_cart,5649448,1487580005092295511,,,5.56,432014538,df9fde97-bdb4-4e1a-adc7-b96c8ca2b330
2020-02-16 16:11:21 UTC,view,5877795,1487580009051717646,,,158.73,494938638,018ed814-e6e7-48af-b23e-a65860f355eb
2020-02-16 16:13:53 UTC,view,5889300,1487580007306888126,,,3.33,282432370,1fa4916d-a399-40b2-82ba-545682d46830
2020-02-16 16:44:03 UTC,remove_from_cart,5771968,1487580013522845895,,,1.43,445030490,68e03b29-f55d-4ce8-9e5f-163b537a7514
2020-02-16 17:08:07 UTC,view,5809910,1602943681873052386,,grattol,5.24,524772071,6a2e74fb-6e75-4d88-9feb-b6baba9cd235
2020-02-16 17:09:23 UTC,view,5844359,1487580013841613016,,,4.67,615873111,02b9e4e0-cd52-4638-9ed1-01862b3d1983
2020-02-16 17:34:00 UTC,remove_from_cart,5844010,1487580010318397504,,,5.87,558124289,17cba583-0d88-4d17-9973-ec82a5bf4916
2020-02-16 17:45:06 UTC,cart,5819127,1487580007675986893,,bpw.style,1.27,615889835,e1b3b825-99c0-4eb6-b6e3-f0aff064134d
2020-02-16 18:00:26 UTC,view,5892660,1487580012096782476,,,4.44,615925115,1571d3fe-e9f3-4c2d-85c8-36d03bd60cbe
2020-02-16 18:06:15 UTC,view,5778934,1487580011283087468,,f.o.x,25.87,615929007,edaefde2-1888-4023-bd24-d92c0572f95d
2020-02-16 18:53:09 UTC,view,5809540,1783999064036081896,,,4.92,615612450,f184a445-e20e-4572-9886-06f88644754c
2020-02-16 19:13:04 UTC,view,5743974,1487580013053083824,stationery.cartrige,italwax,1.98,615920397,f4d05d79-c58a-48b2-b2c5-a4f4944b9f07
2020-02-16 19:43:38 UTC,view,7527,1487580009605365797,,,3.02,604895036,6e1841d4-7dbd-4db6-97fa-6aa0ac19e6b2
2020-02-16 20:07:18 UTC,view,5677043,1487580008246412266,,estel,13.33,615028486,577339ab-96bf-497f-a84b-008f0f3b1fe2
2020-02-16 20:08:17 UTC,remove_from_cart,5603939,1487580007717929935,,,0.11,603548998,4ff79416-e654-4fe1-b5bd-522f148cf1e8
2020-02-16 20:10:37 UTC,view,5836842,1487580005025186644,,pnb,31.59,585026428,df51495a-91c1-47f9-8d84-1caa28f9fbc5
2020-02-16 20:19:12 UTC,view,5885421,1487580005092295511,,grattol,6.27,610698211,d6df8bd1-f495-483d-a0a9-d8dc28026c5f
2020-02-16 20:30:27 UTC,cart,5923801,1487580011585077370,,,3.65,596803607,d257f390-cd7d-4d68-ae31-8b5d3dc17de4
2020-02-16 20:48:30 UTC,cart,5834736,1487580009445982239,,,3.02,410592388,17e96c42-4422-4153-a5d0-11d931ea2e02
2020-02-16 21:11:42 UTC,remove_from_cart,5727535,1487580004882580302,,,2.7,525220610,c1f61c17-a5e0-4c11-b346-516e2ba9b2ee
2020-02-17 03:56:24 UTC,view,5708350,1487580012876923048,,italwax,25.4,531577057,474f645f-02c7-41e9-a74c-80826990909e
2020-02-17 04:32:45 UTC,view,5694173,1487580007852147670,,yoko,20.0,297491707,2de3f06a-4eb6-4b81-aae0-4a4e27ef2b0c
2020-02-17 04:43:13 UTC,view,5816569,1487580005553668971,,,7.46,359963457,5b34e5e9-5b00-4f3d-9b25-b38777dd05b3
2020-02-17 05:09:53 UTC,cart,7527,1487580009605365797,,,3.02,616088651,3ee49be5-534d-4383-9a03-9a99db176fb3
2020-02-17 05:12:54 UTC,remove_from_cart,5649074,1487580005511725929,,,5.56,458783618,fc0690f8-f38b-4aca-9f3d-6ff496cb08a1
2020-02-17 05:13:04 UTC,purchase,5683578,1487580005595612013,,,2.52,562581860,46a97484-d8be-4c41-a05c-1f17dcb33bd7
2020-02-17 05:46:04 UTC,view,5737912,1487580008984608779,,kosmekka,10.79,535233079,f1563494-dff7-4cec-a43f-4deec2ec5232
2020-02-17 05:58:38 UTC,cart,5877490,1487580007675986893,,freedecor,2.38,560934271,1eb91854-f335-44e9-88af-5ed9bef848a1
2020-02-17 06:06:25 UTC,view,5556134,1487580011853512836,,,14.29,616116860,6fd2cb5d-f0bd-4188-818f-cf4f359a1e06
2020-02-17 06:15:26 UTC,remove_from_cart,5816172,1602943681873052386,,grattol,5.24,500838876,a3fd63ce-1fb4-4bd2-8403-180cc087e379
2020-02-17 06:35:13 UTC,view,5837166,1783999064103190764,,pnb,22.22,576341233,9a77f638-4649-402f-9222-221174d48315
2020-02-17 06:42:27 UTC,remove_from_cart,5773612,1487580006317032337,,irisk,1.56,611510333,cfa23756-cb3f-442d-89bf-d6c56a95884a
2020-02-17 06:50:30 UTC,remove_from_cart,5813820,1487580005754995573,,,4.44,616112586,b1e3cece-1d9e-4b36-843f-5e2176c5ea4d
2020-02-17 06:57:40 UTC,view,5688688,1783999072332415142,,markell,4.84,616136341,d1d4e35c-71e1-4ede-bb93-025b7cd4662a
2020-02-17 07:02:23 UTC,cart,5814046,1487580005092295511,,grattol,6.27,503433167,200e2d3f-811b-4fd1-a785-afa5cadfd5a8
2020-02-17 07:22:17 UTC,view,3762,1487580005411062629,,cnd,19.37,615736133,4a43f697-9113-bc2d-46e0-7f0785da7237
2020-02-17 07:42:54 UTC,view,5802724,2151191071051219817,,,4.1,609917609,8296406c-0720-4290-a7f5-3483361129b3
2020-02-17 07:56:44 UTC,cart,5799778,1487580011652186237,,yoko,1.56,616106288,fee03574-ab27-4595-8c39-404e18925737
2020-02-17 07:57:24 UTC,view,5885420,1487580005092295511,,grattol,6.27,591344139,132aece3-d09e-4a2e-8af9-00c5ec544a12
2020-02-17 08:18:12 UTC,cart,5677989,1487580008263189483,,estel,8.73,302064309,f69ba385-4f5c-4c00-8fe1-8bf7d7b10136
2020-02-17 08:46:21 UTC,cart,4650,1487580010796548183,,runail,0.38,432908230,c6f1d08b-795d-4708-9834-ba4d2ac7539e
2020-02-17 09:03:56 UTC,cart,5926394,1487580005092295511,,uno,7.78,616182221,373249ee-fe60-455a-bc96-660fe94ff786
2020-02-17 09:09:06 UTC,cart,5925323,1487580007675986893,,,1.43,548843580,59aa56df-3604-4869-8dd6-56b7b5c8e7a9
2020-02-17 09:14:18 UTC,cart,5911722,1487580005754995573,,,4.92,543217690,39622a80-5135-4984-817b-9f43d921c6a6
2020-02-17 09:26:49 UTC,view,5754149,1487580007936033754,,yoko,3.65,616200333,2d422c03-02f0-44fa-8d78-70cf36242ac1
2020-02-17 09:37:25 UTC,view,5808322,1487580009362096156,,kapous,1.95,567483242,6876987e-ecbf-4740-943d-6d62e0c7aa92
2020-02-17 09:37:32 UTC,purchase,5735267,1487580005092295511,,haruyama,3.97,550802288,b003cc01-db4a-46bc-903b-a4564f6ea4bc
2020-02-17 09:47:46 UTC,view,5925905,1487580005511725929,,,5.56,616185791,58b14e53-7c46-4afc-a069-d9e164022aab
2020-02-17 09:49:21 UTC,remove_from_cart,5657321,1487580012021285001,,,15.08,262181939,52774eac-9736-4dcb-8121-2729dcc9f91c
2020-02-17 10:05:33 UTC,remove_from_cart,5561550,1487580007910867929,,,7.78,534534893,044abc2e-82aa-4a53-8a2d-837ae1bc986f
2020-02-17 10:07:21 UTC,remove_from_cart,5746898,1487580006317032337,,irisk,7.71,523268653,e28ca6dc-930e-4778-abb6-684feef8a9c9
2020-02-17 11:00:11 UTC,remove_from_cart,5903772,1487580007675986893,,,0.0,434843571,2d304bd5-ca79-4ea1-8ee1-8a6b11de4224
2020-02-17 11:00:19 UTC,view,5587652,1487580008145748965,,roubloff,3.49,576551174,a008cef7-6c2b-4ca6-b62e-72f530b694aa
2020-02-17 11:04:22 UTC,cart,5850623,1602943681873052386,,grattol,5.24,567776324,8b174155-248b-492c-a445-2bb667f21525
2020-02-17 11:07:13 UTC,cart,5774212,1487580008657454075,,,2.38,614572650,f781dd63-6d6a-89de-1c1c-baa4ca66bbe1
2020-02-17 11:17:45 UTC,remove_from_cart,5912884,1487580004832248652,,beautix,14.13,456273384,7d7d377e-5f4b-43f6-be99-823169a6df34
2020-02-17 11:24:04 UTC,view,5739057,1487580008263189483,,kapous,4.75,616255372,1760af5b-433e-4032-8997-1a17df387ee5
2020-02-17 11:30:06 UTC,view,5814650,1487580013950664926,,,5.94,616253090,850067f2-e17a-4c08-a442-395ec064e00e
2020-02-17 11:35:39 UTC,remove_from_cart,5834738,1487580009445982239,,,0.79,523379616,a9bbc76d-befe-439e-84a3-5e5b96fbb2e8
2020-02-17 11:42:37 UTC,remove_from_cart,5660089,1487580007717929935,,airnails,0.95,512320228,58ac80a6-ae01-454a-8b6d-94536e412a37
2020-02-17 11:43:31 UTC,cart,5770995,1487580012902088873,,italwax,8.89,592540568,3df62ae8-dbc4-4a13-b903-2679a0c85662
2020-02-17 11:47:53 UTC,view,5910221,1487580011627020412,,,24.86,479871643,6afbde0e-2f4e-4639-951f-5efcd4aec9fb
2020-02-17 12:05:10 UTC,view,5751742,1487580005092295511,,,14.6,571519780,499ad18f-7ebd-422c-b62a-f10019577ad7
2020-02-17 12:33:36 UTC,view,5926127,1487580005713052531,,ingarden,9.44,593302927,6ba3fa8f-fcf6-4cae-9c3c-b00e4247b8b0
2020-02-17 13:01:56 UTC,view,5550686,1487580008145748965,,,1.11,615758579,58255f5e-2a4e-4534-88c9-fb9ec17c7004
2020-02-17 13:03:15 UTC,cart,5837127,1487580012642042013,,,10.48,535348598,1c6405ed-dc63-438f-be1b-31c19bab112b
2020-02-17 13:08:27 UTC,view,5802432,1487580009286598681,,,0.32,604113690,7345222c-147d-423a-bbe8-5a2e5db7dcb1
2020-02-17 13:10:12 UTC,cart,5920565,1487580009336930331,,,0.56,411287742,e272e115-c0d2-4055-b5c5-f29fe7b27d45
2020-02-17 13:11:53 UTC,view,5807560,1487580008246412266,,cruset,31.43,554539839,c97abf02-817c-42ac-a121-c526382dff12
2020-02-17 13:34:38 UTC,view,5878669,2095736144888071137,,,2.86,614572650,f781dd63-6d6a-89de-1c1c-baa4ca66bbe1
2020-02-17 13:53:33 UTC,cart,5659902,1487580006409307030,,airnails,2.86,565185785,bebc4add-471e-43dc-903e-02b732c03422
2020-02-17 14:17:02 UTC,cart,5810721,1487580007675986893,,milv,0.63,616322261,f1b274f9-b01e-4423-bff5-9da7ab09b508
2020-02-17 14:19:01 UTC,view,5814046,1487580005092295511,,grattol,6.27,557956487,5f56b62a-82ea-43ee-a573-3953d59757f2
2020-02-17 15:04:41 UTC,cart,5753482,1487580013069861041,,italwax,2.68,487321726,62b0aeb3-c892-4e43-9566-043d2a5b3837
2020-02-17 15:30:11 UTC,cart,5841728,1487580008187692007,,,1.71,593799816,b8d8ac2f-f325-46dc-a45e-bec6ab84c562
2020-02-17 15:37:31 UTC,purchase,5853646,1487580010872045658,,,0.79,613943196,d023848c-3d13-45fe-a0d9-959243aa7c28
2020-02-17 16:24:55 UTC,view,5896712,1487580013950664926,,irisk,50.63,616394624,23f71b4c-0b99-4724-b8e6-e898a2e15b4b
2020-02-17 16:47:31 UTC,view,5739902,1487580012021285001,,milv,3.49,603785308,a6013cfa-34f8-4aa1-affc-b572bb8c31db
2020-02-17 17:16:06 UTC,view,5875319,1487580010100293687,,,0.92,532671928,ec63ad71-5fa9-44bc-8a93-2b57ff570f95
2020-02-17 17:33:39 UTC,view,5910988,1487580005092295511,,runail,4.44,616426639,c6f702a6-d6af-4808-a4f6-775038886384
2020-02-17 17:40:50 UTC,view,5854832,1602943681873052386,,grattol,5.24,449206892,ac7b1c23-10a7-4858-8852-2dcf034342e9
2020-02-17 17:53:32 UTC,view,5806922,1487580005092295511,,grattol,6.27,616436245,c2ab2a84-736f-4284-b1b9-e1e0b12c9647
2020-02-17 18:01:22 UTC,view,5868476,1487580013027917999,,,4.44,616106282,830cedf7-9163-4e26-a9ec-2d3b4f3e8f9d
2020-02-17 18:02:12 UTC,cart,5863824,1487580005713052531,,ingarden,4.6,567975023,163e5660-35a3-428f-bfdf-050d5a51aa73
2020-02-17 18:03:39 UTC,view,5467,1487580005713052531,,ingarden,9.21,567975023,163e5660-35a3-428f-bfdf-050d5a51aa73
2020-02-17 18:05:55 UTC,view,5830655,1487580013950664926,,,18.89,571160303,4ae71271-2998-4efe-999f-c7a83d49e9e7
2020-02-17 18:10:56 UTC,cart,5886198,1487580009286598681,,,0.63,611296358,1c12e6ee-74c6-4143-97a1-8eddd8092d2f
2020-02-17 18:58:36 UTC,view,5587748,1487580006317032337,,irisk,1.9,528207059,cd25cee3-308c-4db0-a509-8df9946b6283
2020-02-17 19:10:38 UTC,view,5689,1487580009026551821,,runail,10.48,615268245,3c9fa915-07a0-4d67-a056-91709907b78f
2020-02-17 19:31:45 UTC,cart,5846403,1487580006551913373,,lovely,3.16,461874654,ec3fc769-ff0d-47da-8aa5-2fba689d3e27
2020-02-17 20:02:04 UTC,remove_from_cart,5662278,1487580007717929935,,airnails,1.43,473024445,20da80c6-6ffd-42c3-b1db-f122f8656c72
2020-02-17 20:04:17 UTC,view,5868798,1783999064103190764,,cosmoprofi,6.35,596784386,1e01164d-d96f-4f50-b2ff-8c1a69584c0c
2020-02-17 21:03:17 UTC,remove_from_cart,5760360,1487580009286598681,,zinger,4.29,616510281,500f3058-62cb-445c-9cb8-792d98e9d903
2020-02-17 21:19:27 UTC,view,5820721,1487580006317032337,,,2.22,574917133,024cf844-6a57-4164-b8aa-e00fd197d40c
2020-02-17 21:23:16 UTC,cart,5702872,1487580009311764506,,,0.38,574917133,44dd9adb-e33a-4819-bc77-ef41864df1c4
2020-02-17 21:44:12 UTC,cart,5727508,1487580005671109489,,masura,3.16,581506409,941a3597-f14c-4fed-b541-0474e23db794
2020-02-17 21:46:52 UTC,cart,5827008,2193074740552270669,,,2.92,447715877,6a06058f-cf83-ed38-a994-b60e43dfc39c
2020-02-17 21:51:41 UTC,view,5649236,1487580008246412266,,concept,8.65,616524065,2fb9828b-c604-4993-93ec-43b72369a80d
2020-02-17 22:13:39 UTC,view,5867978,1487580008800059394,,masura,6.97,614572650,f781dd63-6d6a-89de-1c1c-baa4ca66bbe1
2020-02-17 22:19:09 UTC,cart,5833647,1921723491720102387,,,5.71,512217338,47223cf1-ef15-441a-b47b-db32b6040ce3
2020-02-17 22:23:24 UTC,cart,5844300,1487580013950664926,,,16.67,616530011,644e7640-f2df-4827-b743-cad9559d3bde
2020-02-17 22:28:34 UTC,remove_from_cart,5854574,1487580006350586771,appliances.environment.vacuum,jessnail,21.43,525220610,9bcb893e-80ac-491d-9a30-d4d655e372a3
2020-02-17 23:48:58 UTC,purchase,5847336,1982860244379763042,,,7.14,603423222,2e4577ae-d859-4598-b7f2-75e293641855
2020-02-18 00:34:17 UTC,view,5855119,1487580005092295511,,,36.67,468709741,2ce352d1-2f86-4197-b96a-c57fd28a8a92
2020-02-18 01:07:36 UTC,view,5926393,1487580005092295511,,uno,7.78,591825755,af17a2e0-8b7a-4d00-a57f-4db5e5c08be6
2020-02-18 02:19:53 UTC,cart,5843374,1487580004857414477,,lianail,6.33,587549077,7800e17f-0f3b-4645-8a32-a04cfe7ca9d7
2020-02-18 04:20:03 UTC,view,5910221,1487580011627020412,,,24.86,205939071,9587df67-82b7-4586-96d5-bc5865906404
2020-02-18 05:04:25 UTC,cart,5695646,1487580013841613016,,estel,2.62,401820170,d3a36e55-d3a2-496e-968d-e85be4b0c072
2020-02-18 05:15:05 UTC,cart,5816166,1602943681873052386,,grattol,5.24,565093388,87102681-ed1d-4260-ac80-b1dbbaa4c373
2020-02-18 05:46:21 UTC,remove_from_cart,5837608,1487580010125459512,,domix,6.79,255751752,a6263254-4cc4-fc5c-79b1-41394add907a
2020-02-18 05:52:09 UTC,remove_from_cart,5798929,1783999068909863670,,zinger,6.19,465996820,3bbec974-b0e8-4a7f-9ee7-d2ab00649327
2020-02-18 06:10:43 UTC,view,5847351,1487580005092295511,,,5.32,616640846,a03b166d-ba68-427f-ac19-8f20c6518a61
2020-02-18 06:19:00 UTC,view,5844159,1487580008246412266,,,7.92,603733932,ca8863cf-db53-41f3-b596-aab30c05ed97
2020-02-18 06:41:42 UTC,cart,5698605,1487580005713052531,,ingarden,4.44,557157984,d16eaa20-31d2-4f16-919a-627d5a43aad5
2020-02-18 07:10:27 UTC,cart,5885390,1487580007675986893,,bpw.style,1.27,616500356,3491170d-758a-4d68-a9c4-9679e9ff9fbe
2020-02-18 07:15:10 UTC,cart,5769882,1487580013841613016,,kapous,3.65,530354887,fbedd662-c070-4c8f-acf4-cc02d64b67c2
2020-02-18 07:30:53 UTC,remove_from_cart,5858225,1487580005511725929,,,5.56,594045330,8d2669c8-4440-b3c9-ea0b-cc9e85af3876
2020-02-18 07:54:15 UTC,remove_from_cart,5852392,1487580005713052531,,ingarden,4.6,432908230,82fee4fc-ac13-445d-b8eb-749982821525
2020-02-18 08:09:21 UTC,remove_from_cart,5569518,1487580012994363565,,,7.78,616138506,0a140287-15cf-43b7-9a0b-2832b92b7fde
2020-02-18 09:03:57 UTC,cart,5835859,1487580009445982239,,,0.63,577857908,f7d0a0a5-64b4-4661-a4e1-257b56256587
2020-02-18 09:14:57 UTC,purchase,5906118,1487580007675986893,,bpw.style,1.27,606506828,1e745a90-5d4b-3518-bcb4-ea7b7ad193ce
2020-02-18 09:19:03 UTC,cart,5854899,2151191071118328683,,irisk,2.86,444041881,fc6436e9-259f-46d6-97c3-bf8e06865cc2
2020-02-18 09:26:43 UTC,remove_from_cart,5801029,1487580005553668971,,,9.21,615672573,71b34d19-6d88-4309-baba-f0b4b6c44220
2020-02-18 09:39:49 UTC,remove_from_cart,5869136,1783999064136745198,,cosmoprofi,6.35,587702406,1be743f5-b470-97b7-2a1e-48028d94d49c
2020-02-18 09:54:48 UTC,view,5822650,1487580005553668971,,,19.05,612430001,b7d5436f-f350-4c4c-94ad-b10462ea7d10
2020-02-18 11:45:20 UTC,view,5928356,1487580005838881657,,runail,3.97,616511934,d7398d26-d307-48fd-901d-2fee584a2415
2020-02-18 11:48:12 UTC,view,5861342,1487580010645553231,,,1.9,401058338,10e203e7-d52f-d385-dab0-041cd0309455
2020-02-18 11:48:41 UTC,view,5560754,1487580006300255120,,strong,194.44,604371976,0b09cd00-92a6-4d0e-883b-e89068f28ce7
2020-02-18 12:11:37 UTC,view,5835755,1487580005268456287,,,6.35,616805018,ce510b1b-71b1-40eb-ba2f-523cf6186cf9
2020-02-18 12:14:08 UTC,purchase,30202,1487580011182424167,,runail,0.32,506799509,a6f62aaf-f905-4c38-9acc-01b7a378f314
2020-02-18 12:21:43 UTC,purchase,5852597,1487580005092295511,,grattol,7.14,552642502,1ef21f2f-1b34-4946-a426-86c52b3cb2c6
2020-02-18 12:28:52 UTC,view,5647151,1487580008246412266,,concept,5.56,616805018,8a17aeb6-c806-4c5a-977c-0866f14c8b21
2020-02-18 12:39:07 UTC,view,5896176,1487580004916134735,,,4.76,448155455,0513f2d5-364a-44d3-930c-c104436596ef
2020-02-18 12:52:45 UTC,remove_from_cart,5896179,1487580004916134735,,,4.76,536739473,078aae0f-8d24-4736-ba40-122bf874eb93
2020-02-18 12:52:55 UTC,view,5856186,1487580006300255120,,runail,75.4,616829530,e2200c4a-fac9-4b66-b15d-61a35a098a6f
2020-02-18 13:41:37 UTC,remove_from_cart,5686083,1487580008145748965,,,0.79,616786194,10772b4e-22f6-4024-8807-9d0cfbb3df9b
2020-02-18 13:52:12 UTC,remove_from_cart,5928773,1487580005713052531,,ingarden,4.6,611948968,f4fd0a14-fe53-40c2-ac9b-85c5a2dd2c33
2020-02-18 13:59:35 UTC,view,5870668,1487580005671109489,,masura,1.73,440470867,22f818c6-9eac-494e-a905-0e45df3feaf5
2020-02-18 14:13:22 UTC,view,5841090,1487580013950664926,,,47.46,590448808,f2a81baa-19a5-4910-b9b4-b2c18d231d69
2020-02-18 14:41:42 UTC,remove_from_cart,5865806,1487580007634043851,,,0.79,616169171,60d65f37-b6bd-4138-9ec4-33080de56885
2020-02-18 14:45:48 UTC,cart,40097,1487580011383750769,,swarovski,1.86,313053503,a3741899-7b41-4fd8-81dc-b80c74ddbaac
2020-02-18 14:55:15 UTC,cart,5813496,1487580005553668971,,,11.03,468262083,a2b2fd5b-a3dc-4568-ae00-f75287cd7211
2020-02-18 15:25:20 UTC,view,4607,1487580010796548183,,runail,0.38,584378377,909b1a3f-a9ed-4dad-bdc9-b61d307813ac
2020-02-18 15:28:01 UTC,remove_from_cart,5853702,1487580005671109489,,masura,2.84,446123474,26242052-4eea-40f4-95f9-26bd1cc582f7
2020-02-18 15:29:18 UTC,cart,5649450,1487580005511725929,,,0.0,504311726,5f01256f-51d2-484e-93ca-8a2fe6056ce4
2020-02-18 15:29:46 UTC,view,5657904,1487580006526747548,,,3.49,564964806,a14d70c3-654a-4d27-8a6d-63819d5e4ef0
2020-02-18 15:31:15 UTC,cart,5685883,1487580007575323592,,,1.43,602094132,9b2566ec-1264-4b8a-9469-7bc4e7337963
2020-02-18 15:36:52 UTC,remove_from_cart,5646823,1487580009026551821,,,16.98,537718742,bb4d01d1-c829-48d4-9e1d-844a21489b6a
2020-02-18 16:08:33 UTC,cart,5906217,1487580006300255120,,strong,173.81,616918862,85a2ff77-a960-4e4e-ae6b-9416577145a3
2020-02-18 16:11:52 UTC,view,5883100,1487580005713052531,,ingarden,4.6,392390129,2f34cde4-2f21-cdb6-121d-32263ec2065d
2020-02-18 16:25:21 UTC,view,5803479,1487580005461394279,,bluesky,4.71,616594442,5f69ac79-9a43-4461-98d1-35241aea69be
2020-02-18 16:46:34 UTC,view,5763379,2141560642253881670,,,4.6,616935962,85c45d52-802f-4b6e-9f61-142fdde04cc3
2020-02-18 17:13:27 UTC,cart,5870856,1487580007675986893,,milv,1.59,578763499,50317cf3-2b45-4a16-b805-be4fb7e4154e
2020-02-18 17:27:02 UTC,view,5740513,1487580005671109489,,masura,3.95,558167120,35a5615d-ebcd-462a-bc8e-56651c95913d
2020-02-18 18:51:57 UTC,cart,5756761,1487580005268456287,,,6.35,470785644,b564cb8a-e3b8-4f6b-9db4-383d9bffd185
2020-02-18 19:09:19 UTC,remove_from_cart,5753479,1487580013069861041,,italwax,2.68,616989267,18f621ad-151f-46db-a348-05ebe9f1e9ab
2020-02-18 19:33:07 UTC,view,5813466,1487580006300255120,,,86.51,606604797,931a140f-e4ac-440a-aec1-4b99a485f664
2020-02-18 19:38:15 UTC,view,5923711,1487580007675986893,,,1.43,602094132,1d65ffd0-e565-478b-b681-5ef36a2d4405
2020-02-18 19:43:08 UTC,view,5846816,1487580013489291461,,browxenna,9.6,587796205,243777d2-bf91-4022-83e3-cb8826441540
2020-02-18 19:53:42 UTC,view,5726400,1487580005092295511,,,5.56,599453059,d2d95ade-ddc2-47e9-aca2-d6fc4665d216
2020-02-18 19:54:42 UTC,remove_from_cart,5746904,1487580006317032337,,irisk,8.57,609977037,119e938d-91c0-492a-827b-8d2e3946365f
2020-02-18 20:09:20 UTC,cart,5686083,1487580008145748965,,,0.79,458938309,2dd7d9d7-354f-4c6c-8668-0f2e94841c0b
2020-02-18 20:15:45 UTC,cart,5659648,1487580007717929935,,airnails,0.95,446181445,09ccff53-85ba-4ba1-bb5b-faea34f6bc59
2020-02-18 20:21:55 UTC,remove_from_cart,5839640,1487580005671109489,,masura,2.37,417931885,dc6210e4-e3cf-4412-848b-278f071c198a
2020-02-18 21:22:33 UTC,cart,5875320,1487580010100293687,,,0.92,584804561,4f98feff-4a82-44cd-adc0-e2b90975ac58
2020-02-18 22:28:34 UTC,view,5870673,1487580012683985055,,,3.49,557966360,01124edd-8453-4c7c-9763-e7092b4b50c4
2020-02-18 22:54:18 UTC,view,5754896,1487580005268456287,,,7.14,418146064,bb957bb6-f56e-4b4c-866b-9c9f22b03037
2020-02-18 23:01:51 UTC,remove_from_cart,5904294,1487580007675986893,,,1.59,601886736,9f43578c-14c5-4822-beaa-6559b7347c67
2020-02-18 23:40:39 UTC,view,5700068,1487580012902088873,,runail,23.81,613104383,12d804ad-8c95-41b2-8f96-b4ddfe1a362a
2020-02-19 00:04:29 UTC,purchase,5908312,1487580005511725929,,,5.56,615666736,3c640e75-e26e-4369-b0ea-6e0c0f9a661b
2020-02-19 02:17:19 UTC,view,5804463,1487580005461394279,,bluesky,3.97,433965956,fddbf5be-247f-4172-b084-5227cbb37286
2020-02-19 04:11:40 UTC,cart,5861277,1487580006317032337,,,21.27,616083252,f571f26c-8f4e-45d7-a7f9-0113621c1f26
2020-02-19 05:03:28 UTC,remove_from_cart,5835869,1487580010821714008,,,0.71,601423438,2e5343a1-8e5d-492f-8273-c4b2e6219705
2020-02-19 06:03:26 UTC,view,5786702,1487580010125459512,,pole,3.95,583668205,3f355da3-268d-44df-b4c7-09e6ecbd0870
2020-02-19 06:15:30 UTC,remove_from_cart,5742401,1487580009311764506,,,0.4,608747489,9768ea4d-37db-41a3-a47d-042f8add0229
2020-02-19 06:18:34 UTC,view,5837922,1487580007634043851,,,0.63,478843868,27dbc4d6-1c48-40c7-b001-a232bbd6fbb8
2020-02-19 06:28:29 UTC,view,5910761,1487580008087028706,,dewal,0.81,550314149,1b06e99f-bfbe-457f-b503-96afb2f4d5b6
2020-02-19 06:44:01 UTC,view,5876797,1487580010100293687,,jessnail,1.43,611155762,ce7fcc7f-3432-4740-b89a-6425e5b32dc6
2020-02-19 06:48:08 UTC,cart,5724293,1487580005427839846,,irisk,2.48,592522552,c1317368-3044-439e-bf20-4bd81bb01ad3
2020-02-19 07:03:07 UTC,remove_from_cart,5711153,1487580005008409427,,f.o.x,3.92,562226472,1999f9bf-2b4f-460b-b8a6-a7e29384c4da
2020-02-19 07:26:26 UTC,cart,5749199,1487580013053083824,stationery.cartrige,italwax,1.98,617190660,63b0a28e-f1aa-4f37-a3fc-9b3c55f90d70
2020-02-19 07:49:44 UTC,cart,5896723,1487580009311764506,,irisk,0.63,570488502,a2549de6-1cbf-4b01-8957-ae9cfdb6ed42
2020-02-19 08:15:56 UTC,cart,5914455,1487580005713052531,,ingarden,4.6,514144615,ec6ee793-4250-4241-a054-3ef1e119bafb
2020-02-19 08:23:31 UTC,view,5746011,1487580009051717646,,runail,34.92,613462923,77700696-9cb1-27e3-4dab-3f0ecac4eb7e
2020-02-19 08:24:57 UTC,view,5686278,1487580007432717250,,masura,1.57,577001256,dd2b77ae-fc28-4a7c-90e1-39f8b872d8d4
2020-02-19 08:48:31 UTC,remove_from_cart,5743974,1487580013053083824,stationery.cartrige,italwax,1.98,615666736,28fbaa4b-2077-477e-a260-425c04643b88
2020-02-19 09:01:34 UTC,purchase,5685340,1487580012021285001,,farmona,16.83,307183846,ddf512f0-767f-4c1e-9d6c-aa42e8c5b863
2020-02-19 09:17:09 UTC,view,5698888,1487580006317032337,,,1.59,510085374,4ecbc270-5bdb-4168-a9aa-a4cc801f7484
2020-02-19 09:53:38 UTC,remove_from_cart,5857360,1487580008145748965,,runail,1.51,615102046,4ba56918-0f3d-4ad9-9e6d-ddbbf0dbb204
2020-02-19 10:03:39 UTC,cart,5677463,1487580013858390233,,estel,0.87,613128358,ecc6ab36-fb1e-4e8f-9839-5c649fc0b7df
2020-02-19 10:16:39 UTC,cart,5831579,1783999072332415142,,,13.17,529474065,cf245ec7-af1b-4490-b871-15c159133336
2020-02-19 11:16:57 UTC,view,5824190,1487580012902088873,,domix,2.24,438586702,d0c8518a-7f07-4680-9bd4-0005a7104560
2020-02-19 11:26:21 UTC,view,5857345,1487580005134238553,,runail,2.78,544960111,d9a07807-f40e-c46a-dbb6-b398ea36ad1d
2020-02-19 11:28:42 UTC,purchase,5899833,2115334439910245200,,,3.97,551924587,66822f29-8f72-46c8-891b-3e170c38878a
2020-02-19 11:42:30 UTC,view,5771971,2141560642253881670,,,5.79,617312834,3a0e8a59-bfa7-4519-b274-f35669ca140f
2020-02-19 11:45:05 UTC,remove_from_cart,5528051,1487580009387261981,,,6.19,562208480,5e46d031-5835-4d32-998e-96015561037d
2020-02-19 11:45:10 UTC,cart,5809876,1602943681873052386,,grattol,4.76,611381347,1a53d01a-7c40-416a-b1c7-4ddcdc1aa564
2020-02-19 12:02:46 UTC,view,5882762,1487580005134238553,,runail,3.17,320202186,1537ec29-284f-4141-b1c6-9717690b9058
2020-02-19 12:25:52 UTC,remove_from_cart,5857192,1487580005855658874,,irisk,2.54,563593659,8ac7b8bc-9ff8-4859-b970-3fdaa10e0027
2020-02-19 12:31:26 UTC,view,5803515,1783999072332415142,,,14.6,607225798,8e31fb5d-0a7f-47fc-9794-0e915f7fb252
2020-02-19 12:36:51 UTC,cart,5866174,1487580007675986893,,,1.75,338295937,f600999d-b1e0-42a9-8c38-2bcd456173d1
2020-02-19 13:57:30 UTC,remove_from_cart,30200,1487580011182424167,,runail,0.32,604489070,033ffdb3-eaba-469a-8ac7-d612c1b57eeb
2020-02-19 14:01:52 UTC,view,5570736,1487580005268456287,,,6.19,556252750,b3c7b795-c7d7-4ab5-b2df-8a13e1ec0f20
2020-02-19 14:18:48 UTC,remove_from_cart,5826000,1487580005092295511,,lianail,6.33,531655663,eb918ad7-db7e-4455-8c67-d5b6ea826be3
2020-02-19 14:21:00 UTC,view,5858612,1487580005092295511,,,14.86,617381081,c69e9a56-f22a-47fd-b0c3-b692f3a52fdd
2020-02-19 14:42:22 UTC,view,5809892,1602943681873052386,,grattol,4.76,551775468,0f07e585-0899-4efc-b04b-d4e9fc5dd9d2
2020-02-19 14:46:01 UTC,view,5697447,1487580009076883471,,,2.38,617386153,ec1575e1-29d0-4bb4-a6d8-a76cf4b75563
2020-02-19 14:48:15 UTC,remove_from_cart,5866166,1487580007675986893,,,1.75,538470291,42342903-5272-4979-b568-0066c6b0b537
2020-02-19 15:04:31 UTC,cart,5800439,1752742606699234159,,,0.0,499055463,15047a59-66a9-4f06-8c5a-bc86688eaf41
2020-02-19 15:14:49 UTC,view,5864078,1487580011702517887,,deoproce,13.89,617288964,f9e145ce-de10-4144-b8cf-f122c03cfffe
2020-02-19 15:21:30 UTC,remove_from_cart,5881424,1487580013506068678,,lovely,8.73,453322362,50e9ab12-4136-480f-808d-9fbe3f4bb00e
2020-02-19 15:44:11 UTC,view,5855511,1487580006350586771,appliances.environment.vacuum,max,95.08,616311274,0121cfc0-7f12-4090-82ce-f85344ca8649
2020-02-19 15:59:48 UTC,cart,5706142,1487580009286598681,,irisk,0.63,386491215,69bd8d10-2b2e-4e97-9ab9-2a57a2b2b8d1
2020-02-19 16:44:55 UTC,view,5700037,1487580009286598681,,runail,0.4,597166670,b0d4ff45-a6a0-4a15-af82-d51b1158a8e2
2020-02-19 17:12:28 UTC,view,5904474,1487580008774893569,,opi,14.94,611196786,3adb4b8e-d8f1-460f-b269-5ee8d3906a1b
2020-02-19 17:17:15 UTC,view,5875941,1783999071199952917,,,4.76,232129705,e1410c16-8767-4d9b-8952-63544e8ee842
2020-02-19 17:32:19 UTC,purchase,5570244,1605161575889502297,,,4.29,248735564,79d71a9e-3970-7b59-a3f0-bd5e641a0444
2020-02-19 17:37:39 UTC,remove_from_cart,5921826,2115334439910245200,,,4.95,605336408,c851acf1-0f3f-464f-b115-b59fa1010be2
2020-02-19 17:43:23 UTC,cart,5857359,1487580008145748965,,runail,1.51,612629000,02e30829-957e-4af0-b85e-a7507a8f96ef
2020-02-19 17:58:57 UTC,view,5873914,1487580013279576251,,,31.59,392145407,6f6f9949-fb01-487d-ab53-20e5e1dfab5a
2020-02-19 18:17:13 UTC,cart,5928358,1487580005838881657,,runail,3.97,596990457,37ab1762-8f97-4251-a85d-e05b9867d3f7
2020-02-19 18:45:29 UTC,view,5689471,1487580007852147670,,staleks,13.17,617449887,9ad8b30b-3964-427c-af5e-3ba1473de4fc
2020-02-19 18:54:41 UTC,cart,5864850,1487580005268456287,,,12.7,614014168,5f7fe16a-e378-471a-aef7-b406d00c212c
2020-02-19 18:58:31 UTC,cart,49674,1487580006317032337,,runail,1.11,454095727,b4dcef6a-7317-4edd-a55b-8a2e02facedf
2020-02-19 19:06:00 UTC,view,5809912,1602943681873052386,,grattol,5.24,581598321,5b7a0d9b-14eb-444b-99b5-35f585dd75b3
2020-02-19 19:20:02 UTC,cart,5752752,1487580010100293687,,milv,3.17,455453523,f0562737-7c1c-4b37-b16b-7ecc47bddf15
2020-02-19 19:33:37 UTC,cart,38006,1487580013581566154,,refectocil,10.13,617516344,f63f2124-d3f6-4119-8165-64b23788b0e1
2020-02-19 19:33:57 UTC,cart,5841718,1487580008187692007,,,1.37,607411437,6b04e655-e018-4664-b786-0829f071fe83
2020-02-19 19:36:51 UTC,remove_from_cart,5549838,1487580005092295511,,,3.33,615994663,b1ab9c0c-92a6-49a2-aa80-ffce6b3c2852
2020-02-19 19:49:39 UTC,cart,5911817,1487580005671109489,,masura,1.73,524371244,f8513977-0ec1-4227-9285-537ae4694917
2020-02-19 19:59:13 UTC,view,5870367,1487580009496313889,,,5.24,525220610,5e903ec8-12ca-cbca-0432-7ba999ef30a6
2020-02-19 20:04:35 UTC,remove_from_cart,5731704,1495705810704007729,,,1.59,539452768,61a80bf6-d887-4edb-8742-c472289a53bc
2020-02-19 20:24:10 UTC,view,5823627,1487580004916134735,,,5.22,499569777,e64b4c08-f5c7-494c-85f7-685af9f49bcb
2020-02-19 20:26:44 UTC,purchase,5550024,1487580005595612013,,,3.0,613999635,73f7c60e-018e-43bb-9ea1-a2d263b041bd
2020-02-19 20:59:31 UTC,cart,5763379,2141560642253881670,,,4.6,577081414,cde8bb36-ba89-4e32-a2aa-8cf55ec8b2b6
2020-02-19 21:00:14 UTC,remove_from_cart,5864590,1542195323827388674,,,9.68,617026865,b203ebf3-5821-4c81-be46-27442dfc016b
2020-02-19 21:31:19 UTC,cart,5587662,1487580008145748965,,roubloff,4.68,598111977,4dd49bfb-fe56-4baa-8b98-265213f395d4
2020-02-19 21:35:16 UTC,purchase,5851616,1487580007483048900,,irisk,3.02,559292158,e0191cac-874c-459b-bb75-a4ec1d6423e1
2020-02-19 21:41:12 UTC,purchase,5697288,1487580010779770966,,,0.57,615532643,8c87225b-0fa3-468f-8ef2-c23f5a3439c7
2020-02-19 21:42:24 UTC,view,5854899,2151191071118328683,,irisk,2.86,616988831,7020c4c2-27ef-46ee-8ccc-264ebf3ad681
2020-02-19 21:45:57 UTC,view,5767912,1487580005595612013,,,2.05,574974988,0a192180-023c-4670-aad2-6651a0fa71dc
2020-02-19 21:46:22 UTC,cart,5900628,1487580007675986893,,freedecor,0.79,545645050,b966fe9d-d0b5-4262-b661-1d9a7346d5b3
2020-02-19 23:10:53 UTC,purchase,5859197,1487580009605365797,,,1.57,597135174,909f150b-38c9-4485-91bf-e356d8d53174
2020-02-19 23:22:42 UTC,remove_from_cart,5826192,1487580010872045658,,,1.03,601886736,0530f6fe-11be-46ee-aa9f-010c2512ed80
2020-02-20 00:40:31 UTC,view,5568202,1487580005754995573,,,4.75,548986024,7aca3766-25f4-4b67-81fc-b65cba6fbe12
2020-02-20 01:43:16 UTC,view,5818361,1487580009336930331,,igrobeauty,1.03,532840189,6fe0f294-5860-474b-92af-8aafced0adc0
2020-02-20 04:01:10 UTC,view,5815662,1487580006317032337,,,0.92,617137017,e4f58f58-6040-4bad-adde-79be35db060a
2020-02-20 04:06:04 UTC,cart,5885418,1487580005092295511,,grattol,6.27,617638497,3c25e937-04a9-426e-bb3a-7e1ad8584575
2020-02-20 04:37:55 UTC,view,5675804,1487580011853512836,,,11.75,494200297,261f3d46-2a57-48f5-be0f-1d7a8f45da1d
2020-02-20 04:45:58 UTC,view,5926127,1487580005713052531,,ingarden,9.44,451867491,7185d7b2-69ae-4ad4-95f4-ff266f87e715
2020-02-20 06:03:00 UTC,view,5834409,1924049110428549877,,oniq,10.32,617676867,27a8fa88-7a62-4c2c-b2cf-050f7ba9bbbd
2020-02-20 06:18:34 UTC,cart,5820754,1487580006317032337,,,2.22,617464328,36a9cf6b-d5be-497f-ba8d-ca56456ea761
2020-02-20 06:23:32 UTC,remove_from_cart,5840366,1487580007432717250,,,4.6,563677187,f9b5c0a4-7eb2-4a0c-bb58-05c75e6c0709
2020-02-20 06:39:20 UTC,view,15732,1487580009445982239,,,14.52,547591930,712e181b-8264-431d-88db-3bf1580271e5
2020-02-20 07:17:53 UTC,view,5863402,2029082628195353599,,,2.54,514541917,57a01ca7-9300-4df4-adf7-a861ec046991
2020-02-20 07:18:32 UTC,view,5711081,1487580005008409427,,f.o.x,5.43,568127652,9c15546b-eb80-4027-afb4-bec5f9776fc3
2020-02-20 07:21:52 UTC,remove_from_cart,5706423,1487580004832248652,,beautix,14.13,541700943,839a93aa-00bd-473f-abfc-8129807b2206
2020-02-20 08:57:09 UTC,view,5802437,2151191070984110951,,,4.92,169938179,1a78d97e-4d77-4cac-a986-81380e8338b4
2020-02-20 09:36:33 UTC,cart,5771623,1487580004857414477,,lianail,6.33,560199141,73ee1ce2-2aae-4738-94d2-c2c15e53ec73
2020-02-20 09:37:22 UTC,view,5775874,1487580005427839846,,irisk,4.92,478339229,f0ac2273-2fda-4d46-ad09-6dfef0fef0e5
2020-02-20 09:58:42 UTC,view,5650591,1487580007936033754,,metzger,4.76,605612279,5811df87-9641-4268-a6ad-13e9edc7159a
2020-02-20 10:45:52 UTC,cart,5882762,1487580005134238553,,runail,3.17,568162593,43a21774-a06b-406b-969e-8d1cdd431ead
2020-02-20 10:55:07 UTC,remove_from_cart,5806922,1487580005092295511,,grattol,6.27,496034849,38478e22-8a2a-497f-9f6b-ca1d4922d340
2020-02-20 11:50:24 UTC,view,5897549,1487580009286598681,,,2.54,603736480,c95fc582-d080-4a07-b34f-69ca967a7b6b
2020-02-20 11:53:00 UTC,remove_from_cart,5911722,1487580005754995573,,,4.92,566249174,b1e89d6c-10ff-4277-9ee8-05d38e0dd489
2020-02-20 11:54:03 UTC,cart,5911818,1487580005671109489,,masura,1.73,617373453,aa5bb2ff-ced9-a5a6-fcac-6958178323a9
2020-02-20 11:54:19 UTC,view,5728072,1487580009177546772,,runail,29.29,469232399,e661a4a4-a497-424e-a4ff-1401018f4612
2020-02-20 12:28:52 UTC,view,5864849,1487580005268456287,,,11.11,589809398,008fb2f0-dac7-47c8-a936-eb5e38314f66
2020-02-20 12:38:33 UTC,view,5753837,1487580007936033754,,zinger,5.52,617856598,08e9b8cd-d008-4c81-90fa-2f41886440a4
2020-02-20 12:46:06 UTC,cart,5707852,1487580008657454075,,,2.86,602803732,b0b4f3df-8c35-4288-ae00-cf65c631bb2d
2020-02-20 12:50:18 UTC,remove_from_cart,5846459,2151191071378375538,,browxenna,15.4,557993611,0ce2e400-7c11-4695-80d3-03b47e5119e0
2020-02-20 13:03:38 UTC,remove_from_cart,5879125,1487580007634043851,,,0.79,575937531,b07e3d28-f7cf-43da-b454-48656a879ed3
2020-02-20 13:07:41 UTC,cart,5745712,1487580006317032337,,runail,8.73,563423821,298aa09d-da01-46b0-a4aa-4754cc55fa12
2020-02-20 13:29:12 UTC,remove_from_cart,5837111,1783999068867920626,,staleks,6.35,617873104,64f8ebad-433a-4824-a20f-05cbb14f00ed
2020-02-20 13:43:08 UTC,cart,5928763,1487580005713052531,,ingarden,4.6,603594703,ceda3907-8112-4691-9eba-a457523eabd4
2020-02-20 13:46:44 UTC,view,5556134,1487580011853512836,,,14.29,617735160,2c48ffe0-a7b4-480e-af0f-4b47a24ec457
2020-02-20 13:48:33 UTC,view,5887584,1487580005595612013,,,3.0,413478295,e39cf264-589d-4b38-b20f-ad92732b1cb4
2020-02-20 14:41:58 UTC,cart,5773374,1487580005134238553,,runail,2.78,612142085,eb083d17-dc64-41db-8ad9-b7aa8123ea30
2020-02-20 15:05:21 UTC,cart,5810023,1526733091857498510,,,5.56,510070410,5130089d-4125-4d77-af56-2835095af62a
2020-02-20 15:07:57 UTC,cart,6817,2007399943458784057,apparel.glove,,5.56,513378911,b1565e95-7bb3-453d-a31b-56e4da559786
2020-02-20 15:36:15 UTC,view,5759279,1487580013388628160,,irisk,1.11,579857765,f0b841cc-9125-4fb3-8938-2e26f1121694
2020-02-20 15:48:35 UTC,cart,5875753,2084144451428549153,,,2.05,584446008,02af582c-8650-4872-b01c-1b607cb7ff2b
2020-02-20 15:49:16 UTC,cart,5840309,1487580005754995573,,,7.14,617721093,43d9c276-3b2d-40d1-9c99-e486742645e2
2020-02-20 16:04:37 UTC,view,5646844,1487580009026551821,,,30.95,376503483,553d9c1b-4530-4fd1-bcf8-609d0d30d8de
2020-02-20 16:14:57 UTC,cart,5844408,1487580006317032337,,,2.38,597941763,6e04d28e-3df4-493c-b6ef-f972a2454d14
2020-02-20 16:17:02 UTC,remove_from_cart,5819253,1487580005713052531,,ingarden,4.6,600231731,1875934e-1d06-47a5-8ee4-0a5a6b6a7d42
2020-02-20 16:47:40 UTC,purchase,5885422,1487580005092295511,,grattol,6.27,466904133,dabe0bdd-c79b-4e4f-8f49-8bd04ae88382
2020-02-20 16:57:39 UTC,remove_from_cart,5814962,1487580005050352469,,haruyama,3.97,608734853,1894d80c-78e8-4a96-ae79-5851f00a125f
2020-02-20 17:05:32 UTC,cart,5926677,1487580005671109489,,masura,2.37,608927661,a05125cd-bc66-462f-994f-957d044f6abe
2020-02-20 17:12:51 UTC,cart,5661277,1487580006317032337,,,6.98,613992761,9fa475bd-0786-4be9-8445-5c8b1485d304
2020-02-20 17:14:18 UTC,view,5588152,1487580006300255120,,irisk,76.19,615103868,ccb7ff59-00c6-4ab6-8ca5-95550bfb41f9
2020-02-20 18:20:38 UTC,remove_from_cart,5783569,1658462125284131265,,uskusi,3.97,503790172,af0c58d5-8c2b-457f-ad28-acfcb5266a46
2020-02-20 18:39:50 UTC,view,5787191,1658462125284131265,,uskusi,3.97,599365340,717f57ed-04bb-46f3-80b7-4f4244c16381
2020-02-20 18:41:58 UTC,view,5618231,1487580005595612013,,,4.29,445703657,ab86a67d-c303-413a-be73-caf5f9458951
2020-02-20 19:05:00 UTC,view,5888074,1487580013388628160,,shik,26.19,472667418,84f3ad76-9d90-44cb-9687-ec323e24873f
2020-02-20 19:10:52 UTC,purchase,5857311,1487580005134238553,,runail,2.62,581042942,c25be69e-6e30-4a0d-90e2-fea6e0655a18
2020-02-20 19:39:41 UTC,cart,5848338,1487580007675986893,,freedecor,1.43,617206214,73811e36-bb95-4a8a-9872-63f1feced680
2020-02-20 20:43:08 UTC,cart,5928939,1487580007675986893,,,1.43,603419438,4bfcae7b-54f4-4091-9559-67c941f9a329
2020-02-20 21:30:45 UTC,remove_from_cart,5814838,1487580005134238553,,runail,2.38,618050564,888cd9a5-b5cc-4d01-9065-f1c8e5863bc4
2020-02-20 23:46:45 UTC,view,5692523,1487580013841613016,,estel,5.79,531836333,8f819f59-64f4-411a-960c-22803b9e55aa
2020-02-20 23:50:02 UTC,cart,5802162,1487580013069861041,,italwax,23.81,618099019,d34a880b-2d28-4346-8c92-108852464182
2020-02-21 01:31:56 UTC,cart,5856191,1487580006350586771,appliances.environment.vacuum,runail,24.44,616082687,2dbff50d-427a-40f7-8a28-6833c84eb320
2020-02-21 01:33:08 UTC,view,5861294,1487580008145748965,,,1.75,229557551,e0e64b2a-7ea1-4d36-8809-4f2a8d60e3ca
2020-02-21 03:52:24 UTC,view,5764750,1487580004916134735,,,6.35,457286273,ddc72ad6-6260-4304-b639-5cfedd6a867c
2020-02-21 04:18:55 UTC,remove_from_cart,5839637,1487580005671109489,,masura,2.37,414659837,d3531ede-a26c-4707-86cb-8b2b1830646a
2020-02-21 05:26:16 UTC,view,5691640,1487580008758116352,,cnd,6.19,540189973,7e65ea3a-23cf-4a17-8f31-53197a62e7df
2020-02-21 05:43:00 UTC,cart,5752164,1487580005092295511,,,3.97,616212327,ab1272ae-ca43-40a5-be4e-e7ec2a3bb4a4
2020-02-21 06:51:23 UTC,view,5900650,1487580005713052531,,ingarden,4.6,510692706,072c09cb-5b45-4fc8-a708-f6048db5e302
2020-02-21 08:23:23 UTC,view,5850004,1487580005595612013,,,3.0,617465472,d2aec3ae-2120-41fa-a7ba-ee2f9850cf50
2020-02-21 08:29:45 UTC,view,5739491,1487580012927254698,,,7.14,618238848,c4f00a9e-0480-4317-980a-aba83c6c7d67
2020-02-21 08:32:18 UTC,view,5699734,1487580004882580302,,,2.7,618199527,b88486cc-c923-418d-bb49-38e54eb312be
2020-02-21 10:03:06 UTC,cart,5304,1487580009471148064,,runail,0.32,617675063,7eb17ec3-acda-48aa-a431-0e817032e70f
2020-02-21 10:20:31 UTC,cart,5915877,1487580010335174721,,,6.03,383549167,73b24efa-7408-48e0-ae4a-73e89dc8b670
2020-02-21 10:38:47 UTC,view,5800467,1525995662934540829,,,3.97,542540377,884e1320-c084-4b03-827a-94c455f6c087
2020-02-21 10:53:05 UTC,remove_from_cart,5775795,1487580011585077370,,estelare,3.02,618288041,977333af-5ca4-4c3c-9ddd-cc92ab5f1fc3
2020-02-21 11:03:03 UTC,cart,5788127,1487580005754995573,,,4.92,611494537,204c5f96-890d-448e-8563-05a3c62378b3
2020-02-21 11:10:41 UTC,view,5772465,1602943681873052386,,grattol,4.76,616376763,0747b953-7f8d-4842-a5cc-28c6c5df7a30
2020-02-21 11:10:57 UTC,view,5657301,1487580011517968503,,bodyton,13.97,605627451,0d045d38-1fa6-4a78-9495-0754c3f76053
2020-02-21 11:21:59 UTC,remove_from_cart,5885419,1487580005092295511,,grattol,6.27,618295838,4c061b46-2f8a-4361-bb86-007ca829201f
2020-02-21 11:23:06 UTC,view,5812128,1542195323827388674,,art-visage,4.73,618315321,bf8f5d36-9974-4e55-b6e5-84de134d11a4
2020-02-21 11:43:43 UTC,remove_from_cart,5926685,1487580005671109489,,masura,2.37,470788654,08e999b7-5bf1-4c94-a93c-0ac85a0e7c13
2020-02-21 12:06:07 UTC,view,5749220,1487580008447738866,,cnd,9.13,583884978,79622ce1-fbd4-4157-976f-363b7f0e802c
2020-02-21 12:17:31 UTC,cart,5905774,1487580008246412266,,vichy,14.62,536107904,717813fa-af59-4251-bb4d-0d844a444985
2020-02-21 13:10:34 UTC,remove_from_cart,5845343,1487580004916134735,,,5.22,531640563,f1b7b8aa-7727-4489-9e31-0788ce466d37
2020-02-21 13:10:57 UTC,view,5812804,1487580008800059394,,masura,3.79,564949896,012380e4-dda7-4319-9758-231572d57dc9
2020-02-21 13:12:46 UTC,remove_from_cart,5840357,1487580011383750769,,,1.59,461307531,30c8e5b4-3309-4f0d-8d73-02b0c06ee3ff
2020-02-21 13:28:56 UTC,view,5724562,1487580005427839846,,irisk,2.48,613216555,ca1e3bf1-c7ad-4f10-9e4d-1aa1d6e19d07
2020-02-21 13:47:18 UTC,view,59974,1487580012096782476,,,8.25,618366545,149cc923-57bf-48b6-b837-4528347484b4
2020-02-21 13:56:08 UTC,view,5646937,1487580005511725929,,,5.56,377306684,4ec0b6e2-aea9-481a-88b4-bd1fb8657915
2020-02-21 14:04:55 UTC,view,5649455,1487580005511725929,,,5.56,573903899,df925678-737e-4ad8-b143-38d286e2c4d2
2020-02-21 14:57:10 UTC,remove_from_cart,5747404,1487580005671109489,,masura,6.33,471348687,4b027d1e-6b94-480b-8998-412237f27858
2020-02-21 15:18:51 UTC,view,5769921,1487580013841613016,,kapous,3.65,507334897,8ae081df-8a38-4bde-b426-7d3d0e01d395
2020-02-21 16:39:17 UTC,view,5677055,1487580010645553231,,irisk,13.65,565098194,10e3808c-b5c2-481a-9d2f-26bba92cc91d
2020-02-21 16:46:36 UTC,remove_from_cart,5809297,1487580007675986893,,bpw.style,0.79,478457771,92d1461d-5b3b-43cf-a08f-d70a59620ff1
2020-02-21 16:56:46 UTC,view,5861354,1487580006317032337,,,13.14,571883285,0de2669a-b9c2-499c-a2a6-445d9f3f6792
2020-02-21 16:59:22 UTC,cart,5796980,1487580005671109489,,masura,1.73,618443278,b6df0908-1130-4b71-8291-869b7f0f047b
2020-02-21 16:59:31 UTC,cart,5796980,1487580005671109489,,masura,1.73,618443278,b6df0908-1130-4b71-8291-869b7f0f047b
2020-02-21 17:00:41 UTC,view,5901861,2007399943458784057,apparel.glove,benovy,6.35,616489199,65f50c0c-2e05-4cdf-8578-00ac6f6c5e28
2020-02-21 17:36:01 UTC,view,5899833,2115334439910245200,,,3.97,617542513,12ca9b67-4fa0-4808-a1b2-87b7cf778c65
2020-02-21 17:37:45 UTC,view,5771969,1487580013522845895,,,7.94,558685251,ce5490ed-460d-416a-8c72-e57b6edad9a3
2020-02-21 18:08:25 UTC,cart,5746638,1487580009605365797,,,2.06,618417656,5d89272d-ae6d-4c53-943e-822f35157018
2020-02-21 18:10:24 UTC,cart,5774337,1783999064136745198,,runail,4.13,607168292,0f3a8504-9ab4-48b2-b3e4-70b6379cc3b6
2020-02-21 18:28:56 UTC,view,36236,1487580009177546772,,,22.22,549258505,eeb44964-b73e-4c9a-95d5-d49c5bb0c97f
2020-02-21 20:05:41 UTC,view,5809893,1602943681873052386,,grattol,4.76,616847059,2048b8f2-6294-4ff2-b7f7-dc6cb28da2e2
2020-02-21 20:26:47 UTC,cart,5915408,1487580013388628160,,relouis,3.49,559126955,b80fd2d0-60b8-4e46-98a5-12ac2117b26f
2020-02-21 21:26:59 UTC,view,5923733,1487580007675986893,,,1.43,442508971,8119500e-ca99-49f5-84e0-9e48124a422b
2020-02-21 22:15:56 UTC,view,5570246,1487580011283087468,,,5.56,618542686,7f3871af-0efa-4b69-813e-47e87dbad6a7
2020-02-21 22:28:53 UTC,view,10097,1487580012717539489,,,0.56,390975484,ab45b652-2e6d-46f1-ae45-649d32773717
2020-02-21 23:44:38 UTC,cart,5848626,1921723491720102387,,,5.71,597379128,b1abcce1-e271-4df4-a44f-1b5a1637c75b
2020-02-22 00:03:13 UTC,remove_from_cart,5866154,2055161088059638328,,,2.06,618566912,8f87b984-2ab3-4852-9dc1-2bc94d2c727f
2020-02-22 00:54:30 UTC,remove_from_cart,5850316,1487580005754995573,,,4.44,572992226,8b3b28b1-69ed-4e7c-bffb-47f128a8ef6d
2020-02-22 05:08:22 UTC,remove_from_cart,5587648,1487580008145748965,,roubloff,3.95,488937645,f9b4c0e3-aa08-4c6f-a5d1-2512fe2b479a
2020-02-22 05:36:11 UTC,view,5924482,1487580013950664926,,,15.24,482381576,431e6119-24d9-016a-ca2c-c6569bd0acae
2020-02-22 05:44:13 UTC,view,5769875,1487580013841613016,,kapous,3.65,560480380,e2689bb8-f648-4b70-986b-44bfb8f6723f
2020-02-22 06:26:41 UTC,cart,5784126,1487580005092295511,,,5.56,533522359,e69dd2f8-1fcd-4889-9a63-3190311fde12
2020-02-22 07:34:04 UTC,purchase,5871048,1487580005754995573,,,3.68,591979663,fc7b860b-f6cc-454c-b261-fe6cbe7af9ee
2020-02-22 07:44:34 UTC,cart,5748205,1487580013069861041,,italwax,18.25,618681794,0eeff468-068b-404d-a3ac-a16778c41adc
2020-02-22 08:19:47 UTC,remove_from_cart,5842707,1487580004832248652,,beautix,9.37,618634716,ce6cd06d-0b71-42b0-9706-dd20e4efce90
2020-02-22 08:20:00 UTC,view,5888102,1487580013145358517,,shik,7.94,535324821,0ef9918a-1055-48e2-bc64-8c73e74e8feb
2020-02-22 08:20:24 UTC,view,5803890,1487580005461394279,,bluesky,3.97,476373517,a5703631-59c8-44d9-b4f2-b1d0f457abdb
2020-02-22 08:43:07 UTC,view,5774330,1783999064103190764,,runail,3.81,519860459,e7b303eb-b344-4ae8-b369-97d24588bad9
2020-02-22 09:33:25 UTC,view,5896181,1487580009051717646,,jessnail,28.41,573903899,33ac651d-f71f-400b-862e-76d6b5568cfc
2020-02-22 09:42:05 UTC,purchase,5802545,1783999063314661546,,,9.52,616913454,8cb5ce39-2d3d-460c-9e53-3bc1078e8eb2
2020-02-22 10:20:50 UTC,cart,5552332,1487580007592100809,,,0.22,341647197,33b851a5-5a56-48e9-b1bc-b88247175c97
2020-02-22 11:23:41 UTC,remove_from_cart,5911726,1487580005754995573,,,4.92,603304701,444c6dcb-d9d1-4c0d-9be6-71e49aaa71d2
2020-02-22 11:27:54 UTC,view,7701,1487580005713052531,,ingarden,4.44,603304701,444c6dcb-d9d1-4c0d-9be6-71e49aaa71d2
2020-02-22 11:48:13 UTC,cart,5757944,1487580008246412266,,kapous,9.51,408821333,a534a37c-2243-4183-9a41-b05fe39ef685
2020-02-22 11:58:57 UTC,purchase,5751383,1487580005092295511,,uno,10.32,606773836,1033135f-4a6f-4029-9f2f-5eacb1005ea8
2020-02-22 12:27:20 UTC,view,5802637,1487580005754995573,,,4.44,616945356,18268f5b-b11f-4cb6-a714-e1ceca41e75c
2020-02-22 12:30:08 UTC,remove_from_cart,5794753,1487580005595612013,,,4.11,569341467,b93b1275-9ed5-48e0-b074-fb0057090daf
2020-02-22 12:30:27 UTC,view,5886729,1487580005067129686,,,2.38,553473737,3f4c9d79-81a0-4b20-9dda-6ee8010ce425
2020-02-22 13:30:52 UTC,cart,5885131,1487580004832248652,,beautix,14.13,526987439,3e7e742f-dd65-4fc4-901f-0d0544cce527
2020-02-22 13:49:48 UTC,view,5885846,1487580007910867929,,,5.08,618800808,d78d1688-b332-419e-a2d2-7cb355d8a76d
2020-02-22 13:52:42 UTC,remove_from_cart,5687313,1487580006132482952,,,0.73,390975484,2745504c-de4a-4637-b636-bcf63a222e89
2020-02-22 13:58:36 UTC,remove_from_cart,5797138,1487580005754995573,,,4.44,618824903,203ffe0e-2c04-42ca-ba42-be07c53e7076
2020-02-22 14:13:18 UTC,cart,5808291,1487580013858390233,,kapous,0.86,541844326,8dffcaf5-994c-4b15-b3db-55a94142b953
2020-02-22 14:49:52 UTC,remove_from_cart,5849033,1487580005092295511,,uno,10.32,600422455,93c8c1a3-9269-4cbb-9f69-6eb2e5125546
2020-02-22 15:04:42 UTC,view,5807874,1715102773747384334,,irisk,3.81,525590971,245cb1f2-4521-41c8-a84f-bd70f8e3630a
2020-02-22 15:31:22 UTC,cart,5847351,1487580005092295511,,,5.32,521006823,0fac573d-0cb0-4a1d-8aaa-a95a013a860b
2020-02-22 16:03:38 UTC,remove_from_cart,5588,1487580006132482952,,runail,4.84,526633685,d082ce3e-b369-4b73-a2db-c3c88d454c04
2020-02-22 16:40:53 UTC,cart,5839664,1487580005671109489,,masura,2.37,394732523,e74f431d-8b1c-4917-bd1d-487c76053f99
2020-02-22 16:50:10 UTC,view,5814040,1783999063314661546,,grattol,10.32,416173888,c13f2f5f-827c-4df8-bd17-1b2f6d716668
2020-02-22 17:36:37 UTC,view,5759892,1487580008657454075,,,3.97,618843848,c9e8d6dc-7691-4439-a999-8a7e9a8072b4
2020-02-22 17:42:31 UTC,cart,5875427,2084144451428549153,,,2.05,605992809,c06852ca-680d-46c4-8c9d-33588d5131e9
2020-02-22 17:59:58 UTC,view,5847364,1982860263572898112,,estel,4.29,618923897,9ef78345-8790-4469-934a-52f9fae143f6
2020-02-22 18:47:58 UTC,cart,5700046,1487580009286598681,,runail,0.4,491009486,02efe32e-b003-4f88-a183-a5256de4ed79
2020-02-22 19:40:37 UTC,view,5773606,1487580006317032337,,irisk,1.59,503022206,106885f9-d25e-4be5-b66e-b7461e0ad6c2
2020-02-22 20:01:07 UTC,view,5308,1487580010125459512,,cnd,15.71,618967852,f7b04cba-6576-4388-99d4-641006d209be
2020-02-22 20:04:45 UTC,view,5913642,1487580008112194531,,dewal,3.05,66918148,a3225095-639b-48aa-9f42-5e87e253676d
2020-02-22 20:09:05 UTC,view,5919397,1487580005268456287,,oniq,13.97,529483527,32610037-5115-49f0-b3e4-37692eb612e9
2020-02-22 20:13:00 UTC,view,5635067,1487580005754995573,,,4.44,612602228,85be42d6-582f-4442-89bf-4313ecb77b01
2020-02-22 20:15:16 UTC,view,5824741,1487580005385896804,,,5.56,573143106,a286d5c2-dbeb-4973-b4b4-0d5c73965502
2020-02-22 20:30:58 UTC,remove_from_cart,4497,2195085258272014535,,runail,3.11,514219841,ea96845d-9dd0-4097-be72-c38336375d83
2020-02-22 21:01:37 UTC,view,5752164,1487580005092295511,,,3.97,537861725,68cb030b-7671-4ae2-9ce9-7d5f2c1b0ced
2020-02-22 21:23:05 UTC,remove_from_cart,5700047,1487580009286598681,,runail,0.4,437115633,f7bb03bc-5f39-40e2-930e-c5261a01989b
2020-02-22 21:29:12 UTC,remove_from_cart,31610,1487580006317032337,,runail,3.65,592183824,06bc7e6b-f48c-4600-9b1b-5d458d2c32c3
2020-02-22 21:29:33 UTC,view,5886329,1542195323827388674,,,5.97,611478830,e63aa0b0-2324-44bf-b910-e30cfb99d6c9
2020-02-22 22:13:45 UTC,cart,5813488,1487580005671109489,,masura,1.73,428301810,ca84d6ca-1319-46f2-8ce8-e1f8d1900d51
2020-02-22 22:43:47 UTC,view,5550038,1487580005595612013,,,3.0,602604861,65da2efa-ef4a-4b2c-8f6d-8c74704b9813
2020-02-22 22:59:19 UTC,view,5570246,1487580011283087468,,,5.56,619013055,0615d1b9-5586-4773-842c-38e705f09a7d
2020-02-22 23:55:55 UTC,view,5916494,1487580013279576251,,relouis,3.67,544910176,d48315e2-51e0-49f0-a554-dc1f7d2991b8
2020-02-23 03:16:31 UTC,view,5875431,2084144451428549153,,,2.05,612009059,08597896-7488-4c19-9ef4-8747af3d67af
2020-02-23 03:51:00 UTC,view,5739900,1487580012021285001,,milv,10.48,540714073,c1d77c11-5a40-449d-893d-24af1aae01ab
2020-02-23 03:52:48 UTC,cart,5565816,1487580009286598681,,,0.71,619060476,f9fa474b-e35f-45d5-8d5a-a25208ea7bbb
2020-02-23 04:12:37 UTC,view,5896420,1487580006300255120,,jessnail,49.21,241284190,b69efca1-b747-4508-bfcb-7b87fa0650e0
2020-02-23 04:33:57 UTC,view,5542414,1487580005855658874,,masura,5.54,505477405,2cef072b-d59c-47a4-b98b-6b98492f88b7
2020-02-23 05:21:16 UTC,cart,5863096,1897124489259385629,,,0.63,259471352,0808a868-b61e-4e77-b15a-74243dfea883
2020-02-23 05:22:28 UTC,view,5858533,1783999072332415142,,,5.16,481947086,dd58f6f8-c251-4b99-bda1-a5d08ed54c7d
2020-02-23 06:47:05 UTC,view,5700026,1487580010100293687,,runail,1.9,446370180,c96fa6d4-e904-4bbd-b731-885adfe17a9b
2020-02-23 07:02:38 UTC,remove_from_cart,5926719,1783999072407912622,,,7.62,256063171,128273be-2b2a-4cf6-8fc6-9adf3f966e75
2020-02-23 08:13:45 UTC,cart,5892546,1487580005050352469,,haruyama,3.97,617412420,da12cb5a-2cc0-4c5c-bbde-7741e6374dbd
2020-02-23 08:45:30 UTC,remove_from_cart,5726236,1487580005268456287,,,5.56,616764006,69412d07-beff-4354-a8f8-82d32c9ce5be
2020-02-23 09:06:39 UTC,view,5706777,1487580005092295511,,beautix,14.13,305037007,58317acd-b29d-4d97-95b7-0ddec5f9a6d9
2020-02-23 09:13:17 UTC,cart,5732019,1487580007281722301,,domix,5.38,472506428,ab11d672-a544-44fc-93f3-6d95f72ab9a2
2020-02-23 09:42:53 UTC,cart,5788435,2151191071378375538,,,0.79,619141012,80af2b52-0b5d-4fa9-b4e7-aea7d237a658
2020-02-23 10:09:06 UTC,cart,5696868,1487580009311764506,,irisk,1.11,611617598,d5ed7905-004e-4d11-be47-0bbc8871d06e
2020-02-23 10:17:39 UTC,remove_from_cart,5860165,1487580011585077370,,,0.78,618998552,d25751de-c2ad-4722-ae4d-09d2bbcab401
2020-02-23 10:22:42 UTC,remove_from_cart,5868796,1783999064103190764,,cosmoprofi,19.05,619185856,b5b5ddd5-c429-4318-a835-8d4671108b0e
2020-02-23 10:24:14 UTC,view,5395,1487580006350586771,appliances.environment.vacuum,runail,30.95,619189700,6a7dc9f4-2fad-49a4-9fbd-4af9b8bdaec9
2020-02-23 10:47:17 UTC,purchase,5886326,1542195323827388674,,,5.97,610891556,1607596a-bf9e-4ef8-9a56-acaadf06f6c9
2020-02-23 10:48:56 UTC,purchase,5880442,1487580011627020412,,,4.79,619166574,2321a040-aebb-4bfc-b9a5-51a8be77caad
2020-02-23 11:02:03 UTC,view,5853629,1487580006317032337,,,19.03,619200850,8d63698e-3be1-4a5e-9097-16cdb576007b
2020-02-23 11:37:36 UTC,cart,5714118,1487580009521479714,,irisk,1.51,472506428,ee6359e7-5c99-4e65-87d0-e4728540477a
2020-02-23 11:40:29 UTC,remove_from_cart,45526,1487580005713052531,,ingarden,4.44,520667609,0217f73d-db1a-445a-84b6-7ef3ad375d75
2020-02-23 11:49:34 UTC,cart,5844894,1487580008313521133,,,6.22,611383372,1abc2f2d-afe0-4464-98fd-e6b262d7cff6
2020-02-23 11:52:19 UTC,cart,5826987,1487580005671109489,,masura,3.95,608596499,327f182d-f4ee-4da1-b0ae-4c7e126ff06c
2020-02-23 12:09:07 UTC,view,5799891,1487580009051717646,,,19.03,521717992,0644c8ad-112b-49dc-b04f-d059a5ab16f0
2020-02-23 12:09:55 UTC,remove_from_cart,5863095,1487580011627020412,,,0.51,454647048,42493d6e-49c2-4e11-8117-3ab5403c4207
2020-02-23 13:02:11 UTC,view,5906070,2177933350667289121,,,5.56,569623559,17663bf4-64eb-4ff3-b24e-aa81738f34d4
2020-02-23 13:04:22 UTC,view,5764714,1487580012927254698,,irisk,15.86,595639249,162b4cf6-e130-485a-9e84-c4db04820e20
2020-02-23 13:35:18 UTC,cart,5870611,1487580010628776014,,,5.24,607324260,22050f14-4e7b-4d31-9b3b-016ca10c3d63
2020-02-23 13:43:03 UTC,cart,5809892,1602943681873052386,,grattol,4.76,520680549,511b4997-0e2b-45d0-a74e-7cae24773f53
2020-02-23 14:33:38 UTC,remove_from_cart,5863821,1487580005713052531,,ingarden,4.6,233644551,b9aa234d-94fd-4e58-a0dd-20780f5e834d
2020-02-23 14:46:57 UTC,remove_from_cart,5802432,1487580009286598681,,,0.32,536212462,6eb792e9-75b4-471f-af7e-baa9f6d757cc
2020-02-23 14:47:20 UTC,cart,5821097,1487580005754995573,,,4.44,561665088,ffd842c5-0c1e-463b-a943-fbbf1b4c69ab
2020-02-23 14:53:17 UTC,view,5779212,1487580005050352469,,haruyama,2.38,600295478,dba5ab66-26b6-41b4-9e8a-6699cf76ff46
2020-02-23 15:01:01 UTC,cart,88203,1487580007675986893,,,0.1,566463123,1784e31d-36d1-45e4-bedc-51361e9c394a
2020-02-23 15:20:47 UTC,cart,5802650,1487580005754995573,,,5.56,618256196,ca411da4-a1e1-4656-8197-798e9a2c45e6
2020-02-23 15:31:49 UTC,cart,5694629,1487580007936033754,,yoko,3.59,550031373,bfa20e9d-ab81-4416-bcf8-1dd29a0d5b06
2020-02-23 15:35:52 UTC,view,5809734,1487580005092295511,,uno,7.78,391227980,f3ed15a3-197d-495d-96b1-97460d86306b
2020-02-23 16:26:54 UTC,view,5899851,2115334439910245200,,,4.46,605648789,5590197d-69a8-40cb-841f-713c15cbbff3
2020-02-23 16:28:09 UTC,view,5869133,1783999064136745198,,cosmoprofi,21.43,544362578,8dfbe1e4-bec2-4a3b-992e-be26bc71d787
2020-02-23 16:29:03 UTC,view,5837164,1783999064103190764,,pnb,22.22,618458213,9c78c8d8-ee72-4227-bfed-c8626be7805f
2020-02-23 16:48:07 UTC,purchase,5783931,1487580005595612013,,,2.06,598293689,eb72388b-f9a9-409f-bdc5-a2eda097f865
2020-02-23 17:20:38 UTC,view,5750294,1487580007550157767,,ingarden,0.95,553384366,15c10b55-be52-4fc3-af85-a0753b736659
2020-02-23 17:22:13 UTC,cart,5836837,1487580011996119176,,pnb,6.67,601849424,5158b5c5-bb87-4edb-98c1-d4a35ea6bd91
2020-02-23 18:04:03 UTC,remove_from_cart,5773195,1487580005134238553,,runail,2.62,619356862,2f891880-5bef-48db-89a7-1a3aa769294f
2020-02-23 18:06:19 UTC,remove_from_cart,5585182,1487580011853512836,,gehwol,12.7,595681667,6f10d8d5-4acc-44a9-a60b-9ef06356838e
2020-02-23 18:16:37 UTC,view,5769104,1487580008246412266,,markell,3.65,555276373,d7e25e24-36e6-4431-8c14-f782d1669cbd
2020-02-23 18:40:23 UTC,view,23220,1487580005411062629,,cnd,16.03,619382748,bae41ef6-efc5-4d16-b5a5-274cca280e66
2020-02-23 18:48:08 UTC,remove_from_cart,5896619,1487580005427839846,,irisk,2.48,558703118,56e55bce-576e-4db6-85c4-1468f6af813e
2020-02-23 18:51:42 UTC,purchase,5848632,1921723491720102387,,,5.71,607872785,abbeeb6e-3b59-4460-afb6-fa57dbd59852
2020-02-23 19:18:31 UTC,remove_from_cart,4902,1487580009471148064,,runail,1.98,600713981,c8a03f6f-6668-4ae1-8e59-d50b000886a0
2020-02-23 19:31:39 UTC,view,5617832,1487580013254410426,,provoc,7.21,608300420,99f3780b-2de2-45ef-bd3c-f4d7bbc598df
2020-02-23 19:40:25 UTC,view,5741006,2035665444290953519,,,5.24,522251715,cec83281-2026-41a9-87f6-28496c64bcdf
2020-02-23 19:48:43 UTC,cart,5776129,1487580013472514244,,art-visage,2.7,474720811,586e2a77-c158-4279-acbf-0e57ac610590
2020-02-23 20:00:10 UTC,remove_from_cart,5875552,2084144451428549153,,,2.05,546682974,cd8d1cfc-1269-4016-802c-0de00d2fc251
2020-02-23 20:31:11 UTC,cart,5787018,1783999063314661546,,,6.33,616794850,6ac4c28c-f28c-4356-b5a8-7798872cebe3
2020-02-23 20:52:59 UTC,view,5886728,1487580005067129686,,,2.38,543851313,4dba682a-7854-4f16-8727-9ba12a9c70d3
2020-02-23 21:08:25 UTC,view,5802147,1487580008112194531,,,12.29,619431143,5b178e87-eebb-4e1a-b388-28c10d52b0d9
2020-02-23 21:35:43 UTC,purchase,5834737,1487580009445982239,,,1.98,509657013,ae653136-828a-4ad5-b129-1c9b313128a7
2020-02-23 21:43:09 UTC,view,5876013,1487580011702517887,,,53.81,609655362,65883c16-c984-4583-83af-ed898b7e38cf
2020-02-23 22:50:35 UTC,view,5649270,1487580013749338323,,concept,6.19,619452546,b5afaa9b-2296-49d5-8824-0dc6607a47de
2020-02-23 23:37:29 UTC,purchase,5760525,1487580011585077370,,,1.59,588476827,0d6e9fd8-ec5c-4b1b-8abf-e0f2617bb127
2020-02-24 00:46:55 UTC,remove_from_cart,5809267,1487580007675986893,,bpw.style,0.79,610809504,6587bec1-78aa-4556-8a0f-4a5c318fa52c
2020-02-24 01:49:43 UTC,purchase,5814042,1783999063314661546,,grattol,10.32,556337981,bf5b34e6-1d8c-4f19-a379-2c9c6efdcd22
2020-02-24 02:17:35 UTC,cart,5843836,1487580009286598681,,,0.38,397698772,ac4f6922-d34c-41ea-b0ab-1270bd54dca5
2020-02-24 04:53:15 UTC,view,5565098,1487580005595612013,,,3.0,590949354,28bb1567-9f8a-4064-b4b1-06dc0d3a0dcc
2020-02-24 06:13:15 UTC,view,5677025,1487580008246412266,,estel,7.94,619535101,d6fb42a9-cfba-41d6-858b-769f1a25c767
2020-02-24 06:29:05 UTC,view,5697463,1783999067156644376,,estel,12.14,587289584,28b44871-4107-45d9-9950-2b9fd2f35dc0
2020-02-24 07:11:53 UTC,view,5885846,1487580007910867929,,,5.08,539801238,10da11c7-c2c2-4962-8c22-804ad4bae88f
2020-02-24 07:30:07 UTC,remove_from_cart,5843553,1487580010628776014,,,3.97,542070907,144430ad-38a9-4525-9ef1-96a19163f72c
2020-02-24 07:35:51 UTC,remove_from_cart,5809871,1605161575889502297,,grattol,3.02,554484586,81280351-0a6a-4fa6-8d62-22494e1aaf0f
2020-02-24 07:35:55 UTC,view,5881443,2151191070984110951,,lovely,7.78,619569214,aea7a224-167b-475f-8260-285ac69a7cd2
2020-02-24 07:37:14 UTC,remove_from_cart,5686925,1487580009311764506,,,0.35,266786458,6d59ab77-0557-e48d-1811-cee93e179077
2020-02-24 07:55:59 UTC,view,5733785,1487580005050352469,,haruyama,3.97,452882526,32114b43-be98-4ed3-97bf-a415d0737965
2020-02-24 08:04:13 UTC,cart,5778739,1638456119066100510,,pole,4.11,611276710,69942d66-381b-4bdc-a69f-baff2dfe74f7
2020-02-24 08:07:47 UTC,cart,5708146,1487580011585077370,,igrobeauty,2.37,432369670,587a1f9b-12d4-4505-8a64-515a30c8fe45
2020-02-24 08:59:52 UTC,cart,5830638,1487580011585077370,,petitfee,4.68,506294884,d6521aa6-06b6-49ac-895f-90c45d792457
2020-02-24 09:06:39 UTC,remove_from_cart,5827012,2193074740552270669,,,4.86,523594039,2f118c0b-903b-4c3a-b817-9b810e315f92
2020-02-24 09:34:09 UTC,view,5372,1487580009445982239,,runail,7.14,619573349,5ffc8b06-0b29-489c-a7d6-8973b5d38688
2020-02-24 09:37:27 UTC,view,5824148,1487580005511725929,,,5.56,527070105,f5546347-9691-483d-9ce5-aecad8e3125a
2020-02-24 09:47:32 UTC,purchase,5809295,1487580007675986893,,bpw.style,0.79,532248612,0242b0d5-d84a-4b10-a4d7-d5eddd0b33f2
2020-02-24 09:50:01 UTC,view,5772458,1602943681873052386,,grattol,4.76,614506557,17bb49ca-5681-4cfb-931a-d2bc025d507a
2020-02-24 10:03:02 UTC,remove_from_cart,5741281,1487580005427839846,,irisk,3.33,556806029,22ca217b-3322-40c5-b244-eab608173c87
2020-02-24 10:04:00 UTC,view,5739901,1487580010125459512,,milv,3.49,619599300,a5e608c2-a876-4c86-9dbf-7ec8af1e7084
2020-02-24 10:24:21 UTC,view,5901636,1487580007675986893,,freedecor,1.43,574700182,6408cb41-f366-497f-8c1a-671d1ce49fa2
2020-02-24 10:26:36 UTC,cart,5691026,1487580009387261981,,,2.86,541099384,0ae7002c-910d-4624-9703-b0b480109029
2020-02-24 10:46:16 UTC,cart,5739057,1487580008263189483,,kapous,4.75,532664307,606cfd4c-8c63-4f56-b281-73592bd35593
2020-02-24 10:48:53 UTC,view,5889628,1487580010561667147,,,7.94,538101110,c1c6c764-30b7-4c57-83d7-3056159627fd
2020-02-24 11:00:19 UTC,remove_from_cart,5838935,1487580005713052531,,ingarden,4.6,457376886,a727e0f1-4392-4ac6-b45d-12eff7deb891
2020-02-24 11:06:43 UTC,remove_from_cart,5778952,1487580008313521133,,concept,6.75,463939900,b9c67890-8a34-4079-a517-c482359f2896
2020-02-24 11:37:34 UTC,view,5875272,1487580005553668971,,,7.46,599700632,83feb2dc-be0a-43dc-87f7-c3f413e3aa33
2020-02-24 12:00:06 UTC,view,5820711,1487580006317032337,,,2.22,604173194,0e60e989-8b96-48e7-e657-4b96a68fce97
2020-02-24 12:13:24 UTC,cart,5930561,1487580011585077370,,cettua,1.57,532316552,a9e8e6a8-7940-4a16-a210-8c332aec5a2e
2020-02-24 12:31:39 UTC,purchase,5842141,1487580006317032337,,,1.59,353971602,7c9690aa-853b-4a90-b20f-8c146fcf1c94
2020-02-24 12:37:40 UTC,view,5924043,1487580013388628160,,luxvisage,3.67,558119790,c77cc320-789d-4971-98bc-aac13c1583fc
2020-02-24 12:38:46 UTC,cart,5700046,1487580009286598681,,runail,0.4,396388853,8c4fc0cb-321e-42b8-9c5e-53cdf9fb0a39
2020-02-24 12:44:06 UTC,purchase,5687131,1487580008187692007,,,0.79,612044213,80f30953-5af7-84bc-e3f4-7b6f2dfc6fd3
2020-02-24 13:04:21 UTC,remove_from_cart,5730205,1487580005092295511,,,7.46,502231739,1414cb2d-6963-4afa-a30d-72a832147af4
2020-02-24 13:28:07 UTC,view,5815766,1842735758805303837,,beauty-free,3.95,593635818,ffc46ef1-140f-43f9-beb4-97c89af97881
2020-02-24 13:46:26 UTC,cart,5809924,1487580013522845895,,irisk,3.02,502405291,81545f99-cb0f-4a34-b2bc-65dcfbef9a0b
2020-02-24 14:15:54 UTC,cart,5814516,1487580013539623112,,,13.49,571860272,a51e463b-bb58-4461-8ce0-635154383456
2020-02-24 15:52:31 UTC,view,5866959,1487580009051717646,,sunuv,42.86,499463285,0921f29c-f744-4878-9750-8c70f291b563
2020-02-24 16:07:19 UTC,cart,5751383,1487580005092295511,,uno,8.78,612946928,812748ca-30bd-4422-8d74-380f3cff69f8
2020-02-24 16:28:14 UTC,cart,5881664,1487580013522845895,,lovely,1.83,616918961,781db1d4-44bb-4130-9744-afb9cefb3d84
2020-02-24 17:03:39 UTC,view,5704386,1487580008246412266,,estel,13.89,537582923,88382137-ab67-4e87-a3c0-9197601287f2
2020-02-24 17:04:24 UTC,view,6737,2007399943458784057,apparel.glove,,5.56,619729191,37b26268-9e21-46ec-b5d0-4d621a78f3c8
2020-02-24 17:13:19 UTC,remove_from_cart,5862583,1487580004832248652,,beautix,9.17,615444126,ec0d95d8-674b-4ebf-8577-21b18219c76a
2020-02-24 17:20:14 UTC,remove_from_cart,5787963,2151191071378375538,,,14.13,538522943,5afe1b3e-a686-450a-b8d7-5f06068aa5c0
2020-02-24 17:35:18 UTC,view,5755861,2151191071378375538,,,5.56,619803112,737a1b79-d63d-4f3d-95d2-7f572830005b
2020-02-24 17:59:00 UTC,view,5713295,1487580008070251489,appliances.personal.hair_cutter,,46.02,619819991,2ae2cd0a-291b-4805-9a5f-8c03b2909c49
2020-02-24 17:59:57 UTC,cart,5851625,1638456119066100510,,pole,4.11,608767433,0bd96158-91fc-40ce-85ae-b89099fa3d33
2020-02-24 18:36:58 UTC,remove_from_cart,5837126,1487580012969197740,,,4.76,619803793,deb6d269-428f-4618-9c1e-fb4b62ee090f
2020-02-24 19:02:31 UTC,remove_from_cart,5670324,1487580005754995573,,,4.0,470424600,35f3b14d-b3dd-43ff-a339-efdecb44ff87
2020-02-24 19:05:28 UTC,view,5804667,1487580013581566154,,,5.94,619845227,35de1a96-c2b6-41d0-a0ea-85bcbf7b74f6
2020-02-24 19:14:33 UTC,view,5770012,1487580013841613016,,kapous,2.81,615474193,f810145b-271d-4f09-838a-34e3cdb17be0
2020-02-24 19:16:04 UTC,view,5867966,1487580005671109489,,masura,1.73,619844764,93013118-269f-4e74-b988-33404eb12565
2020-02-24 19:23:02 UTC,cart,5585656,1487580007256556476,,,0.52,605892730,1b4fa0bd-c3ea-49f4-89d8-3a875802d98b
2020-02-24 19:29:29 UTC,remove_from_cart,5904688,1487580007675986893,,,1.59,538123399,d3d89713-0dc3-4969-86f0-0365e190e620
2020-02-24 19:30:44 UTC,view,5680443,1487580013841613016,,estel,5.24,521839454,5dc2d817-7aed-4c37-bfd8-0ca35151b46f
2020-02-24 19:33:22 UTC,view,5716389,1487580008347075566,,sophin,5.24,619852793,c63161ad-ff04-46b4-b3ef-d1eac8ca9820
2020-02-24 19:34:40 UTC,view,5808510,1487580013522845895,,irisk,0.56,601469771,0b52103a-2a8c-4796-bb21-696117fbf944
2020-02-24 19:34:56 UTC,remove_from_cart,5556134,1487580011853512836,,,14.29,541092658,d580dbeb-bc82-4a17-848c-f58f5204eeed
2020-02-24 19:48:29 UTC,cart,5747361,1487580010821714008,,,0.54,603993323,522e545a-206f-43e9-bbbb-accee4992141
2020-02-24 19:59:15 UTC,view,5816173,1602943681873052386,,grattol,5.24,619862099,aa4ce442-1d7c-4936-a137-3a3408d58da4
2020-02-24 20:05:39 UTC,view,5866203,1487580013841613016,,concept,3.16,619865191,e6c89336-b8ca-465b-8fad-42c7ca537553
2020-02-24 20:09:12 UTC,view,5897532,1487580009286598681,,,2.16,484961283,c9b978a1-adf9-2be0-7560-9dd4e39368bd
2020-02-24 20:10:13 UTC,view,5849033,1487580005092295511,,uno,10.32,595698737,8aeef646-41d7-4f6b-b65c-e86fd49bf16d
2020-02-24 20:12:29 UTC,cart,5887755,1487580013279576251,,,3.56,614230716,20ea6f84-b298-40a8-9bba-c66086437f95
2020-02-24 20:12:41 UTC,view,5588154,1487580006300255120,,irisk,77.78,540376764,17045339-953e-4948-aa01-d1ea75daf61c
2020-02-24 20:29:01 UTC,cart,5822311,1487580005595612013,,,3.0,619862886,bc6af6f8-0933-448b-846b-a49c2f94e644
2020-02-24 20:30:26 UTC,view,5726163,1487580005595612013,,,3.0,413478295,57a78ef7-7cb0-4c44-9e6b-6c5751feac1e
2020-02-24 21:10:09 UTC,cart,5772456,1602943681873052386,,grattol,4.76,618808440,8c2d1c19-5565-4847-8b1d-1530fd63c9cf
2020-02-24 21:14:33 UTC,view,5813882,1487580012969197740,,,1.57,619588018,4ef4b01e-9fef-42c5-a044-a7c62e05a750
2020-02-24 21:56:27 UTC,view,5930,2196456817641391019,,runail,1.98,619219800,8e4736c1-5673-4d49-9c2b-1d78f4f648b0
2020-02-24 21:58:34 UTC,view,5924307,1487580013128581300,,luxvisage,3.67,619892570,a07c6524-8121-43b6-b682-7d0ccb621cc9
2020-02-24 22:04:26 UTC,remove_from_cart,5745718,1487580008246412266,,kapous,8.1,593486135,b8ffaaa0-c443-4f13-b6dd-69fa46cb6266
2020-02-24 22:30:47 UTC,view,5649303,1487580013749338323,,concept,7.78,617023488,2a0f647d-abf1-4882-8aa5-72ba128b84f8
2020-02-25 01:10:40 UTC,view,5834173,2151191070908613477,,runail,2.62,611892776,c7dfc4f9-7e1d-4b8f-8abe-010f130ef1e8
2020-02-25 02:22:24 UTC,cart,5754159,1487580007910867929,,yoko,13.33,608352393,2167326b-a577-65d9-b5c1-df7c5b7d7dfe
2020-02-25 05:44:08 UTC,purchase,5854824,1602943681873052386,,grattol,5.24,238706610,afffe90c-a878-43a1-aa25-2eaf065ec63f
2020-02-25 06:13:20 UTC,view,5766597,1487580008246412266,,kaaral,18.92,619998484,d6cde8b5-2b33-4e06-a75b-3bfa506a6d08
2020-02-25 06:29:11 UTC,cart,5924346,1487580007675986893,,,1.43,614928193,68820c90-bfb7-497a-bf5e-7d8e66854561
2020-02-25 06:38:50 UTC,view,5865608,1487580005511725929,,,3.33,619998723,49635f79-4731-4030-996b-abda994628c9
2020-02-25 07:10:43 UTC,remove_from_cart,5859489,1487580005671109489,,masura,1.73,581259345,4c36a96a-f889-44ec-a822-1982104cd84f
2020-02-25 07:21:31 UTC,remove_from_cart,5788143,1487580005754995573,,,6.35,563879851,7c5c717b-164b-4322-b068-f85f4fec24e8
2020-02-25 07:26:08 UTC,cart,5716556,1487580007550157767,,,0.79,449375088,904d0ec8-3c65-4111-9d52-ce07c71eb4ef
2020-02-25 07:30:49 UTC,cart,5803413,1487580005461394279,,bluesky,4.19,619569360,d2427c59-b9e3-4e02-8b7d-e82aed9ffa50
2020-02-25 07:32:35 UTC,cart,59003,1487580013581566154,,refectocil,7.46,578934705,51fc6f55-2ac9-4192-93ca-182fb618c170
2020-02-25 07:45:11 UTC,view,5743947,1487580012927254698,,italwax,2.78,544118191,f490543a-9041-4633-bef9-c1be3c4d5766
2020-02-25 08:13:37 UTC,view,5703174,1487580007575323592,,,1.43,563066632,f63f786a-6543-4b60-836d-8bcb32b93192
2020-02-25 08:35:12 UTC,cart,5782943,1638456119066100510,,pole,4.11,503622333,5a88ecca-e823-4a26-b0bf-80d820e5da17
2020-02-25 08:40:47 UTC,remove_from_cart,6175,1487580007776650194,,runail,0.63,620057562,7ac15319-6cae-4f23-9258-1c51cf875a15
2020-02-25 09:02:05 UTC,remove_from_cart,5815779,1487580005092295511,,beauty-free,2.37,620033490,59af56fd-9542-4f5c-aa92-f1a460029a11
2020-02-25 09:25:41 UTC,view,5809912,1602943681873052386,,grattol,5.24,548934220,3c99b16e-986d-45ad-9fc0-2c92f07dd375
2020-02-25 09:49:09 UTC,cart,5783987,1487580005268456287,,,4.75,530105668,e42c1d7a-48cb-4cda-97a5-82d63c26f24b
2020-02-25 09:58:59 UTC,cart,6818,1487580013027917999,,,1.51,521698782,ff65f15b-dc0b-43eb-97bb-72688e318284
2020-02-25 09:59:26 UTC,cart,5899852,2115334439910245200,,,4.46,553127479,a2b6071b-8bff-4456-bfa8-e6fc8a6acf17
2020-02-25 10:09:05 UTC,view,5850832,1982860263572898112,,kaypro,13.02,620094825,447f35bc-0346-44ae-8322-1c652e899cac
2020-02-25 10:30:13 UTC,purchase,5834173,2151191070908613477,,runail,2.62,534540476,20d5a924-93a8-4ac5-9b48-e35fa9c33aad
2020-02-25 10:33:33 UTC,cart,5802432,1487580009286598681,,,0.32,610281474,74b70cf6-c903-4abe-a005-45157f1a2d89
2020-02-25 10:33:41 UTC,cart,5802432,1487580009286598681,,,0.32,610281474,74b70cf6-c903-4abe-a005-45157f1a2d89
2020-02-25 10:43:54 UTC,view,5861271,1487580009336930331,,domix,12.49,610654246,572950f5-037c-45ba-a657-7642055419c6
2020-02-25 10:59:20 UTC,cart,5696858,1487580009286598681,,irisk,1.11,620115628,578f819a-8dc0-4c9d-b5c9-5ed41458ad10
2020-02-25 11:15:19 UTC,view,5760338,1487580009311764506,,zinger,0.44,616104342,3b892010-7817-4047-9eab-12db572bb9ad
2020-02-25 11:16:14 UTC,view,5913798,1487580013296353468,,dermacol,6.51,573174091,95a704f6-e2f4-4c22-87ee-1079e0bcbac8
2020-02-25 11:47:11 UTC,view,5856186,1487580006300255120,,runail,75.4,600952896,fca9ec0f-87cd-44ee-9a60-454b21589df4
2020-02-25 12:05:28 UTC,view,5886534,1487580008263189483,,kares,24.56,610797202,68fd0a27-8877-4825-b6e6-948890903459
2020-02-25 12:07:25 UTC,cart,5674683,1487580005595612013,,,2.05,611050492,9891372f-382d-411f-b40b-4e94d8e1e5c7
2020-02-25 12:27:31 UTC,remove_from_cart,5746898,1487580006317032337,,irisk,7.71,562226472,730c057f-81df-4178-958f-fd90fda04da8
2020-02-25 12:27:46 UTC,remove_from_cart,5820749,1487580006317032337,,,7.14,562226472,730c057f-81df-4178-958f-fd90fda04da8
2020-02-25 12:28:52 UTC,remove_from_cart,5714114,1487580008145748965,,irisk,1.11,492817164,b27b250a-fe6a-41c0-a299-f4172feca0b8
2020-02-25 12:36:41 UTC,remove_from_cart,6410,1495705810729173554,,konad,4.29,562226472,730c057f-81df-4178-958f-fd90fda04da8
2020-02-25 12:55:59 UTC,view,5563596,1487580010645553231,,irisk,40.48,599356309,30cabb12-e9b6-42e1-bb54-24febd4fdacc
2020-02-25 13:53:12 UTC,cart,5782043,1638456119066100510,,pole,4.11,170386254,7d1065ee-9e76-4a59-9fc7-b596922225d8
2020-02-25 14:09:42 UTC,view,5849347,1487580008246412266,,bioaqua,7.62,518855020,a97b324f-35dc-410e-9d18-f99f635e077e
2020-02-25 16:01:32 UTC,view,5924030,1487580013413793985,,luxvisage,4.81,620211657,9b0e8aac-1e06-4f62-832a-b92e5798cda1
2020-02-25 16:33:25 UTC,remove_from_cart,5897922,1783999072332415142,,,6.0,540065219,64210772-0f96-45bf-83e7-d522894f8f5a
2020-02-25 16:35:48 UTC,view,5925340,1487580007675986893,,,1.43,375492806,1e72553c-7ab4-4cfb-a2d2-d946e655b21e
2020-02-25 16:51:33 UTC,remove_from_cart,5780829,1487580005092295511,,rosi,7.14,608927661,afd9d4d2-06a4-4607-8c56-e15bb037f84b
2020-02-25 18:13:33 UTC,cart,5835924,1487580009471148064,,irisk,1.51,605617349,959353c2-2acb-4a39-96c8-610d192d3be6
2020-02-25 18:19:36 UTC,view,5769916,1487580013841613016,,kapous,3.65,548472500,e0e330c0-1b7e-477c-a9f8-1292674797ae
2020-02-25 18:47:14 UTC,cart,5876014,1487580011585077370,,,21.43,526345370,a9096bf1-007e-492f-8e03-52ba23bbd99d
2020-02-25 18:51:53 UTC,remove_from_cart,5875396,2084144451428549153,,,2.05,516931829,eab71f79-8641-4ba7-acd7-78385c44a52a
2020-02-25 18:52:39 UTC,view,5772165,1487580005092295511,,grattol,6.27,620308278,39003412-408a-4f61-bef2-77f422ef4ca4
2020-02-25 19:00:10 UTC,remove_from_cart,5839673,1487580005671109489,,masura,2.37,599195725,dd42d4d4-54a1-4dae-9aae-6438cc190d71
2020-02-25 19:02:04 UTC,remove_from_cart,5899248,1487580013229244601,,,4.43,541674479,b3303829-8014-4202-888d-c03652339596
2020-02-25 19:23:01 UTC,view,5754853,1487580005092295511,,,10.63,620175027,2cef1aea-26b0-4fe9-840c-20caf62f7cb8
2020-02-25 19:28:42 UTC,remove_from_cart,8381,1487580011853512836,,gehwol,15.08,438259634,c628d8c1-2b03-496a-89d1-bd2a02a267bd
2020-02-25 19:39:06 UTC,view,5761297,1487580005553668971,,,7.94,398679670,46643f61-7632-4550-9e7d-825278a980d7
2020-02-25 19:41:44 UTC,view,5893483,1487580011702517887,,,10.32,606698401,c51e20f0-61a9-4c5b-a4e0-2ef3215ddc7e
2020-02-25 19:53:36 UTC,cart,5859188,1487580007432717250,,,2.19,605176129,bd8708a8-5840-9816-ff5c-dca29f2087fc
2020-02-25 19:53:52 UTC,view,34758,1487580006317032337,,runail,5.24,620328921,387f485b-a31b-4252-803a-736656d94046
2020-02-25 20:06:37 UTC,cart,5775794,1487580011585077370,,estelare,3.02,620331128,d69d0522-babb-4195-bf23-756588880424
2020-02-25 20:19:39 UTC,view,5900631,1487580007675986893,,freedecor,0.79,523838037,cac84a67-1710-48a6-99b4-48892b565e49
2020-02-25 20:28:31 UTC,cart,5633148,1487580007675986893,,milv,0.16,620334638,ce106523-3c9f-44bc-855b-5085365da3d7
2020-02-25 20:32:45 UTC,view,5905210,1487580005092295511,,,8.73,378991262,6314f422-bd82-4e32-988e-aae757f08e67
2020-02-25 20:37:49 UTC,cart,5834492,1487580008145748965,,pole,0.73,550847163,c48552e9-737b-4900-99f6-15c02a3e14ca
2020-02-25 20:49:50 UTC,cart,5930316,1487580005092295511,,uno,10.32,305037007,58317acd-b29d-4d97-95b7-0ddec5f9a6d9
2020-02-25 20:55:02 UTC,cart,5808976,1487580009445982239,,,1.43,620346622,30b8c206-75f5-4393-827c-3abd6c34f2c7
2020-02-25 20:58:26 UTC,cart,5785002,1783999067156644376,,,10.33,486345987,03e8af6e-7771-49e3-a13c-c6cae15e3326
2020-02-25 21:12:01 UTC,remove_from_cart,5817152,1783999071199952917,,,5.56,553891044,1e473fc3-cfa9-4071-8fe1-641abb76935c
2020-02-25 21:35:15 UTC,view,5813483,1487580005671109489,,masura,1.73,619548298,c45e6376-9c69-4269-9e71-df4d7ce3e33b
2020-02-25 22:56:39 UTC,remove_from_cart,4938,1487580008187692007,,runail,1.43,618741562,e65d1a75-bd7f-499f-aee1-cd7800558e8d
2020-02-25 23:31:34 UTC,cart,5819896,1487580012969197740,,kapous,4.29,620376243,bf5eb7a7-5c85-4697-a91e-51a4ea58a343
2020-02-26 02:46:32 UTC,cart,5885811,1487580008246412266,,markell,3.65,620406835,7bb5343b-c37c-4716-83b4-726be626498a
2020-02-26 02:53:04 UTC,remove_from_cart,5782043,1638456119066100510,,pole,4.11,170386254,367c8d95-9834-b1ce-9288-0d17dc97f399
2020-02-26 03:30:03 UTC,cart,5870981,1487580008800059394,,masura,3.79,554580113,7b949479-c9b4-491d-8b4d-7910d6bc94f5
2020-02-26 04:37:57 UTC,cart,5875411,2084144451428549153,,,2.05,614129305,cab4aa4a-b501-473a-8563-460cb6ba01f5
2020-02-26 05:03:07 UTC,cart,5676827,1783999067156644376,,estel,7.3,532207814,c6a6562e-173a-a4ce-8a53-1e4bb1c7f0f0
2020-02-26 05:35:41 UTC,view,5820777,1487580006317032337,,,3.97,477762885,f6acd9a9-aba3-458a-a284-a19bffa20f20
2020-02-26 05:56:50 UTC,view,5770022,1487580013841613016,,kapous,2.81,592053404,b4350c5f-839e-c3a7-9216-33bd6db466cb
2020-02-26 07:11:44 UTC,view,5862566,1487580008145748965,,roubloff,1.87,608171431,dbf5cb58-ba5f-446d-9178-75f2cf46c348
2020-02-26 07:18:01 UTC,cart,5804032,1487580005461394279,,bluesky,3.97,599107330,5126bb11-9677-4f93-81e5-04b6c0c1b3fe
2020-02-26 07:25:18 UTC,cart,5687131,1487580008187692007,,,0.79,519850143,b38666a2-f8c8-4851-a18f-1b4c0f01234a
2020-02-26 07:41:31 UTC,view,5863931,1487580011585077370,,dermal,7.92,620489155,56a8f36d-1035-411c-a2df-60ffa3b8dd90
2020-02-26 07:47:50 UTC,cart,5836522,1487580013522845895,,nagaraku,0.4,609161766,b9328a34-a77b-d2b8-55d3-b511585cb044
2020-02-26 08:29:43 UTC,view,5803081,1487580013858390233,,kapous,3.81,594894110,9a36f226-ca4f-4c70-8a84-d9d2fd0daa7d
2020-02-26 08:35:53 UTC,view,5814190,1783999076551885399,,happyfons,5.87,620523936,dd9a8fb7-7110-423a-acee-007c2ed6f855
2020-02-26 09:17:31 UTC,view,5780030,1487580011501191286,,,2.86,620487642,30a6984b-2e09-49d8-80d0-04b106d9b447
2020-02-26 09:18:01 UTC,cart,5875283,1487580010754605141,,,1.59,560380254,a2fdf06f-76f3-4f94-b1f9-a989c2aee615
2020-02-26 09:51:14 UTC,view,5896413,1487580009076883471,,jessnail,1.29,620317919,c7826bcd-33a1-486c-9a2c-304726fd19f9
2020-02-26 10:01:01 UTC,cart,5875298,1487580013581566154,,,6.33,607965606,bd6b40c9-6e95-44be-b5c1-f5f40fc05284
2020-02-26 10:04:50 UTC,remove_from_cart,5746384,1487580005671109489,,,0.0,446969453,5ba3f000-9731-4c13-b9c5-b61adb3f0240
2020-02-26 10:04:50 UTC,cart,5797969,1487580005671109489,,,0.0,446969453,e977e7fe-7467-48cb-82fe-16b7831f930a
2020-02-26 10:06:42 UTC,remove_from_cart,5867963,1487580005671109489,,masura,1.73,530433920,5bf70c73-845a-4dcc-b264-daf57ed28a61
2020-02-26 10:20:10 UTC,remove_from_cart,5844742,1487580006317032337,,,3.16,620527430,89f23b3a-7a82-4df2-9280-c78663b725cd
2020-02-26 11:04:42 UTC,cart,5758072,1487580009336930331,,,2.0,555762840,9bfcf6e9-732d-4de7-952e-00de0247a50d
2020-02-26 11:05:13 UTC,view,5809911,1602943681873052386,,grattol,5.24,620591970,b5e2d175-03bb-4707-a528-35e0703a87fc
2020-02-26 11:21:54 UTC,remove_from_cart,5873652,1487580009471148064,,,3.1,578763499,66a1daaa-e264-4064-96a5-bb80cea592ac
2020-02-26 12:15:09 UTC,view,5687151,1487580009605365797,,,1.9,493217067,99a816e2-4507-47ef-b454-07841198f671
2020-02-26 13:08:06 UTC,cart,5835338,1487580006962955182,,,3.17,619160456,5db211d5-4ed4-466c-a3ac-bfcfa57b546c
2020-02-26 13:22:00 UTC,view,5567974,1487580005595612013,,,3.0,566819757,01af01c3-4f67-4e6c-89a5-85e958040184
2020-02-26 13:37:40 UTC,view,5843079,1487580007256556476,,,3.1,594528847,58ce168c-5516-45a5-bcbb-db0a86febda0
2020-02-26 13:37:42 UTC,view,5023,1487580007952810971,,runail,5.0,315206016,252febce-0262-424e-9e34-0bca5842932d
2020-02-26 14:02:44 UTC,purchase,5763238,1487580010125459512,,uno,2.38,588649205,eb204bbd-5d82-414f-a427-63ea3f5351b7
2020-02-26 14:44:09 UTC,cart,5801343,1487580005511725929,,,6.35,600381510,a0d50ef7-c30a-44f9-81b2-b26269b4837b
2020-02-26 14:57:40 UTC,cart,5785588,1487580005268456287,,pole,6.67,603171268,f04e19c5-d9e9-40cf-96a5-818b2555b6be
2020-02-26 15:14:59 UTC,view,5713294,1487580008070251489,appliances.personal.hair_cutter,,57.14,454001881,b03ba3fc-020a-4f5d-9596-da68276019c9
2020-02-26 15:58:38 UTC,view,5726403,1487580005092295511,,,5.56,408745082,47192f2e-1669-43c2-bcd9-3b0ede43f60d
2020-02-26 16:21:21 UTC,remove_from_cart,5875394,2084144451428549153,,,2.05,555255586,c8be6766-2cfc-40f7-939b-e9e77c06c3ac
2020-02-26 16:37:06 UTC,view,5859196,1487580009605365797,,,1.57,559246629,6a1443f3-c71e-46b6-8caa-2eb486f95773
2020-02-26 16:50:39 UTC,view,5841328,1487580010628776014,,,3.02,583199103,61ddb2df-af2b-4a72-ba55-401d9234fc99
2020-02-26 16:56:10 UTC,cart,5928769,1487580005713052531,,ingarden,4.6,349708882,ceea3e7e-da04-4222-97e6-a54ce7cd5b05
2020-02-26 17:01:42 UTC,view,5754992,1525995662934540829,,,3.97,538269690,5098626d-28bb-43e3-88a8-06989794851f
2020-02-26 17:13:17 UTC,cart,5875319,1487580010100293687,,,0.92,620734278,69489af5-ad97-48a2-8389-2626670f4bf2
2020-02-26 17:13:57 UTC,view,37457,1487580008984608779,,runail,9.44,620732821,72ec9f30-ab7f-4dd3-95cb-ff9529134dd7
2020-02-26 17:28:46 UTC,view,5837290,1487580007675986893,,bpw.style,0.79,616992723,14f6e19b-f51a-4c8e-8095-0cd5f468f209
2020-02-26 17:37:29 UTC,view,5682471,1487580007910867929,,zinger,4.44,620744845,36e57322-22a7-4e17-a0e1-56ab3e74af49
2020-02-26 17:51:58 UTC,view,5756536,2007399943458784057,apparel.glove,,6.19,454001881,5f5c10af-ac53-4c64-8bfb-109a252b94f5
2020-02-26 18:04:38 UTC,cart,5802432,1487580009286598681,,,0.32,419218213,9e5226da-4d52-4260-911e-cac9c2587eba
2020-02-26 18:14:01 UTC,cart,5859244,1487580009471148064,,,1.65,612027915,406332ac-f199-4191-8d29-e0c6920a5a25
2020-02-26 18:23:25 UTC,view,5698280,1977575787259232875,,art-visage,1.98,620767452,5cbe7da0-185c-4b19-9f32-1630ae8bf7e1
2020-02-26 18:44:13 UTC,cart,5698561,1487580010125459512,,severina,1.98,510534484,bff89a46-5b15-467b-87fd-0c7aeb4099d1
2020-02-26 18:48:57 UTC,view,4986,1487580010695884882,accessories.bag,,33.33,562014468,6819e9e0-ed73-498d-a822-706b81936c64
2020-02-26 19:16:50 UTC,cart,5822342,1487580005595612013,,,3.0,620786375,b3d48ff7-a4cc-444d-817d-51c57fd3ef5d
2020-02-26 19:25:45 UTC,view,5710655,1487580010242900029,,latinoil,26.19,574973036,9c902424-4493-456d-84f3-4dd0a56b7a48
2020-02-26 19:29:39 UTC,view,5692846,1487580013841613016,,estel,5.79,571489323,22541b6c-b0d4-42e0-8a22-08342427f58b
2020-02-26 19:33:18 UTC,view,5870701,1487580008246412266,,,4.6,619709030,f5311e7b-c994-4bdb-a3d7-b508f3adbd13
2020-02-26 19:37:16 UTC,cart,5800953,1487580005553668971,,,9.21,572730779,37098348-785c-4ebc-8f10-c3a3a8d42ce2
2020-02-26 19:37:54 UTC,purchase,5735268,1487580005268456287,,haruyama,3.97,616374173,8f86452a-cb68-429e-bfa8-28c3ff10e704
2020-02-26 20:08:23 UTC,view,5835150,1487580005092295511,,oniq,10.79,601576190,e4dccc13-b6f1-4cc3-a66e-78523d4eb707
2020-02-26 20:08:34 UTC,purchase,5834168,1487580013506068678,,runail,3.17,519688813,f26dc2bc-4b73-41fd-ba28-ddc6ef54d75a
2020-02-26 20:10:32 UTC,remove_from_cart,5822310,1487580005595612013,,,3.0,618833062,8f52d2ef-2eec-4e6e-a0e6-d49b6e64231a
2020-02-26 20:22:20 UTC,view,5868702,1924049110428549877,,oniq,7.14,597482047,0f464530-e6fd-4b19-9f34-9026acfbe54e
2020-02-26 20:29:53 UTC,remove_from_cart,5810157,1487580009445982239,,irisk,1.43,492524997,fabd53bd-7dde-4c98-8e8c-60025d88ae7b
2020-02-26 20:37:24 UTC,view,5769877,1487580013841613016,,kapous,3.65,503213064,fcd960a3-a537-437a-9c5c-33239c21353e
2020-02-26 20:55:19 UTC,view,5774248,2193074740619379535,furniture.living_room.cabinet,,79.35,546432633,7b3e382f-c225-40fc-adc5-c05175907b1d
2020-02-26 21:37:04 UTC,cart,5739470,1487580008246412266,,kapous,4.75,620826511,7aeb95fa-c3cc-44dd-8f36-f2e97709098e
2020-02-26 21:41:50 UTC,view,5904808,1487580007675986893,,,1.59,620826563,e746eba0-71a7-4fce-a309-1e18decb9158
2020-02-26 22:05:38 UTC,view,5826410,1487580005511725929,,,4.44,508202116,c8ca3ee9-0d7e-4d44-80fd-078aaf91e0d9
2020-02-26 22:28:09 UTC,remove_from_cart,5867085,1487580010779770966,,de.lux,0.79,369169629,5e26bf9b-f7bc-484b-9585-44bf6ccb5d7f
2020-02-26 22:51:03 UTC,view,59984,1487580009227878422,,,7.14,608789104,6fe86e4f-5411-360a-90be-ae31111bbaee
2020-02-26 23:41:46 UTC,view,5836311,1487580008145748965,,pole,2.19,599459058,0cd732b1-c55a-41cc-a6e3-592595f1f8ce
2020-02-27 00:28:32 UTC,cart,5886349,1761186209054327497,,,3.16,593412631,db82dd74-9949-4152-90e0-c55b930a7e83
2020-02-27 00:40:47 UTC,cart,5896024,1487580012373606546,,,3.67,620857903,3c1aed73-cd81-481d-b5d1-bbd06b1953c4
2020-02-27 02:07:59 UTC,remove_from_cart,5809910,1602943681873052386,,grattol,5.24,620871787,caa6fdbe-edab-4086-ae6a-9e7bb951db37
2020-02-27 03:04:31 UTC,purchase,37987,1487580009177546772,,runail,42.86,606370708,949c7ea8-2483-4a83-82cc-1772cb052658
2020-02-27 03:39:46 UTC,cart,5876025,1487580013086638258,,italwax,15.71,620885838,5b92aee0-e1ba-46a1-87d9-df995b5da14e
2020-02-27 04:01:41 UTC,view,5869076,1602943681873052386,,grattol,4.76,620889999,e2167389-1368-4d67-ac47-c2b1518b9690
2020-02-27 05:16:33 UTC,remove_from_cart,5856193,2193074740619379535,furniture.living_room.cabinet,runail,82.54,598563165,44e5999f-9a27-4df9-9a5d-29085d6871c8
2020-02-27 05:22:09 UTC,view,5838655,1783999072332415142,,,8.25,601344428,71e7dcd6-c9c0-4490-9cff-79c7de7bbddf
2020-02-27 05:25:51 UTC,purchase,5802428,1487580006509970331,,,0.44,597960103,416ee5ff-1fab-aff9-a7a2-172fed60c523
2020-02-27 05:49:50 UTC,remove_from_cart,5895883,1487580005754995573,,,4.0,351507145,ebf94440-2f60-4594-9ca7-efc57db9de22
2020-02-27 05:58:48 UTC,view,5844318,1487580006317032337,,,1.57,566343059,91ee2088-9ea7-4084-b4c9-5d1ff50eb9c5
2020-02-27 06:55:46 UTC,remove_from_cart,5855332,2193074740552270669,,,4.68,600158443,48871323-9750-4262-9a10-9a067c63ccbf
2020-02-27 07:24:36 UTC,view,5911807,1487580005671109489,,masura,1.73,616668119,0730eb1e-dc8f-4f44-8e34-6aaca9671e7a
2020-02-27 07:28:10 UTC,cart,5785422,1487580007256556476,,,0.0,390037269,d21690b5-b932-4071-99f7-5a6974256701
2020-02-27 07:28:24 UTC,purchase,5563798,1487580005595612013,,,3.0,496268389,e3e1137a-0e81-41a3-8d57-50d1757aa65d
2020-02-27 08:11:50 UTC,cart,5822310,1487580005595612013,,,3.0,613975306,df205222-a568-4296-ad77-177678498540
2020-02-27 08:15:15 UTC,view,5839217,1487580007432717250,,,4.6,355252981,b7102ff5-3a45-4ac9-9cee-4dc4e8ec4128
2020-02-27 08:28:17 UTC,view,5825329,1487580013279576251,,,8.4,620938168,fbef4ccb-5bc7-48c1-a463-3d70c3d04834
2020-02-27 08:31:52 UTC,cart,5818267,1487580013640286413,,supertan,1.19,620968298,4e8d7789-b009-4047-9881-e06413dfcc21
2020-02-27 08:42:44 UTC,view,5811666,1487580005427839846,,irisk,2.48,506668293,fa259e37-46ad-4489-a635-26a183b63892
2020-02-27 08:51:24 UTC,cart,5688130,1487580009286598681,,,0.38,620975234,6861dafe-255b-40e6-8ad9-ce61b72e7ead
2020-02-27 09:19:41 UTC,view,5856186,1487580006300255120,,runail,75.4,620986248,c2010468-3b8d-48dc-abc3-aaa48509b53b
2020-02-27 09:33:23 UTC,cart,5726193,1487580005595612013,,,3.0,505535716,b26cecab-fdac-40ce-be9c-f234fe1a3133
2020-02-27 10:27:15 UTC,view,5893847,1487580005671109489,,masura,1.73,577132635,82799385-fd06-4c11-9c58-649b6d54295c
2020-02-27 10:28:34 UTC,cart,5684085,1487580005318787937,,,9.51,564322877,424087b4-2556-4cbf-9382-0f7d7172df7c
2020-02-27 10:33:13 UTC,remove_from_cart,5742325,1487580011945787526,,,2.54,564322877,424087b4-2556-4cbf-9382-0f7d7172df7c
2020-02-27 10:35:51 UTC,cart,5867612,1487580004916134735,,,5.22,502231739,4b3eb8f3-3da4-4bfd-817a-920329e4a819
2020-02-27 10:38:29 UTC,remove_from_cart,5786619,1783999068867920626,,smart,8.73,618795448,6795b978-a0bb-4186-bfc1-242bd8aac173
2020-02-27 10:41:20 UTC,view,5896783,1487580010125459512,,milv,2.38,365324261,f7f30d98-9f6d-464d-bb32-184e7daa1b65
2020-02-27 10:46:12 UTC,cart,5854832,1602943681873052386,,grattol,5.24,608927661,7d3b8b30-3654-45fe-8f9a-84a644513173
2020-02-27 10:57:36 UTC,remove_from_cart,5859416,1487580005671109489,,masura,2.37,564299160,0180eb20-ebc0-47ff-8eae-9a57b3c58488
2020-02-27 11:09:29 UTC,remove_from_cart,5875321,1487580010100293687,,,0.92,523029501,e574f689-9ab1-4c76-b30c-db3f8d2ef27c
2020-02-27 11:18:21 UTC,view,5837103,1783999068867920626,,staleks,5.56,610329431,94804919-b62f-432f-bdf9-359ec2618bcc
2020-02-27 11:39:34 UTC,remove_from_cart,5773374,1487580005134238553,,runail,2.78,567023831,49f64f2e-f26c-4fdc-b61a-8d6f31bc7aab
2020-02-27 11:41:41 UTC,view,5927295,1924049110428549877,,oniq,10.32,551095682,7dde6881-8177-4e7a-8631-5d8b13cde0e0
2020-02-27 11:52:31 UTC,view,5916330,1487580007675986893,,,1.43,559501561,b9b45e22-19d5-4b47-ad92-156d23715c10
2020-02-27 12:04:49 UTC,remove_from_cart,5865812,1487580007634043851,,,0.79,445567076,b99d2beb-6a86-438c-9a0c-a246c7b6d935
2020-02-27 12:13:33 UTC,view,5853808,1487580008263189483,,biofollica,14.29,621049145,c03780aa-64d3-4822-8f26-5dc99cfbb568
2020-02-27 12:18:05 UTC,view,5412,1487580009076883471,,runail,2.38,609888335,eba87fb1-d40f-41b7-9550-35227c207b59
2020-02-27 12:55:12 UTC,view,5857238,2140803113261466607,,nagaraku,4.44,621051409,281e4b7e-eefc-45e6-a2e1-e7db40f69f2c
2020-02-27 12:55:44 UTC,view,40099,1487580011383750769,,swarovski,2.06,518519401,5bd6bab7-874e-49ea-828b-72cb1947e9e6
2020-02-27 13:02:17 UTC,view,5910468,1801635223591453292,,dewal,3.89,620572766,5581cee4-7ecb-4c14-aacd-f6cd3ce3fe91
2020-02-27 13:16:54 UTC,view,5848081,1487580013950664926,,,89.68,614408818,945abd4e-bf58-4859-9b17-a3c59747c320
2020-02-27 13:24:56 UTC,view,5792799,1487580013069861041,,italwax,18.25,621073170,a06047ed-79bb-42b2-8acf-bf552fb7c69c
2020-02-27 13:28:06 UTC,remove_from_cart,5911798,1487580005671109489,,masura,1.73,586740579,178cdde6-78fe-457c-9548-559fb32964d6
2020-02-27 13:31:35 UTC,remove_from_cart,5852382,1487580005713052531,,ingarden,7.14,621074251,85bec69c-474d-42a8-97fd-df0e9d020821
2020-02-27 13:53:14 UTC,remove_from_cart,5649213,1487580005092295511,,,8.73,613784907,7fe0d40e-142f-433a-a070-dba8763960ac
2020-02-27 13:56:39 UTC,cart,5886556,1487580013413793985,,,5.11,621084644,2efeae86-d52f-48b3-ac0f-1e681a1b3046
2020-02-27 13:59:26 UTC,cart,5770058,1487580013841613016,,kapous,2.81,509972633,63af817f-a2a6-40fe-9306-12f03f1bb08e
2020-02-27 14:12:20 UTC,view,5804661,1487580013581566154,,,5.4,621090458,43a5c14c-437e-4fd8-a6ae-a34eafdf8403
2020-02-27 14:15:12 UTC,remove_from_cart,5773607,1487580006317032337,,irisk,1.59,596066178,f3637a07-9c12-4545-804f-45dfa7f07072
2020-02-27 14:36:30 UTC,cart,5921147,1783999072332415142,,bielenda,3.81,611075297,551349f4-4d42-4ccb-9b9d-3658787e4849
2020-02-27 14:38:44 UTC,view,5822345,1487580005595612013,,,3.0,621099379,92f7c352-87d2-4072-9669-646b0dd53b1e
2020-02-27 14:40:37 UTC,purchase,5766379,1783999067156644376,,kaaral,12.25,313386038,20776983-cea4-495a-8ee6-7b80cc8279e3
2020-02-27 15:04:58 UTC,view,5651723,1487580009118826513,,concept,5.24,545178604,459ccf3f-626d-420a-8710-fa09eeaac333
2020-02-27 15:47:05 UTC,view,5864607,1487580013086638258,,italwax,10.54,620258269,ffd13ee8-ef20-43ba-92f7-c1bdb80a3ac7
2020-02-27 15:47:32 UTC,cart,5822387,1487580005595612013,,,3.0,621113637,c4682751-a6a9-4acd-90ef-ded8df260fe3
2020-02-27 15:52:44 UTC,cart,5929640,1487580007675986893,,,1.43,551743057,397a6a13-b71b-4de2-a387-4b477ef1c712
2020-02-27 16:47:26 UTC,view,5822360,1487580005595612013,,,3.0,621134761,e83f1479-f8c7-43e1-a7c2-00ad1d653029
2020-02-27 16:48:05 UTC,view,5857306,1487580005134238553,,runail,2.62,615825511,adefdcf0-7119-4d90-a026-f2619d61bb59
2020-02-27 16:48:41 UTC,remove_from_cart,5700500,1487580007634043851,,,0.54,420317726,a3067a4e-28e8-4a09-ae65-27f957f4f677
2020-02-27 17:24:32 UTC,view,5751383,1487580005092295511,,uno,10.32,414168573,8c6262e1-17b4-4efb-a306-5b1136439dc1
2020-02-27 17:36:51 UTC,cart,5687147,1487580009445982239,,,0.9,566353460,7a1c8630-f2bb-4256-92fe-1a5546ee7aa9
2020-02-27 17:46:34 UTC,remove_from_cart,5846597,1842735760499802745,,kinetics,9.44,537360008,2539b849-21c2-405d-ac67-0236e2a0e8e3
2020-02-27 17:53:51 UTC,purchase,5674911,1487580007852147670,,zinger,3.97,525286116,33bc5706-0d4e-49e9-a3f1-65776fe11c4e
2020-02-27 18:05:10 UTC,cart,5803891,1487580005461394279,,bluesky,3.97,534759952,b3163895-ecc0-4afb-aa33-de1e96307abc
2020-02-27 18:12:18 UTC,view,5869067,1487580009387261981,,,6.19,606760207,d68efb5e-27a1-4219-984d-53059afcc717
2020-02-27 18:14:09 UTC,cart,5683751,1487580005595612013,,,3.0,621165478,396d26ea-9c32-4afe-a27e-0454b5323b99
2020-02-27 18:26:57 UTC,view,5897540,1487580009286598681,,,2.38,583884978,6c404d7f-9387-4fe7-8815-1a71b23a6092
2020-02-27 18:46:10 UTC,purchase,5864626,1487580007675986893,,bpw.style,1.27,619794393,c4a36960-8d8a-4a15-8791-8823cbe11fc2
2020-02-27 18:59:50 UTC,cart,5782132,1638456119066100510,,pole,4.11,550680661,bd797e5e-cee7-41a6-8e87-1d11913ed92a
2020-02-27 19:11:53 UTC,view,5814040,1783999063314661546,,grattol,10.32,459170929,e09cf1d1-b2c6-42c2-87dd-ef250331ba4c
2020-02-27 19:22:46 UTC,view,5735268,1487580005268456287,,haruyama,3.97,544028863,f0f62e14-0778-401a-9c29-eae225f27de9
2020-02-27 19:41:12 UTC,purchase,5690222,1487580013841613016,,estel,2.62,598376735,cad24b11-4b2e-4dd4-b2e5-ef1b0b73a35b
2020-02-27 20:00:48 UTC,remove_from_cart,5826655,1487580007936033754,,,1.75,536236220,3847c836-b95d-4de2-a6a6-48c8d4f4ec0d
2020-02-27 20:17:07 UTC,purchase,5857360,1487580008145748965,,runail,1.51,603447563,4be00521-fb6e-4caa-bbfc-88e1b81878a3
2020-02-27 20:37:57 UTC,view,5711069,1487580007432717250,,,1.59,499044582,60036911-b28a-4938-acca-5c2ab15edb43
2020-02-27 20:44:41 UTC,view,5769901,1487580013841613016,,kapous,3.65,618530646,0a7d8ea6-f401-4aaf-9179-138537ef3732
2020-02-27 20:57:15 UTC,cart,5877786,1487580009286598681,,,0.79,612009095,ba3b4fb1-93b7-4cd2-acab-8fa9f49cd67f
2020-02-27 21:01:37 UTC,view,5885304,1487580011283087468,,trind,9.37,583884978,e94015c0-4b19-4f78-8c58-00c157a3295b
2020-02-27 21:34:10 UTC,remove_from_cart,5786515,1658462125284131265,,uskusi,3.57,538770766,61b8fc80-db85-f98b-543f-a4a3ae500e35
2020-02-27 22:03:32 UTC,remove_from_cart,5900460,1487580008263189483,,concept,10.16,619363360,cbc55e67-6cee-4e4a-b753-de58e190100f
2020-02-27 22:18:22 UTC,view,5875392,2084144451428549153,,,2.05,490402605,47d8d547-d4c3-4644-9ff9-81cdb42a2f08
2020-02-27 22:46:18 UTC,view,5790688,1487580009445982239,,nitrimax,7.94,621240485,93cc7e1e-7728-46c4-9cce-3142cc301888
2020-02-27 22:55:51 UTC,cart,5930575,1487580011585077370,,cettua,3.02,594716183,4abafda9-030d-45b3-9bf0-9e4ee537c1c6
2020-02-27 23:04:57 UTC,cart,5688870,1487580011585077370,,dizao,2.06,420899101,dbbe67e9-7555-4a2e-bbb9-ca173901c5b0
2020-02-28 02:19:10 UTC,remove_from_cart,5931763,2093602042093240877,,,6.35,585287457,43216ea9-00dc-44e3-86ef-0335939804d5
2020-02-28 05:12:18 UTC,cart,5862943,1487580007675986893,,freedecor,0.79,614257034,91344d25-abdc-464e-afd4-c66d9be5eb3d
2020-02-28 05:17:29 UTC,view,5916103,1977683390215749955,,,14.05,243137274,db525bb3-44a8-478a-b051-c4505d714a7e
2020-02-28 05:29:41 UTC,view,5697508,1487580008246412266,,estel,7.14,614121861,b0256e20-306e-4a72-bc7a-a41452c730a3
2020-02-28 06:33:37 UTC,cart,5835866,1487580010821714008,,,1.59,546160519,e8938cd8-c3f4-4dd0-b25e-4d48db7960d8
2020-02-28 06:40:24 UTC,cart,59974,1487580012096782476,,,8.25,378901306,253c5a96-1590-47d8-9379-2963ec88d5c7
2020-02-28 06:40:50 UTC,view,5773605,1487580006317032337,,irisk,1.9,621328466,561bc04e-3f06-4806-a58b-b9d1689fcc98
2020-02-28 07:19:07 UTC,cart,36406,1487580009672474664,,balbcare,3.17,433874870,0c5a305a-1b3c-475d-abbd-e79e0733d177
2020-02-28 08:43:20 UTC,remove_from_cart,5886198,1487580009286598681,,,0.63,467338934,1da03e82-59c6-417a-ac05-987895fd370e
2020-02-28 09:37:18 UTC,purchase,5752950,1487580013011140782,,italwax,2.22,621393143,611a8eef-1aaf-481c-8c04-434a27065244
2020-02-28 09:38:11 UTC,view,5761411,1487580007432717250,,ingarden,2.86,500579211,887df4c6-0b4c-4444-9173-8a65666002d7
2020-02-28 10:12:36 UTC,view,5755165,1487580005092295511,,,5.56,494523577,3417cf53-1313-4086-aa43-18747831fe67
2020-02-28 10:16:28 UTC,view,5814042,1783999063314661546,,grattol,10.32,471197852,d65ebad0-aec0-4724-b3d0-42c518dd66f9
2020-02-28 10:17:58 UTC,view,5692024,1487580009143992338,,concept,5.32,449677698,98513f48-a98c-471b-90f3-7e0facea93af
2020-02-28 10:21:41 UTC,view,5921264,1487580008263189483,,,18.25,557956487,c3f766ff-b102-4a46-b52d-009b5ed03eba
2020-02-28 10:23:22 UTC,cart,5700182,1487580006317032337,,,8.25,560491607,ac101293-f8ff-4944-9226-8a74c283b44d
2020-02-28 10:37:47 UTC,remove_from_cart,5850570,1998040852064109417,,,6.35,476729632,548cd739-cf03-4a78-b54e-5c5459d86a0d
2020-02-28 10:45:53 UTC,view,5748205,1487580013069861041,,italwax,18.25,605524983,455cdaa4-338d-4ae0-b1c7-62843253929d
2020-02-28 11:14:32 UTC,cart,5823483,1487580004916134735,,,4.7,621388801,214c7576-6858-4c54-8c5c-07251ab8b51e
2020-02-28 11:38:04 UTC,remove_from_cart,5789669,1487580005595612013,,,3.16,559725857,15e1d718-edf9-4f82-8f05-42eb9f737b7b
2020-02-28 11:42:50 UTC,cart,5894912,1487580010100293687,,jessnail,1.1,621437952,65ae1827-5bcb-477a-8401-4d82b98398cc
2020-02-28 11:44:27 UTC,view,5342,1487580009471148064,,runail,0.32,621447047,f884d6ec-bf20-4038-9f1b-181eb1097c5f
2020-02-28 11:49:54 UTC,view,5769940,1487580013858390233,,kapous,3.06,621445546,6795ec27-aec8-4494-97ec-fbce3db7c29b
2020-02-28 12:00:27 UTC,purchase,5811436,1487580006317032337,,runail,7.24,585201017,c9533a43-a1b2-4968-ab65-9463cb272a4c
2020-02-28 12:08:08 UTC,remove_from_cart,5881332,1487580005092295511,,beautix,15.71,360661531,56ef620f-f224-499d-bdc3-91820fb21d5a
2020-02-28 12:08:45 UTC,view,5826154,1487580005268456287,,lianail,6.33,615697935,73ceabbc-5456-4630-8ce0-345c12f53605
2020-02-28 12:47:25 UTC,view,5822372,1487580005595612013,,,3.0,568836149,d138261f-393e-4719-a690-64316410f921
2020-02-28 13:12:13 UTC,view,5818721,1487580013858390233,,,5.87,619277872,22544ea2-ec1c-4cbc-8bec-0856409d47a9
2020-02-28 13:38:47 UTC,cart,5695950,1487580007575323592,,,1.43,543399686,c60a004f-4b5c-41af-8a63-e27ae6137bd9
2020-02-28 14:12:16 UTC,remove_from_cart,5700074,1487580009286598681,,runail,1.27,620335675,f9c44d24-de5c-4165-a432-3ad442763a50
2020-02-28 14:15:41 UTC,cart,5929831,1487580012616876188,,,2.56,509151873,af5c44f9-ee22-478c-946a-af582cf81dc7
2020-02-28 14:32:00 UTC,cart,5913643,1487580008112194531,,dewal,1.56,596482712,de099ad1-e5be-26f9-9c48-a0b2c44b5f66
2020-02-28 14:34:20 UTC,view,5625247,1487580006434472855,,jas,98.4,621511102,dce9c637-6546-4f8e-abc0-e60abb981ffe
2020-02-28 14:43:08 UTC,view,5923109,2235524494015856752,,,0.0,620446439,62b58d8f-d244-4cc9-a187-c006171189ca
2020-02-28 14:43:23 UTC,view,5613538,1487580008984608779,,,9.51,529852842,f9ac3cad-75ac-4b90-a910-baf88ae5cdb1
2020-02-28 15:17:02 UTC,cart,5837085,1602943681873052386,,grattol,4.76,436370147,dcf02539-607f-467d-a17e-509c4d608286
2020-02-28 15:36:35 UTC,cart,5742717,1487580009605365797,,,1.9,556252750,5705cd99-002b-4a68-9c53-072cf833b90a
2020-02-28 15:39:47 UTC,cart,5822342,1487580005595612013,,,3.0,551734930,d1875e6d-d21c-491f-b0b7-0b4718709387
2020-02-28 15:50:55 UTC,view,5928762,1487580005713052531,,ingarden,4.6,621539624,2b247b25-ab4b-4bab-b2e1-468e1aaf83b2
2020-02-28 15:59:23 UTC,view,5681618,1487580005511725929,,,5.56,537857715,6c93322d-ba50-40ff-8cd2-ffdd43c4f96c
2020-02-28 16:05:48 UTC,purchase,5857359,1487580008145748965,,runail,1.51,519234302,10ddfe80-2fe8-4254-9c8d-6ae66a2e3929
2020-02-28 16:08:00 UTC,view,5867993,1487580008800059394,,masura,6.02,604705452,071201dd-c16f-4f81-9e6a-6b8d19463670
2020-02-28 16:10:59 UTC,view,5844342,1858245586344477369,,osmo,21.78,621543659,f5e7ff6d-ea33-43ca-b0e9-6b36347f1f6d
2020-02-28 16:27:30 UTC,cart,5568464,1487580005595612013,,,3.0,621539731,7e0e5740-bd4e-44c3-87f8-244f410fa313
2020-02-28 16:54:42 UTC,remove_from_cart,5568476,1487580005595612013,,,3.0,584410857,12ba0fd4-268e-4c1b-838b-f1331c50240e
2020-02-28 17:14:11 UTC,cart,5847854,1487580005092295511,,irisk,3.81,591653126,f0a0840e-c650-40da-95d1-c70f96213fb6
2020-02-28 17:42:51 UTC,view,5915190,1487580008053474272,,babyliss,112.87,621512364,389d93e0-62c0-56c7-d729-68b0955d01d4
2020-02-28 17:48:57 UTC,view,5865011,1487580007952810971,,zinger,15.08,351646176,29f2ce3b-a475-45f1-a237-5cad2b2bc576
2020-02-28 18:03:23 UTC,view,5804666,1487580013581566154,,,5.94,613046347,990c46a4-3045-43f7-bcc0-819285583f19
2020-02-28 19:31:12 UTC,purchase,5690738,1487580009445982239,,,1.56,621592249,6d2a49ef-a755-4147-b9be-3be2e5e5931e
2020-02-28 19:32:03 UTC,view,5823658,1487580008246412266,,,8.49,621614034,75b831c4-3f61-4fa5-8784-1e2271b609e6
2020-02-28 19:36:04 UTC,remove_from_cart,5875786,2084144451428549153,,,2.05,565856088,c0487617-0ddc-4a8d-8d77-1560a9df3bd8
2020-02-28 19:48:03 UTC,cart,5736500,1487580005050352469,,haruyama,3.97,533636199,faed6d26-144a-4079-9761-b771419fd547
2020-02-28 19:50:29 UTC,view,5836837,1487580011996119176,,pnb,6.67,621617055,3f845081-31b2-464c-adc9-68cf9d678c11
2020-02-28 19:57:05 UTC,remove_from_cart,5565106,1487580005595612013,,,3.0,621620980,213345d5-53c6-4efa-8ef1-f3cd1dea6b25
2020-02-28 20:00:40 UTC,view,5885848,1487580007910867929,,,7.22,612009095,1cdf3789-a8cc-4726-9406-7343468a80e6
2020-02-28 20:08:48 UTC,view,5590822,1487580006300255120,,strong,194.44,621626474,6946d59e-5019-4e05-91f5-bf50bc5c4fca
2020-02-28 20:46:12 UTC,cart,4591,1487580007483048900,,runail,5.95,620717795,7b26c4d0-afad-4a6c-9e89-5f875ef0a4b4
2020-02-28 20:50:26 UTC,view,5862044,2151191071051219817,,,22.19,540194193,03bbe1c9-3233-4f14-8bf5-1c5c3b0d2425
2020-02-28 20:54:52 UTC,cart,5813304,1842735760499802745,,kinetics,9.44,621591430,f2e3f2f2-0b78-4994-90fb-f05b769d5740
2020-02-28 21:12:39 UTC,cart,5697063,1487580008657454075,,,2.22,611804005,88133942-084f-4b91-9701-fadb4577a2a0
2020-02-28 21:13:49 UTC,remove_from_cart,5841296,1487580008112194531,,irisk,1.9,534534893,18941f7c-e8d3-4759-9fb7-bce8f15cf4b9
2020-02-28 21:27:49 UTC,view,5772478,1602943681873052386,,grattol,4.76,621646423,2fc76851-2b96-48a1-aa1c-7f37659197fd
2020-02-28 22:06:01 UTC,view,5560754,1487580006300255120,,strong,194.44,490138742,7683cc34-d9c4-4d80-92c7-181b29869d7c
2020-02-28 22:13:15 UTC,view,5875506,1487580009387261981,,,1.83,600271076,df96cec6-c7e4-4546-b23c-49ddd62212ef
2020-02-28 22:14:58 UTC,cart,44139,1487580009622143014,,,0.83,621646321,70ca7ff5-6ffb-4004-b786-9db081933914
2020-02-28 22:29:53 UTC,view,5770526,1487580005511725929,,,5.56,538727588,0e6466ab-afdf-a375-52d6-94918b868d74
2020-02-28 22:52:03 UTC,remove_from_cart,5846458,2151191071378375538,,browxenna,15.4,617494476,5f5cefc7-869f-400a-81b9-cf1843fce2c4
2020-02-28 23:56:09 UTC,cart,5550302,2195085255034011676,,,1.21,621650836,015d5e94-1aad-470e-947e-88e864fa5f81
2020-02-29 02:05:45 UTC,cart,5649243,1487580005511725929,,,5.56,613018565,65ed979b-cba3-4441-869c-a256713547d0
2020-02-29 02:44:51 UTC,cart,5863095,1487580011627020412,,,0.51,621696223,f5c9ba98-b716-4a4b-adfa-6ff143089aac
2020-02-29 04:46:05 UTC,purchase,5741036,1487580013841613016,,concept,2.54,402889710,ec6424d1-01f8-4969-bc0c-83f3978458b9
2020-02-29 06:15:54 UTC,remove_from_cart,5798929,1783999068909863670,,zinger,6.19,588327603,2a37efb0-c201-4525-985b-f8a12b6744a8
2020-02-29 06:18:39 UTC,cart,5700842,1487580013489291461,,irisk,1.43,621649783,677d1f7c-4119-10f6-4839-91f08ca92a64
2020-02-29 06:19:47 UTC,view,5899424,1487580009143992338,,,6.9,621745145,d336cf41-255d-49c5-aa23-2a5135ee0090
2020-02-29 06:29:07 UTC,cart,5802432,1487580009286598681,,,0.32,542479675,4ad53384-5d65-44ef-9815-c3df3ac99027
2020-02-29 06:33:29 UTC,view,5769914,1487580013841613016,,kapous,3.65,620732770,020b9c5d-2652-4f00-83b5-89d3db53193e
2020-02-29 06:50:09 UTC,cart,5814522,1487580005092295511,,runail,4.44,326342054,6414a338-23bc-df12-4add-a0b1d0bc81e8
2020-02-29 08:07:00 UTC,cart,5751422,1487580005268456287,,uno,10.95,523210821,af80535c-e11a-4870-929c-ed4735d270b2
2020-02-29 08:22:55 UTC,cart,5803879,1487580005461394279,,bluesky,3.97,621786283,d92671f1-f07a-42ee-ae75-b46b9c39ce3a
2020-02-29 08:50:51 UTC,view,5816177,1602943681873052386,,grattol,5.24,482241516,3fd7dff3-e40a-4750-9c4e-c8233eee1189
2020-02-29 09:29:20 UTC,view,5780716,1487580005092295511,,pole,5.56,619538918,3853f2db-8982-471a-b48e-30abb9e23d58
2020-02-29 10:13:35 UTC,cart,5753479,1487580013069861041,,italwax,2.68,618709615,51362d2b-75fa-4f52-a322-1fe755c3a163
2020-02-29 10:22:47 UTC,view,5896417,1487580009051717646,,jessnail,49.21,506113956,7b505ab0-170e-4e88-8f9a-24b127fc6639
2020-02-29 11:04:23 UTC,view,5736504,1487580012902088873,,,17.46,621847290,c015eefd-eb46-43d9-8492-26d675e531e6
2020-02-29 11:13:54 UTC,remove_from_cart,5915093,1487580012373606546,,yllozure,4.7,620632323,189f88cc-ebe2-47c5-a1b2-d408bc6d1b08
2020-02-29 11:23:05 UTC,view,5758984,1487580014009385185,,,5.56,621854188,d8c24143-a55d-4c91-ab3c-01f04ae524cb
2020-02-29 11:24:13 UTC,view,5700209,1487580006317032337,,,9.52,608765550,468d071d-8f61-401b-beb8-eb8995fdc07c
2020-02-29 11:44:26 UTC,view,5781259,1487580012927254698,,,25.24,621860359,49dd9574-6ef9-4605-9a54-f2727a82c587
2020-02-29 11:45:54 UTC,cart,5861112,1487580007659209676,,,0.32,601097297,c6e0854f-5de5-4d48-bc22-2694faeb4fc0
2020-02-29 12:46:52 UTC,remove_from_cart,5905864,2177933350667289121,,,5.56,620335675,d3a14410-a53c-45a4-b631-5cfd5082e170
2020-02-29 13:06:18 UTC,remove_from_cart,5809793,1487580011853512836,,milv,3.17,449758343,bdc7c803-0780-4c5b-b8e1-d8f88e158f87
2020-02-29 13:29:47 UTC,view,5875367,2084144451428549153,,,2.05,548930696,8ce30b49-ee61-4d44-acb6-7baed97b529f
2020-02-29 13:34:42 UTC,cart,5809910,1602943681873052386,,grattol,5.24,621902528,3796c3a0-2421-404b-94aa-d508122e966d
2020-02-29 13:42:14 UTC,view,5865002,1487580007877313495,,zinger,4.14,604967940,03397854-433b-485c-8f4c-624aabd4d569
2020-02-29 13:59:18 UTC,view,5549834,1487580007281722301,,,1.75,516835637,cf901d9d-40ef-4868-becd-9a8d77d81a31
2020-02-29 14:00:54 UTC,view,5782037,1638456119066100510,,pole,4.11,565459061,4071d224-f122-4213-86d0-c501d5cb58d3
2020-02-29 14:06:00 UTC,cart,5843080,1487580007256556476,,,5.63,502942288,bedd1d3b-0512-4d81-bf62-0708ddb1e417
2020-02-29 14:10:35 UTC,view,5891504,1487580009202712597,,,11.9,621287647,69fc6fa1-4f69-4ee9-b4aa-3f37400c9069
2020-02-29 14:18:51 UTC,remove_from_cart,5903994,1487580007675986893,,,1.59,621877707,39da3ef5-0ff6-4a4b-bcf0-eba752d607db
2020-02-29 14:24:57 UTC,remove_from_cart,5930680,1487580007675986893,,,1.43,419250459,2645d0a6-47a5-4d6d-b587-39dcfd68f645
2020-02-29 15:05:20 UTC,remove_from_cart,5847433,1487580005754995573,,,4.44,486741439,b3a87fcf-f8d2-4563-9318-4674811b6a45
2020-02-29 15:07:57 UTC,purchase,4958,1487580009471148064,,runail,1.19,600345780,2931e6ff-8f34-4728-99f0-2138d66e2cba
2020-02-29 15:18:28 UTC,cart,5804394,1487580005461394279,,bluesky,3.97,621905420,a1dfb22b-22ea-4c51-b508-d451b8c369b9
2020-02-29 15:21:40 UTC,cart,5729864,1487580006509970331,,,0.41,621934622,5ed55e4e-81e9-4451-81e0-ce79aab4628e
2020-02-29 15:37:39 UTC,view,5762161,1487580009362096156,,,0.87,564662640,f45ec1c8-cdc2-450a-8979-09947dd274ff
2020-02-29 15:48:08 UTC,view,5930316,1487580005092295511,,uno,10.32,609503778,8b339037-7d7f-41c5-8626-ace4675ff2bd
2020-02-29 15:51:03 UTC,purchase,5773606,1487580006317032337,,irisk,1.59,611163644,1fab2825-226f-4714-8c74-abaf0f74dbf9
2020-02-29 15:59:23 UTC,cart,5820745,1487580006317032337,,,2.22,621692765,2b028017-dbb8-e4a8-b7bc-5cd948bef06d
2020-02-29 16:26:02 UTC,view,5879114,1487580008112194531,,,20.48,621966243,78b0d36c-a31a-4b90-b20a-48e12a970a9a
2020-02-29 16:36:34 UTC,view,5880540,1783999068867920626,,,6.35,620042921,fc1b500c-db66-478d-9235-cbad9fe69c1f
2020-02-29 16:54:44 UTC,cart,5850317,1487580005754995573,,,4.44,611274750,5734e902-f0f3-4143-84d5-89329bf183b1
2020-02-29 17:06:57 UTC,cart,5753481,1487580013069861041,,italwax,2.62,621956188,5bcd957c-6599-4dd9-a091-9f40cbc7dfe3
2020-02-29 17:23:47 UTC,view,5760796,1487580011585077370,,,7.3,604271376,91f45f05-7f56-48a1-baf0-f94411603095
2020-02-29 17:26:20 UTC,remove_from_cart,5860156,1487580011652186237,,,3.89,597686396,6d1af0e4-9290-4d6e-97b5-18c7b8221fa6
2020-02-29 17:37:43 UTC,cart,5686932,1487580006962955182,,,5.56,562226472,84184502-3c86-496a-91c2-eea26d5788a6
2020-02-29 17:46:27 UTC,view,5875448,2084144451428549153,,,2.05,560346697,83af17c3-7e0a-46bb-9a84-6dc6c4755ef4
2020-02-29 18:37:59 UTC,view,5884230,1487580007675986893,,,1.75,459457747,993b3ce2-add9-4dfd-af71-343e2baad0a6
2020-02-29 18:48:12 UTC,remove_from_cart,5898915,1487580008246412266,,concept,0.46,621972151,caa19063-2eea-48a7-9f83-0c51ab33372a
2020-02-29 19:00:37 UTC,purchase,5835088,1924049106385240809,,,5.71,571706189,893c1ea2-4ca7-47b3-a4bd-048da9f150a1
2020-02-29 19:36:11 UTC,view,5800429,1752742606699234159,,,10.95,487267498,e8218431-407a-4ed4-8831-9b52dfd5e554
2020-02-29 19:36:20 UTC,cart,5886714,1487580005067129686,,,2.38,551008327,445504b3-c92a-4775-aa6e-fee6b1b33615
2020-02-29 19:45:50 UTC,view,5724599,1487580005427839846,,irisk,2.48,621592476,2a27c8d9-5554-4d8d-9c89-54c323845b8a
2020-02-29 19:59:55 UTC,cart,5685798,1487580009445982239,,irisk,0.16,622040217,e376e87c-e8f2-42c9-9364-9f71e13c077e
2020-02-29 20:10:42 UTC,purchase,5745072,1487580005008409427,,f.o.x,6.03,605330916,574cfd8b-76d7-471b-9d36-5ae88597b076
2020-02-29 20:15:33 UTC,remove_from_cart,5898103,1597770225539875791,,ecolab,3.43,538139609,eec467e2-f1c3-40ed-be4d-163fc5a12e15
2020-02-29 20:22:22 UTC,cart,5550112,1487580005595612013,,,3.0,564683250,376e97b2-cc88-45a1-ab68-0c91d9d36fb4
2020-02-29 20:30:26 UTC,view,5811586,1487580005528503146,,pnb,5.56,558117682,25fec8c4-85bb-b692-7f28-a0e2ba3f2506
2020-02-29 20:49:49 UTC,view,5700037,1487580009286598681,,runail,0.4,622051193,e7460ed4-851c-4646-9fab-d1938dfb0762
2020-02-29 20:53:23 UTC,view,5855118,1487580005092295511,,,23.65,621821429,6e8c0ec5-af4d-4149-9a55-5b3b0e59abde
2020-02-29 20:56:24 UTC,view,5835029,1487580008347075566,,oniq,7.14,550049808,7a686a80-264c-4608-8d9d-5ce70158e0ef
2020-02-29 21:07:42 UTC,view,5810717,1783999073758478650,,milv,3.17,544216602,fbb18efd-cb75-4e7a-8d57-a5dbbba9c80e
2020-02-29 21:51:27 UTC,cart,5901855,2007399943458784057,apparel.glove,benovy,5.49,613142238,4082729a-3f43-40b4-b6d8-b01e6ab08195
2020-02-29 21:53:25 UTC,remove_from_cart,5848412,1487580007675986893,,freedecor,0.79,606183907,9e97f76a-fd6c-46bf-b27c-7f12a7e5fb59
2020-02-29 22:04:53 UTC,view,5694897,1487580009076883471,,,1.27,591540490,a61aa103-ce5b-4706-9c43-748cb3a6f971
2020-02-29 22:28:45 UTC,cart,5847580,1487580009445982239,,,4.7,615724316,c794ce14-d413-479b-afa4-ab24919638f0
2020-02-29 22:39:08 UTC,view,5809910,1602943681873052386,,grattol,5.24,556751346,28618a86-51d6-42d7-aeca-7c169c6d6c74
2020-02-29 22:45:39 UTC,view,5925600,1487580013229244601,,note,15.52,598788536,06538d09-ee0f-43a4-8604-796a437a6f28
